DATE_TIME,PLANT_ID,IRRADIATION,AMBIENT_TEMPERATURE,DC_EFFICIENCY,AC_EFFICIENCY,INVERTOR_EFFICIENCY,YIELD_INDEX,TRUE_DAILY_YIELD
2020-05-15 00:00:00,4136001,0.0,27.004763700000005,0.0,0.0,0.0,0.0,0.0
2020-05-15 00:15:00,4136001,0.0,26.880811433333328,0.0,0.0,0.0,0.0,0.0
2020-05-15 00:30:00,4136001,0.0,26.682055344827592,0.0,0.0,0.0,0.0,0.0
2020-05-15 00:45:00,4136001,0.0,26.500588900000004,0.0,0.0,0.0,0.0,0.0
2020-05-15 01:00:00,4136001,0.0,26.596148,0.0,0.0,0.0,0.0,0.0
2020-05-15 01:15:00,4136001,0.0,26.512740033333333,0.0,0.0,0.0,0.0,0.0
2020-05-15 01:30:00,4136001,0.0,26.494338966666664,0.0,0.0,0.0,0.0,0.0
2020-05-15 01:45:00,4136001,0.0,26.420410206896552,0.0,0.0,0.0,0.0,0.0
2020-05-15 02:00:00,4136001,0.0,26.401946133333333,0.0,0.0,0.0,0.0,0.0
2020-05-15 02:15:00,4136001,0.0,26.226078206896553,0.0,0.0,0.0,0.0,0.0
2020-05-15 02:30:00,4136001,0.0,26.2603992,0.0,0.0,0.0,0.0,0.0
2020-05-15 02:45:00,4136001,0.0,26.2978261,0.0,0.0,0.0,0.0,0.0
2020-05-15 03:00:00,4136001,0.0,26.328249103448275,0.0,0.0,0.0,0.0,0.0
2020-05-15 03:15:00,4136001,0.0,26.158709733333332,0.0,0.0,0.0,0.0,0.0
2020-05-15 03:30:00,4136001,0.0,26.078499333333333,0.0,0.0,0.0,0.0,0.0
2020-05-15 03:45:00,4136001,0.0,26.00130396551724,0.0,0.0,0.0,0.0,0.0
2020-05-15 04:00:00,4136001,0.0,25.6972106,0.0,0.0,0.0,0.0,0.0
2020-05-15 04:15:00,4136001,0.0,25.6277024137931,0.0,0.0,0.0,0.0,0.0
2020-05-15 04:30:00,4136001,0.0,25.482045785714284,0.0,0.0,0.0,0.0,0.0
2020-05-15 04:45:00,4136001,0.0,25.230931689655172,0.0,0.0,0.0,0.0,0.0
2020-05-15 05:00:00,4136001,0.0,25.1175986,0.0,0.0,0.0,0.0,0.0
2020-05-15 05:15:00,4136001,0.0,25.091862099999997,0.0,0.0,0.0,0.0,0.0
2020-05-15 05:30:00,4136001,0.0,24.916967827586213,0.0,0.0,0.0,0.0,0.0
2020-05-15 05:45:00,4136001,0.002838054505,24.741273799999995,0.0,0.0,0.0,0.0,0.0
2020-05-15 06:00:00,4136001,0.0129619781466666,24.74278656666667,0.01246665478388695,0.012333960262143258,0.01203256615971257,25612.8601342158,80.10833333333333
2020-05-15 06:15:00,4136001,0.0210376687241379,24.76391089655172,0.022049130764173364,0.02182382010670321,0.021290530673879496,27910.864626165265,221.8527380952381
2020-05-15 06:30:00,4136001,0.042435399,24.7863229,0.04822310481584457,0.0478663454813552,0.046696677838005476,30262.60491354669,532.7417857142857
2020-05-15 06:45:00,4136001,0.1034958783448276,25.04824510344827,0.12958435924828351,0.12985718534704774,0.12668397990532304,33343.329203501635,1376.1564285714287
2020-05-15 07:00:00,4136001,0.1994504836666666,25.6732025,0.25283985083773597,0.2545974204058518,0.24837604792098084,33759.02233752586,3029.7514285714287
2020-05-15 07:15:00,4136001,0.317665025862069,26.076817999999996,0.31466318327652293,0.3169562196007636,0.30921104017047113,26378.856083572955,5088.363095238095
2020-05-15 07:30:00,4136001,0.3829133633333333,26.424239066666665,0.3796147218485409,0.38183551565791224,0.37250493812466845,26401.09578038418,7568.361904761905
2020-05-15 07:45:00,4136001,0.4482866631034482,27.12028751724138,0.4525723667006747,0.4547126492991422,0.44360123756385084,26885.099246841106,10521.693333333333
2020-05-15 08:00:00,4136001,0.4550275753333332,27.678970266666667,0.4648640520831962,0.4670100976223304,0.4555981839946396,27206.18685367917,13554.895952380952
2020-05-15 08:15:00,4136001,0.509315263,27.953492333333333,0.5283894961567887,0.5305879043534567,0.5176223959689339,27627.838830347406,17001.03261904762
2020-05-15 08:30:00,4136001,0.5709116793103447,28.526214655172417,0.6028054041279975,0.6050261066778778,0.590241617633511,28118.207973473593,20930.640952380953
2020-05-15 08:45:00,4136001,0.6253999813333333,29.319021466666655,0.6675475158600775,0.6697333273922006,0.6533676450981817,28425.214426019465,25280.518809523808
2020-05-15 09:00:00,4136001,0.6542055951724136,29.57204362068965,0.7021020503803156,0.7042402623419471,0.687031364530303,28580.210061342743,29854.517142857145
2020-05-15 09:15:00,4136001,0.7024373413333334,30.091407233333335,0.7583503409194295,0.7603850667855968,0.7418042079345306,28750.256601094316,34793.17261904762
2020-05-15 09:30:00,4136001,0.7566826427586206,30.638658379310343,0.7509202478560929,0.7526153921614109,0.7342243939925396,26427.70632845846,39681.36452380952
2020-05-15 09:45:00,4136001,0.799745994,31.37512003333333,0.7156891351815919,0.7170093781978305,0.6994884527705283,23831.522044128284,44338.2975
2020-05-15 10:00:00,4136001,0.828095938,31.892093833333337,0.6973476212315328,0.6983439874450251,0.6812791716996819,22425.807957761623,48873.99988095238
2020-05-15 10:15:00,4136001,0.8748338506896551,32.43747986206897,0.6558363140418407,0.6559534430254379,0.6399244876051926,19964.08040174143,53134.378214285716
2020-05-15 10:30:00,4136001,0.9080560733333332,33.07413526666666,0.678695310841501,0.6783159791953066,0.6617405702132091,19904.057173091907,57539.99988095238
2020-05-15 10:45:00,4136001,0.943352708275862,33.19247010344828,0.7016080054553975,0.7012088549443535,0.6840740329601225,19806.140908648245,62094.3094047619
2020-05-15 11:00:00,4136001,0.9579001053333333,33.46205666666668,0.6750842892962857,0.674693562279809,0.6582066711031587,18767.96606093981,66476.40369047619
2020-05-15 11:15:00,4136001,0.9704477541379308,34.2517951724138,0.6668050090208036,0.6664333042991323,0.6501482617572284,18298.105346093023,70804.84809523809
2020-05-15 11:30:00,4136001,0.987932009,34.651454666666666,0.6762792847100668,0.6758969166052468,0.6593806201208838,18229.65531629009,75194.7580952381
2020-05-15 11:45:00,4136001,0.9533445175862068,35.15152596551724,0.6406074136529133,0.6402358231353612,0.6245909453218563,17894.580275338256,79353.05142857143
2020-05-15 12:00:00,4136001,0.9469201943333332,35.16610503333333,0.637203494366933,0.6368339991843834,0.621272248740721,17920.25558891871,83489.25011904762
2020-05-15 12:15:00,4136001,0.977187623448276,36.37757096551723,0.6762442014228436,0.6758516799258587,0.6593364888503095,18429.138153363994,87878.86630952382
2020-05-15 12:30:00,4136001,0.9562375366666666,35.96635756666666,0.6632111357286193,0.6628269804972908,0.6466300625076175,18469.93858136445,92183.88785714286
2020-05-15 12:45:00,4136001,0.9790904166666669,35.992946499999995,0.6603827289804975,0.6600160927470702,0.6438878619407917,17961.902565178476,96470.65285714285
2020-05-15 13:00:00,4136001,0.9264382120689656,36.45858144827585,0.6698383007357978,0.6696417909348005,0.6532783454364118,19254.531064188697,100819.93619047619
2020-05-15 13:15:00,4136001,0.904246814,36.93956406666667,0.6672327318701302,0.6671278742864615,0.6508258591507227,19650.327144294166,105152.89178571428
2020-05-15 13:30:00,4136001,0.8954739062068966,36.89079344827587,0.7016797634735559,0.7015775668740816,0.6844337350018053,20867.26088781224,109709.59607142858
2020-05-15 13:45:00,4136001,0.8660270623333334,36.614378066666674,0.6663905720442634,0.6663094166508409,0.6500274014420697,20491.644364570704,114037.23583333334
2020-05-15 14:00:00,4136001,0.8379443868965518,36.84276606896551,0.6850389127657103,0.6853835321660742,0.6686354196290168,21771.05499912551,118488.76083333333
2020-05-15 14:15:00,4136001,0.8261285799999998,37.3528292,0.7049929704679545,0.7054345253412194,0.6881964443785773,22725.663358602127,123070.51583333334
2020-05-15 14:30:00,4136001,0.6810660216666665,37.268465866666666,0.6390991362859466,0.6405771511108729,0.6249239325668462,24989.550598743077,127231.02607142857
2020-05-15 14:45:00,4136001,0.68664654,37.216598344827574,0.6861470761495445,0.6877458472847462,0.670940008937834,26611.135746368553,131697.89416666667
2020-05-15 15:00:00,4136001,0.6538071269999998,37.11558026666666,0.7539368204714163,0.7559207674061732,0.7374489986993791,30708.93340660927,136607.5542857143
2020-05-15 15:15:00,4136001,0.6051379079310345,37.086618275862065,0.7184704959925658,0.7205678442322968,0.7029599637107918,31617.971841740713,141287.5992857143
2020-05-15 15:30:00,4136001,0.4486365886666666,36.626162833333325,0.5273015208622892,0.5294634392776487,0.5165254084538634,31299.958633333823,144726.4326190476
2020-05-15 15:45:00,4136001,0.5056144153333334,36.755735033333345,0.5953964826304469,0.5975543379491914,0.5829524299235478,31359.2918223008,148607.51226190475
2020-05-15 16:00:00,4136001,0.4504635889655172,36.754657551724144,0.5327200827178796,0.5348740247376084,0.5218037802116813,31493.346103433218,152081.48702380952
2020-05-15 16:15:00,4136001,0.3271433133333333,36.599552466666665,0.39083066280733814,0.39287867256813486,0.38327824315486086,31814.859565305003,154633.21047619046
2020-05-15 16:30:00,4136001,0.2918783699999999,36.25738223333334,0.3496040631095766,0.3518441471022763,0.34324644217559,31897.304803138846,156918.41714285716
2020-05-15 16:45:00,4136001,0.3002540158620689,36.28795296551724,0.36551313581216127,0.3677267672305421,0.35874095273190443,32418.550579758194,159306.78047619047
2020-05-15 17:00:00,4136001,0.203801124,36.00283696666666,0.23992237044861403,0.24150578242253307,0.23560431874192833,31350.43693730701,160875.34607142856
2020-05-15 17:15:00,4136001,0.1339985576206896,35.6273375862069,0.16031424325671323,0.16107524140999355,0.1571391878816246,31860.414019489,161921.5201190476
2020-05-15 17:30:00,4136001,0.0668117974,35.20957449999999,0.07852072410188214,0.07827246913471855,0.07635979388050196,31297.56641851199,162429.8951190476
2020-05-15 17:45:00,4136001,0.0281551489655172,34.73165155172415,0.031834667809549744,0.031541476325426004,0.030770725103239995,30110.774209422125,162634.75511904762
2020-05-15 18:00:00,4136001,0.0178952295833333,34.36776166666667,0.020474263100764636,0.020266288975830396,0.019771059556758962,30468.45515230543,162766.38345238095
2020-05-15 18:15:00,4136001,0.010471804437931,33.98528399999999,0.0125411844174987,0.012405811065709265,0.01210266120859886,31893.079861991962,162846.95845238096
2020-05-15 18:30:00,4136001,0.0026849175524666,33.545849633333326,0.0019425805678213942,0.0019208359210467446,0.0018738981487468435,19267.59528030174,162859.43416666667
2020-05-15 18:45:00,4136001,0.0,33.09357417241378,0.0,0.0,0.0,0.0,162859.43416666667
2020-05-15 19:00:00,4136001,0.0,32.57998866666667,0.0,0.0,0.0,0.0,162859.43416666667
2020-05-15 19:15:00,4136001,0.0,32.106470551724136,0.0,0.0,0.0,0.0,162859.43416666667
2020-05-15 19:30:00,4136001,0.0,31.78520906666667,0.0,0.0,0.0,0.0,162859.43416666667
2020-05-15 19:45:00,4136001,0.0,31.50534475862069,0.0,0.0,0.0,0.0,162859.43416666667
2020-05-15 20:00:00,4136001,0.0,31.4473155,0.0,0.0,0.0,0.0,162859.43416666667
2020-05-15 20:15:00,4136001,0.0,30.79767863333333,0.0,0.0,0.0,0.0,162859.43416666667
2020-05-15 20:30:00,4136001,0.0,30.55072879310345,0.0,0.0,0.0,0.0,162859.43416666667
2020-05-15 20:45:00,4136001,0.0001204262175862,31.047410586206897,0.0,0.0,0.0,0.0,162859.43416666667
2020-05-15 21:00:00,4136001,0.0,30.0076782,0.0,0.0,0.0,0.0,162859.43416666667
2020-05-15 21:15:00,4136001,0.0,28.97958373333333,0.0,0.0,0.0,0.0,162859.43416666667
2020-05-15 21:30:00,4136001,0.0,28.4271094137931,0.0,0.0,0.0,0.0,162859.43416666667
2020-05-15 21:45:00,4136001,0.0,28.300552466666662,0.0,0.0,0.0,0.0,162859.43416666667
2020-05-15 22:00:00,4136001,0.0,28.32985817241379,0.0,0.0,0.0,0.0,162859.43416666667
2020-05-15 22:15:00,4136001,0.0,28.324165,0.0,0.0,0.0,0.0,162859.43416666667
2020-05-15 22:30:00,4136001,0.0,28.228881733333335,0.0,0.0,0.0,0.0,162859.43416666667
2020-05-15 22:45:00,4136001,0.0,28.145526758620687,0.0,0.0,0.0,0.0,162859.43416666667
2020-05-15 23:00:00,4136001,0.0,27.70949446428571,0.0,0.0,0.0,0.0,162859.43416666667
2020-05-15 23:30:00,4136001,0.0,26.95176844444444,0.0,0.0,0.0,0.0,162859.43416666667
2020-05-15 23:45:00,4136001,0.0,26.75583189655173,0.0,0.0,0.0,0.0,162859.43416666667
2020-05-16 00:00:00,4136001,0.0,26.52780646666667,0.0,0.0,0.0,0.0,0.0
2020-05-16 00:15:00,4136001,0.0,26.687312620689656,0.0,0.0,0.0,0.0,0.0
2020-05-16 00:30:00,4136001,0.0,26.633027833333333,0.0,0.0,0.0,0.0,0.0
2020-05-16 00:45:00,4136001,0.0,26.676575733333333,0.0,0.0,0.0,0.0,0.0
2020-05-16 01:00:00,4136001,0.0,26.44045593103448,0.0,0.0,0.0,0.0,0.0
2020-05-16 01:15:00,4136001,0.0,26.193042,0.0,0.0,0.0,0.0,0.0
2020-05-16 01:30:00,4136001,0.0,26.00338010344827,0.0,0.0,0.0,0.0,0.0
2020-05-16 01:45:00,4136001,0.0,25.95458273333333,0.0,0.0,0.0,0.0,0.0
2020-05-16 02:00:00,4136001,0.0,25.73270810344827,0.0,0.0,0.0,0.0,0.0
2020-05-16 02:15:00,4136001,0.0,25.415572900000004,0.0,0.0,0.0,0.0,0.0
2020-05-16 02:30:00,4136001,0.0,25.19277224137931,0.0,0.0,0.0,0.0,0.0
2020-05-16 02:45:00,4136001,0.0,24.890646333333336,0.0,0.0,0.0,0.0,0.0
2020-05-16 03:00:00,4136001,0.0,24.73890786666667,0.0,0.0,0.0,0.0,0.0
2020-05-16 03:15:00,4136001,0.0,24.387892137931033,0.0,0.0,0.0,0.0,0.0
2020-05-16 03:30:00,4136001,0.0,24.3363027,0.0,0.0,0.0,0.0,0.0
2020-05-16 03:45:00,4136001,0.0,24.443725379310344,0.0,0.0,0.0,0.0,0.0
2020-05-16 04:00:00,4136001,0.0,24.145103033333328,0.0,0.0,0.0,0.0,0.0
2020-05-16 04:15:00,4136001,0.0,23.826843103448272,0.0,0.0,0.0,0.0,0.0
2020-05-16 04:30:00,4136001,0.0,23.926709899999995,0.0,0.0,0.0,0.0,0.0
2020-05-16 04:45:00,4136001,0.0,23.850604333333333,0.0,0.0,0.0,0.0,0.0
2020-05-16 05:00:00,4136001,0.0,23.555944965517245,0.0,0.0,0.0,0.0,0.0
2020-05-16 05:15:00,4136001,0.0,23.608172666666665,0.0,0.0,0.0,0.0,0.0
2020-05-16 05:30:00,4136001,0.0,23.65812755172414,0.0,0.0,0.0,0.0,0.0
2020-05-16 05:45:00,4136001,0.001471635056,23.7527953,0.0,0.0,0.0,0.0,0.0
2020-05-16 06:00:00,4136001,0.0130386867233333,24.044604566666663,0.011774376769184728,0.011650296200355379,0.011365608193281519,24048.251614673274,75.6679761904762
2020-05-16 06:15:00,4136001,0.0351802419310345,23.96737555172414,0.038784091227704764,0.03844941786827207,0.03750986337473614,29358.524652125056,325.39464285714286
2020-05-16 06:30:00,4136001,0.0609255881666666,24.587146,0.07104812697446308,0.07068766369542209,0.06896033163827292,31055.05709475924,784.5067857142857
2020-05-16 06:45:00,4136001,0.0875569148620689,25.354185862068967,0.10478834299309864,0.10453085851794117,0.10197653017491717,31871.459507941,1463.4284523809524
2020-05-16 07:00:00,4136001,0.1271157612,25.97149146666667,0.1389750215578038,0.13956417392095535,0.13615376736569074,29114.99882593031,2369.8894047619046
2020-05-16 07:15:00,4136001,0.1977868686206896,26.566503000000004,0.20792407003897287,0.20914760807300234,0.20403685254347753,27995.404204271428,3728.290595238095
2020-05-16 07:30:00,4136001,0.3151637090000001,27.20900983333333,0.3213337285358946,0.3236455294127588,0.3157368892217847,27151.85713212937,5830.348928571429
2020-05-16 07:45:00,4136001,0.3058852646666667,27.765504866666664,0.3182964850337057,0.3204264484494221,0.31259647009916874,27711.033010706407,7911.499523809523
2020-05-16 08:00:00,4136001,0.4404601989655171,28.175339344827588,0.4490141131374143,0.45115401830109614,0.4401295656910771,27147.681814196032,10841.717857142858
2020-05-16 08:15:00,4136001,0.4899591566666666,29.113189699999996,0.5143682154429978,0.5165641121695888,0.5039412908189219,27957.200113713272,14196.770833333334
2020-05-16 08:30:00,4136001,0.5499689682758621,29.589240689655178,0.5825699469909769,0.5847933602965694,0.5705032810204923,28209.105880608586,17994.96869047619
2020-05-16 08:45:00,4136001,0.5789609316666666,30.2332306,0.6208033092873937,0.6230208838209715,0.607796672287622,28555.133451016773,22041.452023809525
2020-05-16 09:00:00,4136001,0.6565032462068967,30.441318862068968,0.7000640010711667,0.7022080760046598,0.6850488369371726,28397.51235859647,26602.251428571428
2020-05-16 09:15:00,4136001,0.7055703729999999,31.131299866666662,0.7496817470203883,0.751738207491447,0.7333686443102561,28295.412514301766,31484.746071428573
2020-05-16 09:30:00,4136001,0.7526609196666668,31.737163266666663,0.7958852203588065,0.7978265021945563,0.7783307200277861,28159.860719290813,36666.58142857143
2020-05-16 09:45:00,4136001,0.7908359968965514,32.11526058620689,0.7935547566786276,0.7952771183766,0.7758436332524045,26722.05782365215,41831.85869047619
2020-05-16 10:00:00,4136001,0.821054863,32.42292273333334,0.6692387377283596,0.670465509075682,0.6540819351040009,21706.426049956503,46186.49202380952
2020-05-16 10:15:00,4136001,0.850826361724138,32.974314482758615,0.6991151072282585,0.6999792164218971,0.6828744420291057,21882.008317281005,50732.81511904762
2020-05-16 10:30:00,4136001,0.8944378663333334,33.75172126666666,0.6232098761635062,0.6232674310553507,0.608037194864808,18555.111972103965,54780.899761904766
2020-05-16 10:45:00,4136001,0.8842393555172413,33.87341937931034,0.6399379344104891,0.6402149827364697,0.6245706141814014,19272.916685101263,58939.05773809524
2020-05-16 11:00:00,4136001,0.9198567633333332,34.151093499999995,0.659801512279222,0.6597437195478377,0.6436221444850645,19101.722433127703,63224.05369047619
2020-05-16 11:15:00,4136001,0.930322056,34.838311733333335,0.6677677967037589,0.667705631730136,0.6513894984456065,19114.880322588808,67560.76178571429
2020-05-16 11:30:00,4136001,0.9810386655172416,34.8309061724138,0.6868859173038641,0.6866668388397658,0.6698873672700182,18645.66672339636,72020.62178571429
2020-05-16 11:45:00,4136001,0.9896192403333331,35.47820933333332,0.6565812348687677,0.6563240978595479,0.6402860850742177,17668.503440264012,76283.4075
2020-05-16 12:00:00,4136001,0.9797943403448274,36.231302137931024,0.605314324080596,0.6053827579370072,0.5905895537205593,16452.255824609023,80215.33226190477
2020-05-16 12:15:00,4136001,0.6037395006666664,36.35895586666666,0.5129507755373428,0.5144966969434099,0.501924395194169,22625.88257441352,83556.9575
2020-05-16 12:30:00,4136001,0.731962184,35.73488673333333,0.5988403310603464,0.5999591220249711,0.5852984504130458,21787.22040177342,87453.65607142857
2020-05-16 12:45:00,4136001,0.4870487120689654,35.67410289655172,0.41520668097368607,0.4167834532438319,0.40659888380071946,22702.378656836707,90160.63964285715
2020-05-16 13:00:00,4136001,0.70216736,35.51978066666666,0.6145331998761749,0.6155405736447184,0.6004991518499084,23306.880109309663,94158.53880952382
2020-05-16 13:15:00,4136001,0.6825979027586205,35.95901182758621,0.6214492745019388,0.6223544676178968,0.6071465407092017,24244.887042190727,98200.69380952381
2020-05-16 13:30:00,4136001,0.8414354963333333,36.162999766666665,0.673246189690363,0.6734858822427283,0.6570285020773884,21307.500362160434,102574.94428571429
2020-05-16 13:45:00,4136001,0.4480849389999999,35.903057700000005,0.39598967628675913,0.3973347604271508,0.3876254415272824,23534.3900150273,105155.60976190477
2020-05-16 14:00:00,4136001,0.634171807586207,35.1703901724138,0.5248409343069201,0.5265139637912641,0.5136480066970812,22039.421861401574,108575.28642857143
2020-05-16 14:15:00,4136001,0.713821422,35.07013266666666,0.7102755979965976,0.7111277300716343,0.6937505292891446,26498.222755241222,113194.01845238096
2020-05-16 14:30:00,4136001,0.7975343986206896,35.35950041379311,0.7155419176975407,0.7161473701771911,0.6986475088791829,23892.6920800899,117845.35273809524
2020-05-16 14:45:00,4136001,0.464079111,35.03316013333334,0.5177790548269167,0.5197787024577025,0.5070773290009825,29712.00005472466,121221.28428571428
2020-05-16 15:00:00,4136001,0.443339748,34.605278500000004,0.5223976390557024,0.5244307853785888,0.5116157330769094,31379.35155212794,124627.43083333333
2020-05-16 15:15:00,4136001,0.304116098275862,34.166512275862075,0.36673003592871933,0.3690331688053798,0.36001543092433336,32113.415639733073,127024.27916666667
2020-05-16 15:30:00,4136001,0.3934120083333333,34.53725489999999,0.47312648808927754,0.47527642259687974,0.46366251208066706,32026.470540682138,130111.17107142857
2020-05-16 15:45:00,4136001,0.3116804148275861,34.33549355172413,0.37834094103032284,0.3806459082974426,0.3713444001494598,32326.095811809093,132583.44345238095
2020-05-16 16:00:00,4136001,0.222285774,34.15994656666666,0.27211829598077847,0.2737605612662179,0.26707091601926497,32600.59321312256,134361.5019047619
2020-05-16 16:15:00,4136001,0.2192462375862069,33.8724427586207,0.2630512689492666,0.2649744543815857,0.25849950747499323,31951.237332746263,136082.4951190476
2020-05-16 16:30:00,4136001,0.1167878973333333,33.260399433333326,0.1366180040134422,0.13702230511051486,0.13367401196021803,31152.25763747233,136972.44678571427
2020-05-16 16:45:00,4136001,0.0669655043666666,31.583788233333337,0.08252758597801477,0.08231611138612169,0.0803046252146482,32819.157405844955,137507.085
2020-05-16 17:00:00,4136001,0.0890762916206896,31.56179186206896,0.10570367346693545,0.10577768991125086,0.10319289384977456,31601.47700062717,138194.10476190477
2020-05-16 17:15:00,4136001,0.0307999431833333,31.8386771,0.03715361244132758,0.036854494992686344,0.03595391422197071,32124.069772470426,138433.4725
2020-05-16 17:30:00,4136001,0.0055210760799999,31.22422073333334,0.01318237530090803,0.01304328532520471,0.012724558072174439,63584.223120022594,138518.18785714285
2020-05-16 17:45:00,4136001,0.0027049280665517,30.52630317241379,0.006386409971921926,0.006313632753350103,0.006159352081422409,62875.362726427855,138559.19452380954
2020-05-16 18:00:00,4136001,0.0,29.609058499999996,0.0006489871694589292,0.000642129898297937,0.0006264387366411711,inf,138563.3651190476
2020-05-16 18:15:00,4136001,0.0004274467713793,29.016219655172417,0.0,0.0,0.0,0.0,138563.3651190476
2020-05-16 18:30:00,4136001,0.001152606812,29.1915681,0.0,0.0,0.0,0.0,138563.3651190476
2020-05-16 18:45:00,4136001,0.0006664907476666,29.55729153333333,0.0,0.0,0.0,0.0,138563.3651190476
2020-05-16 19:00:00,4136001,0.0014265874813793,30.232590344827585,0.0,0.0,0.0,0.0,138563.3651190476
2020-05-16 19:15:00,4136001,8.698919513333335e-05,29.965409300000005,0.0,0.0,0.0,0.0,138563.3651190476
2020-05-16 19:30:00,4136001,0.0,29.823854724137934,0.0,0.0,0.0,0.0,138563.3651190476
2020-05-16 19:45:00,4136001,0.0,29.420118100000003,0.0,0.0,0.0,0.0,138563.3651190476
2020-05-16 20:00:00,4136001,0.0,28.763137344827587,0.0,0.0,0.0,0.0,138563.3651190476
2020-05-16 20:15:00,4136001,0.0,28.205944733333336,0.0,0.0,0.0,0.0,138563.3651190476
2020-05-16 20:30:00,4136001,0.0,28.205386266666668,0.0,0.0,0.0,0.0,138563.3651190476
2020-05-16 20:45:00,4136001,0.0,28.36054320689655,0.0,0.0,0.0,0.0,138563.3651190476
2020-05-16 21:00:00,4136001,0.0,28.5787841,0.0,0.0,0.0,0.0,138563.3651190476
2020-05-16 21:15:00,4136001,0.0,28.61048517241379,0.0,0.0,0.0,0.0,138563.3651190476
2020-05-16 21:30:00,4136001,0.0,28.407591899999996,0.0,0.0,0.0,0.0,138563.3651190476
2020-05-16 21:45:00,4136001,0.0,28.27099406666666,0.0,0.0,0.0,0.0,138563.3651190476
2020-05-16 22:00:00,4136001,0.0,28.258463862068968,0.0,0.0,0.0,0.0,138563.3651190476
2020-05-16 22:15:00,4136001,0.0,28.13605563333333,0.0,0.0,0.0,0.0,138563.3651190476
2020-05-16 22:30:00,4136001,0.0,28.31342096551724,0.0,0.0,0.0,0.0,138563.3651190476
2020-05-16 22:45:00,4136001,0.0,28.208466666666663,0.0,0.0,0.0,0.0,138563.3651190476
2020-05-16 23:00:00,4136001,0.0,27.52852131034483,0.0,0.0,0.0,0.0,138563.3651190476
2020-05-16 23:15:00,4136001,0.0,27.13286423333333,0.0,0.0,0.0,0.0,138563.3651190476
2020-05-16 23:30:00,4136001,0.0,26.873041733333334,0.0,0.0,0.0,0.0,138563.3651190476
2020-05-16 23:45:00,4136001,0.0,26.525786206896548,0.0,0.0,0.0,0.0,138563.3651190476
2020-05-17 00:00:00,4136001,0.0,26.290046066666665,0.0,0.0,0.0,0.0,0.0
2020-05-17 00:15:00,4136001,0.0,26.14886572413793,0.0,0.0,0.0,0.0,0.0
2020-05-17 00:30:00,4136001,0.0,25.883551133333334,0.0,0.0,0.0,0.0,0.0
2020-05-17 00:45:00,4136001,0.0,25.90616780000001,0.0,0.0,0.0,0.0,0.0
2020-05-17 01:00:00,4136001,0.0,25.762797379310346,0.0,0.0,0.0,0.0,0.0
2020-05-17 01:15:00,4136001,0.0,25.5164062,0.0,0.0,0.0,0.0,0.0
2020-05-17 01:30:00,4136001,0.0,25.3675354,0.0,0.0,0.0,0.0,0.0
2020-05-17 01:45:00,4136001,0.0,24.830521599999994,0.0,0.0,0.0,0.0,0.0
2020-05-17 02:00:00,4136001,0.0,24.73006183333333,0.0,0.0,0.0,0.0,0.0
2020-05-17 02:15:00,4136001,0.0,24.467926172413787,0.0,0.0,0.0,0.0,0.0
2020-05-17 02:30:00,4136001,0.0,24.254664199999997,0.0,0.0,0.0,0.0,0.0
2020-05-17 02:45:00,4136001,0.0,24.288478482758624,0.0,0.0,0.0,0.0,0.0
2020-05-17 03:00:00,4136001,0.0,24.1800069,0.0,0.0,0.0,0.0,0.0
2020-05-17 03:15:00,4136001,0.0,23.95225926666667,0.0,0.0,0.0,0.0,0.0
2020-05-17 03:30:00,4136001,0.0,24.118318793103448,0.0,0.0,0.0,0.0,0.0
2020-05-17 03:45:00,4136001,0.0,24.318871133333328,0.0,0.0,0.0,0.0,0.0
2020-05-17 04:00:00,4136001,0.0,24.366301620689654,0.0,0.0,0.0,0.0,0.0
2020-05-17 04:15:00,4136001,4.4788243433333325e-05,24.637875333333326,0.0,0.0,0.0,0.0,0.0
2020-05-17 04:30:00,4136001,0.0,24.72773365517241,0.0,0.0,0.0,0.0,0.0
2020-05-17 04:45:00,4136001,0.0,24.89812,0.0,0.0,0.0,0.0,0.0
2020-05-17 05:00:00,4136001,0.0,24.736520689655173,0.0,0.0,0.0,0.0,0.0
2020-05-17 05:15:00,4136001,0.0,24.856989433333332,0.0,0.0,0.0,0.0,0.0
2020-05-17 05:30:00,4136001,0.0,24.6831023,0.0,0.0,0.0,0.0,0.0
2020-05-17 05:45:00,4136001,9.398705537931033e-05,24.473037241379306,0.0,0.0,0.0,0.0,0.0
2020-05-17 06:00:00,4136001,0.005539939377931,24.319194931034485,0.003208851202230224,0.0031724695874519315,0.003094946747790003,15424.958199677552,20.605
2020-05-17 06:15:00,4136001,0.0183704660333333,25.05646456666667,0.019911535756771896,0.019706805830919993,0.01922524800772705,28864.498306800535,148.59952380952382
2020-05-17 06:30:00,4136001,0.0262915067333333,25.291162066666672,0.02966730028776163,0.02938514572983434,0.028667086855490326,30049.82734951353,339.45428571428573
2020-05-17 06:45:00,4136001,0.0311807835517241,25.52368889655172,0.03540642182227672,0.03508777171357403,0.03423036280052894,30239.48871640259,567.3472619047619
2020-05-17 07:00:00,4136001,0.047666922,25.723395833333328,0.05625084757788704,0.055870378364315354,0.05450512323281798,31426.16532757394,930.2220238095238
2020-05-17 07:15:00,4136001,0.0694368633448276,26.135726448275864,0.08439293682233108,0.08406313068211323,0.0820089541418163,32366.477378245214,1476.207023809524
2020-05-17 07:30:00,4136001,0.1270576554999999,26.6747182,0.1529850548772707,0.1535500428107983,0.14979787591974716,32064.73083244895,2473.505357142857
2020-05-17 07:45:00,4136001,0.2357182519999999,27.6051717,0.2732244387675402,0.2750236690660497,0.2683031583684619,30867.80585024549,4259.767619047619
2020-05-17 08:00:00,4136001,0.430666714137931,28.544006379310343,0.46299217453152186,0.46523356817487427,0.453865066029536,28629.368803569327,7281.431785714285
2020-05-17 08:15:00,4136001,0.4617634923333333,29.2123748,0.5022536988728143,0.5044209964397743,0.49209490569211845,28965.630021126195,10557.615952380951
2020-05-17 08:30:00,4136001,0.5120760037931033,29.68912768965517,0.5480401424331393,0.5502509031893453,0.5368049074545083,28500.821281528733,14131.46261904762
2020-05-17 08:45:00,4136001,0.470911494,29.988076833333334,0.5234433248627997,0.5256231054734787,0.5127789174978413,29601.233204091113,17545.353214285715
2020-05-17 09:00:00,4136001,0.5358374679310345,30.047706344827592,0.5957325454745206,0.5979043906651362,0.5832939287101881,29607.22322211966,21428.70642857143
2020-05-17 09:15:00,4136001,0.7126864326666665,30.705458533333335,0.767320432935632,0.7693263860693609,0.7505270360895087,28671.981067891655,26425.435238095237
2020-05-17 09:30:00,4136001,0.6903431299999999,31.6398318,0.6496576679405845,0.6513958475770983,0.635478262094829,25061.03429629677,30656.212261904762
2020-05-17 09:45:00,4136001,0.7143508155172414,31.79815365517241,0.6653044027701563,0.6669607295217373,0.6506627987551119,24802.09016140713,34988.08226190476
2020-05-17 10:00:00,4136001,0.6756343696666666,32.372193566666674,0.5995167840448792,0.601109431394919,0.5864206506880473,23630.289445106944,38892.252023809524
2020-05-17 10:15:00,4136001,0.5722676586666666,32.30568233333333,0.5040824286303656,0.5057995787453372,0.49343980079845406,23457.503272973958,42177.39
2020-05-17 10:30:00,4136001,0.6707603986206897,32.44208482758621,0.6492369009519765,0.6509732292154091,0.6350659708850915,25775.98148996377,46405.42214285714
2020-05-17 10:45:00,4136001,0.7487384033333335,32.98318686666667,0.6304168810049284,0.6316993061466878,0.6162630276655144,22422.144874151592,50508.27130952381
2020-05-17 11:00:00,4136001,0.744102428275862,33.59000886206896,0.5680570353399209,0.5691871824691664,0.5552784575884899,20330.059534570388,54205.10797619048
2020-05-17 11:15:00,4136001,0.681933306,33.80211653333333,0.5181141520759291,0.5195038914633492,0.5068092333203824,20233.12581971525,57579.254642857144
2020-05-17 11:30:00,4136001,0.4981052958620688,33.97323479310345,0.45419113317658744,0.4559530287835602,0.44481130698942045,24282.697053173557,60540.64226190476
2020-05-17 11:45:00,4136001,0.4553650786666666,33.6794626,0.5357655695408688,0.5379642508159787,0.5248184931624426,31332.46100734204,64034.68785714285
2020-05-17 12:00:00,4136001,0.5253698983333334,33.770686966666666,0.6169246569777189,0.61913826435256,0.6040089289648192,31271.331384982423,68055.95380952381
2020-05-17 12:15:00,4136001,0.5782548813793102,34.136448310344825,0.674367191912233,0.6765448568874044,0.660012727258162,31056.78927804821,72450.07214285714
2020-05-17 12:30:00,4136001,0.6100332046666667,34.321722266666676,0.7011293385258982,0.7032507558035517,0.6860660376899648,30607.234788165235,77017.6436904762
2020-05-17 12:45:00,4136001,0.7156156220689655,34.64678210344827,0.6944082068141544,0.6960170661788241,0.6790091113549973,25841.306157469862,81538.23285714285
2020-05-17 13:00:00,4136001,0.754738481,35.0309509,0.6947906361025551,0.6962014954608347,0.6791890339013988,24515.281958528714,86060.01988095237
2020-05-17 13:15:00,4136001,0.7998285427586208,35.52410268965517,0.5569939266216418,0.5578482641899792,0.5442166184489023,18545.262744726675,89683.21095238095
2020-05-17 13:30:00,4136001,0.6887480663333334,36.10341906666667,0.3691500674915185,0.3701240179695194,0.36107962397010346,14273.220955332006,92087.14428571428
2020-05-17 13:45:00,4136001,0.7612834286206895,36.21466379310345,0.6740844692545949,0.6750946254004284,0.6585979337982303,23580.194021700117,96471.84345238096
2020-05-17 14:00:00,4136001,0.7789892303333334,36.4980315,0.6066301082839759,0.6077335622636794,0.5928829135164425,20738.241959961877,100419.03654761905
2020-05-17 14:15:00,4136001,0.732283932,36.60296943333335,0.6455657085293371,0.6469623413992031,0.6311530935949147,23476.87987336844,104621.01821428571
2020-05-17 14:30:00,4136001,0.5855804424137931,36.83124206896552,0.5562555325020728,0.558065631200053,0.5444286738531734,25296.894489175895,108245.62107142857
2020-05-17 14:45:00,4136001,0.492684559,36.53318553333334,0.5453129443525421,0.5475169801136588,0.534137790844385,29475.167700557064,111801.71107142857
2020-05-17 15:00:00,4136001,0.3013766968965517,36.10952948275863,0.35256872604966616,0.35482857653825284,0.34615794374314424,31153.980736429115,114106.30142857143
2020-05-17 15:15:00,4136001,0.2451468573333333,35.419343399999995,0.2999046707335146,0.30212724018479076,0.2947444234381822,32578.893403775935,116068.59976190476
2020-05-17 15:30:00,4136001,0.283091291,35.6123197,0.349140577480206,0.35151095733002563,0.34292139426776996,32843.78845900446,118351.64238095238
2020-05-17 15:45:00,4136001,0.2785615713793103,35.5120261724138,0.3404554075326142,0.3428381620953028,0.3344605284766142,32547.561945126934,120578.35571428572
2020-05-17 16:00:00,4136001,0.2795773376666665,35.33530586666666,0.34218122989058875,0.34452988193354983,0.33611090925008597,32593.69875921093,122816.05666666667
2020-05-17 16:15:00,4136001,0.4279635396296296,35.821209925925935,0.5258846930503697,0.5280881365044464,0.5151837127408502,32723.75921625411,126245.95749084248
2020-05-17 16:30:00,4136001,0.4045281216666666,36.07769153333333,0.4926553799809684,0.4948323417403111,0.4827405604857329,32432.015670255565,129459.86391941393
2020-05-17 16:45:00,4136001,0.3040243293333332,36.44374493333334,0.37331668170610777,0.375436193489595,0.3662619905448931,32700.055297391573,131898.29951465203
2020-05-17 17:00:00,4136001,0.093825594,35.507159172413786,0.11117325092825871,0.11115396294665059,0.10843779164547127,31554.289973373365,132620.23784798535
2020-05-17 17:15:00,4136001,0.1124340208999999,35.09537646666667,0.13083864935137762,0.1311261768478858,0.12792196218071705,30989.726204922437,133471.89451465203
2020-05-17 17:30:00,4136001,0.157049409137931,35.30165672413793,0.18603299288120403,0.1869699044294499,0.18240108587244303,31545.186220928714,134686.25284798534
2020-05-17 17:45:00,4136001,0.0815178720666666,35.0653644,0.09598914342133646,0.09579785157665865,0.0934569240175392,31358.025657477796,135308.45415750914
2020-05-17 18:00:00,4136001,0.0685123559666666,34.57465116666667,0.08461486275389428,0.08428159744938445,0.08222208242948867,32889.49321437706,135855.85808608058
2020-05-17 18:15:00,4136001,0.0252637653448275,34.26270155172412,0.031766575476345926,0.031486818392713285,0.03071740279819435,33485.11152052803,136060.3630860806
2020-05-17 18:30:00,4136001,0.0048542384033333,33.82243973333334,0.005899195737992146,0.005834101956693504,0.0056915391556665125,32363.17592491857,136098.25522893772
2020-05-17 18:45:00,4136001,0.0,32.505662655172415,0.0,0.0,0.0,0.0,136098.25522893772
2020-05-17 19:00:00,4136001,0.0,31.5056082,0.0,0.0,0.0,0.0,136098.25522893772
2020-05-17 19:15:00,4136001,0.0,31.155717000000003,0.0,0.0,0.0,0.0,136098.25522893772
2020-05-17 19:30:00,4136001,0.0,30.802734275862075,0.0,0.0,0.0,0.0,136098.25522893772
2020-05-17 19:45:00,4136001,0.0,30.547670433333337,0.0,0.0,0.0,0.0,136098.25522893772
2020-05-17 20:00:00,4136001,0.0,30.300568827586208,0.0,0.0,0.0,0.0,136098.25522893772
2020-05-17 20:15:00,4136001,0.0,29.81161893333333,0.0,0.0,0.0,0.0,136098.25522893772
2020-05-17 20:30:00,4136001,0.0,29.1945903,0.0,0.0,0.0,0.0,136098.25522893772
2020-05-17 20:45:00,4136001,0.0,28.80817068965517,0.0,0.0,0.0,0.0,136098.25522893772
2020-05-17 21:00:00,4136001,0.0,28.49680176666666,0.0,0.0,0.0,0.0,136098.25522893772
2020-05-17 21:15:00,4136001,0.0,28.221233689655175,0.0,0.0,0.0,0.0,136098.25522893772
2020-05-17 21:30:00,4136001,0.0,27.908858133333336,0.0,0.0,0.0,0.0,136098.25522893772
2020-05-17 21:45:00,4136001,0.0,27.756202166666665,0.0,0.0,0.0,0.0,136098.25522893772
2020-05-17 22:00:00,4136001,0.0,26.507484206896557,0.0,0.0,0.0,0.0,136098.25522893772
2020-05-17 22:15:00,4136001,0.0016489731516666,26.322783466666664,0.0,0.0,0.0,0.0,136098.25522893772
2020-05-17 22:30:00,4136001,0.0019374660551724,26.622738586206893,0.0,0.0,0.0,0.0,136098.25522893772
2020-05-17 22:45:00,4136001,0.0010388260513333,26.2797891,0.0,0.0,0.0,0.0,136098.25522893772
2020-05-17 23:00:00,4136001,0.0007459025993333,26.047402966666663,0.0,0.0,0.0,0.0,136098.25522893772
2020-05-17 23:15:00,4136001,0.0001429450220689,25.51867668965517,0.0,0.0,0.0,0.0,136098.25522893772
2020-05-17 23:30:00,4136001,0.0,24.4731607,0.0,0.0,0.0,0.0,136098.25522893772
2020-05-17 23:45:00,4136001,0.0,23.42992334482759,0.0,0.0,0.0,0.0,136098.25522893772
2020-05-18 00:00:00,4136001,0.0,23.441599666666676,0.0,0.0,0.0,0.0,0.0
2020-05-18 00:15:00,4136001,0.0,23.88182434482759,0.0,0.0,0.0,0.0,0.0
2020-05-18 00:30:00,4136001,0.0,24.515677933333333,0.0,0.0,0.0,0.0,0.0
2020-05-18 00:45:00,4136001,0.0,25.033409566666663,0.0,0.0,0.0,0.0,0.0
2020-05-18 01:00:00,4136001,0.0,25.385702,0.0,0.0,0.0,0.0,0.0
2020-05-18 01:15:00,4136001,0.0,25.497522799999995,0.0,0.0,0.0,0.0,0.0
2020-05-18 01:30:00,4136001,0.0,25.53473610344828,0.0,0.0,0.0,0.0,0.0
2020-05-18 01:45:00,4136001,0.0,25.494532066666668,0.0,0.0,0.0,0.0,0.0
2020-05-18 02:00:00,4136001,0.0,24.925125033333337,0.0,0.0,0.0,0.0,0.0
2020-05-18 02:15:00,4136001,0.0,24.69461472413794,0.0,0.0,0.0,0.0,0.0
2020-05-18 02:30:00,4136001,0.0,24.847948,0.0,0.0,0.0,0.0,0.0
2020-05-18 02:45:00,4136001,0.0,24.940316999999997,0.0,0.0,0.0,0.0,0.0
2020-05-18 03:00:00,4136001,0.0,25.03238413333333,0.0,0.0,0.0,0.0,0.0
2020-05-18 03:15:00,4136001,0.0,24.9947755,0.0,0.0,0.0,0.0,0.0
2020-05-18 03:30:00,4136001,3.0444253793103455e-05,24.698266310344827,0.0,0.0,0.0,0.0,0.0
2020-05-18 03:45:00,4136001,9.724493333333333e-05,24.366484666666672,0.0,0.0,0.0,0.0,0.0
2020-05-18 04:00:00,4136001,0.0,23.957140689655173,0.0,0.0,0.0,0.0,0.0
2020-05-18 04:15:00,4136001,0.0003083751808666,23.24427496666667,0.0,0.0,0.0,0.0,0.0
2020-05-18 04:30:00,4136001,0.0,20.942384766666667,0.0,0.0,0.0,0.0,0.0
2020-05-18 04:45:00,4136001,0.0,20.95653134482759,0.0,0.0,0.0,0.0,0.0
2020-05-18 05:00:00,4136001,0.0,20.96344493333333,0.0,0.0,0.0,0.0,0.0
2020-05-18 05:15:00,4136001,2.779975665517241e-05,21.226854034482763,0.0,0.0,0.0,0.0,0.0
2020-05-18 05:30:00,4136001,0.0,21.544671666666673,0.0,0.0,0.0,0.0,0.0
2020-05-18 05:45:00,4136001,0.0,21.69882520689656,0.0,0.0,0.0,0.0,0.0
2020-05-18 06:00:00,4136001,0.0002661739907,21.56733580000001,0.0,0.0,0.0,0.0,0.0
2020-05-18 06:15:00,4136001,0.0008433108796666,21.769482433333323,0.0,0.0,0.0,0.0,0.0
2020-05-18 06:30:00,4136001,0.0015422382517241,22.012576241379307,0.0,0.0,0.0,0.0,0.0
2020-05-18 06:45:00,4136001,0.0034551432533333,22.117356600000004,0.0,0.0,0.0,0.0,0.0
2020-05-18 07:00:00,4136001,0.0066534674275862,22.266623413793106,0.003107213381345104,0.003073161512523201,0.0029980653766507382,12436.623094236173,19.96
2020-05-18 07:15:00,4136001,0.0111933843666666,22.6920623,0.011948934898579615,0.011815186462824714,0.011526469177919545,28428.058936651392,96.69892857142857
2020-05-18 07:30:00,4136001,0.0198939469666666,22.9404184,0.022278477472595697,0.022056290448955164,0.02151732034352868,29822.495448048998,239.9532142857143
2020-05-18 07:45:00,4136001,0.0399777279655172,23.156025344827587,0.049666401211471325,0.04930301329622948,0.048098239069320856,33084.457168558285,560.1733333333333
2020-05-18 08:00:00,4136001,0.1108077218666666,23.433716899999997,0.14057749808740652,0.14093920034491317,0.13749519348236208,33785.100324548526,1475.565
2020-05-18 08:15:00,4136001,0.2145577755172414,24.188384034482755,0.26746419931140913,0.26938519558549395,0.2628024672885003,33197.15226207115,3225.2057142857143
2020-05-18 08:30:00,4136001,0.286081037,25.090119333333337,0.3513368413282697,0.35357974725270114,0.34493963099677444,32704.992240496165,5521.685
2020-05-18 08:45:00,4136001,0.3953201403333334,26.415036066666666,0.4621026647848768,0.4642571120885549,0.45291247073889335,31129.27179693316,8537.007142857143
2020-05-18 09:00:00,4136001,0.4229210006896552,26.551281137931035,0.4945056746948862,0.49668174843138424,0.484544774857564,31138.053313011522,11762.925357142858
2020-05-18 09:15:00,4136001,0.4732118349999999,27.0270212,0.5424887754938554,0.5446944166078587,0.5313841998321152,30529.141251044482,15300.682976190476
2020-05-18 09:30:00,4136001,0.5877528527586208,27.32489017241379,0.6509321997771835,0.6530176961747346,0.6370604790095369,29493.101061703066,19541.99380952381
2020-05-18 09:45:00,4136001,0.6936572341379309,27.701905379310343,0.6525806314791427,0.6541574845341604,0.6381724153666658,25053.516350536902,23790.7075
2020-05-18 10:00:00,4136001,0.6619857259999999,27.856152266666673,0.5895691700803432,0.5911358983349254,0.5766908320539795,23717.31760615895,27630.099761904763
2020-05-18 10:15:00,4136001,0.6871823993103447,28.33403603448276,0.5904990023614879,0.5916612890067152,0.5772033842175704,22883.717095824188,31472.904404761906
2020-05-18 10:30:00,4136001,0.457640915,28.27772523333333,0.40780337423260227,0.4093945695492592,0.3993905557364357,23730.418588535682,34131.89761904762
2020-05-18 10:45:00,4136001,0.4531049243333333,28.130790266666665,0.5097983580020222,0.5119199658298107,0.4994106293848744,29962.571233150073,37456.787142857145
2020-05-18 11:00:00,4136001,0.6689661120689653,28.949897448275863,0.6572183487952521,0.6587523250929198,0.642654975861554,26162.846373365013,41735.344047619044
2020-05-18 11:15:00,4136001,0.7330176780000001,29.270029633333337,0.639071026740832,0.6402425316542657,0.6245974899106046,23217.428104230847,45893.68095238095
2020-05-18 11:30:00,4136001,0.7727462144827584,29.425118206896556,0.6425765838476974,0.6432184013133887,0.6275006408690184,22144.579525962607,50071.34595238095
2020-05-18 11:45:00,4136001,0.8346098513333335,29.803749599999996,0.6594520026298517,0.6594516790240578,0.6433372402978438,21041.61713922434,54354.44511904762
2020-05-18 12:00:00,4136001,0.8786557337931034,30.22423048275862,0.65022264833972,0.6499010575943394,0.6340199989757539,19707.102458294437,58575.51357142857
2020-05-18 12:15:00,4136001,0.8129037663333335,30.198338766666662,0.6001343178492893,0.6004981313567226,0.585824288449423,19660.237305171417,62475.71297619048
2020-05-18 12:30:00,4136001,0.876769936,30.606464633333335,0.6718720406299513,0.6717003347862531,0.655286586468394,20407.055628265585,66838.36642857143
2020-05-18 12:45:00,4136001,0.74495337,30.55539796551724,0.5580654868001008,0.5583649117920494,0.5447206411894528,19949.660294397578,70464.9130952381
2020-05-18 13:00:00,4136001,0.7598188213333331,30.690965866666673,0.5651430840219337,0.5654052641014672,0.551588954622468,19807.414931176336,74137.18642857143
2020-05-18 13:15:00,4136001,0.8388255679310344,31.4158641724138,0.5807452405461806,0.5809450899112912,0.5667490474225908,18437.134716989847,77910.39
2020-05-18 13:30:00,4136001,0.8313699896666666,32.053389366666664,0.6299277355808762,0.629833897988392,0.6144432028401942,20177.89308058946,82001.12345238095
2020-05-18 13:45:00,4136001,0.7953829,32.3029751,0.6147023399443932,0.6150755413137813,0.60004548310366,20581.074551520735,85996.00226190477
2020-05-18 14:00:00,4136001,0.7585735186206896,32.429869551724146,0.6353442947207841,0.6364081365389618,0.6208567925249495,22304.4175163868,90129.435
2020-05-18 14:15:00,4136001,0.7463281493333334,33.16880903333333,0.638629982255939,0.6398447494759519,0.6242094279843468,22787.616968744573,94285.18833333334
2020-05-18 14:30:00,4136001,0.7109748358620688,33.362330931034485,0.6373932516778466,0.6387942797302448,0.6231846276407951,23874.410713163787,98434.11892857144
2020-05-18 14:45:00,4136001,0.6675782790000002,33.482829466666665,0.6542389337083943,0.655865993998955,0.6398391754933976,26098.38401544859,102693.92928571429
2020-05-18 15:00:00,4136001,0.6223585434482761,33.88921465517242,0.644542821494518,0.6463026703736061,0.6305095423680225,27579.76424595903,106891.62642857143
2020-05-18 15:15:00,4136001,0.481245819,33.72917989999999,0.5538011150262614,0.5558547159888951,0.5422717848259382,30645.469952050193,110501.86952380952
2020-05-18 15:30:00,4136001,0.3532313366666666,33.613372500000004,0.4314506184672129,0.4336742757828497,0.4230769602151946,32527.54605481418,113318.55797619048
2020-05-18 15:45:00,4136001,0.3397950134482759,33.40481962068966,0.4086578185734141,0.41093177350126603,0.4008901963920219,32027.441048840916,115987.53523809524
2020-05-18 16:00:00,4136001,0.4168387116666666,34.07618586666667,0.506625376868176,0.5088126201977338,0.4963792152158326,32366.692676517472,119292.24273809524
2020-05-18 16:15:00,4136001,0.3776245151724137,34.20788975862068,0.4614963604934004,0.46363981837363244,0.452310261285732,32545.243783102,122303.5555952381
2020-05-18 16:30:00,4136001,0.2632670296666666,33.34700529999999,0.3189114081551727,0.3210389582205357,0.3131940125095344,32259.156764542207,124388.68440476191
2020-05-18 16:45:00,4136001,0.1800321872413792,32.58227827586207,0.22015361759116792,0.2213803173558347,0.2159706419047085,32565.30107636694,125826.5363095238
2020-05-18 17:00:00,4136001,0.1679854803333333,32.15728253333334,0.2058240974761777,0.20689644174841818,0.20184069598375395,32629.01049021418,127170.31630952381
2020-05-18 17:15:00,4136001,0.1303982456551724,31.96495755172414,0.159544789162676,0.1602785589668822,0.15636197326431783,32582.94273884688,128211.31595238094
2020-05-18 17:30:00,4136001,0.0845372788333333,31.547985833333332,0.10330992754746866,0.1030485691086598,0.10053046216383701,32544.17166312798,128880.61023809524
2020-05-18 17:45:00,4136001,0.0564699078275862,31.191822,0.06534312313210999,0.06499429400142752,0.06340608579519542,30815.004719033866,129302.74428571429
2020-05-18 18:00:00,4136001,0.0366922300333333,30.79789016666667,0.043206606014899056,0.042848336682307836,0.04180128969167905,31358.5140090566,129581.04166666666
2020-05-18 18:15:00,4136001,0.019040468137931,30.541903827586207,0.021744235182908023,0.02152393464824825,0.020997973251729345,30412.067382232053,129720.83833333333
2020-05-18 18:30:00,4136001,0.0062312298316666,30.34277076666667,0.005030732387403033,0.004973560278984206,0.004852025775523037,21499.92152433906,129753.14130952381
2020-05-18 18:45:00,4136001,4.477383166666667e-05,30.05953873333333,0.0,0.0,0.0,0.0,129753.14130952381
2020-05-18 19:00:00,4136001,0.0,29.33382027586207,0.0,0.0,0.0,0.0,129753.14130952381
2020-05-18 19:15:00,4136001,0.0,28.6457164,0.0,0.0,0.0,0.0,129753.14130952381
2020-05-18 19:30:00,4136001,0.0,28.33395286206897,0.0,0.0,0.0,0.0,129753.14130952381
2020-05-18 19:45:00,4136001,0.0,28.03039053333333,0.0,0.0,0.0,0.0,129753.14130952381
2020-05-18 20:00:00,4136001,0.0,27.825473933333335,0.0,0.0,0.0,0.0,129753.14130952381
2020-05-18 20:15:00,4136001,0.0,27.588050482758625,0.0,0.0,0.0,0.0,129753.14130952381
2020-05-18 20:30:00,4136001,0.0,27.29808046666667,0.0,0.0,0.0,0.0,129753.14130952381
2020-05-18 20:45:00,4136001,0.0,27.068115,0.0,0.0,0.0,0.0,129753.14130952381
2020-05-18 21:00:00,4136001,0.0,26.90030103448276,0.0,0.0,0.0,0.0,129753.14130952381
2020-05-18 21:15:00,4136001,0.0,26.78260506666667,0.0,0.0,0.0,0.0,129753.14130952381
2020-05-18 21:30:00,4136001,0.0,26.301334758620687,0.0,0.0,0.0,0.0,129753.14130952381
2020-05-18 21:45:00,4136001,0.0,26.547206666666668,0.0,0.0,0.0,0.0,129753.14130952381
2020-05-18 22:00:00,4136001,0.0,26.305780033333328,0.0,0.0,0.0,0.0,129753.14130952381
2020-05-18 22:15:00,4136001,0.0,26.015667137931043,0.0,0.0,0.0,0.0,129753.14130952381
2020-05-18 22:30:00,4136001,0.0,26.02266536666666,0.0,0.0,0.0,0.0,129753.14130952381
2020-05-18 22:45:00,4136001,0.0,25.952140137931032,0.0,0.0,0.0,0.0,129753.14130952381
2020-05-18 23:00:00,4136001,0.0,25.955106766666667,0.0,0.0,0.0,0.0,129753.14130952381
2020-05-18 23:15:00,4136001,0.0,25.8418743,0.0,0.0,0.0,0.0,129753.14130952381
2020-05-18 23:30:00,4136001,0.0,25.74263996551724,0.0,0.0,0.0,0.0,129753.14130952381
2020-05-18 23:45:00,4136001,0.0,25.765357533333336,0.0,0.0,0.0,0.0,129753.14130952381
2020-05-19 00:00:00,4136001,0.0,25.826530862068964,0.0,0.0,0.0,0.0,0.0
2020-05-19 00:15:00,4136001,0.0,25.762284399999995,0.0,0.0,0.0,0.0,0.0
2020-05-19 00:30:00,4136001,0.0,25.6613575,0.0,0.0,0.0,0.0,0.0
2020-05-19 00:45:00,4136001,0.0,25.58436624137932,0.0,0.0,0.0,0.0,0.0
2020-05-19 01:00:00,4136001,0.0,25.538236199999997,0.0,0.0,0.0,0.0,0.0
2020-05-19 01:15:00,4136001,0.0,25.485765965517245,0.0,0.0,0.0,0.0,0.0
2020-05-19 01:30:00,4136001,0.0,25.3748421,0.0,0.0,0.0,0.0,0.0
2020-05-19 01:45:00,4136001,0.0,25.354532700000004,0.0,0.0,0.0,0.0,0.0
2020-05-19 02:00:00,4136001,0.0,25.325819275862067,0.0,0.0,0.0,0.0,0.0
2020-05-19 02:15:00,4136001,0.0,25.22930486666666,0.0,0.0,0.0,0.0,0.0
2020-05-19 02:30:00,4136001,0.0,25.145670034482755,0.0,0.0,0.0,0.0,0.0
2020-05-19 02:45:00,4136001,0.0,25.137797166666665,0.0,0.0,0.0,0.0,0.0
2020-05-19 03:00:00,4136001,0.0,25.1428428,0.0,0.0,0.0,0.0,0.0
2020-05-19 03:15:00,4136001,0.0,25.161872724137933,0.0,0.0,0.0,0.0,0.0
2020-05-19 03:30:00,4136001,0.0,25.132742466666667,0.0,0.0,0.0,0.0,0.0
2020-05-19 03:45:00,4136001,0.0,25.071538551724135,0.0,0.0,0.0,0.0,0.0
2020-05-19 04:00:00,4136001,0.0,25.0843009,0.0,0.0,0.0,0.0,0.0
2020-05-19 04:15:00,4136001,0.0,25.120121466666664,0.0,0.0,0.0,0.0,0.0
2020-05-19 04:30:00,4136001,0.0,25.108053413793098,0.0,0.0,0.0,0.0,0.0
2020-05-19 04:45:00,4136001,0.0,25.09842243333333,0.0,0.0,0.0,0.0,0.0
2020-05-19 05:00:00,4136001,0.0,25.011607068965517,0.0,0.0,0.0,0.0,0.0
2020-05-19 05:15:00,4136001,0.0,24.963929233333335,0.0,0.0,0.0,0.0,0.0
2020-05-19 05:30:00,4136001,0.0,24.875560466666663,0.0,0.0,0.0,0.0,0.0
2020-05-19 05:45:00,4136001,0.0003547446068965,24.855137137931035,0.0,0.0,0.0,0.0,0.0
2020-05-19 06:00:00,4136001,0.0088200197566666,24.819868999999997,0.006861786725657133,0.006790395827726481,0.0066244649172849815,20717.96460600202,44.10321428571429
2020-05-19 06:15:00,4136001,0.0355508631724138,24.82713465517242,0.04063696086178572,0.04029266591903951,0.03930806959951981,30440.410177792597,305.8016666666667
2020-05-19 06:30:00,4136001,0.0578894304333333,24.917694,0.06800621642947836,0.06763572749680948,0.06598297291126767,31284.467413885377,745.0916666666667
2020-05-19 06:45:00,4136001,0.0836488363333333,25.0238301,0.09852114824845347,0.09820890426846376,0.09580905994242477,31365.26711241992,1382.952619047619
2020-05-19 07:00:00,4136001,0.1025722453448275,25.170778517241377,0.1214015133091901,0.12141398275657697,0.1184470964055831,31519.089775749377,2171.5291666666667
2020-05-19 07:15:00,4136001,0.2387451663333333,25.621686733333338,0.27073259554241264,0.2725683144884744,0.2659078031238931,30198.50119356982,3941.8440476190476
2020-05-19 07:30:00,4136001,0.3529456655172413,26.388763413793104,0.3848056714905411,0.386929352715723,0.3774743015815159,29034.41237897681,6454.927023809524
2020-05-19 07:45:00,4136001,0.3446251163333333,26.525773066666662,0.36806910170190776,0.3702728517769061,0.3612248208570822,28442.11347958157,8859.827023809525
2020-05-19 08:00:00,4136001,0.3126744565517241,26.654752586206893,0.36007288383047414,0.3622192565029147,0.35336802418365015,30667.434235220582,11212.419404761904
2020-05-19 08:15:00,4136001,0.3516789246666667,26.52682696666667,0.38031066554819765,0.38247306323455416,0.37312690651380415,28798.61431527423,13696.559047619048
2020-05-19 08:30:00,4136001,0.3633468526666667,26.875693633333334,0.4123467672163454,0.4145404434517954,0.4044106844595557,30221.820425144215,16388.974404761906
2020-05-19 08:45:00,4136001,0.2290580524137931,26.747689,0.2707000156497925,0.27247606318889595,0.26581780608791233,31471.840851967696,18158.69011904762
2020-05-19 09:00:00,4136001,0.4922465099999999,27.435730933333335,0.5256828259119365,0.5278496189075536,0.5149510235879853,28439.409352033803,21587.041785714286
2020-05-19 09:15:00,4136001,0.2753400410344827,27.386309241379315,0.3456314619767262,0.34786553715981505,0.3393650540132419,33428.99535352445,23846.40761904762
2020-05-19 09:30:00,4136001,0.2372463603333332,27.299538166666665,0.28052088632185246,0.28260587174664553,0.2757000814533078,31487.999743546487,25681.915833333333
2020-05-19 09:45:00,4136001,0.2245894565517241,27.27851179310345,0.2713587839395935,0.2733646303458533,0.2666846601133995,32176.14048190024,27457.40273809524
2020-05-19 10:00:00,4136001,0.2635695233333332,27.56580913333333,0.30960491354848607,0.3118321942078831,0.3042122260642574,31281.825038088504,29482.734166666665
2020-05-19 10:15:00,4136001,0.7757806623333334,28.93706556666666,0.12895091100675374,0.1291530841306741,0.12599708418901745,4426.54510736255,30321.575714285715
2020-05-19 10:30:00,4136001,0.7823134841379311,29.899837965517246,0.6309215295941297,0.6313047682521066,0.6158781307452906,21477.017002352542,34421.86238095238
2020-05-19 10:45:00,4136001,0.883623795,30.44308386666667,0.5872115445687209,0.5873316915546914,0.5729795853176908,17697.28366400653,38236.546547619044
2020-05-19 11:00:00,4136001,0.9527868706896552,30.64996444827586,0.59951748141909,0.5994426027279074,0.5847945528422255,16756.585105080238,42129.89035714286
2020-05-19 11:15:00,4136001,0.9542261986666664,30.968525099999997,0.6239948155413026,0.6237718346939559,0.6085292728368238,17414.422406822756,46181.251071428575
2020-05-19 11:30:00,4136001,0.9315328379310344,31.455090862068964,0.5815542482749465,0.5814027905275786,0.5671955636128304,16625.376642772593,49957.42738095238
2020-05-19 11:45:00,4136001,0.9472872033333332,31.767433533333335,0.6056567705809077,0.6054002440764464,0.5906066125666403,17026.458934430662,53889.46571428572
2020-05-19 12:00:00,4136001,0.9674634931034484,32.061154310344826,0.6074451956853493,0.6071496461796992,0.5923132660745113,16720.603359866123,57832.86630952381
2020-05-19 12:15:00,4136001,0.922836151,32.56087253333334,0.623575926098647,0.6233605804899737,0.6081280680889,17994.681763548357,61881.55595238095
2020-05-19 12:30:00,4136001,0.8343676568965516,32.68662231034483,0.5711962921721855,0.5713383442059301,0.5573770532842535,18230.868060304765,65592.36428571428
2020-05-19 12:45:00,4136001,0.8438206080000001,32.76796153333333,0.6041663030784028,0.6042384789023587,0.5894732364228751,19067.150777508337,69516.85702380953
2020-05-19 13:00:00,4136001,0.7695755772413791,33.02636206896551,0.6089530260175655,0.6090908825967585,0.5942070662103527,21072.300237460895,73472.86583333333
2020-05-19 13:15:00,4136001,0.90615994,33.465824399999995,0.6490048362722708,0.6488900141441606,0.6330336615021397,19073.153486621377,77687.36761904761
2020-05-19 13:30:00,4136001,0.839523890689655,33.95278820689655,0.6299117496181966,0.6300335772368736,0.614638002703094,19981.407597392816,81779.39797619048
2020-05-19 13:45:00,4136001,0.6888711973333332,33.5244263,0.5689582573970303,0.570134330026174,0.5562024605364875,21994.890663624363,85482.3863095238
2020-05-19 14:00:00,4136001,0.6510980537931034,33.976512896551725,0.6012653515309616,0.6027203557377275,0.5879922102943019,24592.30350805044,89397.01892857143
2020-05-19 14:15:00,4136001,0.7018116086666665,34.40232743333333,0.684223932652677,0.6856318756705426,0.6688776945824252,25963.135654905338,93850.15690476191
2020-05-19 14:30:00,4136001,0.6089637913333333,34.510849966666676,0.5894502051925268,0.5910827434037159,0.5766389760229157,25777.160879595274,97689.20392857143
2020-05-19 14:45:00,4136001,0.4982356875862069,34.437600862068955,0.5518092533475392,0.5538584733826774,0.5403243226386408,29493.99323680003,101286.48154761904
2020-05-19 15:00:00,4136001,0.369271392,33.798010433333324,0.44884838841469027,0.45096130418153163,0.43994156075638563,32369.309561895334,104215.44821428572
2020-05-19 15:15:00,4136001,0.23340347,33.23434548275863,0.28744946003924177,0.2891505634871776,0.2820848463373477,32796.96210988107,106093.4638095238
2020-05-19 15:30:00,4136001,0.0971562772666666,27.055305866666664,0.1355823496661473,0.13594954695227313,0.1326274678463997,37163.0816684805,106976.44797619048
2020-05-19 15:45:00,4136001,0.0441190209678571,24.552743107142852,0.06811216779183342,0.06791747260128718,0.0662578332592622,41112.91453595552,107417.5678937729
2020-05-19 16:15:00,4136001,0.02300295125,22.933313250000005,0.027430007590292436,0.027173556917393038,0.026509540687171804,31755.70786813714,107594.05851877289
2020-05-19 16:30:00,4136001,0.054725162,23.387061931034484,0.06735669281831877,0.06701205519014188,0.06537454073437866,32777.29643162787,108029.29780448719
2020-05-19 16:45:00,4136001,0.0275732674333333,24.308211266666667,0.030567950140390366,0.030301536743886914,0.029561084831030877,29522.79783192861,108226.10447115384
2020-05-19 17:00:00,4136001,0.0159814222241379,23.701372896551725,0.017801889361974837,0.017617817034384843,0.01718730598691826,29664.026560621493,108340.53113782051
2020-05-19 17:15:00,4136001,0.0078289189366666,23.62663786666667,0.005478929428304781,0.005418577028927849,0.005286168043867484,18636.88560923979,108375.72447115385
2020-05-19 17:30:00,4136001,0.004388399575862,23.32891844827586,0.0,0.0,0.0,0.0,108375.72447115385
2020-05-19 17:45:00,4136001,0.0046015545931034,22.905833206896553,0.0,0.0,0.0,0.0,108375.72447115385
2020-05-19 18:00:00,4136001,0.00270012998,22.59090876666666,0.0,0.0,0.0,0.0,108375.72447115385
2020-05-19 18:15:00,4136001,0.0057227409633333,22.78114933333333,0.0013748643160125128,0.0013599597503529167,0.001326727614073255,6397.866611108556,108384.55732829671
2020-05-19 18:30:00,4136001,0.0063741435275862,23.769236517241374,0.0006421207156904763,0.0006348531715082163,0.000619339824802432,2682.7133599979566,108388.68066163003
2020-05-19 18:45:00,4136001,0.0022560805666666,23.401081366666663,0.0,0.0,0.0,0.0,108388.68066163003
2020-05-19 19:00:00,4136001,0.0023246097586206,24.668545379310345,0.0,0.0,0.0,0.0,108388.68066163003
2020-05-19 19:15:00,4136001,6.3984133333333324e-06,21.648595166666667,0.0,0.0,0.0,0.0,108388.68066163003
2020-05-19 19:30:00,4136001,5.4276195862068955e-05,21.893734620689653,0.0,0.0,0.0,0.0,108388.68066163003
2020-05-19 19:45:00,4136001,0.0002508178,22.465216933333338,0.0,0.0,0.0,0.0,108388.68066163003
2020-05-19 20:00:00,4136001,0.0025417144999999,23.660331999999993,0.0,0.0,0.0,0.0,108388.68066163003
2020-05-19 20:15:00,4136001,0.0028690485799999,24.392793833333332,0.0,0.0,0.0,0.0,108388.68066163003
2020-05-19 20:30:00,4136001,0.0017487525344827,24.279873655172413,0.0,0.0,0.0,0.0,108388.68066163003
2020-05-19 20:45:00,4136001,0.0008765826303333,23.863251733333332,0.0,0.0,0.0,0.0,108388.68066163003
2020-05-19 21:00:00,4136001,0.0003561047920689,24.10814589655172,0.0,0.0,0.0,0.0,108388.68066163003
2020-05-19 21:15:00,4136001,3.839048e-06,24.047049099999995,0.0,0.0,0.0,0.0,108388.68066163003
2020-05-19 21:30:00,4136001,2.5593588666666667e-06,24.31994936666667,0.0,0.0,0.0,0.0,108388.68066163003
2020-05-19 21:45:00,4136001,0.0,24.345729620689657,0.0,0.0,0.0,0.0,108388.68066163003
2020-05-19 22:00:00,4136001,0.0,24.287572678571426,0.0,0.0,0.0,0.0,108388.68066163003
2020-05-19 22:15:00,4136001,0.0,24.207670200000003,0.0,0.0,0.0,0.0,59154.5616735348
2020-05-19 22:30:00,4136001,0.0,24.172946310344827,0.0,0.0,0.0,0.0,59154.5616735348
2020-05-19 22:45:00,4136001,0.0,23.983647666666663,0.0,0.0,0.0,0.0,59154.5616735348
2020-05-19 23:00:00,4136001,0.0,23.764134793103445,0.0,0.0,0.0,0.0,59154.5616735348
2020-05-19 23:15:00,4136001,0.0,23.48484706666666,0.0,0.0,0.0,0.0,59154.5616735348
2020-05-19 23:30:00,4136001,0.0,23.018634966666667,0.0,0.0,0.0,0.0,59154.5616735348
2020-05-19 23:45:00,4136001,0.0,22.96248424137931,0.0,0.0,0.0,0.0,59154.5616735348
2020-05-20 00:00:00,4136001,0.0,22.8691498,0.0,0.0,0.0,0.0,0.0
2020-05-20 00:15:00,4136001,2.7799998827586212e-05,23.50438506896552,0.0,0.0,0.0,0.0,0.0
2020-05-20 00:30:00,4136001,0.0001420447746666,24.69240406666667,0.0,0.0,0.0,0.0,0.0
2020-05-20 00:45:00,4136001,0.0,24.77382903333334,0.0,0.0,0.0,0.0,0.0
2020-05-20 01:00:00,4136001,0.0,24.617744172413797,0.0,0.0,0.0,0.0,0.0
2020-05-20 01:15:00,4136001,0.0,24.450394766666665,0.0,0.0,0.0,0.0,0.0
2020-05-20 01:30:00,4136001,0.0,24.319342133333333,0.0,0.0,0.0,0.0,0.0
2020-05-20 01:45:00,4136001,0.0,24.397555689655174,0.0,0.0,0.0,0.0,0.0
2020-05-20 02:00:00,4136001,0.0,24.487008866666667,0.0,0.0,0.0,0.0,0.0
2020-05-20 02:15:00,4136001,0.0,24.398595482758623,0.0,0.0,0.0,0.0,0.0
2020-05-20 02:30:00,4136001,0.0,24.248618633333336,0.0,0.0,0.0,0.0,0.0
2020-05-20 02:45:00,4136001,0.0,24.087829733333336,0.0,0.0,0.0,0.0,0.0
2020-05-20 03:00:00,4136001,0.0,23.977405448275864,0.0,0.0,0.0,0.0,0.0
2020-05-20 03:15:00,4136001,0.0,23.88355383333333,0.0,0.0,0.0,0.0,0.0
2020-05-20 03:30:00,4136001,0.0,23.85213686206896,0.0,0.0,0.0,0.0,0.0
2020-05-20 03:45:00,4136001,0.0,24.005214566666663,0.0,0.0,0.0,0.0,0.0
2020-05-20 04:00:00,4136001,0.0,23.995881333333333,0.0,0.0,0.0,0.0,0.0
2020-05-20 04:15:00,4136001,3.309451227586207e-05,24.191343172413795,0.0,0.0,0.0,0.0,0.0
2020-05-20 04:30:00,4136001,0.0,24.161286533333335,0.0,0.0,0.0,0.0,0.0
2020-05-20 04:45:00,4136001,0.0,24.00179234482759,0.0,0.0,0.0,0.0,0.0
2020-05-20 05:00:00,4136001,0.0,23.918817933333333,0.0,0.0,0.0,0.0,0.0
2020-05-20 05:15:00,4136001,0.0,23.893834166666668,0.0,0.0,0.0,0.0,0.0
2020-05-20 05:30:00,4136001,0.0,23.869367758620697,0.0,0.0,0.0,0.0,0.0
2020-05-20 05:45:00,4136001,0.0004734719072,23.686161400000003,0.0,0.0,0.0,0.0,0.0
2020-05-20 06:00:00,4136001,0.0131981180620689,23.641993137931035,0.006855045441618835,0.006782972466643769,0.006617222954326066,13831.769989843293,44.055
2020-05-20 06:15:00,4136001,0.0329641202333333,23.659280599999995,0.018808808315504393,0.01864064621586287,0.018185141194316634,15194.948073620892,165.12488095238095
2020-05-20 06:30:00,4136001,0.0532596423333333,23.731026266666667,0.03223483543685237,0.032026285956630304,0.031243687869322228,16117.832610053774,373.13369047619045
2020-05-20 06:45:00,4136001,0.0815247817241379,24.00944055172413,0.050074400887603586,0.04989448104629873,0.04867525364394118,16357.071291266533,697.1953571428571
2020-05-20 07:00:00,4136001,0.1068528692333333,24.19482623333333,0.06604055098713855,0.06607194607919788,0.06445740424014963,16459.01833008243,1126.3286904761903
2020-05-20 07:15:00,4136001,0.174225292413793,24.43605424137931,0.10638951418122973,0.10696865363893068,0.10435475504784487,16261.741492375697,1821.0836904761904
2020-05-20 07:30:00,4136001,0.2957842996666666,24.89542023333333,0.16937864172389186,0.1706070386623492,0.1664380650161619,15249.758194408227,2929.1661904761904
2020-05-20 07:45:00,4136001,0.3489275079310345,25.45767420689655,0.20755169009176444,0.20874621502522378,0.20364526798338548,15840.558686359343,4284.960357142857
2020-05-20 08:00:00,4136001,0.3844719883333333,25.69534393333333,0.22771603294066756,0.22887868187941246,0.2232857755115937,15772.783238699149,5771.51369047619
2020-05-20 08:15:00,4136001,0.3966988159999999,26.174195366666662,0.2430788649408598,0.24428323755395154,0.2383139036533539,16317.954761259825,7358.118690476191
2020-05-20 08:30:00,4136001,0.4990015193103448,26.49222537931035,0.30478165892950837,0.30597485071575037,0.298498013306043,16265.461498429022,9345.407023809523
2020-05-20 08:45:00,4136001,0.501239439,26.776749666666667,0.3140103516082093,0.3152105383426956,0.30750801658477467,16683.154020337897,11392.680595238095
2020-05-20 09:00:00,4136001,0.5697500368965517,27.258672206896556,0.3466876799225464,0.34787107260437555,0.3393704541930286,16204.419435790034,13652.08238095238
2020-05-20 09:15:00,4136001,0.6406315396666667,27.7584269,0.3440365135123227,0.3450475743049576,0.3366159512298677,14301.30441506793,15893.145714285714
2020-05-20 09:30:00,4136001,0.6470725131034483,28.25515220689655,0.333309217298657,0.3342527608992033,0.3260849211530836,13717.46311825532,18064.097380952382
2020-05-20 09:45:00,4136001,0.6862952536666667,28.474303266666663,0.32306271589990304,0.3239091595422715,0.3159940772544713,12535.892917164832,20167.867976190475
2020-05-20 10:00:00,4136001,0.747509839,28.60234073333333,0.29902438778412094,0.29966864132348303,0.29234590318757947,10652.9312885485,22114.197857142855
2020-05-20 10:15:00,4136001,0.8641144379310344,28.900173896551724,0.20580381997989275,0.20580790207439317,0.20077875599312667,6342.516406880609,23450.907857142858
2020-05-20 10:30:00,4136001,0.8492220146666665,29.477747666666662,0.13463256175373806,0.1345911818498565,0.13130229591325837,4221.903426209029,24325.069523809525
2020-05-20 10:45:00,4136001,0.9121699306896552,30.049281758620698,0.14132463620669625,0.1412417435499286,0.1377903437060654,4125.927132701249,25242.42619047619
2020-05-20 11:00:00,4136001,0.8782139643333335,30.170891333333337,0.13697539935581218,0.13693109858027394,0.1335850341634685,4153.571263790291,26131.785476190475
2020-05-20 11:15:00,4136001,0.9002838820689654,30.52978934482759,0.1417344597846108,0.14165165971598734,0.1381902431125177,4192.522549127829,27051.804523809522
2020-05-20 11:30:00,4136001,0.904425871,31.045926933333337,0.1425578083881744,0.1424752678811493,0.13899372549176683,4197.565315628468,27977.172857142858
2020-05-20 11:45:00,4136001,0.892504974,31.343127399999993,0.14800819911800397,0.14792335506154178,0.14430868257356974,4416.259234576919,28937.926190476188
2020-05-20 12:00:00,4136001,0.8887461020689656,31.557537206896555,0.1974860410716932,0.19737236112573128,0.19254934691441597,5917.498058320856,30219.847857142857
2020-05-20 12:15:00,4136001,0.9234582183333332,31.916929933333336,0.21456031879228235,0.21443520401971522,0.20919524017424773,6187.448318249217,31612.591666666667
2020-05-20 12:30:00,4136001,0.9023842899999998,32.014409620689655,0.19359581950267418,0.19348554425068287,0.18875750875329803,5713.258551857949,32869.268690476194
2020-05-20 12:45:00,4136001,0.9005759923333334,32.36966773333334,0.19363481881431222,0.19352218449464423,0.18879325365195204,5725.883631400098,34126.18369047619
2020-05-20 13:00:00,4136001,0.8902271979999999,32.85877673333334,0.19156025570673835,0.19144800576170123,0.186769759794281,5730.387341711691,35369.627023809524
2020-05-20 13:15:00,4136001,0.8847205834482758,33.052698620689654,0.18988673641457815,0.18977567830870243,0.1851382975314526,5715.6802889006585,36602.20869047619
2020-05-20 13:30:00,4136001,0.843018139,33.276269299999996,0.18084072001634216,0.18080160458974134,0.17638351533250515,5712.664742555438,37776.50428571428
2020-05-20 13:45:00,4136001,0.827689449310345,33.618522931034484,0.1773805279959625,0.17737192012309508,0.17303763903853625,5707.132472534578,38928.52428571429
2020-05-20 14:00:00,4136001,0.8284374166666665,33.5427245,0.17747252774762579,0.17746506955771815,0.17312851226262813,5704.937075814117,40081.14928571429
2020-05-20 14:15:00,4136001,0.7792082066666665,34.32369355555555,0.5868917627302622,0.5875977961378983,0.5732391873380304,20057.82904528102,43897.561785714286
2020-05-20 14:30:00,4136001,0.740106457,34.165522233333334,0.628553067960154,0.6297250770137054,0.6143370410276334,22616.59320541054,47987.58845238095
2020-05-20 14:45:00,4136001,0.698653132413793,34.68678010344828,0.6329064711749132,0.6343096715012421,0.6188096058254994,24124.446335434837,52107.39178571429
2020-05-20 15:00:00,4136001,0.6510247456666666,34.696256433333346,0.7370476866631152,0.7389167431929657,0.720860486820128,30149.3199206027,56906.61178571429
2020-05-20 15:15:00,4136001,0.5921279251724137,34.74052886206896,0.716585189516985,0.7187015196096698,0.7011392448159703,32227.878225993376,61574.53511904762
2020-05-20 15:30:00,4136001,0.5751749540000001,34.91765323333333,0.7036759345672732,0.7058112288399154,0.6885639427063097,32580.08113243864,66158.73678571428
2020-05-20 15:45:00,4136001,0.522234634137931,35.11777689655172,0.6431074644360609,0.6453107260400893,0.6295418373028111,32794.22025947877,70349.99130952382
2020-05-20 16:00:00,4136001,0.4040271739999999,34.88353173333334,0.4996654034299081,0.501846904743449,0.4895837148029871,32934.27698292111,73609.4569047619
2020-05-20 16:15:00,4136001,0.296182354137931,34.4421722413793,0.3709445007430075,0.3731920472817879,0.36407268255754804,33352.5608868638,76033.3169047619
2020-05-20 16:30:00,4136001,0.244076448,34.001508766666674,0.30137816879688856,0.3035742640466076,0.29615608765485996,32882.539053228655,78005.01357142857
2020-05-20 16:45:00,4136001,0.2356485999999999,33.72384234482759,0.29571273647065416,0.29791396038568263,0.2906340998393822,33418.318632064875,79939.9469047619
2020-05-20 17:00:00,4136001,0.2062742293333333,33.62940656666667,0.2549329033025926,0.25663580204201814,0.25036461942393884,32912.4602859699,81606.78107142857
2020-05-20 17:15:00,4136001,0.1821361048275861,33.378233517241384,0.22619872547173966,0.2274117890708952,0.221854727868132,33072.99600136343,83083.80702380952
2020-05-20 17:30:00,4136001,0.1589812296666666,33.276536,0.19486602404288786,0.19586492393520177,0.19107874563622557,32641.469456875155,84355.93797619047
2020-05-20 17:45:00,4136001,0.1115232662999999,32.67218623333333,0.13649633903573244,0.13688049141990513,0.13353566364561772,32593.796678161587,85244.96857142857
2020-05-20 18:00:00,4136001,0.0717149450344827,32.12889024137931,0.08644847413092152,0.08612400235296717,0.08401946611033131,32101.630497795344,85804.3388095238
2020-05-20 18:15:00,4136001,0.0360787077333333,31.585428766666674,0.0433667517439362,0.04301075249108294,0.041959736688664116,32009.976076875206,86083.69107142858
2020-05-20 18:30:00,4136001,0.0110565051413793,31.0309585862069,0.012708607872274805,0.012572937501146726,0.012265703722819571,30609.732672221835,86165.35154761905
2020-05-20 18:45:00,4136001,0.0003645842063333,30.5501171,0.0,0.0,0.0,0.0,86165.35154761905
2020-05-20 19:00:00,4136001,0.0,30.13735451724138,0.0,0.0,0.0,0.0,86165.35154761905
2020-05-20 19:15:00,4136001,0.0,29.782118599999997,0.0,0.0,0.0,0.0,86165.35154761905
2020-05-20 19:30:00,4136001,0.0,29.3896393,0.0,0.0,0.0,0.0,86165.35154761905
2020-05-20 19:45:00,4136001,0.0,29.00532396551724,0.0,0.0,0.0,0.0,86165.35154761905
2020-05-20 20:00:00,4136001,0.0,28.620362333333336,0.0,0.0,0.0,0.0,86165.35154761905
2020-05-20 20:15:00,4136001,0.0,28.3833875,0.0,0.0,0.0,0.0,86165.35154761905
2020-05-20 20:30:00,4136001,0.0,28.088394758620694,0.0,0.0,0.0,0.0,86165.35154761905
2020-05-20 20:45:00,4136001,0.0,27.426659433333334,0.0,0.0,0.0,0.0,86165.35154761905
2020-05-20 21:00:00,4136001,0.0,27.42772186206897,0.0,0.0,0.0,0.0,86165.35154761905
2020-05-20 21:15:00,4136001,0.0,27.547032833333333,0.0,0.0,0.0,0.0,86165.35154761905
2020-05-20 21:30:00,4136001,0.0,27.466087551724147,0.0,0.0,0.0,0.0,86165.35154761905
2020-05-20 21:45:00,4136001,0.0,27.169620633333334,0.0,0.0,0.0,0.0,86165.35154761905
2020-05-20 22:00:00,4136001,0.0,26.810236599999996,0.0,0.0,0.0,0.0,76569.57952380953
2020-05-20 22:15:00,4136001,0.0,26.517158275862073,0.0,0.0,0.0,0.0,76569.57952380953
2020-05-20 22:30:00,4136001,0.0,26.3451751,0.0,0.0,0.0,0.0,76569.57952380953
2020-05-20 22:45:00,4136001,0.0,26.070779758620695,0.0,0.0,0.0,0.0,76569.57952380953
2020-05-20 23:00:00,4136001,0.0,25.79210823333333,0.0,0.0,0.0,0.0,76569.57952380953
2020-05-20 23:15:00,4136001,0.0,25.69977813333333,0.0,0.0,0.0,0.0,76569.57952380953
2020-05-20 23:30:00,4136001,0.0,25.704486655172413,0.0,0.0,0.0,0.0,76569.57952380953
2020-05-20 23:45:00,4136001,0.0,25.513830433333332,0.0,0.0,0.0,0.0,76569.57952380953
2020-05-21 00:00:00,4136001,0.0,25.318034700000005,0.0,0.0,0.0,0.0,0.0
2020-05-21 00:15:00,4136001,0.0,25.13785744827586,0.0,0.0,0.0,0.0,0.0
2020-05-21 00:30:00,4136001,0.0,24.896141400000005,0.0,0.0,0.0,0.0,0.0
2020-05-21 00:45:00,4136001,0.0,24.81470562068965,0.0,0.0,0.0,0.0,0.0
2020-05-21 01:00:00,4136001,0.0,24.72378326666667,0.0,0.0,0.0,0.0,0.0
2020-05-21 01:15:00,4136001,0.0,24.570636,0.0,0.0,0.0,0.0,0.0
2020-05-21 01:30:00,4136001,0.0,24.436040517241373,0.0,0.0,0.0,0.0,0.0
2020-05-21 01:45:00,4136001,0.0,24.333214466666668,0.0,0.0,0.0,0.0,0.0
2020-05-21 02:00:00,4136001,0.0,24.053322689655175,0.0,0.0,0.0,0.0,0.0
2020-05-21 02:15:00,4136001,0.0,23.892001133333338,0.0,0.0,0.0,0.0,0.0
2020-05-21 02:30:00,4136001,0.0,23.998843466666663,0.0,0.0,0.0,0.0,0.0
2020-05-21 02:45:00,4136001,0.0,23.87595310344827,0.0,0.0,0.0,0.0,0.0
2020-05-21 03:00:00,4136001,0.0,23.766126166666673,0.0,0.0,0.0,0.0,0.0
2020-05-21 03:15:00,4136001,0.0,23.701200533333328,0.0,0.0,0.0,0.0,0.0
2020-05-21 03:30:00,4136001,0.0,23.608773103448275,0.0,0.0,0.0,0.0,0.0
2020-05-21 03:45:00,4136001,0.0,23.428441699999993,0.0,0.0,0.0,0.0,0.0
2020-05-21 04:00:00,4136001,0.0,23.419859,0.0,0.0,0.0,0.0,0.0
2020-05-21 04:15:00,4136001,0.0,23.54689013333333,0.0,0.0,0.0,0.0,0.0
2020-05-21 04:30:00,4136001,0.0,23.666124566666664,0.0,0.0,0.0,0.0,0.0
2020-05-21 04:45:00,4136001,0.0,23.743891206896553,0.0,0.0,0.0,0.0,0.0
2020-05-21 05:00:00,4136001,0.0,23.792037733333338,0.0,0.0,0.0,0.0,0.0
2020-05-21 05:15:00,4136001,0.0,23.766128827586204,0.0,0.0,0.0,0.0,0.0
2020-05-21 05:30:00,4136001,0.0,23.6753734,0.0,0.0,0.0,0.0,0.0
2020-05-21 05:45:00,4136001,0.0004171757465333,23.698282,0.0,0.0,0.0,0.0,0.0
2020-05-21 06:00:00,4136001,0.0099153282689655,23.62991651724138,0.008332227071337305,0.008242900146243879,0.008041475669579379,22378.626562061294,53.53714285714286
2020-05-21 06:15:00,4136001,0.0319293617666666,23.748148566666664,0.03028347510653017,0.030020512121368033,0.02928692735921338,25257.76404826898,248.51857142857142
2020-05-21 06:30:00,4136001,0.0615359128965517,24.054223517241383,0.05854520873161149,0.0582549269076622,0.05683140266773173,25336.23859695658,626.8808333333334
2020-05-21 06:45:00,4136001,0.0912944973666667,24.3392457,0.08792222253375577,0.08780476127781302,0.08565915381256983,25646.81772582086,1197.1675
2020-05-21 07:00:00,4136001,0.1323661420999999,24.7259083,0.12127991985704042,0.12183749925331067,0.11886026380343172,24400.089502085117,1988.4947619047618
2020-05-21 07:15:00,4136001,0.1916870813793104,25.1307951724138,0.16082863720347648,0.16170327608687768,0.15775187582933886,22343.43631516303,3038.7478571428574
2020-05-21 07:30:00,4136001,0.2804657803333333,25.6293538,0.22787274544282046,0.22956144780615576,0.22395185728991368,21636.74534360099,4529.7357142857145
2020-05-21 07:45:00,4136001,0.330876642413793,26.114782965517243,0.2687819683490813,0.27061604384086757,0.26400323839125855,21632.83557214197,6287.370714285715
2020-05-21 08:00:00,4136001,0.3646174746666666,26.42889406666666,0.3055763615462567,0.3072681651799385,0.29975972418599617,22318.33057582547,8283.059047619048
2020-05-21 08:15:00,4136001,0.4523513453333334,27.008036299999997,0.38316474997239114,0.38484868541531514,0.37544447771177714,22557.402633681333,10782.628214285714
2020-05-21 08:30:00,4136001,0.5087915496551723,27.568993999999996,0.436068702017078,0.43778223550101647,0.42708453734692814,22824.141800430596,13625.997619047619
2020-05-21 08:45:00,4136001,0.527344807,27.914412433333332,0.454437735426381,0.4561563372307934,0.44500964736754467,22948.75569497576,16588.705714285716
2020-05-21 09:00:00,4136001,0.5712185906896551,28.497674310344827,0.492674566712462,0.4943812579964949,0.48230049947729114,22968.743572391126,19799.68238095238
2020-05-21 09:15:00,4136001,0.6130063813333334,28.8905872,0.52132341455013,0.5229807005259057,0.5102010826680979,22647.572830269568,23196.410714285714
2020-05-21 09:30:00,4136001,0.6787978413333333,29.269144733333334,0.5067941593085938,0.508160977399678,0.49574349603777007,19882.481080943428,26496.885833333334
2020-05-21 09:45:00,4136001,0.7990305310344827,29.860123103448274,0.3192554103364162,0.3198597618948684,0.31204363116385814,10640.310980765798,28574.355833333335
2020-05-21 10:00:00,4136001,0.8282022053333332,30.530053833333337,0.0920366588522608,0.09214042572370942,0.08988887145254679,2959.401510113572,29172.80238095238
2020-05-21 10:15:00,4136001,0.869698526,30.639095,0.37346162825362617,0.37347283362358064,0.3643466075712952,11435.540113761652,31598.48607142857
2020-05-21 10:30:00,4136001,0.8919624448275862,30.81421317241379,0.3495139409038656,0.34931576864679115,0.34077984747317364,10435.117966353944,33867.27107142857
2020-05-21 10:45:00,4136001,0.777137033,30.956570366666668,0.3054544462290867,0.3058809314510891,0.2984063890635702,10467.145845907291,35853.94940476191
2020-05-21 11:00:00,4136001,0.8626964131034482,31.183037068965525,0.35429885782263604,0.3544212631308947,0.3457605834940751,10936.82314187007,38155.89428571428
2020-05-21 11:15:00,4136001,0.9679210946666666,31.7292979,0.46176114811684643,0.46160600072983554,0.4503261422488895,12704.479116211596,41153.99761904762
2020-05-21 11:30:00,4136001,0.9191237226666666,32.08981006666667,0.47411064403330916,0.4740341368666528,0.46245058299053515,13736.786849582379,44232.82095238096
2020-05-21 11:45:00,4136001,0.9089151193103449,32.471466241379325,0.47750224304156436,0.4774375554655669,0.4657708352526025,13990.444648247516,47333.749285714286
2020-05-21 12:00:00,4136001,0.9256855569999995,32.87360940000001,0.4626415919987503,0.4624925883238375,0.4511910650842542,13309.465516485321,50337.61095238095
2020-05-21 12:15:00,4136001,0.9373386224137932,33.46413631034482,0.4398623461985881,0.43961171825752926,0.42886931464780526,12496.825440407429,53192.86273809524
2020-05-21 12:30:00,4136001,0.9231444756666664,33.841558799999994,0.4368784071200547,0.4366416956408392,0.4259718678528084,12602.895473031353,56028.8244047619
2020-05-21 12:45:00,4136001,0.9149018331034484,34.14877648275862,0.43603501347827656,0.4358092527595245,0.42515976664356864,12691.889898115855,58859.37940476191
2020-05-21 13:00:00,4136001,0.904509487,34.03666283333334,0.45613001229667427,0.4559921434812158,0.4448494658757275,13429.34873311432,61821.02107142857
2020-05-21 13:15:00,4136001,0.8704650123333332,34.20353676666667,0.4529817432438386,0.4529261670490492,0.44185841000396536,13858.263298828506,64762.749404761904
2020-05-21 13:30:00,4136001,0.8783041982758619,34.3404424137931,0.7244586158831375,0.724282934020965,0.7065842711287934,21965.8519654946,69466.9236904762
2020-05-21 13:45:00,4136001,0.8235497586666666,34.94132503333332,0.7619714118058373,0.7625209602266029,0.7438879084324058,24639.29416330248,74419.45166666668
2020-05-21 14:00:00,4136001,0.7924297686206895,34.928457413793105,0.7410033004754446,0.7420656046592461,0.7239324023375697,24902.261518621748,79239.12333333334
2020-05-21 14:15:00,4136001,0.7762209313333333,35.249380366666664,0.7255057858456065,0.7267683119700304,0.7090089160902183,24890.576750461023,83959.44
2020-05-21 14:30:00,4136001,0.7614740259999999,35.47774553333333,0.7142823347030001,0.7155989579214016,0.6981124976897243,24980.104148937153,88607.21238095238
2020-05-21 14:45:00,4136001,0.6975825462068966,35.62312793103448,0.6646192415486828,0.6661558722167917,0.6498776090378553,25372.11866767053,92933.85488095238
2020-05-21 15:00:00,4136001,0.6634513303333333,35.559214499999996,0.6420798030701059,0.6436874294288097,0.6279582077582916,25772.6674051578,97114.5661904762
2020-05-21 15:15:00,4136001,0.6050661937931034,35.80841389655173,0.5881643007918738,0.5898732854258325,0.5754590725023131,25886.61124023925,100945.75785714286
2020-05-21 15:30:00,4136001,0.4435466976666667,35.614079733333334,0.4395773168416372,0.44137794664590274,0.43059238327171645,26392.18537359974,103812.48119047619
2020-05-21 15:45:00,4136001,0.4402719755172414,35.53067965517241,0.44143354817704233,0.4432405870819184,0.4324095080071434,26700.766120324388,106691.30226190476
2020-05-21 16:00:00,4136001,0.4321853633333334,35.64163303333333,0.4311649096174412,0.4329639242797374,0.42238396694489155,26567.62809235657,109503.37702380952
2020-05-21 16:15:00,4136001,0.3604990543333334,35.794751166666664,0.3611185875189615,0.3628531565515185,0.3539864341761715,26676.272341865453,111860.08654761905
2020-05-21 16:30:00,4136001,0.3515134220689655,35.93014420689656,0.3551273026223559,0.3568575369210944,0.3481373242116309,26904.29271330792,114177.85488095238
2020-05-21 16:45:00,4136001,0.2784560696666667,35.85598156666667,0.28111594321900496,0.2830426403176084,0.27612617709614234,26884.887116885722,116016.19988095238
2020-05-21 17:00:00,4136001,0.2381099286206896,35.75847879310346,0.23983943656169196,0.2416208353546718,0.2357165602270965,26823.936957539947,117585.51273809523
2020-05-21 17:15:00,4136001,0.1875920766666666,35.11375726666666,0.18627010011289594,0.18738139691415828,0.1828025230784372,26442.83932989038,118802.54369047619
2020-05-21 17:30:00,4136001,0.1358204227931034,34.842693551724146,0.13271531911557785,0.13334094120923473,0.13008260629985688,26021.68449924492,119668.58511904762
2020-05-21 17:45:00,4136001,0.0886679892,34.46411540000001,0.08506685064948069,0.08489788305354257,0.0828233084061988,25548.942225627165,120219.99178571429
2020-05-21 18:00:00,4136001,0.0529919840333333,33.8088268,0.05011595723801475,0.049810056352108674,0.04859289196149979,25185.19277356794,120543.50511904762
2020-05-21 18:15:00,4136001,0.0275458502413793,33.11641393103449,0.02598260741565563,0.025743648026961358,0.025114573218427045,25119.21011465403,120710.70857142858
2020-05-21 18:30:00,4136001,0.00828100051,32.4825041,0.006946616039921563,0.0068718878360567014,0.006703965577322849,22339.318122068897,120755.34107142857
2020-05-21 18:45:00,4136001,0.000276297903,32.057482166666674,0.0,0.0,0.0,0.0,120755.34107142857
2020-05-21 19:00:00,4136001,0.0,31.57672868965517,0.0,0.0,0.0,0.0,120755.34107142857
2020-05-21 19:15:00,4136001,0.0,31.255919333333335,0.0,0.0,0.0,0.0,120755.34107142857
2020-05-21 19:30:00,4136001,0.0,30.977107482758623,0.0,0.0,0.0,0.0,120755.34107142857
2020-05-21 19:45:00,4136001,0.0,30.550292100000004,0.0,0.0,0.0,0.0,120755.34107142857
2020-05-21 20:00:00,4136001,0.0,30.003459666666668,0.0,0.0,0.0,0.0,120755.34107142857
2020-05-21 20:15:00,4136001,0.0,29.51438727586207,0.0,0.0,0.0,0.0,120755.34107142857
2020-05-21 20:30:00,4136001,0.0,29.050989866666672,0.0,0.0,0.0,0.0,120755.34107142857
2020-05-21 20:45:00,4136001,0.0,28.75883103448276,0.0,0.0,0.0,0.0,120755.34107142857
2020-05-21 21:00:00,4136001,0.0,28.336939499999996,0.0,0.0,0.0,0.0,120755.34107142857
2020-05-21 21:15:00,4136001,0.0,28.085361966666667,0.0,0.0,0.0,0.0,120755.34107142857
2020-05-21 21:30:00,4136001,0.0,27.94909675862069,0.0,0.0,0.0,0.0,120755.34107142857
2020-05-21 21:45:00,4136001,0.0,27.632276166666667,0.0,0.0,0.0,0.0,120755.34107142857
2020-05-21 22:00:00,4136001,0.0,27.514004666666665,0.0,0.0,0.0,0.0,120755.34107142857
2020-05-21 22:15:00,4136001,0.0,27.29016837931034,0.0,0.0,0.0,0.0,120755.34107142857
2020-05-21 22:30:00,4136001,0.0,26.981263033333335,0.0,0.0,0.0,0.0,120755.34107142857
2020-05-21 22:45:00,4136001,0.0,26.771571965517236,0.0,0.0,0.0,0.0,120755.34107142857
2020-05-21 23:00:00,4136001,0.0,26.574941966666668,0.0,0.0,0.0,0.0,120755.34107142857
2020-05-21 23:15:00,4136001,0.0,26.402470833333332,0.0,0.0,0.0,0.0,120755.34107142857
2020-05-21 23:30:00,4136001,0.0,26.296492,0.0,0.0,0.0,0.0,120755.34107142857
2020-05-21 23:45:00,4136001,0.0,26.20653593333333,0.0,0.0,0.0,0.0,120755.34107142857
2020-05-22 00:00:00,4136001,0.0,25.994852137931034,0.0,0.0,0.0,0.0,0.0
2020-05-22 00:15:00,4136001,0.0,25.838281433333332,0.0,0.0,0.0,0.0,0.0
2020-05-22 00:30:00,4136001,0.0,25.670603366666665,0.0,0.0,0.0,0.0,0.0
2020-05-22 00:45:00,4136001,0.0,25.44677924137931,0.0,0.0,0.0,0.0,0.0
2020-05-22 01:00:00,4136001,0.0,25.227821766666665,0.0,0.0,0.0,0.0,0.0
2020-05-22 01:15:00,4136001,0.0,25.062640366666667,0.0,0.0,0.0,0.0,0.0
2020-05-22 01:30:00,4136001,0.0,24.878541,0.0,0.0,0.0,0.0,0.0
2020-05-22 01:45:00,4136001,0.0,24.82188206666667,0.0,0.0,0.0,0.0,0.0
2020-05-22 02:00:00,4136001,0.0,24.76963206896552,0.0,0.0,0.0,0.0,0.0
2020-05-22 02:15:00,4136001,0.0,24.595531233333332,0.0,0.0,0.0,0.0,0.0
2020-05-22 02:30:00,4136001,0.0,24.563629033333335,0.0,0.0,0.0,0.0,0.0
2020-05-22 02:45:00,4136001,0.0,24.40930920689655,0.0,0.0,0.0,0.0,0.0
2020-05-22 03:00:00,4136001,0.0,24.281303,0.0,0.0,0.0,0.0,0.0
2020-05-22 03:15:00,4136001,0.0,24.142280241379307,0.0,0.0,0.0,0.0,0.0
2020-05-22 03:30:00,4136001,0.0,24.0494489,0.0,0.0,0.0,0.0,0.0
2020-05-22 03:45:00,4136001,0.0,23.964467366666668,0.0,0.0,0.0,0.0,0.0
2020-05-22 04:00:00,4136001,0.0,23.787370000000003,0.0,0.0,0.0,0.0,0.0
2020-05-22 04:15:00,4136001,0.0,23.615461266666667,0.0,0.0,0.0,0.0,0.0
2020-05-22 04:30:00,4136001,0.0,23.491023,0.0,0.0,0.0,0.0,0.0
2020-05-22 04:45:00,4136001,0.0,23.501643689655165,0.0,0.0,0.0,0.0,0.0
2020-05-22 05:00:00,4136001,0.0,23.441046433333337,0.0,0.0,0.0,0.0,0.0
2020-05-22 05:15:00,4136001,0.0,23.344786689655177,0.0,0.0,0.0,0.0,0.0
2020-05-22 05:30:00,4136001,0.0,23.216699333333334,0.0,0.0,0.0,0.0,0.0
2020-05-22 05:45:00,4136001,0.0018504192289999,23.207561233333337,0.00013718602424888146,0.00013600330674994125,0.00013267991396333426,1974.3273719155297,0.8833333333333333
2020-05-22 06:00:00,4136001,0.0150464187413793,23.22434117241379,0.013827249750661897,0.013684242149158712,0.0133498523998542,24472.711613030082,89.76166666666667
2020-05-22 06:15:00,4136001,0.0364440829333333,23.41256513333333,0.034470170122114153,0.034184669432323844,0.033349328832754356,25188.12441836729,311.7890476190476
2020-05-22 06:30:00,4136001,0.0682039968275862,23.731374896551724,0.07063853585461886,0.07037067701254697,0.06865109087923224,27581.081571441617,768.842380952381
2020-05-22 06:45:00,4136001,0.1043299106666666,24.2926026,0.11189801942863092,0.11223911170265014,0.10949642357894447,28562.287970337835,1497.8286904761903
2020-05-22 07:00:00,4136001,0.1522340403333332,24.837042200000003,0.13123053789510003,0.13184798415513818,0.1286261313197839,22956.335564855308,2354.1734523809523
2020-05-22 07:15:00,4136001,0.2235164524137931,25.161568413793105,0.1854740027477259,0.1866257904023713,0.18206538065616978,22098.000452882396,3566.2967857142858
2020-05-22 07:30:00,4136001,0.3315709863333333,25.86289676666667,0.2679249490881063,0.2698103983765971,0.263217279774231,21518.701686655546,5318.699166666666
2020-05-22 07:45:00,4136001,0.3869112479310344,26.55256279310345,0.31810923111739514,0.3198215636615441,0.31200636634705226,21894.96957067012,7395.921071428572
2020-05-22 08:00:00,4136001,0.4244252026666666,27.161824433333337,0.3630471669583956,0.36479215679560956,0.35587805278243007,22779.349433669515,9765.224285714286
2020-05-22 08:15:00,4136001,0.4674810996666666,27.541916000000004,0.4137364552046861,0.4155266140600255,0.40537275688691005,23568.891740067622,12464.044761904763
2020-05-22 08:30:00,4136001,0.5250420731034483,27.82692844827586,0.4755503462695415,0.47736698771206454,0.46570199190101774,24120.251148276013,15564.514761904762
2020-05-22 08:45:00,4136001,0.5898400813333334,28.181958033333338,0.5180578078159698,0.5197853193301738,0.5070837841827804,23389.631090474093,18940.489285714288
2020-05-22 09:00:00,4136001,0.6501507796551723,28.84968306896552,0.48760310051858885,0.48900654295045826,0.47705712159974634,19972.471041155528,22116.5575
2020-05-22 09:15:00,4136001,0.7139103179999999,29.2417327,0.4826915297142925,0.48388821796571785,0.47206386860582944,18005.510882670842,25259.3825
2020-05-22 09:30:00,4136001,0.7607933420000002,29.783513433333336,0.4692549168100516,0.4702872274364052,0.4587952334794552,16425.611924553607,28313.86988095238
2020-05-22 09:45:00,4136001,0.802964108275862,30.145207965517233,0.4793234268525263,0.4802486814965137,0.46851326827749856,15896.882043325866,31433.05630952381
2020-05-22 10:00:00,4136001,0.8434504773333334,30.632145200000004,0.4716285282843536,0.47228046403961677,0.46073976311878906,14890.86437697639,34500.489642857145
2020-05-22 10:15:00,4136001,0.8787097734482758,31.01010031034483,0.4792657057255353,0.47937736219826943,0.4676632406400221,14524.805524061758,37614.016904761906
2020-05-22 10:30:00,4136001,0.9044473933333332,31.450413966666662,0.4677935780918926,0.4676450607695584,0.45621763110778213,13773.692192408995,40651.34357142857
2020-05-22 10:45:00,4136001,0.9310419879310344,31.712303448275865,0.4640303501548098,0.4637616714711087,0.45242913676659835,13272.61658820986,43663.447857142855
2020-05-22 11:00:00,4136001,0.9389363266666668,31.70868323333333,0.4694984255793713,0.46923272524764104,0.4577664992300989,13316.111643872582,46711.08630952381
2020-05-22 11:15:00,4136001,0.948619885,32.242335166666656,0.47508872030473315,0.4748288580760954,0.4632258842991096,13337.115881071091,49795.07130952381
2020-05-22 11:30:00,4136001,0.9552498431034484,32.77925151724137,0.48311860883357827,0.4828466379240235,0.47104774073643857,13468.406643789469,52931.13130952381
2020-05-22 11:45:00,4136001,0.9528012313333332,33.20048229999999,0.48525799197998193,0.484993327314851,0.4731419733730367,13562.814326333772,56081.13392857143
2020-05-22 12:00:00,4136001,0.9440981024137932,33.58039268965517,0.4834353240136482,0.48316261649613435,0.47135599801902806,13636.429928343354,59219.24619047619
2020-05-22 12:15:00,4136001,0.937828005,34.01334813333334,0.48385322997985264,0.48358802090939035,0.471771007200049,13739.46672307644,62360.12142857143
2020-05-22 12:30:00,4136001,0.929320679,33.95082383333333,0.4815962945754443,0.4813257103785388,0.46956397875519196,13800.568117276698,65486.303095238094
2020-05-22 12:45:00,4136001,0.9196886072413792,34.40181331034483,0.4807238615562703,0.480485569196842,0.46874436736214303,13919.841889092837,68607.0280952381
2020-05-22 13:00:00,4136001,0.9072182727586204,34.976118482758615,0.5097220044666282,0.5095300721844952,0.49707913546153193,14962.39179224166,71916.3954029304
2020-05-22 13:15:00,4136001,0.8938536562068966,34.83037393103448,0.4997510374067235,0.4995847041883171,0.48737679364647024,14889.040550339083,75161.16814102564
2020-05-22 13:30:00,4136001,0.8757099556666667,34.964687966666666,0.44294338122494104,0.44284113693852195,0.43201981887439367,13469.992650348107,78037.39480769231
2020-05-22 13:45:00,4136001,0.8573449146666666,35.293674633333325,0.4579751750516557,0.45802964531162416,0.4468371790719644,14225.44269376435,81012.26992673993
2020-05-22 14:00:00,4136001,0.8319279393103448,35.30012999999999,0.4646678395904847,0.4649788827372341,0.4536166041151802,14874.29309112774,84032.27992673992
2020-05-22 14:15:00,4136001,0.7988914876666666,35.97692966666666,0.48008340380985187,0.4808846710837926,0.46913371674848237,16003.255114227359,87155.59706959706
2020-05-22 14:30:00,4136001,0.757962963448276,35.95554637931035,0.5160443454181012,0.5171071356151108,0.5044710448797141,18130.86264588993,90514.17695054944
2020-05-22 14:45:00,4136001,0.712892354,36.155179733333334,0.5681466568667112,0.5694625250128319,0.5555470718294007,21223.44733877358,94212.80195054944
2020-05-22 15:00:00,4136001,0.6639036466666666,36.203579833333336,0.596010672614923,0.5975507637382997,0.5829489430524935,23907.183324217007,98093.85837912088
2020-05-22 15:15:00,4136001,0.6136021413793104,36.53600855172413,0.5578716346508722,0.5594926578101631,0.5458208294733372,24211.78689552601,101727.72968864469
2020-05-22 15:30:00,4136001,0.566235797,36.4829009,0.5229531065553461,0.5246268354283189,0.5118069924245848,24594.88832083887,105135.14956959707
2020-05-22 15:45:00,4136001,0.5137632668965518,36.51623772413792,0.48001756453179084,0.4817239691183047,0.46995250559759033,24881.32526406346,108263.9179029304
2020-05-22 16:00:00,4136001,0.4619180646666666,36.49547926666666,0.43421078983101086,0.4359275499753957,0.4252751731347707,25033.126473799442,111095.24123626374
2020-05-22 16:15:00,4136001,0.4072016037931034,36.90676475862068,0.3845039230339197,0.3861861551309804,0.37674926486029336,25146.105001386317,113603.49718864469
2020-05-22 16:30:00,4136001,0.351029381,36.86410623333334,0.3343550640382645,0.3359925951148382,0.32778224057536304,25365.525633607187,115785.74897435898
2020-05-22 16:45:00,4136001,0.291662732413793,36.906026896551715,0.280643230792383,0.282392977082508,0.2754923891082021,25624.36197014107,117619.87445054945
2020-05-22 17:00:00,4136001,0.237599299,36.88915393333333,0.22588043672934782,0.2275527046264604,0.22199219999462128,25317.037977416236,119097.81564102565
2020-05-22 17:15:00,4136001,0.1854702793333333,36.57830536666667,0.1751790427820124,0.17621075981546586,0.17190485298064173,25152.852971566313,120242.29397435898
2020-05-22 17:30:00,4136001,0.1359976352068965,36.530987172413795,0.1259318171154371,0.12652939338474417,0.1234375062584865,24659.458895267842,121064.09480769231
2020-05-22 17:45:00,4136001,0.0913657824666666,36.01259269999999,0.08328954776963277,0.08317821105319402,0.08114565851294354,24276.515750872884,121604.33230769231
2020-05-22 18:00:00,4136001,0.0304520288965517,34.713825862068965,0.029238808538664143,0.029002980103724332,0.028294259873531364,25569.537200933668,121792.70492673993
2020-05-22 18:15:00,4136001,0.0084263664133333,33.565036133333344,0.00885448882971023,0.008757641502505145,0.00854363874556756,27983.53551732701,121849.58528388279
2020-05-22 18:30:00,4136001,0.0024452188362068,33.05054237931034,0.0005294679585517961,0.000523484425980906,0.0005106924990286829,5766.355056332274,121852.98528388278
2020-05-22 18:45:00,4136001,6.139619366666667e-05,32.84936956666666,0.0,0.0,0.0,0.0,121852.98528388278
2020-05-22 19:00:00,4136001,0.0,32.577242999999996,0.0,0.0,0.0,0.0,121852.98528388278
2020-05-22 19:15:00,4136001,0.0,32.24653451724138,0.0,0.0,0.0,0.0,121852.98528388278
2020-05-22 19:30:00,4136001,0.0,31.647290966666663,0.0,0.0,0.0,0.0,121852.98528388278
2020-05-22 19:45:00,4136001,0.0,30.919840433333334,0.0,0.0,0.0,0.0,121852.98528388278
2020-05-22 20:00:00,4136001,0.0,30.412124275862062,0.0,0.0,0.0,0.0,121852.98528388278
2020-05-22 20:15:00,4136001,0.0,30.164220133333338,0.0,0.0,0.0,0.0,121852.98528388278
2020-05-22 20:30:00,4136001,0.0,29.98364779310345,0.0,0.0,0.0,0.0,121852.98528388278
2020-05-22 20:45:00,4136001,0.0,29.9975493,0.0,0.0,0.0,0.0,121852.98528388278
2020-05-22 21:00:00,4136001,0.0,29.6879445,0.0,0.0,0.0,0.0,121852.98528388278
2020-05-22 21:15:00,4136001,0.0,29.530937482758628,0.0,0.0,0.0,0.0,121852.98528388278
2020-05-22 21:30:00,4136001,0.0,29.26959126666667,0.0,0.0,0.0,0.0,121852.98528388278
2020-05-22 21:45:00,4136001,0.0,28.94984596551724,0.0,0.0,0.0,0.0,121852.98528388278
2020-05-22 22:00:00,4136001,0.0,28.640736799999996,0.0,0.0,0.0,0.0,121852.98528388278
2020-05-22 22:15:00,4136001,0.0,28.326372366666668,0.0,0.0,0.0,0.0,121852.98528388278
2020-05-22 22:30:00,4136001,0.0,28.08963337931035,0.0,0.0,0.0,0.0,121852.98528388278
2020-05-22 22:45:00,4136001,0.0,27.973987866666665,0.0,0.0,0.0,0.0,121852.98528388278
2020-05-22 23:00:00,4136001,0.0,27.65889544827586,0.0,0.0,0.0,0.0,121852.98528388278
2020-05-22 23:15:00,4136001,0.0,27.417018733333332,0.0,0.0,0.0,0.0,121852.98528388278
2020-05-22 23:30:00,4136001,0.0,27.38874326666667,0.0,0.0,0.0,0.0,121852.98528388278
2020-05-22 23:45:00,4136001,0.0,27.014191448275856,0.0,0.0,0.0,0.0,121852.98528388278
2020-05-23 00:00:00,4136001,0.0,26.720194766666665,0.0,0.0,0.0,0.0,0.0
2020-05-23 00:15:00,4136001,0.0,26.455688399999996,0.0,0.0,0.0,0.0,0.0
2020-05-23 00:30:00,4136001,0.0,26.211620310344827,0.0,0.0,0.0,0.0,0.0
2020-05-23 00:45:00,4136001,0.0,26.107979466666674,0.0,0.0,0.0,0.0,0.0
2020-05-23 01:00:00,4136001,0.0,25.871246482758625,0.0,0.0,0.0,0.0,0.0
2020-05-23 01:15:00,4136001,0.0,25.814145100000005,0.0,0.0,0.0,0.0,0.0
2020-05-23 01:30:00,4136001,0.0,25.837760566666667,0.0,0.0,0.0,0.0,0.0
2020-05-23 01:45:00,4136001,0.0,25.81694824137931,0.0,0.0,0.0,0.0,0.0
2020-05-23 02:00:00,4136001,0.0,25.700773966666663,0.0,0.0,0.0,0.0,0.0
2020-05-23 02:15:00,4136001,0.0,25.590836333333336,0.0,0.0,0.0,0.0,0.0
2020-05-23 02:30:00,4136001,0.0,25.44831779310345,0.0,0.0,0.0,0.0,0.0
2020-05-23 02:45:00,4136001,0.0,25.415001333333333,0.0,0.0,0.0,0.0,0.0
2020-05-23 03:00:00,4136001,0.0,25.22627310344828,0.0,0.0,0.0,0.0,0.0
2020-05-23 03:15:00,4136001,0.0,24.98559566666667,0.0,0.0,0.0,0.0,0.0
2020-05-23 03:30:00,4136001,0.0,24.79134396666667,0.0,0.0,0.0,0.0,0.0
2020-05-23 03:45:00,4136001,0.0,24.651769103448274,0.0,0.0,0.0,0.0,0.0
2020-05-23 04:00:00,4136001,0.0,24.472100899999997,0.0,0.0,0.0,0.0,0.0
2020-05-23 04:15:00,4136001,0.0,24.21784606896552,0.0,0.0,0.0,0.0,0.0
2020-05-23 04:30:00,4136001,0.0,24.31587946666667,0.0,0.0,0.0,0.0,0.0
2020-05-23 04:45:00,4136001,0.0,24.31637079999999,0.0,0.0,0.0,0.0,0.0
2020-05-23 05:00:00,4136001,0.0,24.02792989655172,0.0,0.0,0.0,0.0,0.0
2020-05-23 05:15:00,4136001,0.0,23.813047033333337,0.0,0.0,0.0,0.0,0.0
2020-05-23 05:30:00,4136001,0.0,23.84403503448276,0.0,0.0,0.0,0.0,0.0
2020-05-23 05:45:00,4136001,0.0014383581393333,23.707536033333337,0.0,0.0,0.0,0.0,0.0
2020-05-23 06:00:00,4136001,0.0141595838133333,23.836609733333333,0.01173423304858531,0.011611878015591513,0.011328128799795377,22069.050584263514,75.41845238095237
2020-05-23 06:15:00,4136001,0.0352355902413793,23.965292999999996,0.031193298112240198,0.030926382124898434,0.03017066141688129,23575.40565214655,276.2834523809524
2020-05-23 06:30:00,4136001,0.058712884,24.5411042,0.05779644340582973,0.057524981397148775,0.0561192941914951,26214.835085065337,649.9047619047619
2020-05-23 06:45:00,4136001,0.0874251922333333,24.972080400000007,0.09157033008187673,0.09159780552249308,0.08935951078233512,27893.15325959918,1244.8270238095238
2020-05-23 07:00:00,4136001,0.1645789924137931,25.369075275862073,0.13264465186221086,0.13328553177577043,0.13002855085782034,21463.214921336712,2110.5085714285715
2020-05-23 07:15:00,4136001,0.2418249106666667,26.0042399,0.18060897720165686,0.18171779398164106,0.17727731661275548,19889.218849162775,3290.754761904762
2020-05-23 07:30:00,4136001,0.3148570596551724,26.917700241379308,0.2339780242008163,0.2356973231378265,0.2299377956509026,19789.78441886422,4821.594761904762
2020-05-23 07:45:00,4136001,0.3793576726666666,27.429699566666663,0.28712451941976175,0.288848515172901,0.28179017891117497,20155.837035857297,6697.648571428571
2020-05-23 08:00:00,4136001,0.4341270063333333,27.988890533333333,0.34245086337073066,0.34409683420777165,0.3356884435294259,21006.847919978787,8932.536904761904
2020-05-23 08:15:00,4136001,0.4836398434482758,28.67064903448276,0.39627298903026786,0.3979585427095381,0.3882339809925115,21819.853387077463,11517.253809523809
2020-05-23 08:30:00,4136001,0.5337677543333335,29.2585235,0.44698716817146905,0.44869842544279476,0.437733977988438,22300.887727419984,14431.523214285715
2020-05-23 08:45:00,4136001,0.5889204568965518,29.82619924137931,0.4962753422211948,0.4979745863341201,0.48580602082137664,22441.169524266174,17665.838333333333
2020-05-23 09:00:00,4136001,0.6451150216666667,30.426238066666667,0.5396175428166308,0.5412708907815181,0.5280443316851937,22275.54480796721,21181.360357142858
2020-05-23 09:15:00,4136001,0.7018423813333332,31.15696106666666,0.5729008535574238,0.574461288060924,0.560423684516204,21737.986200001233,24912.452023809525
2020-05-23 09:30:00,4136001,0.7519769720689654,31.65189851724138,0.49548543181697235,0.49666988938293855,0.4845332055982198,17547.117246069007,28138.293214285713
2020-05-23 09:45:00,4136001,0.791683317,31.959610933333327,0.4665446345244151,0.46748328648581516,0.4560598099594479,15693.547828038922,31174.569166666668
2020-05-23 10:00:00,4136001,0.8298047317241377,32.56005868965518,0.4879641794273034,0.4887571363473657,0.4768138095257168,15659.989436711641,34349.0175
2020-05-23 10:15:00,4136001,0.8577585426666665,32.90432746666666,0.48684376729130413,0.4873131918057018,0.47540514938256273,15114.855225072912,37514.0875
2020-05-23 10:30:00,4136001,0.8960065056666665,33.65044886666667,0.47707140883037397,0.4770770183976732,0.4654191083108695,14179.197643080211,40612.674166666664
2020-05-23 10:45:00,4136001,0.9227391144827584,33.529896620689655,0.4585823376498532,0.4583165169765761,0.44711704070719893,13234.813403185577,43589.4125
2020-05-23 11:00:00,4136001,0.938062118,33.776356233333345,0.4689305483950522,0.46865812044126587,0.45720593553429884,13312.399952641617,46633.318928571425
2020-05-23 11:15:00,4136001,0.9489915310344827,34.1564585862069,0.47811907947176374,0.477841459625613,0.4661648695631276,13416.930411859157,49736.8705952381
2020-05-23 11:30:00,4136001,0.953267991,34.1468976,0.48243207074507316,0.4821539741825033,0.4703720030075067,13477.22843679378,52868.43178571429
2020-05-23 11:45:00,4136001,0.9497544024137932,34.264609448275856,0.4835925014319417,0.48331187187711344,0.4715016061779774,13559.624783631647,56007.513452380954
2020-05-23 12:00:00,4136001,0.939489804,34.852522833333325,0.48114655973500065,0.4808672582614998,0.46911672942796145,13638.441430777535,59130.7175
2020-05-23 12:15:00,4136001,0.9247430913333334,35.171084566666664,0.477935777342648,0.4776598163951693,0.4659876649880094,13763.467955635779,62233.08940476191
2020-05-23 12:30:00,4136001,0.9124897296551724,35.31690075862069,0.5019711729104666,0.5016808414066356,0.4894217094093877,14649.750273593001,65491.47642857143
2020-05-23 12:45:00,4136001,0.8985497946666666,35.353965233333334,0.5016842302447834,0.5013926317037601,0.48914054243268157,14868.519605028025,68747.99154761905
2020-05-23 13:00:00,4136001,0.8877546427586208,35.96277151724138,0.46045012036321253,0.46018951345953424,0.4489442684279883,13812.397490704001,71736.89488095239
2020-05-23 13:15:00,4136001,0.8630840616666667,36.29276526666667,0.5136587712938745,0.5134439910247348,0.5008974133210347,15848.969921792303,75071.68285714286
2020-05-23 13:30:00,4136001,0.8493076746666667,36.44097606666667,0.5305122317290817,0.5303685944390008,0.5174084451373204,16634.501188693906,78516.39511904762
2020-05-23 13:45:00,4136001,0.8451140272413794,36.76474110344827,0.5177242841292793,0.5176149851596015,0.5049664845530539,16314.08254458202,81878.27345238095
2020-05-23 14:00:00,4136001,0.8151929123333334,37.34248639999999,0.4795983353427247,0.48000904440319175,0.4682794869843508,15667.391697640523,84995.90345238095
2020-05-23 14:15:00,4136001,0.7900291168965516,37.49707644827586,0.49922333970578386,0.5000361545178659,0.4878172122827125,16827.949998115448,88243.60833333334
2020-05-23 14:30:00,4136001,0.7452246323333332,37.63767076666666,0.5397724850611715,0.5408761879233572,0.5276592738324596,19288.700531674316,91756.56678571428
2020-05-23 14:45:00,4136001,0.7034089543333332,37.5318053,0.5638173935284817,0.5651332758172538,0.5513236126759314,21345.680581182412,95427.07357142857
2020-05-23 15:00:00,4136001,0.6494585644827586,37.63801317241379,0.5824437937843716,0.5840161618851393,0.5697450743207789,23882.621897035748,99220.22357142858
2020-05-23 15:15:00,4136001,0.603796347,37.9939015,0.5453747781992382,0.5470178736388878,0.5336508805940856,24053.81671954148,102773.0719047619
2020-05-23 15:30:00,4136001,0.5547324962068965,37.99130351724138,0.5085012777326055,0.5101894612210673,0.4977224115901161,24411.129254659874,106086.7219047619
2020-05-23 15:45:00,4136001,0.5077070613333333,37.811197966666676,0.4677097858982494,0.4694180526646961,0.4579472979646114,24532.549416820213,109135.56404761905
2020-05-23 16:00:00,4136001,0.4419189286666667,37.853689633333325,0.4120307672918764,0.41372948249440405,0.4036195402394218,24829.414137891716,111822.71226190476
2020-05-23 16:15:00,4136001,0.3923041048275861,37.979447931034485,0.36773429055513557,0.3694042635423689,0.36037745754671907,24962.651054835085,114221.97083333333
2020-05-23 16:30:00,4136001,0.3365806126666666,38.01695633333334,0.321469662862842,0.32311383346637035,0.3152181858600262,25434.91715750814,116320.57583333334
2020-05-23 16:45:00,4136001,0.277961291,38.271593066666654,0.2796111527230925,0.2815096521015251,0.2746306491602613,26788.574192752138,118148.96416666667
2020-05-23 17:00:00,4136001,0.2240962596551724,38.68598265517242,0.2256316708313616,0.22729902729958448,0.2217447215567166,26812.967443238747,119625.25773809524
2020-05-23 17:15:00,4136001,0.1742070463333333,38.213572233333345,0.17363078262695641,0.17456028087212286,0.1702947053347196,26542.414968899953,120759.01630952381
2020-05-23 17:30:00,4136001,0.1285143323448275,37.20869589655173,0.12527446145544785,0.1258335953352112,0.12275871081186088,25959.146502048916,121576.29797619049
2020-05-23 17:45:00,4136001,0.0879022486666666,36.82153546666666,0.08444302259578274,0.08424248275172888,0.0821839235431817,25582.513647836047,122123.44785714286
2020-05-23 18:00:00,4136001,0.0541260664482758,36.05550541379311,0.051150610227468446,0.050845734363510114,0.0496032620233036,25166.55571060917,122453.68785714285
2020-05-23 18:15:00,4136001,0.0232463271333333,35.323333666666656,0.022562326657805127,0.022350713779996173,0.02180454911145227,25846.930013069763,122598.85440476189
2020-05-23 18:30:00,4136001,0.0038204958,34.50162689999999,0.0021416362015464394,0.002120606815961517,0.00206878741859676,14928.129784322009,122612.62761904762
2020-05-23 18:45:00,4136001,0.0001720098631034,34.227281482758606,0.0,0.0,0.0,0.0,122612.62761904762
2020-05-23 19:00:00,4136001,0.0,33.81844083333333,0.0,0.0,0.0,0.0,122612.62761904762
2020-05-23 19:15:00,4136001,0.0,33.62455463333333,0.0,0.0,0.0,0.0,122612.62761904762
2020-05-23 19:30:00,4136001,0.0,33.44275720689656,0.0,0.0,0.0,0.0,122612.62761904762
2020-05-23 19:45:00,4136001,0.0,33.057945833333335,0.0,0.0,0.0,0.0,122612.62761904762
2020-05-23 20:00:00,4136001,0.0,32.32888055172415,0.0,0.0,0.0,0.0,122612.62761904762
2020-05-23 20:15:00,4136001,0.0,31.585262033333336,0.0,0.0,0.0,0.0,122612.62761904762
2020-05-23 20:30:00,4136001,0.0,30.911041166666667,0.0,0.0,0.0,0.0,122612.62761904762
2020-05-23 20:45:00,4136001,0.0,30.352885379310347,0.0,0.0,0.0,0.0,122612.62761904762
2020-05-23 21:00:00,4136001,0.0,29.79706316666667,0.0,0.0,0.0,0.0,122612.62761904762
2020-05-23 21:15:00,4136001,0.0,29.37549027586207,0.0,0.0,0.0,0.0,122612.62761904762
2020-05-23 21:30:00,4136001,0.0,28.98020023333333,0.0,0.0,0.0,0.0,122612.62761904762
2020-05-23 21:45:00,4136001,0.0,28.529278600000005,0.0,0.0,0.0,0.0,122612.62761904762
2020-05-23 22:00:00,4136001,0.0,28.255185,0.0,0.0,0.0,0.0,122612.62761904762
2020-05-23 22:15:00,4136001,0.0,27.946787566666668,0.0,0.0,0.0,0.0,122612.62761904762
2020-05-23 22:30:00,4136001,0.0,27.5781544137931,0.0,0.0,0.0,0.0,122612.62761904762
2020-05-23 22:45:00,4136001,0.0,27.3795706,0.0,0.0,0.0,0.0,122612.62761904762
2020-05-23 23:00:00,4136001,0.0,27.4245355,0.0,0.0,0.0,0.0,122612.62761904762
2020-05-23 23:15:00,4136001,0.0,27.187055793103443,0.0,0.0,0.0,0.0,122612.62761904762
2020-05-23 23:30:00,4136001,0.0,26.945311366666665,0.0,0.0,0.0,0.0,122612.62761904762
2020-05-23 23:45:00,4136001,0.0,26.75863146666667,0.0,0.0,0.0,0.0,122612.62761904762
2020-05-24 00:00:00,4136001,0.0,26.402938222222225,0.0,0.0,0.0,0.0,0.0
2020-05-24 00:15:00,4136001,0.0,26.13339755172414,0.0,0.0,0.0,0.0,0.0
2020-05-24 00:30:00,4136001,0.0,25.986046366666663,0.0,0.0,0.0,0.0,0.0
2020-05-24 00:45:00,4136001,0.0,25.982040896551723,0.0,0.0,0.0,0.0,0.0
2020-05-24 01:00:00,4136001,0.0,25.891755433333337,0.0,0.0,0.0,0.0,0.0
2020-05-24 01:15:00,4136001,0.0,25.795194586206904,0.0,0.0,0.0,0.0,0.0
2020-05-24 01:30:00,4136001,0.0,25.642448799999997,0.0,0.0,0.0,0.0,0.0
2020-05-24 01:45:00,4136001,0.0,25.72024116666667,0.0,0.0,0.0,0.0,0.0
2020-05-24 02:00:00,4136001,0.0,25.841424655172418,0.0,0.0,0.0,0.0,0.0
2020-05-24 02:15:00,4136001,0.0,25.824909733333335,0.0,0.0,0.0,0.0,0.0
2020-05-24 02:30:00,4136001,0.0,25.820132517241383,0.0,0.0,0.0,0.0,0.0
2020-05-24 02:45:00,4136001,0.0,25.820789566666665,0.0,0.0,0.0,0.0,0.0
2020-05-24 03:00:00,4136001,0.0,25.818536137931034,0.0,0.0,0.0,0.0,0.0
2020-05-24 03:15:00,4136001,0.0,25.803347799999997,0.0,0.0,0.0,0.0,0.0
2020-05-24 03:30:00,4136001,0.0,25.6260894,0.0,0.0,0.0,0.0,0.0
2020-05-24 03:45:00,4136001,0.0,25.460413517241378,0.0,0.0,0.0,0.0,0.0
2020-05-24 04:00:00,4136001,0.0,25.295731566666667,0.0,0.0,0.0,0.0,0.0
2020-05-24 04:15:00,4136001,0.0,25.30538189655173,0.0,0.0,0.0,0.0,0.0
2020-05-24 04:30:00,4136001,0.0,25.317015466666664,0.0,0.0,0.0,0.0,0.0
2020-05-24 04:45:00,4136001,0.0,25.217163,0.0,0.0,0.0,0.0,0.0
2020-05-24 05:00:00,4136001,0.0,25.227784068965512,0.0,0.0,0.0,0.0,0.0
2020-05-24 05:15:00,4136001,0.0,25.201992766666663,0.0,0.0,0.0,0.0,0.0
2020-05-24 05:30:00,4136001,0.0,25.03676106896552,0.0,0.0,0.0,0.0,0.0
2020-05-24 05:45:00,4136001,0.0013345879423333,24.860510133333335,0.0,0.0,0.0,0.0,0.0
2020-05-24 06:00:00,4136001,0.01217407527,25.047056000000005,0.009472523313041053,0.009368428320676074,0.00913950030527109,20720.924558411676,60.84738095238095
2020-05-24 06:15:00,4136001,0.0350899675172413,25.281240586206895,0.03127140402385635,0.0310079841089484,0.03025026936525929,23732.519356826248,262.2423809523809
2020-05-24 06:30:00,4136001,0.0653380148999999,25.47712886666667,0.0623260856006459,0.062041849170609856,0.06052578725322966,25402.902745599647,665.2004761904763
2020-05-24 06:45:00,4136001,0.097212624275862,25.85121734482759,0.0970666223398929,0.09707813391805713,0.09470592122918677,26590.510775617186,1295.7171428571428
2020-05-24 07:00:00,4136001,0.1540659488,26.308291633333333,0.1312766539999668,0.13189091134441158,0.12866800953521548,22691.346379608378,2152.340714285714
2020-05-24 07:15:00,4136001,0.2099217168965517,26.727254896551724,0.1717283815425145,0.17263823521815894,0.1684196270142313,21785.329679718012,3273.6157142857146
2020-05-24 07:30:00,4136001,0.277260079,27.275140500000003,0.22505642651435345,0.22671648591210114,0.221176415219037,21616.406834633653,4746.125714285715
2020-05-24 07:45:00,4136001,0.345086497,27.691247533333335,0.2852590612871053,0.28714198527106183,0.2801253499745655,22013.591952667255,6611.095714285714
2020-05-24 08:00:00,4136001,0.4045691006896551,28.099623068965517,0.34545955029305453,0.34718179978088065,0.33869802452125075,22739.657678899195,8866.020714285714
2020-05-24 08:15:00,4136001,0.455819775,28.69885456666667,0.4007045696822033,0.4024813125132922,0.39264623186183323,23410.4931368669,11480.112738095238
2020-05-24 08:30:00,4136001,0.5044863772413792,29.10136686206897,0.45103050808324663,0.45284177901343237,0.441776084084304,23808.712175857276,14421.292976190476
2020-05-24 08:45:00,4136001,0.556928267,29.76086726666667,0.4985022190089762,0.5003189570811871,0.4880931042493621,23836.76220669666,17670.834642857142
2020-05-24 09:00:00,4136001,0.6137585389655172,30.223874862068968,0.5457255037831299,0.5475097950333021,0.5341307813394963,23678.606070657326,21226.877976190477
2020-05-24 09:15:00,4136001,0.671353908,30.7511668,0.5920808616483952,0.5937924901503454,0.5792825070795999,23485.99322271813,25083.524642857144
2020-05-24 09:30:00,4136001,0.7204940260000001,31.119518999999993,0.551549132766889,0.5529670651862932,0.5394546969977003,20386.057797990477,28675.01261904762
2020-05-24 09:45:00,4136001,0.7742790772413792,31.453297551724138,0.537188946068011,0.5383617763842795,0.5252063047492399,18476.043367324615,32171.64011904762
2020-05-24 10:00:00,4136001,0.8106055340000001,32.016924233333334,0.5114525296301785,0.5124427537428999,0.4999206423910823,16802.549981110787,35499.92511904762
2020-05-24 10:15:00,4136001,0.844439604137931,32.350063862068964,0.5000525712866647,0.5008414150671172,0.4886027953905496,15769.811444274928,38752.86011904762
2020-05-24 10:30:00,4136001,0.8759719593333332,32.85800903333334,0.4297539964191443,0.43003219154280486,0.41952387437365074,13064.992029398592,41545.89345238095
2020-05-24 10:45:00,4136001,0.897621417,33.199514866666654,0.4435349870138193,0.4434176846492792,0.43258227799753607,13158.733966094114,44425.86476190476
2020-05-24 11:00:00,4136001,0.9150036986206896,33.41826031034483,0.47943391596147233,0.4791564759651639,0.4674477520088669,13953.569930355909,47537.957380952386
2020-05-24 11:15:00,4136001,0.9247903596666665,33.41838490000001,0.3844380479930786,0.38423371951979396,0.37484453919514865,11070.379241074841,50033.53238095238
2020-05-24 11:30:00,4136001,0.9284057110344828,33.95821510344827,0.36955704792841954,0.36936703676123556,0.36034114044358434,10600.42103533107,52432.54916666667
2020-05-24 11:45:00,4136001,0.9262770653333332,34.242837333333334,0.37375180745090336,0.37355130129961794,0.3644231578019795,10745.381023137183,54858.7425
2020-05-24 12:00:00,4136001,0.9128928013333332,34.49443766666667,0.3744660259311626,0.37425595239459025,0.36511058995998574,10923.757954312916,57289.5125
2020-05-24 12:15:00,4136001,0.906127996551724,34.92356531034483,0.4068354188279307,0.4067155610162981,0.3967770117708183,11956.625746652877,59931.10571428572
2020-05-24 12:30:00,4136001,0.8972975103333333,35.02100123333334,0.41089908988016316,0.41078686216121685,0.40074882612250784,12194.897262465363,62599.14178571429
2020-05-24 12:45:00,4136001,0.8916655068965518,35.59846348275862,0.4063632786057894,0.40623751489185805,0.3963106472376543,12136.456907102827,65237.63011904762
2020-05-24 13:00:00,4136001,0.8822624380000001,35.69947006666667,0.4153274340005047,0.41524760565903523,0.40510056636799496,12536.383193500526,67934.63845238095
2020-05-24 13:15:00,4136001,0.8682732336666668,35.65648383333333,0.43652187008440585,0.4364831656408285,0.42581721171050807,13388.410607036372,70769.57047619048
2020-05-24 13:30:00,4136001,0.851252400689655,36.1507882413793,0.4448519871517206,0.4450626831359217,0.4341870791078416,13916.71118921495,73660.22595238095
2020-05-24 13:45:00,4136001,0.825711697333333,36.4210002,0.4558623100066547,0.45648382659490405,0.4453291341630679,14702.279651505929,76625.06107142857
2020-05-24 14:00:00,4136001,0.8011764662068966,36.754813448275875,0.4676811756742142,0.4685442222541844,0.457094820576702,15545.372576446074,79668.22773809524
2020-05-24 14:15:00,4136001,0.7703641123333332,37.07135226666667,0.4783218544346133,0.4793274882093656,0.46761458537777223,16534.97758969031,82781.43107142857
2020-05-24 14:30:00,4136001,0.7298151716666667,37.2610419,0.5192287348787814,0.5204307485000641,0.5077134415696256,18946.337130998603,86161.59761904762
2020-05-24 14:45:00,4136001,0.6869518420689655,37.338376551724146,0.5304759682701171,0.5318253511520149,0.5188296043720999,20564.53297654243,89615.77142857143
2020-05-24 15:00:00,4136001,0.6405311346666664,37.3177489,0.6056027330202611,0.6072839082042198,0.5924442472564225,25178.335206828633,93560.04404761906
2020-05-24 15:15:00,4136001,0.5906654517241378,37.8558788275862,0.5639847633390878,0.5657434027811062,0.5519188305055941,25427.591805410877,97234.51357142857
2020-05-24 15:30:00,4136001,0.5408719786666665,37.629669266666674,0.5221127348684816,0.5239163006323403,0.5111138203403816,25706.871894052456,100637.31857142858
2020-05-24 15:45:00,4136001,0.4885721723333333,37.87520046666667,0.475067423569217,0.4768860455603379,0.46523280210823015,25894.405999539253,103734.66488095238
2020-05-24 16:00:00,4136001,0.4384419389655172,37.89913620689654,0.42861319949851995,0.4304054308063289,0.41988799311866887,26033.519269616165,106530.12238095238
2020-05-24 16:15:00,4136001,0.385321908,38.77518216666667,0.37981898096676237,0.381576394532909,0.3722521489139272,26250.186388991682,109008.4382142857
2020-05-24 16:30:00,4136001,0.3314760710344827,38.987168999999994,0.3301954950913439,0.33192145893349906,0.32381058715618377,26527.626280506356,111164.24821428572
2020-05-24 16:45:00,4136001,0.273803273,38.97873133333332,0.27303729213956984,0.2749475108801271,0.26822886119292044,26556.00624822125,112950.01583333334
2020-05-24 17:00:00,4136001,0.2209424236666666,38.56486116666667,0.20940890490362074,0.2109400839998213,0.20578552731790017,25240.355136633658,114320.05904761906
2020-05-24 17:15:00,4136001,0.1709687255172413,38.470518758620685,0.15895316549240768,0.15978405314305383,0.15587955124291394,24758.93366185535,115357.84690476191
2020-05-24 17:30:00,4136001,0.1248783890666666,39.181637766666675,0.11587859566143117,0.11638131052823042,0.11353740314723908,24711.287015708513,116113.73654761905
2020-05-24 17:45:00,4136001,0.0853814388965517,37.964522965517254,0.07876330303892078,0.07856859708941559,0.07664868561769758,24566.30731192068,116624.03488095239
2020-05-24 18:00:00,4136001,0.0514484753666666,37.2827514,0.04746786642687484,0.04717672440141453,0.046023908419817273,24570.08345386922,116930.44488095237
2020-05-24 18:15:00,4136001,0.0265587502,35.638953733333324,0.025335944826899562,0.02510144481151692,0.024488062956225784,25404.397516380406,117093.47726190477
2020-05-24 18:30:00,4136001,0.0094392373896551,34.93608875862069,0.009163908402651138,0.009065903444947263,0.00884436796295777,25853.733065022618,117152.35976190477
2020-05-24 18:45:00,4136001,0.0006638190729999,34.5740123,0.0,0.0,0.0,0.0,117152.35976190477
2020-05-24 19:00:00,4136001,0.0,34.27799579310344,0.0,0.0,0.0,0.0,117152.35976190477
2020-05-24 19:15:00,4136001,0.0,33.65466803333334,0.0,0.0,0.0,0.0,117152.35976190477
2020-05-24 19:30:00,4136001,0.0,32.58645563333333,0.0,0.0,0.0,0.0,117152.35976190477
2020-05-24 19:45:00,4136001,0.0,32.134470724137934,0.0,0.0,0.0,0.0,117152.35976190477
2020-05-24 20:00:00,4136001,0.0,31.5436025,0.0,0.0,0.0,0.0,117152.35976190477
2020-05-24 20:15:00,4136001,0.0,31.09390031034483,0.0,0.0,0.0,0.0,117152.35976190477
2020-05-24 20:30:00,4136001,0.0,30.648675599999997,0.0,0.0,0.0,0.0,117152.35976190477
2020-05-24 20:45:00,4136001,0.0,30.32377653333333,0.0,0.0,0.0,0.0,117152.35976190477
2020-05-24 21:00:00,4136001,0.0,29.870062379310344,0.0,0.0,0.0,0.0,117152.35976190477
2020-05-24 21:15:00,4136001,0.0,29.493515933333335,0.0,0.0,0.0,0.0,117152.35976190477
2020-05-24 21:30:00,4136001,0.0,29.129352766666663,0.0,0.0,0.0,0.0,117152.35976190477
2020-05-24 21:45:00,4136001,0.0,28.813397620689656,0.0,0.0,0.0,0.0,117152.35976190477
2020-05-24 22:00:00,4136001,0.0,28.480264433333335,0.0,0.0,0.0,0.0,117152.35976190477
2020-05-24 22:15:00,4136001,0.0,28.15289306896552,0.0,0.0,0.0,0.0,117152.35976190477
2020-05-24 22:30:00,4136001,0.0,27.8130096,0.0,0.0,0.0,0.0,117152.35976190477
2020-05-24 22:45:00,4136001,0.0,27.5779439,0.0,0.0,0.0,0.0,117152.35976190477
2020-05-24 23:00:00,4136001,0.0,27.270795068965523,0.0,0.0,0.0,0.0,117152.35976190477
2020-05-24 23:15:00,4136001,0.0,27.093005166666664,0.0,0.0,0.0,0.0,117152.35976190477
2020-05-24 23:30:00,4136001,0.0,26.94672872413793,0.0,0.0,0.0,0.0,117152.35976190477
2020-05-24 23:45:00,4136001,0.0,26.781771833333337,0.0,0.0,0.0,0.0,117152.35976190477
2020-05-25 00:00:00,4136001,0.0,26.598948266666667,0.0,0.0,0.0,0.0,0.0
2020-05-25 00:15:00,4136001,0.0,26.496553517241377,0.0,0.0,0.0,0.0,0.0
2020-05-25 00:30:00,4136001,0.0,26.37586873333333,0.0,0.0,0.0,0.0,0.0
2020-05-25 00:45:00,4136001,0.0,26.233414866666667,0.0,0.0,0.0,0.0,0.0
2020-05-25 01:00:00,4136001,0.0,26.08462213793104,0.0,0.0,0.0,0.0,0.0
2020-05-25 01:15:00,4136001,0.0,25.9386293,0.0,0.0,0.0,0.0,0.0
2020-05-25 01:30:00,4136001,0.0,25.747982620689655,0.0,0.0,0.0,0.0,0.0
2020-05-25 01:45:00,4136001,0.0,25.6685404,0.0,0.0,0.0,0.0,0.0
2020-05-25 02:00:00,4136001,0.0,25.6219767,0.0,0.0,0.0,0.0,0.0
2020-05-25 02:15:00,4136001,0.0,25.496240931034485,0.0,0.0,0.0,0.0,0.0
2020-05-25 02:30:00,4136001,0.0,25.4765594,0.0,0.0,0.0,0.0,0.0
2020-05-25 02:45:00,4136001,0.0,25.58928316666666,0.0,0.0,0.0,0.0,0.0
2020-05-25 03:00:00,4136001,0.0,25.491499137931033,0.0,0.0,0.0,0.0,0.0
2020-05-25 03:15:00,4136001,0.0,25.484710600000003,0.0,0.0,0.0,0.0,0.0
2020-05-25 03:30:00,4136001,0.0,25.51680758620689,0.0,0.0,0.0,0.0,0.0
2020-05-25 03:45:00,4136001,0.0,25.502563333333335,0.0,0.0,0.0,0.0,0.0
2020-05-25 04:00:00,4136001,0.0,25.385007633333338,0.0,0.0,0.0,0.0,0.0
2020-05-25 04:15:00,4136001,0.0,25.253449551724135,0.0,0.0,0.0,0.0,0.0
2020-05-25 04:30:00,4136001,0.0,25.22475063333333,0.0,0.0,0.0,0.0,0.0
2020-05-25 04:45:00,4136001,0.0,25.20791424137931,0.0,0.0,0.0,0.0,0.0
2020-05-25 05:00:00,4136001,0.0,25.1196219,0.0,0.0,0.0,0.0,0.0
2020-05-25 05:15:00,4136001,0.0,25.25614423333333,0.0,0.0,0.0,0.0,0.0
2020-05-25 05:30:00,4136001,0.0,25.235642965517236,0.0,0.0,0.0,0.0,0.0
2020-05-25 05:45:00,4136001,0.0018656662596666,25.096426533333332,0.0,0.0,0.0,0.0,0.0
2020-05-25 06:00:00,4136001,0.0135406322366666,25.07477113333333,0.01093811780202526,0.010824378545078783,0.010559872758889626,21512.11361156704,70.30369047619048
2020-05-25 06:15:00,4136001,0.0409569667586206,25.33059148275862,0.03555524863142993,0.035283821763304135,0.03442162214820439,23118.27170441015,299.46999999999997
2020-05-25 06:30:00,4136001,0.0827299857,25.702572599999996,0.0758855972985082,0.07565414886976944,0.07380545519724746,24427.320851838427,790.8391666666666
2020-05-25 06:45:00,4136001,0.107661149,26.175265517241375,0.09852284698050555,0.09872890612998614,0.09631635497734928,24370.10340037643,1432.0775
2020-05-25 07:00:00,4136001,0.1572406776666666,26.657475766666664,0.13290847389059565,0.1335401072376909,0.13027690548383608,22509.569740618845,2299.4125
2020-05-25 07:15:00,4136001,0.215982752,27.248541333333332,0.1782677310432947,0.17923439559553106,0.174854602841453,21980.273684076405,3463.5291666666667
2020-05-25 07:30:00,4136001,0.2775579717241379,27.645486655172416,0.2272024615378453,0.22889550816453327,0.22330219062763393,21799.109674573552,4950.191785714286
2020-05-25 07:45:00,4136001,0.3435005653333333,28.04843343333333,0.282873844790679,0.28478219959394396,0.2778232282975715,21930.30978628436,6799.835119047619
2020-05-25 08:00:00,4136001,0.3852337089655172,28.199119758620693,0.32589992029191583,0.3276293998604811,0.3196234093430692,22528.869613476272,8927.768452380953
2020-05-25 08:15:00,4136001,0.4291123916666667,28.42741916666666,0.37771092601567724,0.37946795836326586,0.3701952347383052,23440.5566669043,11392.390119047619
2020-05-25 08:30:00,4136001,0.4764366303333333,28.852791333333332,0.42628404115981267,0.4280822120560259,0.4176215448147688,23827.219145718485,14172.758452380953
2020-05-25 08:45:00,4136001,0.5185651593103447,29.553459206896548,0.46552895368977476,0.4673483096191161,0.4559281314033257,23906.87396208686,17208.157738095237
2020-05-25 09:00:00,4136001,0.5930232706666668,29.62859079999999,0.5293952707013567,0.5311887200397041,0.5182085300524654,23773.205847159214,20658.196666666667
2020-05-25 09:15:00,4136001,0.6412408689655172,30.055854551724135,0.5735777714580971,0.5753232410937034,0.5612645747633791,23820.482140055334,24394.886666666665
2020-05-25 09:30:00,4136001,0.710985943,30.467728699999995,0.5963356311157929,0.5978571927520795,0.5832478841308815,22336.194064528783,28277.933333333334
2020-05-25 09:45:00,4136001,0.7467538503333334,30.640335000000007,0.5892525264258335,0.5906310547934411,0.5761983249286031,21013.74278328629,32114.046666666665
2020-05-25 10:00:00,4136001,0.7555059558620689,31.24525617241379,0.5771827312120951,0.5785363467096007,0.5643991645528479,20344.867505233487,35871.60559523809
2020-05-25 10:15:00,4136001,0.8140237236666666,31.5482981,0.6479374961018569,0.6490180625405157,0.6331585808928335,21197.05274902958,40086.939047619046
2020-05-25 10:30:00,4136001,0.845634558275862,31.9778925862069,0.6657583576186451,0.66657458644043,0.6502860915115182,20965.89148047647,44416.30107142857
2020-05-25 10:45:00,4136001,0.8138235590000001,32.2193849,0.670570543657199,0.6709730836808735,0.6545771065564906,21942.88078275371,48774.23107142857
2020-05-25 11:00:00,4136001,0.9013854026666666,32.46989949999999,0.6793619648243018,0.6792505528616901,0.6626523065276515,20071.05204922393,53185.922738095236
2020-05-25 11:15:00,4136001,0.9101380644827584,33.096827862068956,0.6348165433756746,0.6345728800571624,0.6190663825862154,18574.63922254891,57307.435595238094
2020-05-25 11:30:00,4136001,0.8306483269999999,33.35838830000001,0.6264053878487801,0.6262609701467792,0.6109575834832032,20082.497387781845,61374.9630952381
2020-05-25 11:45:00,4136001,0.9172781244827586,33.84070462068965,0.6520828672251,0.6518125089206346,0.6358847418528095,18931.332470889578,65608.44630952382
2020-05-25 12:00:00,4136001,0.90696158,33.85287566666668,0.6581960137947056,0.6579195889430192,0.6418425885500739,19326.169619371674,69881.59464285715
2020-05-25 12:15:00,4136001,0.9077990237931032,34.03098175862068,0.6636391446801864,0.663360491043055,0.6471505361269881,19468.016822514826,74190.08130952381
2020-05-25 12:30:00,4136001,0.9001118993333334,34.60776683333333,0.6600132279370827,0.6597345549045258,0.6436132037900536,19527.001786871908,78475.01773809524
2020-05-25 12:45:00,4136001,0.8978923863333333,34.84495056666667,0.6584381993411637,0.6581632218208251,0.6420802679862465,19528.557234734515,82749.74845238095
2020-05-25 13:00:00,4136001,0.884031485862069,35.04155441379311,0.6465596455937107,0.6462915628259119,0.6304987062456691,19476.920480485493,86947.37345238095
2020-05-25 13:15:00,4136001,0.8647803196551723,35.411487586206896,0.6509316096913128,0.6506713825232855,0.6347715001542091,20045.13536841436,91173.44511904762
2020-05-25 13:30:00,4136001,0.8537382513793103,35.661075896551715,0.662166934076894,0.6620585618141535,0.6458804209937246,20654.85636129282,95473.47583333333
2020-05-25 13:45:00,4136001,0.828360965,36.27135023333333,0.6684963381774256,0.6689603997045539,0.6526136047623434,21491.109483262757,99818.33357142856
2020-05-25 14:00:00,4136001,0.7983531075862069,36.14197313793103,0.654343539840023,0.6552860003823122,0.639273354668931,21826.808005652285,104074.3769047619
2020-05-25 14:15:00,4136001,0.7657678813333334,36.431806333333334,0.6820980141929599,0.6833933198951557,0.6666938404190367,23720.78557624799,108512.9755952381
2020-05-25 14:30:00,4136001,0.7321732966666668,36.685085066666666,0.680960131938909,0.6824450909102372,0.6657687824690279,24767.7884674197,112945.4155952381
2020-05-25 14:45:00,4136001,0.6885375613793103,37.17701862068966,0.6423184838641197,0.6439251052884629,0.6281900757427071,24842.895473125103,117127.6705952381
2020-05-25 15:00:00,4136001,0.644651987,37.03174523333334,0.6108215776306958,0.6125015962517488,0.5975344352656488,25232.97596729209,121105.83178571428
2020-05-25 15:15:00,4136001,0.5943967366666667,37.24053739999999,0.5703797742596103,0.5721329737689396,0.5581522651858778,25554.4848145264,124821.8011904762
2020-05-25 15:30:00,4136001,0.5421353327586205,37.39873517241379,0.5260254691075383,0.5278255708835029,0.5149275632042765,25839.165823456497,128249.99666666667
2020-05-25 15:45:00,4136001,0.4949797946666665,37.53265566666666,0.48173548331537563,0.48355513816918694,0.4717389279863495,25917.946829808116,131390.65833333333
2020-05-25 16:00:00,4136001,0.4748157786206896,37.87244606896552,0.46211462743480153,0.46393371015536145,0.452596971493345,25918.150197990137,134403.88
2020-05-25 16:15:00,4136001,0.4429608533333333,38.03672389999999,0.42494011164853823,0.4267425428259658,0.41631461189944996,25547.111874635055,137175.54726190475
2020-05-25 16:30:00,4136001,0.2183944863333333,37.39374793333332,0.21261627195047914,0.21393508943417988,0.2087073464474971,25925.924883364838,138565.04285714286
2020-05-25 16:45:00,4136001,0.2564901431034483,37.130947827586205,0.25454378637432357,0.256405586202021,0.25014002916526235,26428.42301064967,140230.3817857143
2020-05-25 17:00:00,4136001,0.1912531276666666,36.98203236666667,0.1927438606750754,0.19394661745570918,0.18920731511930178,26838.079613593014,141490.05345238093
2020-05-25 17:15:00,4136001,0.0776011656206896,36.69451575862069,0.08106242064239107,0.08094044343713203,0.07896257324932608,27818.310666686473,142015.75678571427
2020-05-25 17:30:00,4136001,0.0296054164,36.00379930000001,0.03220574241528656,0.031927546089586915,0.031147360821273645,28969.538090848746,142223.1242857143
2020-05-25 17:45:00,4136001,0.01476777235,35.52824183333334,0.016999336815006864,0.016829767685273393,0.016418513504311845,30654.654043400962,142332.4326190476
2020-05-25 18:00:00,4136001,0.0084153075896551,35.27715700000001,0.00909000461769016,0.008990111844757101,0.008770428415216748,28765.606722326575,142390.82285714286
2020-05-25 18:15:00,4136001,0.0035430156366666,34.82022003333333,0.0005051850309019029,0.0004991064747710108,0.000486910250299406,3797.141958422381,142394.06452380953
2020-05-25 18:30:00,4136001,0.0028885420862068,34.42703462068965,0.0,0.0,0.0,0.0,142394.06452380953
2020-05-25 18:45:00,4136001,0.0006920051126666,34.163541566666666,0.0,0.0,0.0,0.0,142394.06452380953
2020-05-25 19:00:00,4136001,0.0,33.94068846666667,0.0,0.0,0.0,0.0,142394.06452380953
2020-05-25 19:15:00,4136001,0.0,33.98035275862069,0.0,0.0,0.0,0.0,142394.06452380953
2020-05-25 19:30:00,4136001,0.0,33.921566000000006,0.0,0.0,0.0,0.0,142394.06452380953
2020-05-25 19:45:00,4136001,0.0,33.827981900000005,0.0,0.0,0.0,0.0,142394.06452380953
2020-05-25 20:00:00,4136001,0.0,33.81912886206898,0.0,0.0,0.0,0.0,142394.06452380953
2020-05-25 20:15:00,4136001,0.0,33.83254853333333,0.0,0.0,0.0,0.0,142394.06452380953
2020-05-25 20:30:00,4136001,0.0,33.42381403448276,0.0,0.0,0.0,0.0,142394.06452380953
2020-05-25 20:45:00,4136001,0.0,33.11771426666667,0.0,0.0,0.0,0.0,142394.06452380953
2020-05-25 21:00:00,4136001,0.0,32.3061685,0.0,0.0,0.0,0.0,142394.06452380953
2020-05-25 21:15:00,4136001,0.0,31.464322724137933,0.0,0.0,0.0,0.0,142394.06452380953
2020-05-25 21:30:00,4136001,0.0,30.9443297,0.0,0.0,0.0,0.0,142394.06452380953
2020-05-25 21:45:00,4136001,0.0,30.527473166666667,0.0,0.0,0.0,0.0,142394.06452380953
2020-05-25 22:00:00,4136001,0.0,30.17515310344828,0.0,0.0,0.0,0.0,142394.06452380953
2020-05-25 22:15:00,4136001,0.0,29.845425366666664,0.0,0.0,0.0,0.0,142394.06452380953
2020-05-25 22:30:00,4136001,0.0,29.52575586206897,0.0,0.0,0.0,0.0,142394.06452380953
2020-05-25 22:45:00,4136001,0.0,28.848941000000007,0.0,0.0,0.0,0.0,142394.06452380953
2020-05-25 23:00:00,4136001,0.0,28.36594346666667,0.0,0.0,0.0,0.0,142394.06452380953
2020-05-25 23:15:00,4136001,0.0,28.17704706896552,0.0,0.0,0.0,0.0,142394.06452380953
2020-05-25 23:30:00,4136001,0.0,28.059218566666665,0.0,0.0,0.0,0.0,142394.06452380953
2020-05-25 23:45:00,4136001,0.0,28.20533268965517,0.0,0.0,0.0,0.0,142394.06452380953
2020-05-26 00:00:00,4136001,0.0,28.342236633333336,0.0,0.0,0.0,0.0,0.0
2020-05-26 00:15:00,4136001,0.0,28.330767,0.0,0.0,0.0,0.0,0.0
2020-05-26 00:30:00,4136001,0.0,26.956657689655177,0.0,0.0,0.0,0.0,0.0
2020-05-26 00:45:00,4136001,0.0,25.448591033333333,0.0,0.0,0.0,0.0,0.0
2020-05-26 01:00:00,4136001,0.0,24.655147172413795,0.0,0.0,0.0,0.0,0.0
2020-05-26 01:15:00,4136001,0.0,24.426945133333337,0.0,0.0,0.0,0.0,0.0
2020-05-26 01:30:00,4136001,0.0,24.272991933333333,0.0,0.0,0.0,0.0,0.0
2020-05-26 01:45:00,4136001,0.0,23.917083586206896,0.0,0.0,0.0,0.0,0.0
2020-05-26 02:00:00,4136001,0.0,23.91446419999999,0.0,0.0,0.0,0.0,0.0
2020-05-26 02:15:00,4136001,0.0,24.3156373,0.0,0.0,0.0,0.0,0.0
2020-05-26 02:30:00,4136001,0.0,24.750189344827582,0.0,0.0,0.0,0.0,0.0
2020-05-26 02:45:00,4136001,0.0,25.1728576,0.0,0.0,0.0,0.0,0.0
2020-05-26 03:00:00,4136001,0.0,25.45304903448275,0.0,0.0,0.0,0.0,0.0
2020-05-26 03:15:00,4136001,0.0,25.338595533333336,0.0,0.0,0.0,0.0,0.0
2020-05-26 03:30:00,4136001,0.0,24.867053066666667,0.0,0.0,0.0,0.0,0.0
2020-05-26 03:45:00,4136001,0.0,24.683298068965513,0.0,0.0,0.0,0.0,0.0
2020-05-26 04:00:00,4136001,0.0,24.555170766666667,0.0,0.0,0.0,0.0,0.0
2020-05-26 04:15:00,4136001,0.0,24.32685389655173,0.0,0.0,0.0,0.0,0.0
2020-05-26 04:30:00,4136001,0.0,24.26740726666667,0.0,0.0,0.0,0.0,0.0
2020-05-26 04:45:00,4136001,0.0,24.230326533333333,0.0,0.0,0.0,0.0,0.0
2020-05-26 05:00:00,4136001,0.0,24.10113010344827,0.0,0.0,0.0,0.0,0.0
2020-05-26 05:15:00,4136001,0.0,23.952657033333335,0.0,0.0,0.0,0.0,0.0
2020-05-26 05:30:00,4136001,0.0,23.605529633333333,0.0,0.0,0.0,0.0,0.0
2020-05-26 05:45:00,4136001,0.0014217668682758,23.60175417241379,0.0,0.0,0.0,0.0,0.0
2020-05-26 06:00:00,4136001,0.01306554796,23.248244166666662,0.011603484324744352,0.01148175840984787,0.011201188812029111,23650.494232058725,74.57333333333334
2020-05-26 06:15:00,4136001,0.0345209819310344,23.36390234482759,0.033227878431724846,0.032946947694466266,0.03214185220873791,25632.96837451006,288.56178571428575
2020-05-26 06:30:00,4136001,0.0596383301333333,23.820372633333328,0.061032814067303834,0.060742925944714796,0.059258604667929704,27253.19032694249,683.0834523809524
2020-05-26 06:45:00,4136001,0.0955279817666666,24.676736466666668,0.09421264520403952,0.09418080525211778,0.0918793920270172,26263.82793597277,1294.7821428571428
2020-05-26 07:00:00,4136001,0.1609921791724138,25.71168996551724,0.13434463561160362,0.13498386848648866,0.13168538681308997,22222.605673622384,2171.4942857142855
2020-05-26 07:15:00,4136001,0.229912392,26.53708303333333,0.18238431312860237,0.18342201439336558,0.17893989249422215,21125.38008245622,3362.8092857142856
2020-05-26 07:30:00,4136001,0.2940933110344827,27.064694034482756,0.23484344771510166,0.23660341309279637,0.23082174428525076,21265.359548645814,4899.534285714286
2020-05-26 07:45:00,4136001,0.3591600466666666,27.74542343333334,0.2917598942737781,0.29363482345973463,0.2864595284062331,21633.01258487366,6806.674880952381
2020-05-26 08:00:00,4136001,0.4144524720689655,28.37274386206897,0.34858589676172314,0.35030936261610385,0.34174916186348686,22398.27163119041,9081.913214285714
2020-05-26 08:15:00,4136001,0.4670698486666666,29.114463266666668,0.4058374226880221,0.4076171969546184,0.3976566152273912,23139.271826962402,11729.3625
2020-05-26 08:30:00,4136001,0.5148884359999998,29.479894833333333,0.45621062160289355,0.45802680427219744,0.446834407456511,23595.635773804806,14704.219166666666
2020-05-26 08:45:00,4136001,0.5685772948275861,29.250902965517245,0.5091138583919794,0.5109197733173133,0.49843487769415323,23845.41226555886,18022.6125
2020-05-26 09:00:00,4136001,0.6259876306666667,29.43369843333333,0.5599796180763973,0.5617485530906963,0.5480215994316865,23822.421117968956,21671.135714285716
2020-05-26 09:15:00,4136001,0.6809812241379309,30.01162086206897,0.6019726320318924,0.603669556174837,0.5889182159579818,23540.790292375503,25591.933333333334
2020-05-26 09:30:00,4136001,0.7296872236666668,31.118697033333337,0.6383806799162522,0.639996002749173,0.6243569852148084,23298.202847727287,29748.66904761905
2020-05-26 09:45:00,4136001,0.7733682055172415,31.27024368965517,0.6098452000913238,0.6111816676633827,0.5962467606073836,20999.6823645016,33718.25738095238
2020-05-26 10:00:00,4136001,0.8099763006666665,31.42967723333333,0.5949890551587953,0.5960763192636935,0.5815105282763426,19562.12791282731,37589.73738095238
2020-05-26 10:15:00,4136001,0.8409387246666667,31.986549833333335,0.6129097484760764,0.6138103439752743,0.5988112022760005,19409.377477921396,41576.39880952381
2020-05-26 10:30:00,4136001,0.8708299762068966,31.98130951724137,0.6398126395106049,0.6400593487637456,0.6244187832987245,19565.856972586174,45733.545952380955
2020-05-26 10:45:00,4136001,0.8921483193333333,32.71930446666667,0.6875460624606967,0.6875328976327487,0.6707322629485581,20523.156972017958,50199.030952380956
2020-05-26 11:00:00,4136001,0.9120311520689653,32.877126724137945,0.6740080799564209,0.6738716770675898,0.6574048695745717,19680.44252210959,54575.787142857145
2020-05-26 11:15:00,4136001,0.9223363586666667,33.28965223333333,0.6642807289541761,0.6641145578947657,0.6478861765124938,19179.69753087183,58889.171428571426
2020-05-26 11:30:00,4136001,0.9279103813793104,33.292132034482755,0.5986495187474214,0.5985187333649123,0.5838932592595559,17180.904880385322,62776.514761904764
2020-05-26 11:45:00,4136001,0.9206189096666668,33.788357466666675,0.6018055125607467,0.601670985749218,0.5869684828341517,17408.273440840432,66684.33178571428
2020-05-26 12:00:00,4136001,0.9187599279310344,34.132262241379316,0.6073362980201152,0.6071949745055203,0.5923574867520357,17603.807960753147,70628.02678571429
2020-05-26 12:15:00,4136001,0.8841375929999998,34.20905173333334,0.6078018578907284,0.6076068885638211,0.5927593352300005,18307.18607230564,74574.39714285714
2020-05-26 12:30:00,4136001,0.9052871096666664,34.99182436666668,0.610714503867244,0.6105031358018496,0.5955848094301587,17965.16982623895,78539.57845238096
2020-05-26 12:45:00,4136001,0.8976051606896552,35.052430241379305,0.6048855819920383,0.6047020082317925,0.5899254388951417,17945.985862462043,82467.08178571428
2020-05-26 13:00:00,4136001,0.8801019616666667,35.18206683333334,0.5976671867051722,0.5974915234839311,0.5828911503999423,18084.472814785244,86347.75345238096
2020-05-26 13:15:00,4136001,0.7367161268965517,35.11403779310345,0.5878305982912829,0.5879710354014225,0.5736033060830485,21248.654800880722,90166.59011904761
2020-05-26 13:30:00,4136001,0.7406371426666668,34.848717366666676,0.5949356970909695,0.5950918532791195,0.5805501188182605,21391.634492667603,94031.67607142858
2020-05-26 13:45:00,4136001,0.8554158268965517,35.276455896551724,0.6564474999527931,0.6564310309177123,0.6403904051036061,20436.294225736397,98295.15630952381
2020-05-26 14:00:00,4136001,0.8205244800000001,35.58944219999999,0.6354419807544744,0.6358142493230582,0.6202774176068463,20623.567385536022,102424.73178571429
2020-05-26 14:15:00,4136001,0.6559813148275863,35.85149303448277,0.5966197664032428,0.5977660961975583,0.583159013622472,24220.639075432566,106307.18678571428
2020-05-26 14:30:00,4136001,0.7535172576666666,35.536837999999996,0.6655627530931943,0.6668365302755733,0.6505416344563227,23522.053613235254,110638.25011904762
2020-05-26 14:45:00,4136001,0.7243150323333335,35.52243240000001,0.6436210179574932,0.64502134326287,0.6292595259171436,23663.67263469401,114827.62511904762
2020-05-26 15:00:00,4136001,0.6602756279310344,35.69397924137931,0.5973618262077662,0.5988994326480923,0.5842646557303132,24093.041484941325,118717.44107142858
2020-05-26 15:15:00,4136001,0.608282797,35.67794563333332,0.5563914668290201,0.5580157022232893,0.5443799649467534,24358.713972748872,122341.71964285715
2020-05-26 15:30:00,4136001,0.5435938762068965,35.71428710344828,0.49367166878286955,0.49534482859431767,0.4832405241507484,24184.832173611372,125558.95464285715
2020-05-26 15:45:00,4136001,0.5014666836666666,35.899236233333326,0.4674581410964696,0.4691734849932723,0.4577087065775477,24824.474981735715,128606.20833333333
2020-05-26 16:00:00,4136001,0.4523626286206896,35.93234362068964,0.4206206115492608,0.42233414777074546,0.41201394090386567,24761.859825057367,131349.24333333335
2020-05-26 16:15:00,4136001,0.4015102666666665,35.85735566666667,0.3752753555249489,0.3769552514478441,0.3677439286243575,24890.45408505003,133797.54511904763
2020-05-26 16:30:00,4136001,0.36875262,36.129733133333325,0.34435780632823826,0.34600170532016894,0.33754676698746355,24868.766646709813,136044.80547619046
2020-05-26 16:45:00,4136001,0.3133076403448276,36.31928237931035,0.2904816431080545,0.29214408424931954,0.2850052170743528,24690.343729949964,137942.2638095238
2020-05-26 17:00:00,4136001,0.1544300921666666,35.64510623333332,0.1394705327567038,0.14017675700921542,0.1367513813016164,24050.823905307803,138852.70345238096
2020-05-26 17:15:00,4136001,0.1153053336896551,35.023723517241386,0.10690431939996349,0.10734326759895162,0.10472021489711476,24690.238511764597,139549.89154761905
2020-05-26 17:30:00,4136001,0.0905732479333333,34.622871999999994,0.08561051643170997,0.08549356653953534,0.0834044357005242,25171.355566817256,140105.16714285716
2020-05-26 17:45:00,4136001,0.0522844154827586,34.1636985862069,0.049807789362375385,0.049522396527831906,0.04831226142649432,25369.0636955493,140426.81214285715
2020-05-26 18:00:00,4136001,0.0313217537333333,33.863879499999996,0.029228383688281307,0.028972296877915787,0.028264326426634512,24850.673218795913,140614.9854761905
2020-05-26 18:15:00,4136001,0.0271783938333333,33.747506566666665,0.02363411929433455,0.023411759524085203,0.022839667017046542,23157.680887553022,140767.04345238095
2020-05-26 18:30:00,4136001,0.0181047242413793,33.429941000000014,0.015273961491782857,0.015119975170415167,0.014750501680278456,22466.695869560783,140865.2467857143
2020-05-26 18:45:00,4136001,0.0027898978513333,32.90912056666667,0.0008650837678749527,0.0008562709539259105,0.0008353470162683456,8257.51345577377,140870.8082142857
2020-05-26 19:00:00,4136001,0.0,32.57301940000001,0.0,0.0,0.0,0.0,140870.8082142857
2020-05-26 19:15:00,4136001,0.0,32.22199196551724,0.0,0.0,0.0,0.0,140870.8082142857
2020-05-26 19:30:00,4136001,0.0,32.0799193,0.0,0.0,0.0,0.0,140870.8082142857
2020-05-26 19:45:00,4136001,0.0,31.80501475862069,0.0,0.0,0.0,0.0,140870.8082142857
2020-05-26 20:00:00,4136001,0.0,31.45492246666667,0.0,0.0,0.0,0.0,140870.8082142857
2020-05-26 20:15:00,4136001,0.0,31.126100566666665,0.0,0.0,0.0,0.0,140870.8082142857
2020-05-26 20:30:00,4136001,0.0,30.858330896551724,0.0,0.0,0.0,0.0,140870.8082142857
2020-05-26 20:45:00,4136001,0.0,30.67841600000001,0.0,0.0,0.0,0.0,140870.8082142857
2020-05-26 21:00:00,4136001,0.0,30.486038333333337,0.0,0.0,0.0,0.0,140870.8082142857
2020-05-26 21:15:00,4136001,0.0,30.262353379310344,0.0,0.0,0.0,0.0,140870.8082142857
2020-05-26 21:30:00,4136001,0.0,30.00443303333333,0.0,0.0,0.0,0.0,140870.8082142857
2020-05-26 21:45:00,4136001,0.0,29.73663531034483,0.0,0.0,0.0,0.0,140870.8082142857
2020-05-26 22:00:00,4136001,0.0,29.409286366666674,0.0,0.0,0.0,0.0,140870.8082142857
2020-05-26 22:15:00,4136001,0.0,29.19312466666667,0.0,0.0,0.0,0.0,140870.8082142857
2020-05-26 22:30:00,4136001,0.0,28.909453172413787,0.0,0.0,0.0,0.0,140870.8082142857
2020-05-26 22:45:00,4136001,0.0,28.72979013333333,0.0,0.0,0.0,0.0,140870.8082142857
2020-05-26 23:00:00,4136001,0.0,28.394730206896547,0.0,0.0,0.0,0.0,140870.8082142857
2020-05-26 23:15:00,4136001,0.0,28.08758353333333,0.0,0.0,0.0,0.0,140870.8082142857
2020-05-26 23:30:00,4136001,0.0,27.919102966666667,0.0,0.0,0.0,0.0,140870.8082142857
2020-05-26 23:45:00,4136001,0.0,27.749124413793112,0.0,0.0,0.0,0.0,140870.8082142857
2020-05-27 00:00:00,4136001,0.0,27.54517020000001,0.0,0.0,0.0,0.0,0.0
2020-05-27 00:15:00,4136001,0.0,27.308865172413796,0.0,0.0,0.0,0.0,0.0
2020-05-27 00:30:00,4136001,0.0,27.243481233333338,0.0,0.0,0.0,0.0,0.0
2020-05-27 00:45:00,4136001,0.0,27.037514333333338,0.0,0.0,0.0,0.0,0.0
2020-05-27 01:00:00,4136001,0.0,26.721017896551725,0.0,0.0,0.0,0.0,0.0
2020-05-27 01:15:00,4136001,0.0,26.440528499999996,0.0,0.0,0.0,0.0,0.0
2020-05-27 01:30:00,4136001,0.0,26.336817137931032,0.0,0.0,0.0,0.0,0.0
2020-05-27 01:45:00,4136001,0.0,26.302457966666665,0.0,0.0,0.0,0.0,0.0
2020-05-27 02:00:00,4136001,0.0,26.29570036666667,0.0,0.0,0.0,0.0,0.0
2020-05-27 02:15:00,4136001,0.0,26.32174162068965,0.0,0.0,0.0,0.0,0.0
2020-05-27 02:30:00,4136001,0.0,26.358147999999993,0.0,0.0,0.0,0.0,0.0
2020-05-27 02:45:00,4136001,0.0,26.346510068965515,0.0,0.0,0.0,0.0,0.0
2020-05-27 03:00:00,4136001,0.0,26.33055106666666,0.0,0.0,0.0,0.0,0.0
2020-05-27 03:15:00,4136001,0.0,26.293633066666665,0.0,0.0,0.0,0.0,0.0
2020-05-27 03:30:00,4136001,0.0,26.139750413793102,0.0,0.0,0.0,0.0,0.0
2020-05-27 03:45:00,4136001,0.0,25.990677766666664,0.0,0.0,0.0,0.0,0.0
2020-05-27 04:00:00,4136001,0.0,25.853110586206896,0.0,0.0,0.0,0.0,0.0
2020-05-27 04:15:00,4136001,0.0,25.729985533333338,0.0,0.0,0.0,0.0,0.0
2020-05-27 04:30:00,4136001,0.0,25.6414103,0.0,0.0,0.0,0.0,0.0
2020-05-27 04:45:00,4136001,0.0,25.632463206896553,0.0,0.0,0.0,0.0,0.0
2020-05-27 05:00:00,4136001,0.0,25.662893466666667,0.0,0.0,0.0,0.0,0.0
2020-05-27 05:15:00,4136001,0.0,25.65468393103448,0.0,0.0,0.0,0.0,0.0
2020-05-27 05:30:00,4136001,8.957014266666669e-06,25.677758833333332,0.0,0.0,0.0,0.0,0.0
2020-05-27 05:45:00,4136001,0.0010940335161666,25.8521579,0.0,0.0,0.0,0.0,0.0
2020-05-27 06:00:00,4136001,0.013587657275862,25.866408896551725,0.009518478485397629,0.009422224776917459,0.009191982184985696,18655.30603367562,61.19678571428571
2020-05-27 06:15:00,4136001,0.0311494365,25.87323526666667,0.02653762788054888,0.026297375775871826,0.025654770010992044,22687.745127924747,231.99666666666667
2020-05-27 06:30:00,4136001,0.0565350018275862,25.858954275862068,0.0520870943857013,0.051796914363575,0.05053119887710592,24535.343936415644,568.4145238095239
2020-05-27 06:45:00,4136001,0.0924335526333333,26.015494833333324,0.08171380391811295,0.08151037427541809,0.07951857719067054,23542.100655073857,1097.8195238095238
2020-05-27 07:00:00,4136001,0.1447626058666667,26.345866766666663,0.11788785593264467,0.11841807918717386,0.11552440108787515,21686.631810323197,1866.9378571428572
2020-05-27 07:15:00,4136001,0.2032806665517241,26.68681624137931,0.15684198129806873,0.1576647110478694,0.15381199764022874,20546.86999714584,2890.9607142857144
2020-05-27 07:30:00,4136001,0.2717896166666667,27.12697023333333,0.20784025996393968,0.20935003671447755,0.2042343346148806,20364.616928540116,4250.676666666666
2020-05-27 07:45:00,4136001,0.3388386143333332,27.601201399999997,0.26181902660006967,0.2636132115811691,0.25717152816361843,20577.269054920187,5962.828690476191
2020-05-27 08:00:00,4136001,0.3980809603448276,27.946249172413793,0.31845807915533464,0.3200668461751462,0.31224565510832686,21303.957849814793,8041.64369047619
2020-05-27 08:15:00,4136001,0.4448523619999999,28.348582066666665,0.3681885136244748,0.3698548340661596,0.36081701787624015,22041.1253355707,10443.828690476192
2020-05-27 08:30:00,4136001,0.4987673606896552,28.668387482758625,0.4222037582962497,0.4239133257891211,0.4135545299426021,22542.57372505971,13197.120357142858
2020-05-27 08:45:00,4136001,0.5528661323333331,29.114828566666667,0.46965826732477806,0.4713748689753857,0.45985629728197147,22622.54257872822,16258.671904761904
2020-05-27 09:00:00,4136001,0.6103561627586208,29.509938137931034,0.5158938019955058,0.5175788031478057,0.5049311866891505,22509.010593486117,19620.315238095238
2020-05-27 09:15:00,4136001,0.6693973010000001,30.09863990000001,0.5311374724125915,0.5326797891772784,0.5196631632493661,21130.141963330083,23080.038571428573
2020-05-27 09:30:00,4136001,0.718648328,30.5813742,0.4666337553722848,0.46785599420002716,0.45642341014415544,17291.75849878737,26118.73523809524
2020-05-27 09:45:00,4136001,0.7639972810344828,30.935180586206897,0.4107200792846529,0.411659354533805,0.40159999816894565,14316.391014787056,28792.438095238096
2020-05-27 10:00:00,4136001,0.79805604,31.312980233333334,0.3991685761607024,0.3999838555643416,0.39020980306438385,13319.94358262288,31390.309285714287
2020-05-27 10:15:00,4136001,0.8365737737931034,31.92247924137931,0.40754062508761874,0.4082380465511458,0.39826229367021676,12973.16946014786,34041.79095238095
2020-05-27 10:30:00,4136001,0.8668503409999999,32.06901443333333,0.4136992261506603,0.41390656173247825,0.4037922923484244,12709.252657489584,36730.08928571428
2020-05-27 10:45:00,4136001,0.8864955837931034,32.310293586206896,0.3903042525664801,0.3903423208729682,0.38080387004778476,11724.818701889692,39265.33928571429
2020-05-27 11:00:00,4136001,0.9083214753333332,32.85389013333333,0.3848030250448179,0.3847809953598128,0.3753784417384259,11281.798132152415,41764.46880952381
2020-05-27 11:15:00,4136001,0.922354443,33.18971146666667,0.35944365559698954,0.359384632326516,0.35060266721674593,10377.969921771893,44098.65047619048
2020-05-27 11:30:00,4136001,0.9298871575862068,33.38143824137932,0.36419059244335317,0.36410215080064984,0.35520490785505143,10429.846160232486,46463.47214285714
2020-05-27 11:45:00,4136001,0.9260495819999998,33.659670966666674,0.36512886474058825,0.3650403170072117,0.3561201489219381,10500.049733478168,48834.387142857144
2020-05-27 12:00:00,4136001,0.9195128537931032,33.98225544827586,0.36890596863632796,0.36880905661782837,0.35979679516853424,10684.084313358995,51229.77988095238
2020-05-27 12:15:00,4136001,0.9092761316666667,34.103615266666665,0.373779058689297,0.3736845735426609,0.36455317338882953,10947.087873120092,53656.83880952381
2020-05-27 12:30:00,4136001,0.9003745003333333,34.4032065,0.41525884098838023,0.41512391963289663,0.40497990274812645,12282.170729223535,56353.043809523806
2020-05-27 12:45:00,4136001,0.894425374137931,35.2097264137931,0.41233237269737766,0.4122088298882186,0.4021360464790255,12276.731315436338,59030.31547619047
2020-05-27 13:00:00,4136001,0.8813539596666666,34.87108163333334,0.4064511477563576,0.40634939685741084,0.3964197952423486,12281.104409054566,61669.53047619048
2020-05-27 13:15:00,4136001,0.871650222413793,34.894239724137925,0.4038083140738841,0.4037784211398115,0.393911644189521,12337.08169111784,64292.04714285714
2020-05-27 13:30:00,4136001,0.8556886543333331,35.0906768,0.38960882742713404,0.38969828472886137,0.38017557164658133,12125.298639461349,66823.11416666667
2020-05-27 13:45:00,4136001,0.8315519148275862,35.51851879310345,0.4215984374812245,0.4218866199085343,0.4115773488850882,13501.718653763046,69563.2425
2020-05-27 14:00:00,4136001,0.8040098256666666,35.476049966666665,0.44871901655788105,0.449277612570826,0.4382990120317436,14862.523293165497,72481.2736904762
2020-05-27 14:15:00,4136001,0.7707152826666666,35.65742886666667,0.43577240738441325,0.43662527260002415,0.42595584612734866,15057.233534863068,75317.1286904762
2020-05-27 14:30:00,4136001,0.727426555862069,35.912321000000006,0.4724918775573964,0.4735510685176778,0.461979318956505,17297.551201339378,78392.81452380952
2020-05-27 14:45:00,4136001,0.6953102462068966,36.235972448275874,0.5014408191353629,0.5008814645583906,0.4886418662277477,19205.272969542246,81646.00964285714
2020-05-27 15:00:00,4136001,0.6456942672413793,36.51302789655173,0.47367535735600325,0.4750000902717366,0.46339293224469524,19535.89400103687,84731.10678571429
2020-05-27 15:15:00,4136001,0.6026225323333332,36.57019083333334,0.5557956767948767,0.5574922544558817,0.5438693082105048,24561.17997925013,88351.98559523809
2020-05-27 15:30:00,4136001,0.5468141826666665,36.45769750000001,0.5321568546949663,0.5339566806006514,0.5209088524038595,25916.677211179,91820.00226190477
2020-05-27 15:45:00,4136001,0.4925972475862069,36.80793193103448,0.48132472990517994,0.4831437556601983,0.4713375980686954,26021.098354448743,94957.99202380952
2020-05-27 16:00:00,4136001,0.441205682,36.715187866666675,0.43235464790255584,0.43415893877976103,0.42354977993015663,26096.271655298704,97777.82833333334
2020-05-27 16:15:00,4136001,0.383355916,36.964430766666666,0.3705729612211301,0.37228086178513653,0.36318376289677373,25742.515772955263,100195.77023809524
2020-05-27 16:30:00,4136001,0.3314189710344827,36.57648327586207,0.3272182078898987,0.32891168009412164,0.3208743556262292,26292.962769955662,102332.03190476191
2020-05-27 16:45:00,4136001,0.2773934323333332,36.525304099999985,0.27233578732761626,0.27423424502044147,0.26753302478160385,26144.95930561549,104113.1669047619
2020-05-27 17:00:00,4136001,0.2247577820689655,36.38729220689656,0.22061139905712146,0.22223171271951864,0.21680123247123098,26139.22098381728,105556.54857142858
2020-05-27 17:15:00,4136001,0.1787798223333333,36.145007199999995,0.17356809047353924,0.17449066624152496,0.17022679181541597,25854.182704456045,106689.855
2020-05-27 17:30:00,4136001,0.1312430646666667,35.660515200000006,0.12566039549629296,0.12624902861654375,0.1231639925167098,25497.728268531693,107509.83488095239
2020-05-27 17:45:00,4136001,0.0984507385172413,35.27785006896551,0.09093096310024965,0.09086065660233644,0.08864037491981985,24596.439351478755,108099.96940476191
2020-05-27 18:00:00,4136001,0.0688152109333333,34.87930386666667,0.06318768249746656,0.06291487309251009,0.06137747785997813,24452.733300929398,108508.59773809524
2020-05-27 18:15:00,4136001,0.0424576224137931,34.3074077586207,0.03895557375801587,0.03865393604842245,0.03770938392460176,24433.9321819784,108759.65273809523
2020-05-27 18:30:00,4136001,0.0170757014,33.31375693333333,0.015964004332732325,0.015803584244343173,0.015417406002539442,24896.753219725648,108862.29607142857
2020-05-27 18:45:00,4136001,0.00277697229,32.73957140000001,0.0006612001588439638,0.0006536040317245493,0.0006376324867949511,6340.7529493552265,108866.54119047619
2020-05-27 19:00:00,4136001,0.0001495296034482,32.29425027586207,0.0,0.0,0.0,0.0,108866.54119047619
2020-05-27 19:15:00,4136001,0.0,31.97675153333334,0.0,0.0,0.0,0.0,108866.54119047619
2020-05-27 19:30:00,4136001,0.0,31.720192620689655,0.0,0.0,0.0,0.0,108866.54119047619
2020-05-27 19:45:00,4136001,0.0,31.482985366666675,0.0,0.0,0.0,0.0,108866.54119047619
2020-05-27 20:00:00,4136001,0.0,31.1700011,0.0,0.0,0.0,0.0,108866.54119047619
2020-05-27 20:15:00,4136001,0.0,30.763200344827585,0.0,0.0,0.0,0.0,108866.54119047619
2020-05-27 20:30:00,4136001,0.0,30.48431633333333,0.0,0.0,0.0,0.0,108866.54119047619
2020-05-27 20:45:00,4136001,0.0,30.267170137931036,0.0,0.0,0.0,0.0,108866.54119047619
2020-05-27 21:00:00,4136001,0.0,29.83689053333333,0.0,0.0,0.0,0.0,108866.54119047619
2020-05-27 21:15:00,4136001,0.0,29.4307483,0.0,0.0,0.0,0.0,108866.54119047619
2020-05-27 21:30:00,4136001,0.0,29.027173344827585,0.0,0.0,0.0,0.0,108866.54119047619
2020-05-27 21:45:00,4136001,0.0,28.654245033333332,0.0,0.0,0.0,0.0,108866.54119047619
2020-05-27 22:00:00,4136001,0.0,28.21444182758621,0.0,0.0,0.0,0.0,108866.54119047619
2020-05-27 22:15:00,4136001,0.0,27.881787100000004,0.0,0.0,0.0,0.0,108866.54119047619
2020-05-27 22:30:00,4136001,0.0,27.65537803333333,0.0,0.0,0.0,0.0,108866.54119047619
2020-05-27 22:45:00,4136001,0.0,27.545815103448277,0.0,0.0,0.0,0.0,108866.54119047619
2020-05-27 23:00:00,4136001,0.0,27.433627633333337,0.0,0.0,0.0,0.0,108866.54119047619
2020-05-27 23:15:00,4136001,0.0,27.277592699999996,0.0,0.0,0.0,0.0,108866.54119047619
2020-05-27 23:30:00,4136001,0.0,27.151248275862073,0.0,0.0,0.0,0.0,108866.54119047619
2020-05-27 23:45:00,4136001,0.0,27.031506266666668,0.0,0.0,0.0,0.0,108866.54119047619
2020-05-28 00:00:00,4136001,0.0,26.95437820689655,0.0,0.0,0.0,0.0,0.0
2020-05-28 00:15:00,4136001,0.0,26.77435536666667,0.0,0.0,0.0,0.0,0.0
2020-05-28 00:30:00,4136001,0.0,26.6561134,0.0,0.0,0.0,0.0,0.0
2020-05-28 00:45:00,4136001,0.0,26.550078275862067,0.0,0.0,0.0,0.0,0.0
2020-05-28 01:00:00,4136001,0.0,26.52567636666667,0.0,0.0,0.0,0.0,0.0
2020-05-28 01:15:00,4136001,0.0,26.47003672413793,0.0,0.0,0.0,0.0,0.0
2020-05-28 01:30:00,4136001,0.0,26.33213006666666,0.0,0.0,0.0,0.0,0.0
2020-05-28 01:45:00,4136001,0.0,26.23442876666667,0.0,0.0,0.0,0.0,0.0
2020-05-28 02:00:00,4136001,0.0,26.130086,0.0,0.0,0.0,0.0,0.0
2020-05-28 02:15:00,4136001,0.0,26.052109866666665,0.0,0.0,0.0,0.0,0.0
2020-05-28 02:30:00,4136001,0.0,25.994292206896553,0.0,0.0,0.0,0.0,0.0
2020-05-28 02:45:00,4136001,0.0,25.821884333333333,0.0,0.0,0.0,0.0,0.0
2020-05-28 03:00:00,4136001,0.0,25.6450083,0.0,0.0,0.0,0.0,0.0
2020-05-28 03:15:00,4136001,0.0,25.4630914137931,0.0,0.0,0.0,0.0,0.0
2020-05-28 03:30:00,4136001,0.0,25.396689766666665,0.0,0.0,0.0,0.0,0.0
2020-05-28 03:45:00,4136001,0.0,25.322547366666665,0.0,0.0,0.0,0.0,0.0
2020-05-28 04:00:00,4136001,0.0,25.22778513793103,0.0,0.0,0.0,0.0,0.0
2020-05-28 04:15:00,4136001,0.0,25.1873179,0.0,0.0,0.0,0.0,0.0
2020-05-28 04:30:00,4136001,0.0,25.09606627586207,0.0,0.0,0.0,0.0,0.0
2020-05-28 04:45:00,4136001,0.0,25.066149966666664,0.0,0.0,0.0,0.0,0.0
2020-05-28 05:00:00,4136001,0.0,24.957902033333333,0.0,0.0,0.0,0.0,0.0
2020-05-28 05:15:00,4136001,0.0,24.824542758620687,0.0,0.0,0.0,0.0,0.0
2020-05-28 05:30:00,4136001,0.0,24.733798100000005,0.0,0.0,0.0,0.0,0.0
2020-05-28 05:45:00,4136001,0.0007518960316206,24.625941517241376,0.0,0.0,0.0,0.0,0.0
2020-05-28 06:00:00,4136001,0.0113989684833333,24.53575763333334,0.009479711631829904,0.009377831244714176,0.009148673458352382,22146.698991109257,60.908452380952376
2020-05-28 06:15:00,4136001,0.0275119194,24.444755166666667,0.02460743911601274,0.024383358349449206,0.023787523739333395,23819.078629191223,219.27690476190475
2020-05-28 06:30:00,4136001,0.0502204798965517,24.534789137931035,0.04598485546400919,0.04568325412729253,0.04456693276082367,24384.47427269776,515.9869047619047
2020-05-28 06:45:00,4136001,0.0845067319333333,24.850560400000003,0.07905502003573989,0.07881552923881387,0.07688958370407414,24912.51513259409,1027.8890476190477
2020-05-28 07:00:00,4136001,0.1236372101724137,25.183908448275865,0.1055894292660848,0.10589166141547879,0.10330408033293145,22743.153101552267,1715.6490476190477
2020-05-28 07:15:00,4136001,0.1933547477,25.478246866666662,0.15575445303831995,0.15654261045003587,0.15271731682447112,21451.865285643566,2732.3839285714284
2020-05-28 07:30:00,4136001,0.3130934316666667,26.059727933333335,0.2444302688731634,0.24622258605448855,0.24020586200602304,20790.28573072079,4331.584880952381
2020-05-28 07:45:00,4136001,0.3736760334482758,26.61136382758621,0.2952315661465518,0.29701094975086556,0.2897531552785577,21040.06007001375,6260.653214285714
2020-05-28 08:00:00,4136001,0.4216330299999999,27.2177164,0.3411678736366513,0.3428171200742586,0.33444000064086904,21548.295998853162,8487.229880952382
2020-05-28 08:15:00,4136001,0.4630431651724139,27.694369551724133,0.3993998361778572,0.40114662884919366,0.39134416268460026,22970.25590700515,11092.653214285714
2020-05-28 08:30:00,4136001,0.5144629306666667,27.86624953333333,0.45115726925711264,0.4529404822219025,0.4418723753695725,23353.57117197466,14034.474523809524
2020-05-28 08:45:00,4136001,0.5767309066666667,28.353888033333337,0.5152865857531383,0.5170815112724105,0.5044460466964633,23793.319724191515,17392.887976190475
2020-05-28 09:00:00,4136001,0.6353010537931034,28.817779586206896,0.5631196795712128,0.5648651916710915,0.5510620794654694,23604.812696936177,21061.65357142857
2020-05-28 09:15:00,4136001,0.689092685,29.13839216666667,0.600870029760355,0.6025300610839973,0.5878065657030933,23221.07559933441,24975.05023809524
2020-05-28 09:30:00,4136001,0.7303585513793102,29.812256862068967,0.6401455373486448,0.641715949688821,0.626034903328914,23341.13835978963,29142.956904761904
2020-05-28 09:45:00,4136001,0.7954705493333332,29.88314706666666,0.5856465116698243,0.5867975944717552,0.5724585394938393,19606.08516104595,32954.17214285714
2020-05-28 10:00:00,4136001,0.8190595527586207,30.26816117241379,0.5203769168134847,0.5212847099638753,0.5085465355307511,16919.28371472754,36339.88511904762
2020-05-28 10:15:00,4136001,0.8502744063333334,30.916080633333333,0.5149044068041979,0.5156558593587972,0.5030552321805511,16126.752888196017,39689.039047619044
2020-05-28 10:30:00,4136001,0.8928550653333334,31.428188,0.5234875813031041,0.5235354363855805,0.5107422629371141,15613.664596957815,43089.370357142856
2020-05-28 10:45:00,4136001,0.944926685862069,31.867666034482763,0.5173302498187542,0.5171592457769827,0.5045218816715465,14579.720175960469,46448.28869047619
2020-05-28 11:00:00,4136001,0.950091591,32.250002933333334,0.5094087940390026,0.5091448935056533,0.49670336905415163,14278.427905498942,49755.154285714285
2020-05-28 11:15:00,4136001,0.9295386206896552,32.65010024137931,0.5032860988071254,0.5030257344833836,0.49073373852086283,14418.72721714334,53022.27630952381
2020-05-28 11:30:00,4136001,0.9395630633333332,33.2425792,0.5168140498515987,0.5165154112550288,0.5038937799656333,14648.319561618644,56377.012976190475
2020-05-28 11:45:00,4136001,0.9374205993333332,33.30460926666666,0.5172023263545368,0.5169036622042981,0.5042725435690797,14692.828395061108,59734.27130952381
2020-05-28 12:00:00,4136001,0.9325944065517242,33.82084693103447,0.5244920505062006,0.5241881239529739,0.511379001354408,14977.024255661105,63138.841785714285
2020-05-28 12:15:00,4136001,0.9208775076666667,33.921571300000004,0.526781476396279,0.526477506840169,0.5136124406123275,15233.793313720014,66558.28166666666
2020-05-28 12:30:00,4136001,0.9164318455172416,34.537515655172406,0.5190260493228818,0.5187312387150018,0.5060554612053945,15082.329072562356,69927.41
2020-05-28 12:45:00,4136001,0.9112355296666667,34.8263913,0.5187248730707411,0.5184253229212477,0.5057570208059271,15159.534215626303,73294.55142857143
2020-05-28 13:00:00,4136001,0.908015837,34.803477833333346,0.5172156479901031,0.5169158328506164,0.5042844168120544,15169.024812840089,76651.8888095238
2020-05-28 13:15:00,4136001,0.8661959731034484,35.44179665517242,0.5142399343509799,0.514179655272675,0.5016151007909582,15809.898019884342,79991.45488095238
2020-05-28 13:30:00,4136001,0.8731674043333335,35.42169006666666,0.07315720116477945,0.07312384583918868,0.07133698294887866,2231.2025433665854,80466.38988095238
2020-05-28 13:45:00,4136001,0.8494377324137931,35.62051265517242,0.23176024904055612,0.2318320981624212,0.22616702176723066,7265.856721015421,81972.12547619047
2020-05-28 14:00:00,4136001,0.825664062,35.9137401,0.4157763999411774,0.4161862850856226,0.4060163081138023,13410.219361680527,84675.23047619048
2020-05-28 14:15:00,4136001,0.7929243776666665,35.93972580000001,0.4204296025410456,0.421113967160187,0.41082357677010023,14120.203198040746,87410.34047619047
2020-05-28 14:30:00,4136001,0.756161510689655,36.14210455172413,0.4512045297709408,0.4520946406320656,0.4410472028642267,15890.527444508854,90346.6680952381
2020-05-28 14:45:00,4136001,0.7166423916666665,36.35511349999999,0.4806476662024034,0.4816438842352091,0.4698743776781095,17860.917841257877,93474.91628205129
2020-05-28 15:00:00,4136001,0.678660646551724,36.457962517241384,0.6240396084233077,0.6256120400831438,0.6103245107508638,24487.188165130156,97538.22902014652
2020-05-28 15:15:00,4136001,0.6340104356666667,36.6095683,0.5984477451424131,0.6001229858473895,0.5854583100398426,25136.757646439728,101435.99187728937
2020-05-28 15:30:00,4136001,0.5767240336666666,36.39649043333333,0.5449499521350951,0.5466888996025606,0.5333299454059706,25163.323333463002,104986.70354395604
2020-05-28 15:45:00,4136001,0.5181575251724136,36.59087493103448,0.4946153770226713,0.49640180523677613,0.48427167238775776,25420.567019373582,108210.80354395605
2020-05-28 16:00:00,4136001,0.4516247826666666,36.38811346666667,0.4364146711512239,0.43820604526633616,0.4274979908470171,25733.627240074835,111056.92556776557
2020-05-28 16:15:00,4136001,0.3893451389655172,36.4456671724138,0.37729559496963594,0.3790352772232201,0.3697731266454455,25806.339547063748,113518.736996337
2020-05-28 16:30:00,4136001,0.3311419660000001,36.29604069999999,0.32134882042907326,0.3230359156689318,0.3151421720710426,25842.93983675238,115616.83592490843
2020-05-28 16:45:00,4136001,0.2460547723333333,36.0796324,0.23611917760483214,0.23777689068103694,0.23196654663724012,25555.177303429584,117161.1825915751
2020-05-28 17:00:00,4136001,0.2249348289655172,36.11797693103448,0.21649133010075947,0.21806557584560743,0.21273689980756763,25630.863108387868,118577.50544871794
2020-05-28 17:15:00,4136001,0.1816261371428571,35.92730935714287,0.17341839572922418,0.17434469039290645,0.17008438304978915,25427.065819041818,119709.86377289378
2020-05-28 17:30:00,4136001,0.1379701603448275,35.615666137931036,0.13237854101590327,0.13301453327303486,0.1297641745063449,25551.232311659645,120573.7852014652
2020-05-28 17:45:00,4136001,0.1007002154999999,35.353067933333335,0.0936627566980826,0.09363442754714352,0.09134636567185102,24769.42729746859,121181.93520146521
2020-05-28 18:00:00,4136001,0.0671790305666666,34.86090699999999,0.06218957906921785,0.06190819201254779,0.06039539615718915,24652.63321054466,121584.0252014652
2020-05-28 18:15:00,4136001,0.0407689018275862,34.393154724137936,0.03743356348351221,0.037135244675905864,0.03622780347293787,24451.842390079506,121825.21639194139
2020-05-28 18:30:00,4136001,0.0176701960233333,33.86342440000001,0.01629958437927544,0.016135014405078005,0.015740737296917478,24564.87692060749,121930.01234432234
2020-05-28 18:45:00,4136001,0.0030869890448275,33.303918310344834,0.0008897064419352642,0.0008786326836071677,0.0008571623120952011,7675.224300855047,121935.719010989
2020-05-28 19:00:00,4136001,4.860614666666669e-05,32.856109499999995,0.0,0.0,0.0,0.0,121935.719010989
2020-05-28 19:15:00,4136001,0.0,32.498491433333335,0.0,0.0,0.0,0.0,121935.719010989
2020-05-28 19:30:00,4136001,0.0,32.208015068965516,0.0,0.0,0.0,0.0,121935.719010989
2020-05-28 19:45:00,4136001,0.0,31.99126903333333,0.0,0.0,0.0,0.0,121935.719010989
2020-05-28 20:00:00,4136001,0.0,31.824949137931036,0.0,0.0,0.0,0.0,121935.719010989
2020-05-28 20:15:00,4136001,0.0,31.52625613333333,0.0,0.0,0.0,0.0,121935.719010989
2020-05-28 20:30:00,4136001,0.0,30.895616599999997,0.0,0.0,0.0,0.0,121935.719010989
2020-05-28 20:45:00,4136001,0.0,30.473426862068965,0.0,0.0,0.0,0.0,121935.719010989
2020-05-28 21:00:00,4136001,0.0,30.115943400000003,0.0,0.0,0.0,0.0,121935.719010989
2020-05-28 21:15:00,4136001,0.0,29.71401663414634,0.0,0.0,0.0,0.0,121935.719010989
2020-05-28 21:30:00,4136001,0.0,29.253361999999992,0.0,0.0,0.0,0.0,121935.719010989
2020-05-28 21:45:00,4136001,0.0,28.92670510344827,0.0,0.0,0.0,0.0,121935.719010989
2020-05-28 22:00:00,4136001,0.0,28.640241466666676,0.0,0.0,0.0,0.0,121935.719010989
2020-05-28 22:15:00,4136001,0.0,28.329109766666665,0.0,0.0,0.0,0.0,121935.719010989
2020-05-28 22:30:00,4136001,0.0,28.081277724137937,0.0,0.0,0.0,0.0,121935.719010989
2020-05-28 22:45:00,4136001,0.0,27.772994866666664,0.0,0.0,0.0,0.0,121935.719010989
2020-05-28 23:00:00,4136001,0.0,27.59085896551724,0.0,0.0,0.0,0.0,121935.719010989
2020-05-28 23:15:00,4136001,0.0,27.44111243333333,0.0,0.0,0.0,0.0,121935.719010989
2020-05-28 23:30:00,4136001,0.0,27.3101562,0.0,0.0,0.0,0.0,121935.719010989
2020-05-28 23:45:00,4136001,0.0,27.138604379310344,0.0,0.0,0.0,0.0,121935.719010989
2020-05-29 00:00:00,4136001,0.0,26.990763133333335,0.0,0.0,0.0,0.0,0.0
2020-05-29 00:15:00,4136001,0.0,26.80260293103448,0.0,0.0,0.0,0.0,0.0
2020-05-29 00:30:00,4136001,0.0,26.68132143333333,0.0,0.0,0.0,0.0,0.0
2020-05-29 00:45:00,4136001,0.0,26.4969411,0.0,0.0,0.0,0.0,0.0
2020-05-29 01:00:00,4136001,0.0,26.38262417241379,0.0,0.0,0.0,0.0,0.0
2020-05-29 01:15:00,4136001,0.0,26.30350463333333,0.0,0.0,0.0,0.0,0.0
2020-05-29 01:30:00,4136001,0.0,26.22506880000001,0.0,0.0,0.0,0.0,0.0
2020-05-29 01:45:00,4136001,0.0,26.097451068965515,0.0,0.0,0.0,0.0,0.0
2020-05-29 02:00:00,4136001,0.0,25.955143300000003,0.0,0.0,0.0,0.0,0.0
2020-05-29 02:15:00,4136001,0.0,25.833975034482755,0.0,0.0,0.0,0.0,0.0
2020-05-29 02:30:00,4136001,0.0,25.68029873333333,0.0,0.0,0.0,0.0,0.0
2020-05-29 02:45:00,4136001,0.0,25.56937136666667,0.0,0.0,0.0,0.0,0.0
2020-05-29 03:00:00,4136001,0.0,25.465695000000004,0.0,0.0,0.0,0.0,0.0
2020-05-29 03:15:00,4136001,0.0,25.375859299999995,0.0,0.0,0.0,0.0,0.0
2020-05-29 03:30:00,4136001,0.0,25.321092137931036,0.0,0.0,0.0,0.0,0.0
2020-05-29 03:45:00,4136001,0.0,25.334724766666668,0.0,0.0,0.0,0.0,0.0
2020-05-29 04:00:00,4136001,0.0,25.3367522,0.0,0.0,0.0,0.0,0.0
2020-05-29 04:15:00,4136001,0.0,25.283853448275863,0.0,0.0,0.0,0.0,0.0
2020-05-29 04:30:00,4136001,0.0,25.236387966666666,0.0,0.0,0.0,0.0,0.0
2020-05-29 04:45:00,4136001,0.0,25.271249724137935,0.0,0.0,0.0,0.0,0.0
2020-05-29 05:00:00,4136001,0.0,25.226778066666668,0.0,0.0,0.0,0.0,0.0
2020-05-29 05:15:00,4136001,0.0,24.964557866666667,0.0,0.0,0.0,0.0,0.0
2020-05-29 05:30:00,4136001,0.0,24.767082344827585,0.0,0.0,0.0,0.0,0.0
2020-05-29 05:45:00,4136001,0.0009392253286666,24.619948399999995,0.0,0.0,0.0,0.0,0.0
2020-05-29 06:00:00,4136001,0.0161589714206896,24.4827584137931,0.014005205344160967,0.013862531120150177,0.01352378468059832,23081.030628482764,90.03630952380952
2020-05-29 06:15:00,4136001,0.044439674,24.557709733333336,0.041429177965320974,0.041130992501360535,0.040125910734956596,24826.46474859379,357.1796428571429
2020-05-29 06:30:00,4136001,0.0705033599333333,24.89217619999999,0.0684751022386356,0.06820617155512101,0.06653947753153276,25864.393815996296,800.1746428571429
2020-05-29 06:45:00,4136001,0.087852315137931,25.17763658620689,0.08409276192803156,0.08385373691172085,0.08180467714220482,25490.88038974129,1344.7996428571428
2020-05-29 07:00:00,4136001,0.0993941285333333,25.373830933333338,0.08884947989473725,0.08862497852494956,0.08645932813466489,23805.296163677893,1920.4135714285715
2020-05-29 07:15:00,4136001,0.1120997714827586,25.4577804137931,0.09942474853043584,0.0994644604022065,0.09703393515893265,23619.41860852643,2566.429285714286
2020-05-29 07:30:00,4136001,0.1492939266666666,25.654827733333335,0.12582411750333453,0.12641686989415957,0.12332773240514137,22444.047623459934,3387.4992857142856
2020-05-29 07:45:00,4136001,0.1780584679310345,25.90209655172414,0.15047579517826173,0.15123747337602383,0.14754181670344987,22505.229395878836,4369.777619047619
2020-05-29 08:00:00,4136001,0.218879112,26.17342826666667,0.18854200224075277,0.18965210225828358,0.18501774119992423,22939.46188715828,5601.556666666666
2020-05-29 08:15:00,4136001,0.3768298110344826,26.85397320689655,0.32623614406849977,0.32800023798745753,0.3199851856259946,23055.05975143992,7731.898571428572
2020-05-29 08:30:00,4136001,0.5176104069999999,27.773820866666664,0.44924117102791383,0.4510141658441552,0.4399931306852091,23112.981961353806,10661.208571428571
2020-05-29 08:45:00,4136001,0.6179401333333332,28.271382566666663,0.5391430780137867,0.5408664184135866,0.5276497430515779,23234.699542630995,14174.103571428572
2020-05-29 09:00:00,4136001,0.7064269782758623,28.463988172413796,0.6118327344736606,0.6134172357650498,0.5984277001041984,23064.54342110796,18158.211785714284
2020-05-29 09:15:00,4136001,0.79107714,29.081870566666677,0.5782835095818502,0.5795168718975506,0.5653557295120755,19467.106402724337,21922.139166666668
2020-05-29 09:30:00,4136001,0.7860884686206897,29.04403168965517,0.5406775337357457,0.5417468656965696,0.5285086756212853,18316.661853507438,25440.75261904762
2020-05-29 09:45:00,4136001,0.775009372,29.62591830000001,0.5087481124404692,0.5097847872309831,0.49732762626121013,17481.362793119875,28751.774285714288
2020-05-29 10:00:00,4136001,0.7475488296551724,29.86575410344828,0.47677175249638504,0.4778524938561605,0.4661756341599208,16984.406676404033,31855.39761904762
2020-05-29 10:15:00,4136001,0.7135236940000002,29.9178681,0.4951108345774012,0.49633354697338844,0.4842050820913158,18478.78702813249,35079.05428571429
2020-05-29 10:30:00,4136001,0.7075077343333332,30.44296473333333,0.44522792549554335,0.4463767830111414,0.4354690674840798,16758.32596977538,37978.24476190476
2020-05-29 10:45:00,4136001,0.7067424499999999,30.793403310344825,0.44976668719927076,0.4508479742023356,0.43983100012187953,16947.495883266616,40906.47535714286
2020-05-29 11:00:00,4136001,0.713380371,31.1520284,0.39739887287161385,0.3981627676211026,0.3884332154401368,14834.909626821416,43492.518690476194
2020-05-29 11:15:00,4136001,0.7733386589655173,31.570711344827583,0.41483126119017383,0.41556092648458565,0.40540623084903127,14285.030935145907,46191.56202380952
2020-05-29 11:30:00,4136001,0.7484819603333333,31.9604165,0.40521253963231285,0.4061023547322928,0.39617878986763194,14417.201495797583,48829.1725
2020-05-29 11:45:00,4136001,0.8196058627586209,32.55079382758621,0.4447518692489873,0.4453707251269243,0.43448759374855156,14450.80880605626,51721.82869047619
2020-05-29 12:00:00,4136001,0.7673453496666666,33.23828616666666,0.41073754940270435,0.41156644337990794,0.40150935740292404,14254.532268124854,54394.928095238094
2020-05-29 12:15:00,4136001,0.7658345263333333,33.35098180000001,0.4387692210637625,0.4396373609295162,0.42889433071244604,15257.40387105617,57250.34642857143
2020-05-29 12:30:00,4136001,0.6826072096551725,33.444806241379304,0.46996933198560104,0.47112075174563084,0.4596083896907063,18334.880223274817,60310.2475
2020-05-29 12:45:00,4136001,0.6423758776666665,33.535686299999995,0.49252774261899135,0.4938798420316093,0.48181133617184896,20418.36219158195,63517.9675
2020-05-29 13:00:00,4136001,0.6296979582758622,34.05683744827586,0.5286795859471157,0.5301921933845315,0.5172363546397486,22358.34665344018,66961.53404761905
2020-05-29 13:15:00,4136001,0.6084145303333333,34.39466233333333,0.5479648438997566,0.5496260028204739,0.5361952772244878,23984.60375457595,70531.32202380952
2020-05-29 13:30:00,4136001,0.5674552231034483,34.22270603448277,0.5339313501965809,0.5357177951180568,0.5226269321199546,25057.241174358267,74010.77702380953
2020-05-29 13:45:00,4136001,0.5704880843333333,34.6315206,0.5393647893686696,0.5411548663971882,0.5279311424863543,25177.664553384544,77525.54547619048
2020-05-29 14:00:00,4136001,0.5952845136666665,34.91430986666667,0.5671377709602793,0.568895508531119,0.5549939110290697,25371.34066775557,81220.48773809524
2020-05-29 14:15:00,4136001,0.566209544137931,35.13401651724138,0.5399412853829793,0.5417370411989392,0.5284990911962335,25395.03289703862,84739.03738095237
2020-05-29 14:30:00,4136001,0.5634546516666668,35.50521643333333,0.5321814058434666,0.5339825065655046,0.5209340472824007,25152.442054155978,88207.22178571428
2020-05-29 14:45:00,4136001,0.5190474620689655,35.610545172413794,0.501996689654028,0.503812665746011,0.4915014402386779,25755.69127568518,91479.45488095238
2020-05-29 15:00:00,4136001,0.5135671423333333,35.63542780000001,0.496605325392661,0.49842656821298087,0.48624695801792944,25750.96874088524,94716.7055952381
2020-05-29 15:15:00,4136001,0.5943270203333331,36.10386876666665,0.5531098383694003,0.5548738975323593,0.5413149337644704,24783.654005557455,98320.57833333334
2020-05-29 15:30:00,4136001,0.5697870562068967,36.55113175862069,0.5480993655968922,0.5498822829060505,0.5364452948197757,25616.875024664936,101892.03083333334
2020-05-29 15:45:00,4136001,0.5429974348275861,36.71613210344827,0.5194675298385929,0.5212724970192033,0.5085346210230303,25476.51725256496,105277.66448717949
2020-05-29 16:15:00,4136001,0.4472856822727273,37.22775545454546,0.5341304172093723,0.5363426871554342,0.5232365542220705,31801.070770002018,108761.17812354313
2020-05-29 16:30:00,4136001,0.3995272593103447,37.406764620689664,0.47782968705564743,0.47998440984196905,0.4682554543961611,31849.75835849604,111878.64812354313
2020-05-29 16:45:00,4136001,0.3459329543333333,37.398557499999995,0.4165193359338119,0.41862296212012806,0.4083934422219387,32064.366269346025,114597.5791949717
2020-05-29 17:00:00,4136001,0.2746237575862069,37.25479141379311,0.3335727889875814,0.33591101146007485,0.32770265050837505,32346.84595036851,116779.3010997336
2020-05-29 17:15:00,4136001,0.2182872136666667,37.10092476666666,0.26303317298256434,0.2648672097255488,0.2583948834619744,32089.404363203488,118499.59776640027
2020-05-29 17:30:00,4136001,0.1616158465517241,36.82863758620689,0.19239739086200888,0.19337873949752496,0.18865331389363976,31702.58430295827,119755.58109973361
2020-05-29 17:45:00,4136001,0.1109071405333333,36.5074798,0.1279662722651916,0.1281728522113102,0.12504080533203024,30726.66602239597,120588.0560997336
2020-05-29 18:00:00,4136001,0.0657276798666666,35.970144433333324,0.07525622601390343,0.07490325298464481,0.07307290829221567,30491.132999626872,121074.54824259074
2020-05-29 18:15:00,4136001,0.0246554272068965,35.319178103448266,0.02924029269403597,0.028966211554756628,0.028258389805147208,31582.65330344792,121262.68205211456
2020-05-29 18:30:00,4136001,0.0106390969,34.86204663333333,0.012699059210003048,0.012563131332802896,0.012256137179157795,31786.75635075576,121344.27883782884
2020-05-29 18:45:00,4136001,0.0003823935377241,34.235506172413785,0.0,0.0,0.0,0.0,121344.27883782884
2020-05-29 19:00:00,4136001,0.0,33.905494999999995,0.0,0.0,0.0,0.0,121344.27883782884
2020-05-29 19:15:00,4136001,0.0,33.650812724137936,0.0,0.0,0.0,0.0,121344.27883782884
2020-05-29 19:30:00,4136001,0.0,33.35302726666668,0.0,0.0,0.0,0.0,121344.27883782884
2020-05-29 19:45:00,4136001,0.0,32.924453103448286,0.0,0.0,0.0,0.0,121344.27883782884
2020-05-29 20:00:00,4136001,0.0,32.6156241,0.0,0.0,0.0,0.0,121344.27883782884
2020-05-29 20:15:00,4136001,0.0,32.25608534482759,0.0,0.0,0.0,0.0,121344.27883782884
2020-05-29 20:30:00,4136001,0.0,31.889839700000003,0.0,0.0,0.0,0.0,121344.27883782884
2020-05-29 20:45:00,4136001,0.0,31.234285433333337,0.0,0.0,0.0,0.0,121344.27883782884
2020-05-29 21:00:00,4136001,0.0,30.585795517241376,0.0,0.0,0.0,0.0,121344.27883782884
2020-05-29 21:15:00,4136001,0.0,30.055038433333326,0.0,0.0,0.0,0.0,121344.27883782884
2020-05-29 21:30:00,4136001,0.0,29.67125813793103,0.0,0.0,0.0,0.0,121344.27883782884
2020-05-29 21:45:00,4136001,0.0,29.299063166666663,0.0,0.0,0.0,0.0,121344.27883782884
2020-05-29 22:00:00,4136001,0.0,28.879126000000003,0.0,0.0,0.0,0.0,121344.27883782884
2020-05-29 22:15:00,4136001,0.0,28.595756827586204,0.0,0.0,0.0,0.0,121344.27883782884
2020-05-29 22:30:00,4136001,0.0,28.2120383,0.0,0.0,0.0,0.0,121344.27883782884
2020-05-29 22:45:00,4136001,0.0,27.93107882758621,0.0,0.0,0.0,0.0,121344.27883782884
2020-05-29 23:00:00,4136001,0.0,27.75027870000001,0.0,0.0,0.0,0.0,121344.27883782884
2020-05-29 23:15:00,4136001,0.0,27.6048168,0.0,0.0,0.0,0.0,121344.27883782884
2020-05-29 23:30:00,4136001,0.0,27.425482586206897,0.0,0.0,0.0,0.0,121344.27883782884
2020-05-29 23:45:00,4136001,0.0,27.23922823333333,0.0,0.0,0.0,0.0,121344.27883782884
2020-05-30 00:00:00,4136001,0.0,27.099090413793107,0.0,0.0,0.0,0.0,0.0
2020-05-30 00:15:00,4136001,0.0,26.999725266666665,0.0,0.0,0.0,0.0,0.0
2020-05-30 00:30:00,4136001,0.0,26.9552894,0.0,0.0,0.0,0.0,0.0
2020-05-30 00:45:00,4136001,0.0,27.073268344827586,0.0,0.0,0.0,0.0,0.0
2020-05-30 01:00:00,4136001,0.0,26.929974633333337,0.0,0.0,0.0,0.0,0.0
2020-05-30 01:15:00,4136001,0.0,26.07999410344828,0.0,0.0,0.0,0.0,0.0
2020-05-30 01:30:00,4136001,0.0,24.709818500000004,0.0,0.0,0.0,0.0,0.0
2020-05-30 01:45:00,4136001,0.0,24.5050355,0.0,0.0,0.0,0.0,0.0
2020-05-30 02:00:00,4136001,0.0,24.03427651724138,0.0,0.0,0.0,0.0,0.0
2020-05-30 02:15:00,4136001,0.0,23.56101483333333,0.0,0.0,0.0,0.0,0.0
2020-05-30 02:30:00,4136001,0.0,23.445924206896557,0.0,0.0,0.0,0.0,0.0
2020-05-30 02:45:00,4136001,0.0,23.590169300000007,0.0,0.0,0.0,0.0,0.0
2020-05-30 03:00:00,4136001,0.0,23.707537586206893,0.0,0.0,0.0,0.0,0.0
2020-05-30 03:15:00,4136001,0.0,23.608650733333334,0.0,0.0,0.0,0.0,0.0
2020-05-30 03:30:00,4136001,0.0,23.665156033333332,0.0,0.0,0.0,0.0,0.0
2020-05-30 03:45:00,4136001,0.0,23.861258344827583,0.0,0.0,0.0,0.0,0.0
2020-05-30 04:00:00,4136001,0.0,24.001286,0.0,0.0,0.0,0.0,0.0
2020-05-30 04:15:00,4136001,0.0,23.873749600000004,0.0,0.0,0.0,0.0,0.0
2020-05-30 04:30:00,4136001,0.0,23.773719482758622,0.0,0.0,0.0,0.0,0.0
2020-05-30 04:45:00,4136001,0.0,23.838063233333333,0.0,0.0,0.0,0.0,0.0
2020-05-30 05:00:00,4136001,0.0,23.980964448275863,0.0,0.0,0.0,0.0,0.0
2020-05-30 05:15:00,4136001,0.0,23.8346821,0.0,0.0,0.0,0.0,0.0
2020-05-30 05:30:00,4136001,0.0,23.58334133333333,0.0,0.0,0.0,0.0,0.0
2020-05-30 05:45:00,4136001,0.00045009486,23.67274648275862,0.0,0.0,0.0,0.0,0.0
2020-05-30 06:00:00,4136001,0.0073249025366666,23.99907926666667,0.0052866687227881,0.005230225279579817,0.005102418880001281,19220.278489976405,33.97
2020-05-30 06:15:00,4136001,0.015087458775862,24.31754710344827,0.016614332606442905,0.016439812112348188,0.016038086931593525,29325.55454242271,140.74559523809523
2020-05-30 06:30:00,4136001,0.0178093433666666,24.369366633333335,0.021056642092391567,0.020841187050791573,0.020331909354799393,31486.22810364758,276.10785714285714
2020-05-30 06:45:00,4136001,0.0357170422333333,24.441856,0.04307310355699471,0.042742998272079814,0.04169852534322255,32115.161270494762,553.7210714285715
2020-05-30 07:00:00,4136001,0.0985079377241379,25.03589275862069,0.11571589289362089,0.11586680745269527,0.11303547252932118,31282.48269466881,1306.2690476190476
2020-05-30 07:15:00,4136001,0.1114509436,25.669143733333332,0.12957420261875102,0.13008382697615326,0.12690508329294523,30960.946181407355,2151.155714285714
2020-05-30 07:30:00,4136001,0.1039657008965517,26.014155068965515,0.12080547293558636,0.12093648651073563,0.11798126831411965,30943.964448256378,2936.6309523809523
2020-05-30 07:45:00,4136001,0.1392150568333333,26.21130173333333,0.16887066719614652,0.1694662238628726,0.16532512730119184,32303.340822934977,4037.3039285714285
2020-05-30 08:00:00,4136001,0.2669899673333333,27.117775466666664,0.2866945613966825,0.28864097266045763,0.28158770793195576,28595.91131766932,5912.009761904762
2020-05-30 08:15:00,4136001,0.2079072020689655,26.78126465517241,0.2398390252897214,0.24142515189067415,0.23552565850722149,30720.603703695167,7480.051666666667
2020-05-30 08:30:00,4136001,0.1482772239999999,26.109615,0.18035380976604276,0.18125545605583776,0.1768262764308402,32391.443566095742,8657.295
2020-05-30 08:45:00,4136001,0.2154493851724138,25.788373344827583,0.2658087044603911,0.2675529451067009,0.26101498989772987,32855.14354346287,10395.035357142857
2020-05-30 09:00:00,4136001,0.3236861666666666,26.10651663333334,0.38236160733955243,0.3844655666663007,0.37507072089753707,31457.888479427354,12892.11619047619
2020-05-30 09:15:00,4136001,0.3180073086206897,26.519904689655178,0.3755636571762738,0.3776905307807651,0.3684612405850905,31450.379299678072,15345.193571428572
2020-05-30 09:30:00,4136001,0.3861781230000001,26.940843566666672,0.45398599787025484,0.45607858439693455,0.44493379451107135,31306.47859836726,18307.396666666667
2020-05-30 09:45:00,4136001,0.5942283216666666,27.548072166666667,0.6550464930445684,0.6566872010275691,0.6406403154105538,29356.08984619445,22572.540714285715
2020-05-30 10:00:00,4136001,0.5691819124137932,27.910501413793103,0.6325782940238391,0.6345506832910608,0.6190447282228988,29596.654617414442,26693.909404761904
2020-05-30 10:15:00,4136001,0.5079887003333332,28.476782166666663,0.5463511736200001,0.5484862144610483,0.535083340867359,28641.5988424179,30256.294523809524
2020-05-30 10:30:00,4136001,0.7076214027586208,29.42414586206897,0.7854260734699108,0.786798686897238,0.7675723817210423,29558.594757271796,35366.50488095238
2020-05-30 10:45:00,4136001,0.9369564706666664,30.913739966666665,0.7388644180079617,0.739180684920351,0.721117978836445,21000.264607302022,40167.43916666666
2020-05-30 11:00:00,4136001,0.7625164443333335,31.278098466666663,0.5651304955233583,0.565977687722734,0.5521473904328554,19736.90081101052,43843.43035714285
2020-05-30 11:15:00,4136001,0.987074708275862,31.905789172413787,0.7841144913931862,0.7839730440712851,0.7648157866352489,21154.798127641203,48935.28833333333
2020-05-30 11:30:00,4136001,0.8328051736666665,32.40038546666666,0.7299440541374103,0.7301640322685625,0.7123216581684765,23341.329538594397,53677.659999999996
2020-05-30 11:45:00,4136001,1.0359709579310343,32.96299803448276,0.691831319698082,0.6918917119676513,0.674984564784133,17784.107199513855,58171.45523809524
2020-05-30 12:00:00,4136001,0.617782115333333,33.16402170000001,0.5333793159238213,0.5350546231987146,0.5219799655475682,22992.1862029097,61646.60297619048
2020-05-30 12:15:00,4136001,0.6965329063333334,33.14692303333333,0.7206830676683297,0.7221470405799592,0.7045005706309184,27553.83853883656,66336.90476190476
2020-05-30 12:30:00,4136001,0.9960414413793102,34.255510931034486,0.7484814229523805,0.7483788341682903,0.7300913610284117,20011.65684050981,71197.58047619047
2020-05-30 12:45:00,4136001,0.884460836,34.49277953333333,0.6603489331533559,0.6607792509249462,0.6446323714957481,19882.651612023063,75489.30214285714
2020-05-30 13:00:00,4136001,0.8438060293103448,35.01506744827586,0.7152763611743238,0.7155406891192241,0.6980556527508444,22574.11211001924,80136.69607142857
2020-05-30 13:15:00,4136001,0.9409397846666666,35.57238653333333,0.7800044717780166,0.779775509129387,0.7607208231504778,22075.710501573547,85201.2913095238
2020-05-30 13:30:00,4136001,0.8167053623333334,35.86465056666667,0.7140011319635139,0.7143514850030601,0.6968955081662161,23281.60531533448,89840.96142857142
2020-05-30 13:45:00,4136001,0.8500879662068966,36.170828896551726,0.7200097618084407,0.7201258518146462,0.7025287718718011,22555.577215685567,94518.13571428572
2020-05-30 14:00:00,4136001,0.824260238,35.879103799999996,0.7287006180380596,0.7293808585096929,0.7115576221356158,23543.130885159437,99255.42071428572
2020-05-30 14:15:00,4136001,0.7934317486206895,35.94459365517242,0.7488629224085,0.7501388489284984,0.7318083678611054,25134.61187088553,104127.52761904761
2020-05-30 14:30:00,4136001,0.7504877179999999,36.025648866666685,0.7541876784920352,0.7557470240982647,0.7372795010033605,26761.797053153114,109036.05928571429
2020-05-30 14:45:00,4136001,0.7266899831034483,36.46223937931035,0.7336188228380541,0.7352660625174942,0.7172990146066638,26884.423078114458,113811.56833333333
2020-05-30 15:00:00,4136001,0.6808359306666665,37.038291233333325,0.7697860978057675,0.7717201909024528,0.7528623456263835,30109.741401941956,118823.84476190477
2020-05-30 15:15:00,4136001,0.6243103806666666,37.428121,0.7165869240118171,0.7186477781412883,0.7010868165804259,30566.64352876064,123491.41904761904
2020-05-30 15:30:00,4136001,0.5755358613793102,36.87117151724138,0.6571018873020387,0.6592009893709017,0.6430926765265128,30404.632212732617,127772.89
2020-05-30 15:45:00,4136001,0.5236087176666666,36.61823533333333,0.6233745458842189,0.6255857008982652,0.6102988151934022,31704.552349657755,131836.03166666668
2020-05-30 16:00:00,4136001,0.4692858168965516,36.552450137931025,0.5606671217599636,0.5628920806245932,0.5491371835923798,31816.110750052456,135491.9820238095
2020-05-30 16:15:00,4136001,0.4148623726666666,36.42646713333333,0.4962203927096572,0.49839291564273924,0.486214127785849,31852.974255653062,138729.01416666666
2020-05-30 16:30:00,4136001,0.3615315610344827,36.28947668965519,0.43720223909335343,0.43930888178392785,0.42857387832186156,32204.428043687858,141582.29904761905
2020-05-30 16:45:00,4136001,0.3126336673333333,36.38166093333334,0.3786588185007441,0.380852424369835,0.3715458697708378,32254.607369988258,144055.91273809524
2020-05-30 17:00:00,4136001,0.2525650936666666,35.91564846666666,0.3083950050554266,0.31065955976682724,0.3030682462562091,32517.2220708152,146073.62797619047
2020-05-30 17:15:00,4136001,0.2011415051724137,35.45489910344828,0.2441931258786915,0.24578543256850657,0.23977939085399802,32330.40670095643,147669.98964285714
2020-05-30 17:30:00,4136001,0.1528224096428571,35.16447003571429,0.18111065748011443,0.18201778941581573,0.17756998132324572,31559.95630941814,148852.1842857143
2020-05-30 17:45:00,4136001,0.0987987890689655,34.806607931034485,0.11293474665932718,0.11296577627085787,0.11020533128636716,30440.752889290598,149585.89023809525
2020-05-30 18:00:00,4136001,0.0489493161,34.11661996666666,0.05589432842362815,0.05551191250581015,0.054155416888157476,30408.88830138907,149946.4367857143
2020-05-30 18:15:00,4136001,0.0275617622068965,33.7702291724138,0.030484086421187127,0.03020195372965882,0.02946393523904128,29454.091526249962,150142.59666666668
2020-05-30 18:30:00,4136001,0.0104004473599999,33.38554473333334,0.011133346818285594,0.01101395835663062,0.010744819975887302,28507.107089157897,150214.13166666665
2020-05-30 18:45:00,4136001,0.000559735022931,32.99551386206897,0.0,0.0,0.0,0.0,150214.13166666665
2020-05-30 19:00:00,4136001,0.0,32.823653166666666,0.0,0.0,0.0,0.0,150214.13166666665
2020-05-30 19:15:00,4136001,0.0,32.647284103448285,0.0,0.0,0.0,0.0,150214.13166666665
2020-05-30 19:30:00,4136001,0.0,32.1994953,0.0,0.0,0.0,0.0,150214.13166666665
2020-05-30 19:45:00,4136001,0.0,31.74300303448276,0.0,0.0,0.0,0.0,150214.13166666665
2020-05-30 20:00:00,4136001,0.0,30.889555900000005,0.0,0.0,0.0,0.0,150214.13166666665
2020-05-30 20:15:00,4136001,0.0,29.999992586206904,0.0,0.0,0.0,0.0,150214.13166666665
2020-05-30 20:30:00,4136001,0.0,30.719534233333334,0.0,0.0,0.0,0.0,150214.13166666665
2020-05-30 20:45:00,4136001,0.0,30.145221899999996,0.0,0.0,0.0,0.0,150214.13166666665
2020-05-30 21:00:00,4136001,0.0,30.08647,0.0,0.0,0.0,0.0,150214.13166666665
2020-05-30 21:15:00,4136001,0.0,29.662378933333336,0.0,0.0,0.0,0.0,150214.13166666665
2020-05-30 21:30:00,4136001,0.0,29.786013103448273,0.0,0.0,0.0,0.0,150214.13166666665
2020-05-30 21:45:00,4136001,0.0,29.67955723333333,0.0,0.0,0.0,0.0,150214.13166666665
2020-05-30 22:00:00,4136001,0.0,29.0949584,0.0,0.0,0.0,0.0,150214.13166666665
2020-05-30 22:15:00,4136001,0.0,28.566172620689656,0.0,0.0,0.0,0.0,150214.13166666665
2020-05-30 22:30:00,4136001,0.0,28.682131833333337,0.0,0.0,0.0,0.0,150214.13166666665
2020-05-30 22:45:00,4136001,0.0,28.516374379310346,0.0,0.0,0.0,0.0,150214.13166666665
2020-05-30 23:00:00,4136001,0.0,28.163496933333334,0.0,0.0,0.0,0.0,150214.13166666665
2020-05-30 23:15:00,4136001,0.0,27.89965086206897,0.0,0.0,0.0,0.0,150214.13166666665
2020-05-30 23:30:00,4136001,0.0,27.798886966666664,0.0,0.0,0.0,0.0,150214.13166666665
2020-05-30 23:45:00,4136001,0.0,27.731472633333336,0.0,0.0,0.0,0.0,150214.13166666665
2020-05-31 00:00:00,4136001,0.0,27.240089172413796,0.0,0.0,0.0,0.0,0.0
2020-05-31 00:15:00,4136001,0.0,27.18077793333333,0.0,0.0,0.0,0.0,0.0
2020-05-31 00:30:00,4136001,0.0,27.63067831034482,0.0,0.0,0.0,0.0,0.0
2020-05-31 00:45:00,4136001,0.0,27.532306,0.0,0.0,0.0,0.0,0.0
2020-05-31 01:00:00,4136001,0.0,27.24455036666667,0.0,0.0,0.0,0.0,0.0
2020-05-31 01:15:00,4136001,0.0,27.009202586206893,0.0,0.0,0.0,0.0,0.0
2020-05-31 01:30:00,4136001,0.0,27.197297200000005,0.0,0.0,0.0,0.0,0.0
2020-05-31 01:45:00,4136001,0.0,27.05856948275862,0.0,0.0,0.0,0.0,0.0
2020-05-31 02:00:00,4136001,0.0,26.798573966666662,0.0,0.0,0.0,0.0,0.0
2020-05-31 02:15:00,4136001,0.0,26.526500793103448,0.0,0.0,0.0,0.0,0.0
2020-05-31 02:30:00,4136001,0.0,26.085212233333333,0.0,0.0,0.0,0.0,0.0
2020-05-31 02:45:00,4136001,0.0,26.013380900000005,0.0,0.0,0.0,0.0,0.0
2020-05-31 03:00:00,4136001,0.0,25.99326727586207,0.0,0.0,0.0,0.0,0.0
2020-05-31 03:15:00,4136001,0.0,26.08363966666667,0.0,0.0,0.0,0.0,0.0
2020-05-31 03:30:00,4136001,0.0,26.013526655172413,0.0,0.0,0.0,0.0,0.0
2020-05-31 03:45:00,4136001,0.0,25.885065966666662,0.0,0.0,0.0,0.0,0.0
2020-05-31 04:00:00,4136001,0.0,25.601646766666672,0.0,0.0,0.0,0.0,0.0
2020-05-31 04:15:00,4136001,0.0,25.317720620689656,0.0,0.0,0.0,0.0,0.0
2020-05-31 04:30:00,4136001,0.0,25.169656433333337,0.0,0.0,0.0,0.0,0.0
2020-05-31 04:45:00,4136001,0.0,25.6225405862069,0.0,0.0,0.0,0.0,0.0
2020-05-31 05:00:00,4136001,0.0,25.85061973333333,0.0,0.0,0.0,0.0,0.0
2020-05-31 05:15:00,4136001,0.0,25.946306103448272,0.0,0.0,0.0,0.0,0.0
2020-05-31 05:30:00,4136001,0.0001694370140344,26.212676827586204,0.0,0.0,0.0,0.0,0.0
2020-05-31 05:45:00,4136001,0.0021765761446666,26.250502333333337,0.0,0.0,0.0,0.0,0.0
2020-05-31 06:00:00,4136001,0.0154248861724137,26.293774862068965,0.014993205787047234,0.014835687934877217,0.014473161321037039,25885.22613416391,96.35690476190476
2020-05-31 06:15:00,4136001,0.0410410586333333,26.47503153333333,0.04566747867250849,0.04530931835087669,0.04420213452298459,29632.473813683428,390.6382142857143
2020-05-31 06:30:00,4136001,0.0711786957586207,26.623247000000003,0.08239950158128707,0.08207676756138574,0.08007113002374075,30828.613151775997,923.7219047619047
2020-05-31 06:45:00,4136001,0.0953332493666666,26.876637733333336,0.1091582686122382,0.10889271551442326,0.1062318003212356,30492.40447914928,1630.9735714285714
2020-05-31 07:00:00,4136001,0.0943534478333333,27.106279366666666,0.10922816696583423,0.10896913031035864,0.10630634783623737,30828.777277005913,2338.7215476190477
2020-05-31 07:15:00,4136001,0.0838950156206896,27.146846344827587,0.09944241534377758,0.0991364944766436,0.09671398344726878,31565.664362410866,2982.6071428571427
2020-05-31 07:30:00,4136001,0.0903087209666666,27.3117461,0.10895540424243845,0.10868728086994167,0.10603138570186887,32129.096592106438,3688.524523809524
2020-05-31 07:45:00,4136001,0.1110246576551724,27.38396910344828,0.13866213299519864,0.13903931479847764,0.1356417337624104,33259.664430686265,4591.576547619047
2020-05-31 08:00:00,4136001,0.1787927566666666,27.74403266666667,0.21726196436653816,0.2185015929158187,0.21316226231341126,32360.35004070649,6010.73130952381
2020-05-31 08:15:00,4136001,0.301327223,28.15140893333333,0.35888690063726414,0.36105646488877596,0.3522336466820437,31717.479439287174,8355.771428571428
2020-05-31 08:30:00,4136001,0.3827413824137931,28.85903086206897,0.4032212501580715,0.40541546471605905,0.395508684776557,28055.46168735691,10988.920595238094
2020-05-31 08:45:00,4136001,0.2893271926666666,28.908792066666667,0.33379879187606964,0.336111057294289,0.3278978079990753,30723.800519580684,13171.941785714285
2020-05-31 09:00:00,4136001,0.293544414137931,29.230036206896543,0.3319143615885998,0.33425046973837524,0.3260826859793308,30111.448875652313,15342.878571428571
2020-05-31 09:15:00,4136001,0.4417368036666665,29.5595477,0.49061661541621865,0.4927586212395338,0.4807175136628125,29577.270762067048,18543.31630952381
2020-05-31 09:30:00,4136001,0.7581236731034483,30.568175344827587,0.7715363997866821,0.7734060087104069,0.7545069685922682,27101.65368400469,23566.542023809525
2020-05-31 09:45:00,4136001,0.6040004026666667,31.156837966666668,0.6404030830091317,0.6424250364711562,0.6267266627833056,28235.50861246761,27739.054166666665
2020-05-31 10:00:00,4136001,0.451743708,31.05239956666667,0.5624786317389237,0.5645666442505601,0.5507708273847909,33158.38314317141,31405.880714285715
2020-05-31 10:15:00,4136001,0.6126659689655172,31.72263420689655,0.6486355319241462,0.6507163809219473,0.634815398966713,28193.98127548858,35632.24464285714
2020-05-31 10:30:00,4136001,0.7158687563333334,32.271562833333334,0.7319676910462015,0.7339381423601599,0.716003543662349,27229.391286793376,40399.12892857143
2020-05-31 10:45:00,4136001,0.7457961268965518,33.31406296551724,0.8346202450522909,0.8355866105807603,0.8151681179679645,29802.192849257022,45826.21392857143
2020-05-31 11:00:00,4136001,0.4808237753333333,32.96100906666666,0.5559620988918115,0.5580565398738876,0.5444198046837225,30792.05551074999,49450.757738095235
2020-05-31 11:15:00,4136001,0.7030249227586206,33.08877037931034,0.7283989589883882,0.7302438379825233,0.7123995137406323,27591.67236521058,54193.64773809524
2020-05-31 11:30:00,4136001,0.7328439533333335,33.533041833333336,0.7832598324756942,0.7849947734955656,0.7658125489592459,28462.54798937895,59292.14178571429
2020-05-31 11:45:00,4136001,0.4505056720689655,33.543277241379315,0.5786581247028113,0.5803411215877443,0.5661598377399754,34205.915714330935,63061.42261904762
2020-05-31 12:00:00,4136001,0.813154215,33.67513840000001,0.8768185373652386,0.8772158847389938,0.8557801342906696,28715.49021579124,68758.88726190476
2020-05-31 12:15:00,4136001,0.8998097250000001,34.73891906666667,0.8972377794289056,0.8973470685431187,0.8754193901215762,26554.38811429457,74587.10273809524
2020-05-31 12:30:00,4136001,0.3194593531034483,34.076533896551716,0.4149519248100424,0.41694405445323124,0.4067555605400923,34590.879536469954,77295.1294047619
2020-05-31 12:45:00,4136001,0.860170252,34.74858209999999,0.9326307365644957,0.9328008027934274,0.9100067727552847,28873.852577290767,83353.61476190476
2020-05-31 13:00:00,4136001,0.8632760117241379,35.2726524137931,0.855555490387823,0.8559817911001305,0.8350649194593582,26392.34251971412,88913.16523809524
2020-05-31 13:15:00,4136001,0.9603939863333336,35.98741463333332,0.9784771721883444,0.9780535386364958,0.9541537074272713,27131.930465981564,95265.56440476191
2020-05-31 13:30:00,4136001,0.837395707586207,35.82564268965517,0.8695922027412027,0.869935565409095,0.8486777176994862,27654.40608614172,100915.7438095238
2020-05-31 13:45:00,4136001,0.8990759116666666,36.074380533333326,0.9321968267542216,0.9320671181084426,0.9092910164754836,27611.54368322979,106969.46392857144
2020-05-31 14:00:00,4136001,0.9187809383333334,36.7613546,0.9470154207677037,0.9467098169844559,0.9235759046409789,27448.87211301814,113118.2875
2020-05-31 14:15:00,4136001,0.6655635313793103,36.608745586206894,0.64084849055319,0.641811921833584,0.6261285302870692,25641.609245975756,117286.8175
2020-05-31 14:30:00,4136001,0.3005127816666666,31.554353833333337,0.33155891531774223,0.33332031343006807,0.3251752590798837,29381.718327561226,119451.71297619048
2020-05-31 14:45:00,4136001,0.2697951396551723,29.09773824137931,0.3344556647385283,0.3364220686297247,0.3282012194249688,33012.914246370696,121636.75416666667
2020-05-31 15:00:00,4136001,0.4094698046666666,28.258013866666666,0.5003152667874781,0.5023798837399011,0.49010366986204723,32538.7828254279,124899.68142857144
2020-05-31 15:15:00,4136001,0.286445456,28.61687723333333,0.3465531761068008,0.3481084185368694,0.3396020003124236,32218.652708062746,127160.62476190476
2020-05-31 15:30:00,4136001,0.1824975713793103,28.310047034482757,0.22189263641497872,0.22330511240279224,0.2178484024337001,32379.134082017972,128610.9780952381
2020-05-31 15:45:00,4136001,0.1858628973333333,28.09238476666667,0.22261388228151657,0.22398738343879668,0.21851400141448948,31896.20177693889,130065.76273809523
2020-05-31 16:00:00,4136001,0.1506258237931034,28.06294406896552,0.1805718733173612,0.18148360068644645,0.1770488460924442,31924.9405918313,131244.48785714287
2020-05-31 16:15:00,4136001,0.1437750286666666,29.37561533333333,0.17174799742736863,0.17260529749009565,0.16838749415636176,31811.756414809075,132365.54892857143
2020-05-31 16:30:00,4136001,0.1258943477586207,29.412227,0.15002218007618331,0.15073374792102356,0.14705040034286493,31734.281465333657,133344.5555952381
2020-05-31 16:45:00,4136001,0.0949052116,29.63631283333334,0.11083203824385865,0.11082216620018326,0.10811410272329278,31099.591724985235,134064.33892857144
2020-05-31 17:00:00,4136001,0.0660900407666666,29.727227400000004,0.07733483031562226,0.07700958128632623,0.07512776610798529,31161.513752983392,134564.51154761904
2020-05-31 17:15:00,4136001,0.0400000306551724,29.632975689655172,0.046741238261940335,0.04637370002513128,0.045240506841562875,31118.547579960406,134865.70595238096
2020-05-31 17:30:00,4136001,0.0547341133666666,29.6294576,0.06750711107118396,0.0671514860734905,0.06551056446827612,32845.12090997734,135301.85083333333
2020-05-31 17:45:00,4136001,0.0485714671724138,29.26658268965517,0.05879272293229619,0.05841393346912524,0.05698652372617268,32234.562617643744,135681.24583333332
2020-05-31 18:00:00,4136001,0.034425974,29.276970499999997,0.04134030745691157,0.04098549462413937,0.03998396826096186,31979.14845730533,135947.44416666665
2020-05-31 18:15:00,4136001,0.0185542837166666,29.359654766666665,0.02139463612658765,0.021181378610532663,0.02066378795360795,30707.194559508407,136085.01595238096
2020-05-31 18:30:00,4136001,0.0018831484467931,29.01673524137932,0.001014733120969177,0.0010037667233890881,0.000979238561775482,14349.828442295991,136091.53535714286
2020-05-31 18:45:00,4136001,0.0,28.521704166666662,0.0,0.0,0.0,0.0,136091.53535714286
2020-05-31 19:00:00,4136001,7.940190241379313e-06,25.673301827586208,0.0,0.0,0.0,0.0,136091.53535714286
2020-05-31 19:15:00,4136001,0.0006869619313333,25.302272400000003,0.0,0.0,0.0,0.0,136091.53535714286
2020-05-31 19:30:00,4136001,0.0006716413406666,25.519038699999996,0.0,0.0,0.0,0.0,136091.53535714286
2020-05-31 19:45:00,4136001,0.0012282454462068,25.92626117241379,0.0,0.0,0.0,0.0,136091.53535714286
2020-05-31 20:00:00,4136001,0.0012794913646666,25.868222133333337,0.0,0.0,0.0,0.0,136091.53535714286
2020-05-31 20:15:00,4136001,0.0008855208968965,25.864433655172412,0.0,0.0,0.0,0.0,136091.53535714286
2020-05-31 20:30:00,4136001,0.0002469506195333,26.0712495,0.0,0.0,0.0,0.0,136091.53535714286
2020-05-31 20:45:00,4136001,0.0,25.991104689655177,0.0,0.0,0.0,0.0,136091.53535714286
2020-05-31 21:00:00,4136001,0.0,25.906798433333332,0.0,0.0,0.0,0.0,136091.53535714286
2020-05-31 21:15:00,4136001,0.0,25.563363896551717,0.0,0.0,0.0,0.0,136091.53535714286
2020-05-31 21:30:00,4136001,0.0,25.33227123333334,0.0,0.0,0.0,0.0,136091.53535714286
2020-05-31 21:45:00,4136001,3.838638e-06,25.28147476666667,0.0,0.0,0.0,0.0,136091.53535714286
2020-05-31 22:00:00,4136001,5.427062534482759e-05,25.27859720689655,0.0,0.0,0.0,0.0,136091.53535714286
2020-05-31 22:15:00,4136001,0.0,25.172681666666666,0.0,0.0,0.0,0.0,136091.53535714286
2020-05-31 22:30:00,4136001,0.0,25.16554944827586,0.0,0.0,0.0,0.0,136091.53535714286
2020-05-31 22:45:00,4136001,0.0,25.097927966666663,0.0,0.0,0.0,0.0,136091.53535714286
2020-05-31 23:00:00,4136001,0.0,24.955934655172417,0.0,0.0,0.0,0.0,136091.53535714286
2020-05-31 23:15:00,4136001,0.0,24.791358266666663,0.0,0.0,0.0,0.0,136091.53535714286
2020-05-31 23:30:00,4136001,0.0,24.71377466666667,0.0,0.0,0.0,0.0,136091.53535714286
2020-05-31 23:45:00,4136001,0.0,24.88328603448276,0.0,0.0,0.0,0.0,136091.53535714286
2020-06-01 00:00:00,4136001,0.0,25.14487823333333,0.0,0.0,0.0,0.0,0.0
2020-06-01 00:15:00,4136001,0.0,25.005375275862065,0.0,0.0,0.0,0.0,0.0
2020-06-01 00:30:00,4136001,0.0,24.77038563333333,0.0,0.0,0.0,0.0,0.0
2020-06-01 00:45:00,4136001,0.0,24.599648379310345,0.0,0.0,0.0,0.0,0.0
2020-06-01 01:00:00,4136001,0.0,24.555659099999993,0.0,0.0,0.0,0.0,0.0
2020-06-01 01:15:00,4136001,0.0,24.64996943333334,0.0,0.0,0.0,0.0,0.0
2020-06-01 01:30:00,4136001,0.0,24.903930482758614,0.0,0.0,0.0,0.0,0.0
2020-06-01 01:45:00,4136001,0.0,24.672946099999997,0.0,0.0,0.0,0.0,0.0
2020-06-01 02:00:00,4136001,0.0,24.439102793103444,0.0,0.0,0.0,0.0,0.0
2020-06-01 02:15:00,4136001,0.0,24.264511233333337,0.0,0.0,0.0,0.0,0.0
2020-06-01 02:30:00,4136001,0.0,24.043559,0.0,0.0,0.0,0.0,0.0
2020-06-01 02:45:00,4136001,0.0,23.91952593103448,0.0,0.0,0.0,0.0,0.0
2020-06-01 03:00:00,4136001,0.0,23.8130928,0.0,0.0,0.0,0.0,0.0
2020-06-01 03:15:00,4136001,0.0,23.685846068965517,0.0,0.0,0.0,0.0,0.0
2020-06-01 03:30:00,4136001,0.0,23.78812633333333,0.0,0.0,0.0,0.0,0.0
2020-06-01 03:45:00,4136001,0.0,23.78079093103448,0.0,0.0,0.0,0.0,0.0
2020-06-01 04:00:00,4136001,0.0,23.77050976666667,0.0,0.0,0.0,0.0,0.0
2020-06-01 04:15:00,4136001,0.0,23.720711333333337,0.0,0.0,0.0,0.0,0.0
2020-06-01 04:30:00,4136001,0.0,23.568036448275855,0.0,0.0,0.0,0.0,0.0
2020-06-01 04:45:00,4136001,0.0,23.396958600000005,0.0,0.0,0.0,0.0,0.0
2020-06-01 05:00:00,4136001,0.0,23.315240344827583,0.0,0.0,0.0,0.0,0.0
2020-06-01 05:15:00,4136001,0.0,23.318588166666665,0.0,0.0,0.0,0.0,0.0
2020-06-01 05:30:00,4136001,0.0,23.286697600000004,0.0,0.0,0.0,0.0,0.0
2020-06-01 05:45:00,4136001,0.0007611838662068,23.38028920689655,0.0,0.0,0.0,0.0,0.0
2020-06-01 06:00:00,4136001,0.0063919369866666,23.47015503333333,0.003888183090556509,0.0038450261015456773,0.003751068591867715,16199.203141438375,24.973214285714285
2020-06-01 06:15:00,4136001,0.0209013741034482,23.67332510344828,0.025492818261562678,0.025248115763082016,0.024631149839181927,32480.48014961215,188.9582142857143
2020-06-01 06:30:00,4136001,0.0468731341666666,23.979217633333327,0.05879908870714403,0.05841668286211883,0.056989205934675984,33406.11955329975,568.3710714285714
2020-06-01 06:45:00,4136001,0.0697066674666666,24.209690400000003,0.08958463748271227,0.0892548827890693,0.08707383998416138,34224.62115055362,1148.0761904761905
2020-06-01 07:00:00,4136001,0.0646242286206896,24.567252344827587,0.08075650582189448,0.08041798545120205,0.07845288210813862,33278.33403303712,1670.3861904761904
2020-06-01 07:15:00,4136001,0.1504371014,24.835614033333336,0.19506499026966279,0.1960531107209702,0.19126233386758157,34530.57440928282,2943.7394047619046
2020-06-01 07:30:00,4136001,0.1628700658620689,25.36163324137931,0.2037340133220647,0.20479172642395965,0.19978741173030626,33312.07592557107,4273.849404761904
2020-06-01 07:45:00,4136001,0.1320704731333333,25.5112201,0.16465411025922577,0.16545825040323972,0.16141509315202843,33200.6259758427,5348.490833333333
2020-06-01 08:00:00,4136001,0.161106645,25.689117433333333,0.19383687852156092,0.19483732913920151,0.19007626126742144,32040.728585182107,6613.947619047619
2020-06-01 08:15:00,4136001,0.2175741148275862,25.838382137931035,0.2501091122419143,0.25178810897428083,0.24563538515369696,30612.70586453004,8249.29630952381
2020-06-01 08:30:00,4136001,0.2816243653333333,26.10598753333333,0.328522244020034,0.3306962927569789,0.3226153592843324,31065.187840436847,10397.148928571429
2020-06-01 08:45:00,4136001,0.547218646551724,26.78541406896552,0.6117978478817276,0.6139663995215909,0.598963444430648,29773.26662629848,14384.823928571428
2020-06-01 09:00:00,4136001,0.6603211486666669,27.515931200000004,0.7260632381795429,0.7281273552560522,0.7103347496347905,29281.860718537308,19113.9675
2020-06-01 09:15:00,4136001,0.6987364796666666,28.24577023333333,0.7385099194507753,0.740440035216425,0.7223465555006875,28146.366914627753,23923.08119047619
2020-06-01 09:30:00,4136001,0.8137932979310345,29.05904,0.790127824043689,0.7917907964142856,0.7724425034632676,25856.079595653617,29065.715
2020-06-01 09:45:00,4136001,0.7883443606666666,29.394693966666665,0.7184597313957727,0.7196750979979892,0.7020890327283796,24269.78313193845,33739.96166666667
2020-06-01 10:00:00,4136001,0.6254762248275861,29.30169255172414,0.7645354779652637,0.7655175969674708,0.7468113190057145,32551.14476728418,38711.95261904762
2020-06-01 10:15:00,4136001,0.9184480953333332,29.8226225,0.9435026038164894,0.9435866165194492,0.920529023069568,27356.964981056874,44840.49119047619
2020-06-01 10:30:00,4136001,0.6883862282758619,30.160547758620687,0.7405205565890204,0.7417869995025616,0.7236606052092351,28647.344773935405,49658.35333333333
2020-06-01 10:45:00,4136001,0.3199997146666665,30.09952903333333,0.3867208756502388,0.3889565351577621,0.37945194755517053,32183.068875141194,52184.60273809524
2020-06-01 11:00:00,4136001,0.3167546243333333,30.165436866666667,0.41067913090150243,0.41284419627975233,0.40275588698274856,34527.02026482281,54866.001071428575
2020-06-01 11:15:00,4136001,0.4543418306896551,30.59765,0.531811404121131,0.5338799175482702,0.5208339651424474,31171.259580830854,58333.519166666665
2020-06-01 11:30:00,4136001,0.352625237,30.9631358,0.4222989588167269,0.4245525413308459,0.41417812553822986,31892.315291361974,61090.9625
2020-06-01 11:45:00,4136001,0.4859102437931034,30.702194655172413,0.38144289728300146,0.38294150481280326,0.3735839011985967,20905.131655081594,63578.14464285714
2020-06-01 12:00:00,4136001,1.0797786666666669,32.09725336666666,0.32718682605041005,0.3270669473711376,0.3190747010088537,8069.38608935376,65702.42488095239
2020-06-01 12:15:00,4136001,0.7521377041379309,32.32455834482758,0.7523932452405462,0.753008225432336,0.7346076279434912,26639.554463365817,70593.16821428572
2020-06-01 12:30:00,4136001,0.9170147646666666,32.71362183333334,1.0,1.0,0.9755638824817882,29040.433908767885,77088.10833333334
2020-06-01 12:45:00,4136001,0.5200881703448276,32.914065724137934,0.6611177971615224,0.6629834576171997,0.6467827159342354,33851.76381360277,81394.1461904762
2020-06-01 13:00:00,4136001,0.2914817913333333,32.35695386666666,0.3492712010343168,0.3514658489556439,0.3428773881669257,31910.291909048563,83676.89583333333
2020-06-01 13:15:00,4136001,0.0697438200333333,29.79072676666667,0.0848935084546073,0.08496557310904494,0.08288934437955009,32415.160823950257,84228.74214285714
2020-06-01 13:30:00,4136001,0.03035270925,24.81791675,0.0370909202879104,0.03676515804968105,0.035866760327003415,32542.399818889317,84467.52964285715
2020-06-01 13:45:00,4136001,0.0665650115,25.2230896,0.08557328737768415,0.08523943098049384,0.08315651022786899,34235.102625949374,85021.15464285715
2020-06-01 14:00:00,4136001,0.0549807242413793,25.41993251724138,0.07164259378574489,0.07130358271384774,0.06956119998718262,34700.86285245173,85484.26714285715
2020-06-01 14:15:00,4136001,0.043911696137931,25.733120620689657,0.056992531873220086,0.05660329321926187,0.055220128494238185,34563.45651583641,85851.90214285714
2020-06-01 14:30:00,4136001,0.0368734744,25.779276466666666,0.04695091544133845,0.046570098331307236,0.04543210593564873,33908.56671392665,86154.37214285714
2020-06-01 14:45:00,4136001,0.036230325275862,25.818098448275865,0.04582538922779288,0.04544871257565207,0.044338122494102,33683.201131687834,86449.5588095238
2020-06-01 15:00:00,4136001,0.0375434128666666,25.83727739999999,0.04784437697517834,0.047456942535321955,0.0462972791104738,33937.24498422582,86757.78880952382
2020-06-01 15:15:00,4136001,0.0397396260344827,25.770825620689656,0.0507818602024345,0.05038640244071314,0.04915515438935196,34030.18099599664,87085.04547619047
2020-06-01 15:30:00,4136001,0.0438830790666666,25.69923173333333,0.05694552169885222,0.056531387427836,0.05514997980118183,34557.46787809184,87452.21345238095
2020-06-01 15:45:00,4136001,0.0511050262666666,25.7438171,0.06701850208883245,0.06666359712213336,0.06503459762867018,34922.91848856296,87885.18952380952
2020-06-01 16:00:00,4136001,0.0626689252413793,25.802610448275864,0.08303008880041335,0.082695142704219,0.0806743944789134,35282.77092381595,88422.28952380952
2020-06-01 16:15:00,4136001,0.0838168420666666,25.874815966666667,0.11107436684143698,0.11091172309462805,0.10820147119494034,35290.838854486385,89142.65452380953
2020-06-01 16:30:00,4136001,0.0932735847586207,25.735058,0.11858304861392047,0.11874525695341191,0.11584358389976808,33856.60232571686,89913.89785714286
2020-06-01 16:45:00,4136001,0.0480440166999999,25.29312340000001,0.05803955878456901,0.05765984828812803,0.056250865459277065,32170.974937298703,90288.39511904762
2020-06-01 17:00:00,4136001,0.0526809618965517,24.98577968965517,0.06512563178527225,0.0647589459611756,0.06317648874731278,32921.35354009347,90709.00059523809
2020-06-01 17:15:00,4136001,0.0235144601,24.644906633333328,0.02614725925497832,0.025897724010322542,0.025264884182952085,29612.19432398373,90877.20476190477
2020-06-01 17:30:00,4136001,0.0081184141923076,24.592791038461534,0.006715331951664919,0.006639167228545073,0.006476931757925285,22028.032577734302,90920.3257554945
2020-06-01 18:00:00,4136001,0.0009708703345833,23.71810766666667,0.0,0.0,0.0,0.0,90920.3257554945
2020-06-01 18:15:00,4136001,0.0003928348473333,23.446385966666664,0.0,0.0,0.0,0.0,90920.3257554945
2020-06-01 18:30:00,4136001,5.559669268965517e-05,23.588117965517245,0.0,0.0,0.0,0.0,90920.3257554945
2020-06-01 18:45:00,4136001,0.0,23.598901433333335,0.0,0.0,0.0,0.0,90920.3257554945
2020-06-01 19:00:00,4136001,0.0,23.72271413793104,0.0,0.0,0.0,0.0,90920.3257554945
2020-06-01 19:15:00,4136001,0.0,23.58577883333333,0.0,0.0,0.0,0.0,90920.3257554945
2020-06-01 19:30:00,4136001,0.0,23.44893493103448,0.0,0.0,0.0,0.0,90920.3257554945
2020-06-01 19:45:00,4136001,0.0,23.29360873333333,0.0,0.0,0.0,0.0,90920.3257554945
2020-06-01 20:00:00,4136001,0.0,23.13512375862069,0.0,0.0,0.0,0.0,90920.3257554945
2020-06-01 20:15:00,4136001,0.0,23.221523033333337,0.0,0.0,0.0,0.0,90920.3257554945
2020-06-01 20:30:00,4136001,0.0,23.271758862068967,0.0,0.0,0.0,0.0,90920.3257554945
2020-06-01 20:45:00,4136001,0.0,23.369856766666665,0.0,0.0,0.0,0.0,90920.3257554945
2020-06-01 21:00:00,4136001,0.0,23.332742620689658,0.0,0.0,0.0,0.0,90920.3257554945
2020-06-01 21:15:00,4136001,0.0,23.3867891,0.0,0.0,0.0,0.0,90920.3257554945
2020-06-01 21:30:00,4136001,0.0,23.4847129,0.0,0.0,0.0,0.0,90920.3257554945
2020-06-01 21:45:00,4136001,0.0,23.600198586206893,0.0,0.0,0.0,0.0,90920.3257554945
2020-06-01 22:00:00,4136001,0.0,23.658306066666672,0.0,0.0,0.0,0.0,90920.3257554945
2020-06-01 22:15:00,4136001,0.0,23.667698551724136,0.0,0.0,0.0,0.0,90920.3257554945
2020-06-01 22:30:00,4136001,0.0,23.6461244,0.0,0.0,0.0,0.0,90920.3257554945
2020-06-01 22:45:00,4136001,0.0,23.66165079310345,0.0,0.0,0.0,0.0,90920.3257554945
2020-06-01 23:00:00,4136001,0.0,23.591604633333333,0.0,0.0,0.0,0.0,90920.3257554945
2020-06-01 23:15:00,4136001,0.0,23.5920869,0.0,0.0,0.0,0.0,90920.3257554945
2020-06-01 23:30:00,4136001,0.0,23.68483689655173,0.0,0.0,0.0,0.0,90920.3257554945
2020-06-01 23:45:00,4136001,0.0,23.643209,0.0,0.0,0.0,0.0,90920.3257554945
2020-06-02 00:00:00,4136001,0.0,23.54084489655172,0.0,0.0,0.0,0.0,0.0
2020-06-02 00:15:00,4136001,0.0,23.453650199999995,0.0,0.0,0.0,0.0,0.0
2020-06-02 00:30:00,4136001,0.0,23.393078866666663,0.0,0.0,0.0,0.0,0.0
2020-06-02 00:45:00,4136001,0.0,23.42435786206897,0.0,0.0,0.0,0.0,0.0
2020-06-02 01:00:00,4136001,0.0,23.40566436666667,0.0,0.0,0.0,0.0,0.0
2020-06-02 01:15:00,4136001,0.0,23.37376044827586,0.0,0.0,0.0,0.0,0.0
2020-06-02 01:30:00,4136001,0.0,23.281397500000004,0.0,0.0,0.0,0.0,0.0
2020-06-02 01:45:00,4136001,0.0,23.15951693103448,0.0,0.0,0.0,0.0,0.0
2020-06-02 02:00:00,4136001,0.0,23.188746533333333,0.0,0.0,0.0,0.0,0.0
2020-06-02 02:15:00,4136001,0.0,23.142530566666668,0.0,0.0,0.0,0.0,0.0
2020-06-02 02:30:00,4136001,0.0,23.046586344827592,0.0,0.0,0.0,0.0,0.0
2020-06-02 02:45:00,4136001,0.0,23.0449349,0.0,0.0,0.0,0.0,0.0
2020-06-02 03:00:00,4136001,0.0,23.054548482758616,0.0,0.0,0.0,0.0,0.0
2020-06-02 03:15:00,4136001,0.0,23.0670103,0.0,0.0,0.0,0.0,0.0
2020-06-02 03:30:00,4136001,0.0,23.055033551724133,0.0,0.0,0.0,0.0,0.0
2020-06-02 03:45:00,4136001,0.0,23.021890333333335,0.0,0.0,0.0,0.0,0.0
2020-06-02 04:00:00,4136001,0.0,23.093426206896556,0.0,0.0,0.0,0.0,0.0
2020-06-02 04:15:00,4136001,0.0,23.003746500000005,0.0,0.0,0.0,0.0,0.0
2020-06-02 04:30:00,4136001,0.0,23.159515896551724,0.0,0.0,0.0,0.0,0.0
2020-06-02 04:45:00,4136001,0.0,23.118444333333333,0.0,0.0,0.0,0.0,0.0
2020-06-02 05:00:00,4136001,0.0,23.046839266666662,0.0,0.0,0.0,0.0,0.0
2020-06-02 05:15:00,4136001,0.0,23.055029172413793,0.0,0.0,0.0,0.0,0.0
2020-06-02 05:30:00,4136001,0.0,22.95900966666667,0.0,0.0,0.0,0.0,0.0
2020-06-02 05:45:00,4136001,0.0022517831692068,22.926509413793102,0.00020148750276803912,0.00019931266274917265,0.00019444223509936613,2382.8734307506083,1.2945238095238094
2020-06-02 06:00:00,4136001,0.0197261745333333,22.916382666666664,0.021799542322246106,0.021583394854056442,0.021055980480960752,29429.57115997693,141.47738095238094
2020-06-02 06:15:00,4136001,0.0478369210666666,23.032455400000003,0.05472833662446277,0.05435373987190065,0.053025545496836565,30466.913439144795,494.50166666666667
2020-06-02 06:30:00,4136001,0.0765928847931034,23.342897655172415,0.09179527796835366,0.09153438619077411,0.08929764117285897,31916.2121717718,1089.0120238095237
2020-06-02 06:45:00,4136001,0.1477497143333332,23.856942766666663,0.19937397611160734,0.20043811760645835,0.19554018820949776,35935.29790535887,2390.845595238095
2020-06-02 07:00:00,4136001,0.1818574268965516,24.22141779310345,0.1999644374915242,0.20108400500851423,0.19617029263109348,29282.028106245365,3696.8741666666665
2020-06-02 07:15:00,4136001,0.245755635,24.628062833333335,0.269144799634018,0.27110682881951126,0.26448203049048796,29164.99709539674,5457.696785714285
2020-06-02 07:30:00,4136001,0.2627643006896551,24.969555068965523,0.29933021319766745,0.30155683278505246,0.29418795458069713,30336.370721493007,7416.290357142857
2020-06-02 07:45:00,4136001,0.2766070663333333,25.263770500000003,0.31707216414028855,0.31929974720064597,0.3114973010545156,30526.307562862283,9490.123095238096
2020-06-02 08:00:00,4136001,0.3595941213333333,25.729429199999995,0.40722407084005907,0.4093365023692344,0.39933390749284603,30157.84377431665,12148.739166666666
2020-06-02 08:15:00,4136001,0.3688924465517241,26.090604379310346,0.42054676140846986,0.4226697936674037,0.4123413849179487,30359.454193278034,14893.954166666666
2020-06-02 08:30:00,4136001,0.377332969,26.44687696666666,0.44849290638105266,0.4506404316898922,0.43962852914266026,31652.663070990046,17820.836785714284
2020-06-02 08:45:00,4136001,0.443209798275862,26.808725310344823,0.5305597962265403,0.5327599614769717,0.5197413764493224,31878.979764075502,21281.080833333333
2020-06-02 09:00:00,4136001,0.4957501996666666,27.249029466666663,0.5746617770840116,0.5768745036085509,0.5627779304451122,30869.446539818044,25027.84619047619
2020-06-02 09:15:00,4136001,0.394868714137931,27.425496275862074,0.4800498762035606,0.4822438243455341,0.4704596575813947,32375.24516593097,28159.99095238095
2020-06-02 09:30:00,4136001,0.4056886073333333,27.327536,0.4974406902903194,0.4996600008977684,0.4874502503966807,32653.363637996288,31405.252738095238
2020-06-02 09:45:00,4136001,0.4331567996551724,27.754356551724136,0.5110715129715895,0.5132446600326991,0.5007029532045454,31420.708030366975,34738.74607142857
2020-06-02 10:00:00,4136001,0.4691548053333333,27.998812833333332,0.5491346265536067,0.5512755103116259,0.5378044771567388,31170.37951458945,38319.2475
2020-06-02 10:15:00,4136001,0.5366073751724137,28.474187379310347,0.6019249781274837,0.6040610514078386,0.589300144567462,29872.05894758116,42242.587857142855
2020-06-02 10:30:00,4136001,0.4402971343333333,28.5353607,0.5380189823114429,0.5401814896310217,0.5269815512692353,32541.020547254095,45751.03428571428
2020-06-02 10:45:00,4136001,0.5421418333333334,28.8915477,0.5516398450584706,0.5533895185844028,0.5398668272749276,27097.057759046267,49345.266071428574
2020-06-02 11:00:00,4136001,0.4515145148275862,28.942377551724135,0.5124058938205921,0.5144468229545062,0.5018757399319191,30221.90455303357,52686.56738095238
2020-06-02 11:15:00,4136001,0.6886449540000001,29.25102733333333,0.206480702117786,0.20704450572576671,0.2019851418523518,7984.790540243635,54031.30904761905
2020-06-02 11:30:00,4136001,0.9250587272413796,30.37663010344827,0.5775015206334074,0.5773161477697557,0.5632087825376926,16625.06135269955,57780.94285714286
2020-06-02 11:45:00,4136001,0.9018453599999998,31.0751586,0.47854724935584075,0.4788545009680338,0.4671531561082542,14130.976639149883,60891.074166666665
2020-06-02 12:00:00,4136001,0.7622861868965517,31.1120174137931,0.39990770341726234,0.4006226678617606,0.39083300526943104,13970.795935923232,63493.094404761905
2020-06-02 12:15:00,4136001,0.6874744083333332,31.06728196666667,0.34011619756389666,0.3406387576761448,0.3323148689623129,13174.987398621835,65705.52273809524
2020-06-02 12:30:00,4136001,1.083226548,31.939592433333328,0.0,0.0,0.0,0.0,65705.52273809524
2020-06-02 12:45:00,4136001,1.0562036024137933,33.18994672413792,0.4730889908144014,0.4731990545680642,0.46163590686113226,11928.192154445727,68778.92226190477
2020-06-02 13:00:00,4136001,0.5661604149999998,32.27054523333334,0.4104548267450662,0.41155036859553873,0.40149367542387476,19306.577624293997,71451.91726190476
2020-06-02 13:15:00,4136001,0.891525553103448,32.887627827586215,0.5951473412232702,0.5952648084277034,0.5807188476145081,17777.477250005635,75318.12654761905
2020-06-02 13:30:00,4136001,0.93505356,33.17993283333333,0.6332018717380768,0.6329614424943285,0.6174943223010403,18033.71206529246,79429.1732142857
2020-06-02 13:45:00,4136001,0.86941443,33.78014186206898,0.5905381626056361,0.5906270223503838,0.5761943910227982,18088.4166785574,83265.26035714286
2020-06-02 14:00:00,4136001,0.966886285,33.581305900000004,0.7110943332015355,0.710903562896223,0.6935318398891754,19585.345944743007,87882.53642857143
2020-06-02 14:15:00,4136001,0.7214576427586207,32.98081806896551,0.6088986665918986,0.6094531426175948,0.5945604740027477,22475.720040885582,91840.8980952381
2020-06-02 14:30:00,4136001,0.602263703,32.73657323333333,0.4892879744934131,0.49004442047625457,0.4780696374283528,21635.019015360896,95023.70726190477
2020-06-02 14:45:00,4136001,0.670690565862069,32.74011437931035,0.5924905779379696,0.5934343542189995,0.5789331225999598,23525.49012737892,98878.02785714285
2020-06-02 15:00:00,4136001,0.4792966316666666,32.62758303333334,0.5913352434472573,0.5928711135703311,0.5783836453659733,32855.555625537956,102728.69023809524
2020-06-02 15:15:00,4136001,0.4006817327666666,31.938042099999997,0.49446349249582433,0.49555858473492653,0.4834490569211851,32863.52298222063,105947.31357142857
2020-06-02 15:30:00,4136001,0.5600057106896552,32.84086431034483,0.6903574818882977,0.6921989841286157,0.6752843284064619,32829.2536538041,110443.10452380952
2020-06-02 15:45:00,4136001,0.3353806863333332,31.931493066666665,0.4600730554918183,0.4619360745233602,0.4506481503204059,36531.556737442515,113443.35166666667
2020-06-02 16:00:00,4136001,0.3865036213793103,31.42358703448276,0.27388422629657244,0.274769056945556,0.2680547679796661,18870.911709072403,115227.96023809524
2020-06-02 16:15:00,4136001,0.3780669756666667,31.645157899999997,0.0,0.0,0.0,0.0,115227.96023809524
2020-06-02 16:30:00,4136001,0.4176225276666667,32.09593496666667,0.0,0.0,0.0,0.0,115227.96023809524
2020-06-02 16:45:00,4136001,0.3644395048275861,32.224939551724134,0.4114144136592076,0.4133088803542435,0.4032092159825867,30063.08081473654,117912.37666666666
2020-06-02 17:00:00,4136001,0.3232714083333334,31.528182966666662,0.41173425808253133,0.41394745437093644,0.4038321857295636,33917.91424206601,120600.94059523809
2020-06-02 17:15:00,4136001,0.2603328393103448,30.723942137931036,0.33375069093691045,0.33611422826087495,0.3279009014795491,34140.717796284654,122783.98238095238
2020-06-02 17:30:00,4136001,0.2214934133333333,30.1612061,0.27702046117392326,0.2790780156208413,0.272258432434381,33306.612269291436,124596.57738095238
2020-06-02 17:45:00,4136001,0.1376829444482758,29.57704313793104,0.16748460912998023,0.16825443806558793,0.16414295284405653,32394.716846541516,125689.37988095239
2020-06-02 18:00:00,4136001,0.1019844427999999,29.15990293333333,0.12431759251258993,0.12451546301693421,0.12147278852981784,32462.210757800796,126498.10035714286
2020-06-02 18:15:00,4136001,0.0553288056206896,28.77739734482758,0.06700535926716628,0.06664803555778961,0.0650194163285415,32250.5907483283,126930.97535714286
2020-06-02 18:30:00,4136001,0.0173682756766666,28.263504,0.020322235522797483,0.020116300423386357,0.019624736142208835,31159.76730485064,127061.62952380953
2020-06-02 18:45:00,4136001,0.001615691398,27.9587657,0.000899523325057349,0.0008886771326771094,0.000866961313827264,14826.322609883637,127067.40142857142
2020-06-02 19:00:00,4136001,0.0,27.649506689655176,0.0,0.0,0.0,0.0,127067.40142857142
2020-06-02 19:15:00,4136001,0.0,27.327332666666667,0.0,0.0,0.0,0.0,127067.40142857142
2020-06-02 19:30:00,4136001,0.0,27.10787,0.0,0.0,0.0,0.0,127067.40142857142
2020-06-02 19:45:00,4136001,0.0,26.866580000000003,0.0,0.0,0.0,0.0,127067.40142857142
2020-06-02 20:00:00,4136001,0.0,26.851251066666663,0.0,0.0,0.0,0.0,127067.40142857142
2020-06-02 20:15:00,4136001,0.0,26.742217068965513,0.0,0.0,0.0,0.0,127067.40142857142
2020-06-02 20:30:00,4136001,0.0,26.576506433333336,0.0,0.0,0.0,0.0,127067.40142857142
2020-06-02 20:45:00,4136001,0.0,26.32929210344828,0.0,0.0,0.0,0.0,127067.40142857142
2020-06-02 21:00:00,4136001,0.0,26.221999066666665,0.0,0.0,0.0,0.0,127067.40142857142
2020-06-02 21:15:00,4136001,0.0,26.089873300000008,0.0,0.0,0.0,0.0,127067.40142857142
2020-06-02 21:30:00,4136001,0.0,25.897334827586207,0.0,0.0,0.0,0.0,127067.40142857142
2020-06-02 21:45:00,4136001,0.0,25.658333266666663,0.0,0.0,0.0,0.0,127067.40142857142
2020-06-02 22:00:00,4136001,0.0,25.557441275862068,0.0,0.0,0.0,0.0,127067.40142857142
2020-06-02 22:15:00,4136001,0.0,25.429239699999997,0.0,0.0,0.0,0.0,127067.40142857142
2020-06-02 22:30:00,4136001,0.0,25.28490893103449,0.0,0.0,0.0,0.0,127067.40142857142
2020-06-02 22:45:00,4136001,0.0,25.146390900000004,0.0,0.0,0.0,0.0,127067.40142857142
2020-06-02 23:00:00,4136001,0.0,25.105476066666668,0.0,0.0,0.0,0.0,127067.40142857142
2020-06-02 23:15:00,4136001,0.0,25.022536586206897,0.0,0.0,0.0,0.0,127067.40142857142
2020-06-02 23:30:00,4136001,0.0,24.987075599999997,0.0,0.0,0.0,0.0,127067.40142857142
2020-06-02 23:45:00,4136001,0.0,25.01158706896552,0.0,0.0,0.0,0.0,127067.40142857142
2020-06-03 00:00:00,4136001,0.0,25.009733933333337,0.0,0.0,0.0,0.0,0.0
2020-06-03 00:15:00,4136001,0.0,25.11708393333333,0.0,0.0,0.0,0.0,0.0
2020-06-03 00:30:00,4136001,0.0,25.03663796551724,0.0,0.0,0.0,0.0,0.0
2020-06-03 00:45:00,4136001,0.0,24.88153950000001,0.0,0.0,0.0,0.0,0.0
2020-06-03 01:00:00,4136001,0.0,24.849428275862063,0.0,0.0,0.0,0.0,0.0
2020-06-03 01:15:00,4136001,0.0,24.70987946666667,0.0,0.0,0.0,0.0,0.0
2020-06-03 01:30:00,4136001,0.0,23.899298133333332,0.0,0.0,0.0,0.0,0.0
2020-06-03 01:45:00,4136001,0.0,23.764127482758617,0.0,0.0,0.0,0.0,0.0
2020-06-03 02:00:00,4136001,0.0,24.0012901,0.0,0.0,0.0,0.0,0.0
2020-06-03 02:15:00,4136001,0.0,24.127484655172417,0.0,0.0,0.0,0.0,0.0
2020-06-03 02:30:00,4136001,0.0,24.176533066666668,0.0,0.0,0.0,0.0,0.0
2020-06-03 02:45:00,4136001,0.0,23.986036827586208,0.0,0.0,0.0,0.0,0.0
2020-06-03 03:00:00,4136001,0.0,23.849284566666665,0.0,0.0,0.0,0.0,0.0
2020-06-03 03:15:00,4136001,0.0,23.739755166666665,0.0,0.0,0.0,0.0,0.0
2020-06-03 03:30:00,4136001,0.0,23.71006827586207,0.0,0.0,0.0,0.0,0.0
2020-06-03 03:45:00,4136001,0.0,23.777843833333336,0.0,0.0,0.0,0.0,0.0
2020-06-03 04:00:00,4136001,0.0,23.80809186206897,0.0,0.0,0.0,0.0,0.0
2020-06-03 04:15:00,4136001,0.0,23.85906143333333,0.0,0.0,0.0,0.0,0.0
2020-06-03 04:30:00,4136001,0.0,23.95609333333333,0.0,0.0,0.0,0.0,0.0
2020-06-03 04:45:00,4136001,0.0,23.93930348275862,0.0,0.0,0.0,0.0,0.0
2020-06-03 05:00:00,4136001,0.0,23.97426166666667,0.0,0.0,0.0,0.0,0.0
2020-06-03 05:15:00,4136001,0.0,23.90179627586207,0.0,0.0,0.0,0.0,0.0
2020-06-03 05:30:00,4136001,0.0,23.712452133333336,0.0,0.0,0.0,0.0,0.0
2020-06-03 05:45:00,4136001,0.0004657985739999,23.659767866666673,0.0,0.0,0.0,0.0,0.0
2020-06-03 06:00:00,4136001,0.0055109736,23.71561617241379,0.002394049903097171,0.0023676489410795368,0.0023097927933134472,11568.6930354306,15.377738095238096
2020-06-03 06:15:00,4136001,0.01923344485,23.793487200000005,0.023097069626413416,0.02286857111498352,0.022309752023744196,31980.057210950785,163.9077380952381
2020-06-03 06:30:00,4136001,0.0410589368275862,23.843538103448275,0.04918569580350955,0.04880388849217185,0.04761131093763143,31901.459248695402,480.8860714285714
2020-06-03 06:45:00,4136001,0.0729462730999999,24.083965133333333,0.08732362512137887,0.0870135959499755,0.08488732149365968,31879.248687105082,1046.0341666666666
2020-06-03 07:00:00,4136001,0.1068794512333333,24.424050933333337,0.12333311470353799,0.12334636612819683,0.12033225983004382,30730.166514075398,1847.1614285714286
2020-06-03 07:15:00,4136001,0.1249983837931034,24.73453382758621,0.14305485738661625,0.14355313991035917,0.14004525851340133,30477.380728690063,2779.5304761904763
2020-06-03 07:30:00,4136001,0.1415349551666666,24.866045133333333,0.1591848546629229,0.1598916460555366,0.15598451500234317,29951.423154382122,3818.017142857143
2020-06-03 07:45:00,4136001,0.2808776558620689,25.196312241379314,0.3025676925053229,0.3040592019828183,0.29662917559067237,28686.97735193923,5792.863452380952
2020-06-03 08:00:00,4136001,0.3417407889999999,26.033628366666665,0.3596933692086469,0.36187886332102076,0.35303594888955137,28029.48016447247,8143.245
2020-06-03 08:15:00,4136001,0.3276802989655172,26.00159110344827,0.3655408698480854,0.36782625859833706,0.3588380129169439,29707.42703226405,10532.254523809524
2020-06-03 08:30:00,4136001,0.3485793976666666,26.487010566666665,0.4181263543364802,0.4202027083463892,0.4099345855837659,31943.70275811472,13261.445952380953
2020-06-03 08:45:00,4136001,0.3597880143333333,26.840060233333332,0.43018883606169966,0.43227752915424256,0.4217143446513472,31841.37939640445,16069.06261904762
2020-06-03 09:00:00,4136001,0.495570491724138,27.38324703448276,0.568663965480048,0.5708166010621786,0.5568680595172769,30558.33585071366,19776.482261904763
2020-06-03 09:15:00,4136001,0.2928772996666666,27.369920800000003,0.34734929135336085,0.3491523447272517,0.3406204169997374,31583.491208009127,22044.205833333333
2020-06-03 09:30:00,4136001,0.3393964103448275,27.276011551724135,0.4183456517037102,0.4205290796240157,0.4102529816144978,32825.2047667435,24775.517023809523
2020-06-03 09:45:00,4136001,0.4310271809999999,27.503353766666667,0.5426214017636486,0.5447700249151826,0.531457960565956,33525.22414855053,28313.765714285713
2020-06-03 10:00:00,4136001,0.3771576586206897,27.972231034482764,0.4724939517986389,0.4744649850780361,0.46287090294439254,33362.05177259281,31395.38738095238
2020-06-03 10:15:00,4136001,0.294314601,27.937732966666672,0.34882699154339,0.35054549881568065,0.3419795278111405,31562.95845413909,33672.15940476191
2020-06-03 10:30:00,4136001,0.2884730410344827,27.733158620689657,0.38251336669666924,0.38452372549275854,0.3751274585480769,35311.87775944413,36169.61797619048
2020-06-03 10:45:00,4136001,0.8408771333333332,29.227473900000003,0.12763196179734004,0.1278645902688681,0.12474007611464002,4042.093279490389,37000.090833333335
2020-06-03 11:00:00,4136001,0.612939433,29.67993763333333,0.2965063125598311,0.29719724862011176,0.28993490172674147,12882.371255975848,38930.369166666664
2020-06-03 11:15:00,4136001,0.5865128013793105,29.355584482758616,0.5051731397775383,0.5064796319376602,0.49410323613105084,22937.29418186443,42219.924047619046
2020-06-03 11:30:00,4136001,0.6931028513333332,29.9561614,0.48888035032647126,0.48952403369971315,0.4775619668842378,18783.837641882896,45399.35333333333
2020-06-03 11:45:00,4136001,0.6007798837931035,29.695796655172416,0.3974131601022415,0.3983034082373683,0.3885704193457757,17615.959014314285,47986.31011904762
2020-06-03 12:00:00,4136001,0.820300996,30.57128906666667,0.5147159369533658,0.5150353763480022,0.502449911365526,16709.898265777785,51331.43404761905
2020-06-03 12:15:00,4136001,0.6219817166666665,30.7003918,0.4236164238707687,0.42435854416121765,0.4139888689062368,18137.382012542013,54087.61738095238
2020-06-03 12:30:00,4136001,0.5045320313793104,30.121441,0.3557165659491413,0.35694678221766657,0.3482243886996481,18775.641171988515,56405.96535714286
2020-06-03 12:45:00,4136001,0.2743211493333333,29.988367733333337,0.2295540252582502,0.230857145077605,0.22521589275056975,22284.610628296097,57905.36869047619
2020-06-03 13:00:00,4136001,0.0655425346206896,28.013037310344828,0.09092128926824775,0.0907420844471659,0.08852470020776744,36942.117268008165,58494.733095238094
2020-06-03 13:15:00,4136001,0.387105846,27.09222916666667,0.5073214099747829,0.5094142057140195,0.49696610031774513,34900.59974572482,61803.34785714286
2020-06-03 13:30:00,4136001,0.4068712906666667,28.598572866666657,0.47166983429530446,0.4736808765255488,0.4621059549606409,30871.695680679597,64879.87678571429
2020-06-03 13:45:00,4136001,0.3485087883333333,28.745618083333333,0.4485328355249718,0.44678151198908556,0.4358639064571559,34273.61681118391,67781.69595238095
2020-06-03 14:15:00,4136001,0.7605293333333332,30.450429444444445,0.5797144856997516,0.5803419097470692,0.5661606066397463,20299.138770265025,71550.98190476191
2020-06-03 14:30:00,4136001,0.437246157,29.638023733333338,0.38075494656468456,0.38234004760152396,0.3729971412664144,23189.90568705477,74034.25761904762
2020-06-03 14:45:00,4136001,0.5355106165517242,29.54072510344828,0.5594423717131859,0.561175066370805,0.5474621265006777,27820.613353021756,77679.05607142857
2020-06-03 15:00:00,4136001,0.7561365073333336,30.53915813333334,0.5366173495545674,0.537169914521555,0.5240435673630586,18899.222251759573,81167.9425
2020-06-03 15:15:00,4136001,0.4806955124137931,30.2794955862069,0.4310873043847457,0.4325875140496273,0.4220167547193995,23882.214493092746,83977.5725
2020-06-03 15:30:00,4136001,0.295706478,29.630815666666663,0.3544177511848924,0.35646609667595275,0.3477554492463209,31917.88137192681,86292.79845238096
2020-06-03 15:45:00,4136001,0.4517718568965516,29.615360758620685,0.5697911367814756,0.5720073265091321,0.5580296882572768,33587.36591274924,90007.9517857143
2020-06-03 16:00:00,4136001,0.3154774509999999,29.84168186666667,0.3813012766740271,0.3835079347573442,0.37413648979444697,32186.915921531876,92498.81285714285
2020-06-03 16:15:00,4136001,0.203640675862069,29.38401,0.24913797394981882,0.25081117632650923,0.24468232494691372,32580.281164870557,94127.81642857143
2020-06-03 16:30:00,4136001,0.169755189,28.7046204,0.2083891649934454,0.2094802113080811,0.20436132824681696,32691.24838133253,95488.37785714286
2020-06-03 16:45:00,4136001,0.193300146,28.346714400000003,0.23857375601315384,0.2400167844943473,0.2341517061421001,32867.74548013016,97047.2725
2020-06-03 17:00:00,4136001,0.1668194265517241,28.03211920689655,0.20853756264923806,0.20970452511778537,0.20458016069790635,33290.253222750674,98409.29083333333
2020-06-03 17:15:00,4136001,0.1186315144333333,27.456891733333336,0.1462200422344127,0.14687143730219146,0.14328246960020644,32823.6036446458,99363.21202380952
2020-06-03 17:30:00,4136001,0.1014438695862068,27.15457568965517,0.12450908431833566,0.12462624522528956,0.12158086365111088,32685.464518704015,100172.65202380953
2020-06-03 17:45:00,4136001,0.0830490961333333,26.89719013333333,0.10138465616518856,0.10108590575553714,0.09861575868305994,32509.983703737103,100829.19892857142
2020-06-03 18:00:00,4136001,0.0536429102,26.821745933333332,0.06435694659100596,0.06399375323248425,0.06242999435806382,31949.3869525016,101244.83452380952
2020-06-03 18:15:00,4136001,0.0267571178965517,26.64500493103448,0.030955618676067605,0.030667700902774184,0.029918301359500625,30809.140682152793,101444.0194047619
2020-06-03 18:30:00,4136001,0.01010098071,26.406685333333336,0.010467569023595996,0.010354159026027165,0.010101143579264912,27596.99029923864,101511.26904761905
2020-06-03 18:45:00,4136001,0.0009356197531034,26.04888079310345,0.0,0.0,0.0,0.0,101511.26904761905
2020-06-03 19:00:00,4136001,0.0,25.828553299999996,0.0,0.0,0.0,0.0,101511.26904761905
2020-06-03 19:15:00,4136001,0.0,25.531681310344833,0.0,0.0,0.0,0.0,101511.26904761905
2020-06-03 19:30:00,4136001,0.0,25.20612396666666,0.0,0.0,0.0,0.0,101511.26904761905
2020-06-03 19:45:00,4136001,0.0,24.984067655172417,0.0,0.0,0.0,0.0,101511.26904761905
2020-06-03 20:00:00,4136001,0.0,24.831412599999997,0.0,0.0,0.0,0.0,101511.26904761905
2020-06-03 20:15:00,4136001,0.0,24.7192687,0.0,0.0,0.0,0.0,101511.26904761905
2020-06-03 20:30:00,4136001,0.0,24.65795155172414,0.0,0.0,0.0,0.0,101511.26904761905
2020-06-03 20:45:00,4136001,0.0,24.5213178,0.0,0.0,0.0,0.0,101511.26904761905
2020-06-03 21:00:00,4136001,0.0,24.463247413793106,0.0,0.0,0.0,0.0,101511.26904761905
2020-06-03 21:15:00,4136001,0.0,24.223528166666668,0.0,0.0,0.0,0.0,101511.26904761905
2020-06-03 21:30:00,4136001,0.0,23.884560966666665,0.0,0.0,0.0,0.0,101511.26904761905
2020-06-03 21:45:00,4136001,0.0,23.807587344827596,0.0,0.0,0.0,0.0,101511.26904761905
2020-06-03 22:00:00,4136001,0.0,23.7768878,0.0,0.0,0.0,0.0,101511.26904761905
2020-06-03 22:15:00,4136001,0.0,23.66013751724138,0.0,0.0,0.0,0.0,101511.26904761905
2020-06-03 22:30:00,4136001,0.0,23.76125463333333,0.0,0.0,0.0,0.0,101511.26904761905
2020-06-03 22:45:00,4136001,0.0,23.851649655172416,0.0,0.0,0.0,0.0,101511.26904761905
2020-06-03 23:00:00,4136001,0.0,23.8517117,0.0,0.0,0.0,0.0,101511.26904761905
2020-06-03 23:15:00,4136001,0.0,23.84605431034483,0.0,0.0,0.0,0.0,101511.26904761905
2020-06-03 23:30:00,4136001,0.0,23.800831800000005,0.0,0.0,0.0,0.0,101511.26904761905
2020-06-03 23:45:00,4136001,0.0,23.7193359,0.0,0.0,0.0,0.0,101511.26904761905
2020-06-04 00:00:00,4136001,0.0,23.506170827586203,0.0,0.0,0.0,0.0,0.0
2020-06-04 00:15:00,4136001,0.0,23.52986140000001,0.0,0.0,0.0,0.0,0.0
2020-06-04 00:30:00,4136001,0.0,23.517205517241383,0.0,0.0,0.0,0.0,0.0
2020-06-04 00:45:00,4136001,0.0,23.479854533333334,0.0,0.0,0.0,0.0,0.0
2020-06-04 01:00:00,4136001,0.0,23.47402967857143,0.0,0.0,0.0,0.0,0.0
2020-06-04 01:15:00,4136001,0.0,23.451709266666665,0.0,0.0,0.0,0.0,0.0
2020-06-04 01:30:00,4136001,0.0,23.5328036,0.0,0.0,0.0,0.0,0.0
2020-06-04 01:45:00,4136001,0.0,23.616814000000005,0.0,0.0,0.0,0.0,0.0
2020-06-04 02:00:00,4136001,0.0,23.573609399999995,0.0,0.0,0.0,0.0,0.0
2020-06-04 02:15:00,4136001,0.0,23.482578724137937,0.0,0.0,0.0,0.0,0.0
2020-06-04 02:30:00,4136001,0.0,23.379536,0.0,0.0,0.0,0.0,0.0
2020-06-04 02:45:00,4136001,0.0,23.489091551724137,0.0,0.0,0.0,0.0,0.0
2020-06-04 03:00:00,4136001,0.0,23.473553633333328,0.0,0.0,0.0,0.0,0.0
2020-06-04 03:15:00,4136001,0.0,23.384286999999997,0.0,0.0,0.0,0.0,0.0
2020-06-04 03:30:00,4136001,0.0,23.35194186666667,0.0,0.0,0.0,0.0,0.0
2020-06-04 03:45:00,4136001,0.0,23.323459966666668,0.0,0.0,0.0,0.0,0.0
2020-06-04 04:00:00,4136001,0.0,23.21587089655173,0.0,0.0,0.0,0.0,0.0
2020-06-04 04:15:00,4136001,0.0,23.006512333333337,0.0,0.0,0.0,0.0,0.0
2020-06-04 04:30:00,4136001,0.0,23.00293793103448,0.0,0.0,0.0,0.0,0.0
2020-06-04 04:45:00,4136001,0.0,23.15551916666667,0.0,0.0,0.0,0.0,0.0
2020-06-04 05:00:00,4136001,0.0,23.291529433333334,0.0,0.0,0.0,0.0,0.0
2020-06-04 05:15:00,4136001,0.0,23.26026962068965,0.0,0.0,0.0,0.0,0.0
2020-06-04 05:30:00,4136001,0.0,23.181041900000007,0.0,0.0,0.0,0.0,0.0
2020-06-04 05:45:00,4136001,0.0003561030461379,23.217326379310347,0.0,0.0,0.0,0.0,0.0
2020-06-04 06:00:00,4136001,0.00682581012,23.32922356666667,0.004853009251974248,0.004801100021139167,0.004683779776805921,18933.7372364667,31.182857142857145
2020-06-04 06:15:00,4136001,0.0203257591896551,23.42791444827586,0.024020822234950594,0.023784668860450102,0.02320346389704439,31471.72318130378,185.66285714285715
2020-06-04 06:30:00,4136001,0.0435386421666666,23.6890575,0.05234592750626992,0.051960228307394676,0.050690522062202065,32017.50220166084,523.1414285714286
2020-06-04 06:45:00,4136001,0.0712860028666666,23.98467506666666,0.0844702917155663,0.08413344182560283,0.08207754715394075,31555.797438581434,1069.5830952380952
2020-06-04 07:00:00,4136001,0.1125833156206896,24.33044337931035,0.13791579953845987,0.1383134200603081,0.13493357707336862,32622.663480810377,1967.9204761904762
2020-06-04 07:15:00,4136001,0.1479487797333334,24.709500066666664,0.17551122536445132,0.17637850944664854,0.17206850346212318,31591.695893452503,3113.4883333333332
2020-06-04 07:30:00,4136001,0.1676162806896552,24.904997724137928,0.19967050320234236,0.20070854790130857,0.19580401023788255,31723.211162952604,4417.078333333333
2020-06-04 07:45:00,4136001,0.2355763336666667,25.1223704,0.2785719220977932,0.2806252273633448,0.27376783632891916,31490.902813134006,6239.722380952381
2020-06-04 08:00:00,4136001,0.2613326248275861,25.454187655172408,0.3170882931540883,0.3192925621202894,0.31149029154962704,32312.16121727231,8313.508452380953
2020-06-04 08:15:00,4136001,0.405336878,26.0076823,0.46988053300275173,0.47196917776488173,0.46043608347204523,30871.004702085527,11378.92
2020-06-04 08:30:00,4136001,0.3652829586206896,26.450226793103447,0.41297054162587327,0.41498184933227417,0.4048413040940658,30107.111493598866,14074.202261904762
2020-06-04 08:45:00,4136001,0.355304296,26.4298736,0.4255495451832685,0.427615860016452,0.41716658860843875,31895.476996990772,16851.541666666668
2020-06-04 09:00:00,4136001,0.4013127146666666,26.654045666666672,0.4763134882329009,0.47844036906605153,0.4667491439820968,31607.444918223784,19958.983214285712
2020-06-04 09:15:00,4136001,0.4671588324137931,27.027789862068964,0.5611005487727072,0.5633152305355944,0.549549993362428,31985.67782087111,23617.681904761903
2020-06-04 09:30:00,4136001,0.5079747253333332,27.4964255,0.5961369867540385,0.5982426759790684,0.5836239476444344,31252.401366195016,27503.232261904763
2020-06-04 09:45:00,4136001,0.511515428275862,27.648838413793104,0.5433557725704626,0.545036202815536,0.5317176341118557,28288.17807623564,31043.20976190476
2020-06-04 10:00:00,4136001,0.7474316673333334,28.752326433333337,0.5436211145169993,0.5442084705608837,0.5309101284198516,19368.868549463565,34577.81119047619
2020-06-04 10:15:00,4136001,0.6849686296551724,28.820756517241374,0.4880787454931744,0.48912705801001094,0.47717469173914107,18975.73658556837,37754.662142857145
2020-06-04 10:30:00,4136001,0.5005721016666665,28.779559300000003,0.40359409502142046,0.40472415734174905,0.3948342702704868,21471.26298551158,40383.32130952381
2020-06-04 10:45:00,4136001,0.2994588744827586,27.79197634482759,0.2888613567139899,0.29054694353005234,0.2834471042733947,25688.082542222954,42270.40630952381
2020-06-04 11:00:00,4136001,0.6534224343333332,28.644737733333336,0.5333911176412358,0.5344587014319957,0.5213986057951725,21738.57977309595,45741.68357142857
2020-06-04 11:15:00,4136001,0.776167843,29.649976599999995,0.520197494946004,0.520876626726479,0.508148424263301,17848.1020337026,49124.74607142857
2020-06-04 11:30:00,4136001,0.8754993144827584,30.20047648275862,0.6067784880583785,0.6071335164074702,0.592297530451292,18456.689004919597,53068.04190476191
2020-06-04 11:45:00,4136001,0.9597550606666668,31.101126966666666,0.6251627921747603,0.6253598290991979,0.6100784628241609,17346.51119546852,57129.71654761905
2020-06-04 12:00:00,4136001,0.7538634593103448,31.748692999999996,0.490053977479176,0.49080759698341736,0.4788141648646994,17311.338748564056,60317.4825
2020-06-04 12:15:00,4136001,0.6268134326666664,31.40540860000001,0.49455601080779815,0.4950236078462324,0.4829271527906126,21011.478785364467,63532.63119047619
2020-06-04 12:30:00,4136001,1.0987660434482758,32.124079379310345,0.6948497877407478,0.6946117047855036,0.6776380915378396,16840.89348692453,68044.09261904762
2020-06-04 12:45:00,4136001,1.0755276863333334,32.994769566666676,0.6193496416855542,0.6195031454613836,0.6043648937959873,15335.351169000942,72067.72845238095
2020-06-04 13:00:00,4136001,0.7529416256666667,32.87322086666667,0.4791254441022026,0.48002495422398134,0.4682950080308898,16946.006036040308,75185.46178571429
2020-06-04 13:15:00,4136001,0.9427802534482758,32.73378110344828,0.5771553726853613,0.5772337026385209,0.5631283520453735,16302.78099672062,78934.56011904762
2020-06-04 13:30:00,4136001,0.8002419046666666,32.67796206666667,0.4795590678102364,0.4799348291216512,0.4682070852361516,15958.800555065352,82051.7080952381
2020-06-04 13:45:00,4136001,0.2616007365517241,30.929569551724143,0.1824783155959481,0.1836972469613113,0.1792083994467927,18575.979808218828,83244.81071428572
2020-06-04 14:00:00,4136001,0.2491807296666666,29.894924933333336,0.1915939442455398,0.19295172210704606,0.18823673115029693,20476.077007837524,84498.0205952381
2020-06-04 14:15:00,4136001,0.4174138455172413,29.59220320689655,0.40747078037819284,0.40919006969839544,0.39919105306796016,25996.150941967557,87155.68559523809
2020-06-04 14:30:00,4136001,0.3781839226666667,29.9574492,0.42331887754080244,0.4252582188658691,0.4148665590540773,29808.76635629073,89917.71226190476
2020-06-04 14:45:00,4136001,0.3754210289655172,29.019922586206896,0.4699907538908474,0.4721461653565228,0.46060874617409775,33338.81412890038,92984.27333333333
2020-06-04 15:00:00,4136001,0.400242852,28.9516053,0.4959742732573941,0.4981364522642965,0.485963931376661,33000.08013753658,96219.63976190476
2020-06-04 15:15:00,4136001,0.3241478868965516,28.692960482758625,0.398683275235505,0.40073660270741523,0.39094415598980786,32753.993002076753,98822.4
2020-06-04 15:30:00,4136001,0.3111335316666667,28.495817033333328,0.3785720937591374,0.38080669279970814,0.3715012557027329,32402.700578951313,101295.71666666667
2020-06-04 15:45:00,4136001,0.2588776076666667,28.173362266666665,0.3233463505084323,0.3256425235197282,0.317685084546073,33262.34825974054,103410.74535714286
2020-06-04 16:00:00,4136001,0.1853187451724138,27.82616858620689,0.22916065255915594,0.23049789105977497,0.2248654175061383,32930.63677954753,104907.81535714286
2020-06-04 16:15:00,4136001,0.2226279066666666,27.60287473333333,0.2794672790589754,0.28151548081467154,0.27463633544228827,33429.5702166325,106736.24154761905
2020-06-04 16:30:00,4136001,0.246114384137931,27.935087000000003,0.3112585666163317,0.3132764320181331,0.3056211723096519,33679.353453343494,108770.9532142857
2020-06-04 16:45:00,4136001,0.3044036246666667,28.583680233333336,0.3842122417998806,0.38639437582702885,0.37695239745094344,33612.49944993536,111280.56154761904
2020-06-04 17:00:00,4136001,0.2031273489655172,28.506739034482752,0.24787038009254833,0.24931211561996694,0.24321989546396341,32496.430653680105,112899.82880952381
2020-06-04 17:15:00,4136001,0.1302995793333333,28.051268533333335,0.16244279028076355,0.16322451523023498,0.1592359417942158,33199.90618279108,113959.96226190476
2020-06-04 17:30:00,4136001,0.0966307924137931,27.81005551724138,0.1205553122891784,0.12059347224085444,0.11764663598124771,33223.871681308774,114743.20964285714
2020-06-04 17:45:00,4136001,0.0797806046666666,27.715189433333336,0.09850181846583966,0.0981879722231392,0.09578863939501965,32879.58701608239,115380.93464285714
2020-06-04 18:00:00,4136001,0.0573083227586206,27.576374896551723,0.06930647958631905,0.06894161585162163,0.06725695042477599,32205.90967982975,115828.70630952381
2020-06-04 18:15:00,4136001,0.0334204809333333,27.4625298,0.03894262763163993,0.03861128379844845,0.037667773930020534,31030.729534701222,116079.48428571428
2020-06-04 18:30:00,4136001,0.0164729437433333,27.4985625,0.018242647744627426,0.018056400204723468,0.01761517188736498,29491.44730598397,116196.75952380952
2020-06-04 18:45:00,4136001,0.0013895391787931,27.167746517241383,9.61303527583403e-05,9.545892473769461e-05,9.312627923464217e-05,1842.3374015430904,116197.37952380952
2020-06-04 19:00:00,4136001,0.0,27.06125983333333,0.0,0.0,0.0,0.0,116197.37952380952
2020-06-04 19:15:00,4136001,0.0,26.844621344827583,0.0,0.0,0.0,0.0,116197.37952380952
2020-06-04 19:30:00,4136001,0.0,26.619942066666663,0.0,0.0,0.0,0.0,116197.37952380952
2020-06-04 19:45:00,4136001,0.0,25.886081,0.0,0.0,0.0,0.0,116197.37952380952
2020-06-04 20:00:00,4136001,0.0,25.415011433333333,0.0,0.0,0.0,0.0,116197.37952380952
2020-06-04 20:15:00,4136001,0.0,25.253174833333336,0.0,0.0,0.0,0.0,116197.37952380952
2020-06-04 20:30:00,4136001,0.0,25.07101975862069,0.0,0.0,0.0,0.0,116197.37952380952
2020-06-04 20:45:00,4136001,0.0,25.05708616666666,0.0,0.0,0.0,0.0,116197.37952380952
2020-06-04 21:00:00,4136001,0.0,24.76100727586207,0.0,0.0,0.0,0.0,116197.37952380952
2020-06-04 21:15:00,4136001,0.0,24.4274142,0.0,0.0,0.0,0.0,116197.37952380952
2020-06-04 21:30:00,4136001,0.0,24.474092633333335,0.0,0.0,0.0,0.0,116197.37952380952
2020-06-04 21:45:00,4136001,0.0,24.597594103448277,0.0,0.0,0.0,0.0,116197.37952380952
2020-06-04 22:00:00,4136001,0.0,24.31747246666667,0.0,0.0,0.0,0.0,116197.37952380952
2020-06-04 22:15:00,4136001,0.0,24.096436724137934,0.0,0.0,0.0,0.0,116197.37952380952
2020-06-04 22:30:00,4136001,0.0001880975060666,24.35011396666667,0.0,0.0,0.0,0.0,116197.37952380952
2020-06-04 22:45:00,4136001,8.957066999999999e-06,24.49744276666667,0.0,0.0,0.0,0.0,116197.37952380952
2020-06-04 23:00:00,4136001,0.0,24.43652979310345,0.0,0.0,0.0,0.0,116197.37952380952
2020-06-04 23:15:00,4136001,0.0,24.212598600000003,0.0,0.0,0.0,0.0,116197.37952380952
2020-06-04 23:30:00,4136001,0.0,24.22958896551724,0.0,0.0,0.0,0.0,116197.37952380952
2020-06-04 23:45:00,4136001,0.0,24.3579734,0.0,0.0,0.0,0.0,116197.37952380952
2020-06-05 00:00:00,4136001,0.0,24.29966906896551,0.0,0.0,0.0,0.0,0.0
2020-06-05 00:15:00,4136001,0.0,24.0563783,0.0,0.0,0.0,0.0,0.0
2020-06-05 00:30:00,4136001,0.0,23.76232196666667,0.0,0.0,0.0,0.0,0.0
2020-06-05 00:45:00,4136001,0.0,23.608251103448275,0.0,0.0,0.0,0.0,0.0
2020-06-05 01:00:00,4136001,0.0,23.518258666666668,0.0,0.0,0.0,0.0,0.0
2020-06-05 01:15:00,4136001,0.0,23.339248137931033,0.0,0.0,0.0,0.0,0.0
2020-06-05 01:30:00,4136001,0.0,23.214794,0.0,0.0,0.0,0.0,0.0
2020-06-05 01:45:00,4136001,0.0,23.100183966666663,0.0,0.0,0.0,0.0,0.0
2020-06-05 02:00:00,4136001,0.0,23.03813327586207,0.0,0.0,0.0,0.0,0.0
2020-06-05 02:15:00,4136001,0.0,23.073260366666663,0.0,0.0,0.0,0.0,0.0
2020-06-05 02:30:00,4136001,0.0,23.01282675862069,0.0,0.0,0.0,0.0,0.0
2020-06-05 02:45:00,4136001,0.0,23.018499566666662,0.0,0.0,0.0,0.0,0.0
2020-06-05 03:00:00,4136001,0.0,23.082872931034487,0.0,0.0,0.0,0.0,0.0
2020-06-05 03:15:00,4136001,0.0,23.14973,0.0,0.0,0.0,0.0,0.0
2020-06-05 03:30:00,4136001,0.0,23.204861724137924,0.0,0.0,0.0,0.0,0.0
2020-06-05 03:45:00,4136001,0.0,23.2978301,0.0,0.0,0.0,0.0,0.0
2020-06-05 04:00:00,4136001,0.0,23.390664833333332,0.0,0.0,0.0,0.0,0.0
2020-06-05 04:15:00,4136001,0.0,23.48055724137931,0.0,0.0,0.0,0.0,0.0
2020-06-05 04:30:00,4136001,0.0,23.541043100000003,0.0,0.0,0.0,0.0,0.0
2020-06-05 04:45:00,4136001,0.0,23.55039810344827,0.0,0.0,0.0,0.0,0.0
2020-06-05 05:00:00,4136001,0.0,23.479852466666667,0.0,0.0,0.0,0.0,0.0
2020-06-05 05:15:00,4136001,0.0,23.508968900000003,0.0,0.0,0.0,0.0,0.0
2020-06-05 05:30:00,4136001,0.0,23.51972896551724,0.0,0.0,0.0,0.0,0.0
2020-06-05 05:45:00,4136001,0.000946964667,23.482278566666665,0.0,0.0,0.0,0.0,0.0
2020-06-05 06:00:00,4136001,0.0061887873206896,23.48507603448276,0.0034033113187196123,0.0033669249892457494,0.003284650414533536,14644.533745555485,21.867976190476192
2020-06-05 06:15:00,4136001,0.0220205288,23.5497906,0.02548993935776913,0.02524281859924769,0.02462598211746557,30826.235199220097,185.81857142857143
2020-06-05 06:30:00,4136001,0.0441504464333333,23.611078866666663,0.05017029878229164,0.04980420930967563,0.04858718779808277,30261.539443500602,509.2939285714286
2020-06-05 06:45:00,4136001,0.0877622152413793,23.887232241379316,0.10412390630266068,0.10401954473827858,0.10147771091886311,31595.287030140847,1184.8946428571428
2020-06-05 07:00:00,4136001,0.1223387135,24.3056306,0.13764700648364897,0.13797449322134409,0.1346029322904716,29962.792798287224,2081.030714285714
2020-06-05 07:15:00,4136001,0.1402624606666666,24.58904119999999,0.16586371476865486,0.1666507904495692,0.16257849214964062,31491.21112598926,3163.417619047619
2020-06-05 07:30:00,4136001,0.1549188731034483,24.888433965517248,0.18016324779257817,0.18106233869196747,0.17663787810556827,30970.006915973223,4339.406666666667
2020-06-05 07:45:00,4136001,0.200846841,24.9963226,0.22974213748128175,0.23104353559328428,0.22539772860570362,30461.76625605739,5840.020595238095
2020-06-05 08:00:00,4136001,0.2160856144827586,25.38429096551725,0.2578090891248533,0.25948661097850584,0.25314576565823255,31772.529990488885,7525.370595238095
2020-06-05 08:15:00,4136001,0.3888253183333333,25.930556166666666,0.42284278553146637,0.4249762411204458,0.4145914717499786,28960.35080049538,10285.565833333334
2020-06-05 08:30:00,4136001,0.5699424124137931,26.913648793103448,0.6277637476418023,0.629967408512161,0.6145734508851145,29332.203223593766,14377.166428571429
2020-06-05 08:45:00,4136001,0.5106229946666668,27.553101733333328,0.5690731274465318,0.5711890155078045,0.5572313735997441,29678.854796146934,18087.00488095238
2020-06-05 09:00:00,4136001,0.521611014,27.474611433333337,0.5899461097820072,0.5919976680748386,0.5775315434872543,30119.309960590308,21931.994285714285
2020-06-05 09:15:00,4136001,0.8295012827586207,28.375374620689666,0.7507244823981318,0.7521865601715563,0.7338060409915845,24101.43751296756,26817.40095238095
2020-06-05 09:30:00,4136001,0.737069957,28.921555499999997,0.6130308233679155,0.6139414900210689,0.598939143621608,22148.944307835125,30804.914166666666
2020-06-05 09:45:00,4136001,0.7594489110344828,29.35511203448276,0.6175892009564969,0.6178860991368428,0.6027873618054653,21656.115499501415,34818.04738095238
2020-06-05 10:00:00,4136001,0.8117192696666667,29.860947766666666,0.531073796782723,0.531323751894263,0.5183402622527575,17423.221074352496,38268.96333333333
2020-06-05 10:15:00,4136001,0.8470610855172414,30.15575227586207,0.5009810445821677,0.5013443523627926,0.4890934428513636,15750.197094076628,41525.16488095238
2020-06-05 10:30:00,4136001,0.9209433376666668,30.86852616666667,0.6089852840451652,0.6088737172088375,0.5939952075013718,17609.755131902133,45479.76321428571
2020-06-05 10:45:00,4136001,0.8930844131034481,31.095844275862067,0.5713187081682761,0.571393771968681,0.55743112660768,17035.91110026946,49190.931547619046
2020-06-05 11:00:00,4136001,0.9164784675862068,31.44439172413793,0.597896032734674,0.5978134774034813,0.583205237015679,17373.3206494746,53073.694285714286
2020-06-05 11:15:00,4136001,0.9401133463333332,31.800298,0.5254761528060621,0.5257735889166616,0.5129257237099221,14885.115975701176,56488.562261904764
2020-06-05 11:30:00,4136001,0.8567388703333331,32.135494,0.5730011323926673,0.5730792965080491,0.5590754634713243,17810.923496740033,60210.677976190476
2020-06-05 11:45:00,4136001,0.3769944793103448,31.144323896551725,0.2808207929953016,0.281993361975532,0.2751025390429422,19836.895260855326,62042.207976190475
2020-06-05 12:00:00,4136001,0.9867557566666668,31.854984566666666,0.6601748220587116,0.6601082157416422,0.6439777338070424,17816.759498205713,66329.5713095238
2020-06-05 12:15:00,4136001,0.9660673,32.97867465517242,0.6993092454797276,0.6990848938689398,0.6820019732471516,19277.08299805772,70870.08583333333
2020-06-05 12:30:00,4136001,0.9897816713333332,33.09526663333333,0.6771070321355759,0.6769695464584822,0.6604270390649721,18217.8594083712,75266.9625
2020-06-05 12:45:00,4136001,0.765350568275862,33.23081796551725,0.5841340858203724,0.5841819319533665,0.569906793612138,20325.04751608123,79061.18916666666
2020-06-05 13:00:00,4136001,0.7339340326666665,33.12394726666667,0.5420991042424956,0.5424396577430962,0.5291845385199473,19669.852012545154,82584.30226190477
2020-06-05 13:15:00,4136001,1.0410162006896553,33.690490586206906,0.7009782228988222,0.7006248655432268,0.6835043139926311,17931.906559886775,87134.81880952381
2020-06-05 13:30:00,4136001,0.3470472646666668,32.81328523333334,0.24589480836013633,0.2472006551180308,0.24116003085898763,18868.621078523327,88740.37226190476
2020-06-05 13:45:00,4136001,0.2062072193333333,30.934286533333335,0.19688043415442769,0.19825850881685425,0.19341384059642017,25426.004633767843,90028.0494047619
2020-06-05 14:00:00,4136001,0.2405096113793103,29.498305758620692,0.31307215083653434,0.3153635695567192,0.30765730831006843,34665.01796824744,92076.3169047619
2020-06-05 14:15:00,4136001,0.2848750106666667,29.638054366666672,0.3727152947968874,0.37494520688879845,0.36578300175037354,34841.93688884533,94511.56357142857
2020-06-05 14:30:00,4136001,0.3482828503448275,30.18035472413793,0.4367402555007447,0.43886672440269753,0.42814252555036053,33394.16303214201,97361.97666666667
2020-06-05 14:45:00,4136001,0.2557180766666666,30.379783166666662,0.3244891501447391,0.3268233144933317,0.3188370215726811,33792.33329466414,99484.67452380952
2020-06-05 15:00:00,4136001,0.3145418731034483,29.511418655172413,0.40612770917363944,0.4083039953244189,0.398326630911516,34384.56876967107,102136.58452380952
2020-06-05 15:15:00,4136001,0.3843689899999999,29.535261899999995,0.4798582771094747,0.4820141583841356,0.4702356037644188,33246.35800515294,105267.23761904762
2020-06-05 15:30:00,4136001,0.3375091299999999,29.233108103448277,0.4237727787451212,0.4259407465118863,0.415532408374327,33436.973422093244,108033.69726190476
2020-06-05 15:45:00,4136001,0.2552887386666667,29.071617666666665,0.32224603705481775,0.3245847953765181,0.31665320317207274,33615.1734812725,110141.85607142857
2020-06-05 16:00:00,4136001,0.2302861731034482,29.295579379310343,0.28789079062637507,0.2900417334028355,0.282954239520218,33291.95806994294,112025.65976190477
2020-06-05 16:15:00,4136001,0.2247399976666666,29.429052599999995,0.2866729785589259,0.28883663779516866,0.28177859177044073,33969.238880164754,113901.63642857144
2020-06-05 16:30:00,4136001,0.338446496,30.14625143333334,0.42276786250727416,0.42498252806575787,0.4145976050667562,33265.29455619591,116661.8725
2020-06-05 16:45:00,4136001,0.3993899403448275,31.838410517241375,0.515424415507428,0.517583422128035,0.5049356927994361,34367.44881827141,120023.54583333334
2020-06-05 17:00:00,4136001,0.288733524137931,31.014636724137933,0.3717451578626331,0.37386949771541017,0.3647335787327616,34286.84609561543,122451.80583333333
2020-06-05 17:15:00,4136001,0.2034260188333333,30.78587326666667,0.2538016192814599,0.255498964697739,0.24925556197060356,33225.17814116612,124111.2563095238
2020-06-05 17:30:00,4136001,0.129202366,30.21943724137931,0.1579972263818309,0.1584930115104071,0.15462005765532347,32565.55062216268,125140.65892857143
2020-06-05 17:45:00,4136001,0.1223071633333333,30.03724260000001,0.15016026016993328,0.1506896659866929,0.14700739559986198,32695.090790597827,126119.37928571428
2020-06-05 18:00:00,4136001,0.0528231213103448,29.26668989655172,0.0617107512072084,0.06133092945961212,0.059832239659835876,31111.159860724336,126517.72
2020-06-05 18:15:00,4136001,0.0281089406666666,28.38648066666667,0.033057111157014624,0.032758064395806134,0.03195758448456106,31318.420337752836,126730.48166666666
2020-06-05 18:30:00,4136001,0.0139561956793103,28.046846689655176,0.016010460184009517,0.015843358796317212,0.015456208618887208,30550.350286270652,126833.38333333333
2020-06-05 18:45:00,4136001,0.0022514848816666,27.9624705,0.0001699804935492528,0.00016859277836738,0.00016447302542247285,2010.5250110833194,126834.47833333333
2020-06-05 19:00:00,4136001,0.0,27.811192,0.0,0.0,0.0,0.0,126834.47833333333
2020-06-05 19:15:00,4136001,0.0,27.6333039,0.0,0.0,0.0,0.0,126834.47833333333
2020-06-05 19:30:00,4136001,0.0,27.510825448275863,0.0,0.0,0.0,0.0,126834.47833333333
2020-06-05 19:45:00,4136001,0.0,27.453949366666667,0.0,0.0,0.0,0.0,126834.47833333333
2020-06-05 20:00:00,4136001,0.0,27.255858266666667,0.0,0.0,0.0,0.0,126834.47833333333
2020-06-05 20:15:00,4136001,0.0,26.938065,0.0,0.0,0.0,0.0,126834.47833333333
2020-06-05 20:30:00,4136001,0.0,26.712303966666664,0.0,0.0,0.0,0.0,126834.47833333333
2020-06-05 20:45:00,4136001,0.0,26.51872724137931,0.0,0.0,0.0,0.0,126834.47833333333
2020-06-05 21:00:00,4136001,0.0,26.303040633333335,0.0,0.0,0.0,0.0,126834.47833333333
2020-06-05 21:15:00,4136001,0.0,26.129026206896555,0.0,0.0,0.0,0.0,126834.47833333333
2020-06-05 21:30:00,4136001,0.0,25.942817266666665,0.0,0.0,0.0,0.0,126834.47833333333
2020-06-05 21:45:00,4136001,0.0,25.792556172413793,0.0,0.0,0.0,0.0,126834.47833333333
2020-06-05 22:00:00,4136001,0.0,25.558221299999996,0.0,0.0,0.0,0.0,126834.47833333333
2020-06-05 22:15:00,4136001,0.0,25.35404553333333,0.0,0.0,0.0,0.0,126834.47833333333
2020-06-05 22:30:00,4136001,0.0,25.245068689655177,0.0,0.0,0.0,0.0,126834.47833333333
2020-06-05 22:45:00,4136001,0.0,25.0918865,0.0,0.0,0.0,0.0,126834.47833333333
2020-06-05 23:00:00,4136001,0.0,24.871867103448277,0.0,0.0,0.0,0.0,126834.47833333333
2020-06-05 23:15:00,4136001,0.0,24.566193666666667,0.0,0.0,0.0,0.0,126834.47833333333
2020-06-05 23:30:00,4136001,0.0,24.282784099999997,0.0,0.0,0.0,0.0,126834.47833333333
2020-06-05 23:45:00,4136001,0.0,24.27867286206897,0.0,0.0,0.0,0.0,126834.47833333333
2020-06-06 00:00:00,4136001,0.0,24.2577074137931,0.0,0.0,0.0,0.0,0.0
2020-06-06 00:15:00,4136001,0.0,24.15239563333333,0.0,0.0,0.0,0.0,0.0
2020-06-06 00:30:00,4136001,0.0,24.016052366666667,0.0,0.0,0.0,0.0,0.0
2020-06-06 00:45:00,4136001,0.0,23.651342034482756,0.0,0.0,0.0,0.0,0.0
2020-06-06 01:00:00,4136001,0.0,23.357765766666667,0.0,0.0,0.0,0.0,0.0
2020-06-06 01:15:00,4136001,0.0,23.185933413793105,0.0,0.0,0.0,0.0,0.0
2020-06-06 01:30:00,4136001,0.0,23.313764400000004,0.0,0.0,0.0,0.0,0.0
2020-06-06 01:45:00,4136001,0.0,23.393579366666668,0.0,0.0,0.0,0.0,0.0
2020-06-06 02:00:00,4136001,0.0,23.459977,0.0,0.0,0.0,0.0,0.0
2020-06-06 02:15:00,4136001,0.0,23.5872457,0.0,0.0,0.0,0.0,0.0
2020-06-06 02:30:00,4136001,0.0,23.59115072413793,0.0,0.0,0.0,0.0,0.0
2020-06-06 02:45:00,4136001,0.0,23.648073466666663,0.0,0.0,0.0,0.0,0.0
2020-06-06 03:00:00,4136001,0.0,23.584800166666675,0.0,0.0,0.0,0.0,0.0
2020-06-06 03:15:00,4136001,0.0,23.494155482758615,0.0,0.0,0.0,0.0,0.0
2020-06-06 03:30:00,4136001,0.0,23.26166603333333,0.0,0.0,0.0,0.0,0.0
2020-06-06 03:45:00,4136001,0.0,23.115232379310346,0.0,0.0,0.0,0.0,0.0
2020-06-06 04:00:00,4136001,0.0,22.9585633,0.0,0.0,0.0,0.0,0.0
2020-06-06 04:15:00,4136001,0.0,22.94561556666666,0.0,0.0,0.0,0.0,0.0
2020-06-06 04:30:00,4136001,0.0,22.830030551724136,0.0,0.0,0.0,0.0,0.0
2020-06-06 04:45:00,4136001,0.0,22.671417799999993,0.0,0.0,0.0,0.0,0.0
2020-06-06 05:00:00,4136001,0.0,22.49378806896552,0.0,0.0,0.0,0.0,0.0
2020-06-06 05:15:00,4136001,0.0,22.4207661,0.0,0.0,0.0,0.0,0.0
2020-06-06 05:30:00,4136001,0.000170197794,22.752984533333333,0.0,0.0,0.0,0.0,0.0
2020-06-06 05:45:00,4136001,0.0022187049999999,22.99405113793104,0.0,0.0,0.0,0.0,0.0
2020-06-06 06:00:00,4136001,0.0112176982966666,23.30265906666666,0.01055833495934773,0.010444174152637537,0.010188959085663016,25065.196271802197,67.83428571428571
2020-06-06 06:15:00,4136001,0.039975013275862,23.437398206896543,0.046066251551389395,0.04570105186460442,0.044584295590535054,30688.360516152094,364.65988095238095
2020-06-06 06:30:00,4136001,0.0669742794333333,23.51485103333333,0.08145761724326757,0.08111823751738463,0.0791360227325396,32389.413330036856,891.5179761904762
2020-06-06 06:45:00,4136001,0.0990314326333333,23.763258866666668,0.12237427880777763,0.1224724257419654,0.11947967515379426,32907.622973457095,1686.9690476190476
2020-06-06 07:00:00,4136001,0.1035580991724137,23.988086655172413,0.11772438426506342,0.11775371586420101,0.11487627222513727,30273.44094816229,2451.772380952381
2020-06-06 07:15:00,4136001,0.1264609238,24.45689706666667,0.14830783757060287,0.14894744896379686,0.14530775159687964,31231.09288201212,3419.177142857143
2020-06-06 07:30:00,4136001,0.0926935086896552,24.78675365517241,0.11221040731231549,0.11212856777502091,0.1093885809157217,32237.64039405158,4147.445476190476
2020-06-06 07:45:00,4136001,0.0984749646999999,25.030941833333337,0.12004664038722221,0.12009275278886052,0.11715815216862636,32464.117828141352,4927.440714285714
2020-06-06 08:00:00,4136001,0.3068662096999999,25.494139633333333,0.3406316107498911,0.3421340975375025,0.33377366852308876,29560.740460217523,7149.58119047619
2020-06-06 08:15:00,4136001,0.437950495862069,26.394803862068965,0.4535540192501031,0.4557570887095498,0.44462015493008517,27579.311925559217,10109.69619047619
2020-06-06 08:30:00,4136001,0.523857548275862,26.750896482758623,0.5512286982576945,0.5533443368928747,0.5398227496485233,28021.929954284707,13703.634523809524
2020-06-06 08:45:00,4136001,0.6070096273333331,27.549927799999992,0.6680378593372613,0.6701373048693932,0.6537617509342669,29307.915172319616,18056.13619047619
2020-06-06 09:00:00,4136001,0.6860303113793103,28.04765996551724,0.5519758184955943,0.5535240738775095,0.5399980945590792,21426.743790273038,21651.241904761904
2020-06-06 09:15:00,4136001,0.6343520436666668,28.780702633333338,0.5122289217035443,0.5135605469583768,0.5010111210801848,21503.699484341243,24986.786904761906
2020-06-06 09:30:00,4136001,0.7935803124137931,29.180171655172416,0.5914283697264919,0.592547253404972,0.5780676990856745,19846.809322866204,28835.345833333333
2020-06-06 09:45:00,4136001,0.777368767,29.725547233333337,0.59123995351983,0.5918992031470944,0.5774354846600561,20254.24765207929,32679.695714285714
2020-06-06 10:00:00,4136001,0.8195056796551724,30.04159644827586,0.595014840123207,0.5953685888485682,0.5808200920448127,19335.493407848106,36546.579047619045
2020-06-06 10:15:00,4136001,0.9304451733333332,30.465758200000003,0.6479602233485748,0.6478524298869502,0.6320214317757736,18545.433457192255,40754.341785714285
2020-06-06 10:30:00,4136001,0.9047742513793104,30.91483696551724,0.607982674506631,0.6077631090737172,0.592911738317158,17894.946327201487,44701.72678571429
2020-06-06 10:45:00,4136001,0.7781043136666665,31.227597099999997,0.5704600438194191,0.5704925576039531,0.5565519344230777,19523.911811274153,48407.04178571428
2020-06-06 11:00:00,4136001,0.8986351363333333,31.370819200000003,0.563139295456067,0.5632473571872258,0.5494837785751765,16688.291115674783,52065.29964285714
2020-06-06 11:15:00,4136001,0.9665070324137932,31.713856620689658,0.5928243698455105,0.5927847826303322,0.5782994240189697,16334.297427620073,55915.40130952381
2020-06-06 11:30:00,4136001,0.9196529563333332,31.84696546666667,0.5343031400579185,0.5343453714527996,0.5212880451606664,15471.883426617333,59385.9425
2020-06-06 11:45:00,4136001,0.6850179193103448,31.97383903448275,0.40458411606137923,0.4051138196460882,0.39521441074096475,15728.46446242927,62017.1325
2020-06-06 12:00:00,4136001,0.7678985600000001,31.962850866666663,0.45294429961313254,0.45346092398630383,0.44238009955785756,15707.9812605407,64962.33404761905
2020-06-06 12:15:00,4136001,1.057177322758621,32.69831372413792,0.6549553694810163,0.6546462716205621,0.6386492583943828,16498.45580098176,69214.22238095239
2020-06-06 12:30:00,4136001,0.9333714176666664,33.205486266666675,0.633275972218328,0.6330768436829131,0.6176069035326188,18068.327014083454,73326.01857142858
2020-06-06 12:45:00,4136001,0.7335446696666666,32.931952900000006,0.45598236565926253,0.4563312352837594,0.4451802715911347,16553.92225001022,76289.86261904762
2020-06-06 13:00:00,4136001,0.7341478331034483,32.7179712413793,0.45645945902643986,0.4568438321134857,0.44568034254449035,16557.6279307138,79257.03595238096
2020-06-06 13:15:00,4136001,0.6798200769999999,33.108047433333326,0.40331357177475513,0.4038166560317091,0.39394894476910686,15798.951995212645,81879.80095238095
2020-06-06 13:30:00,4136001,0.4951624596551724,32.78759551724137,0.32262723252730696,0.3234435773327358,0.31553987206652223,17351.32883993242,83980.54761904762
2020-06-06 13:45:00,4136001,0.9615564936666668,33.40182720000001,0.6093871504045199,0.6092776030395969,0.5943892239305069,16877.10361098582,87937.76916666667
2020-06-06 14:00:00,4136001,0.7324320716666668,33.672830999999995,0.5425350167684523,0.5426907689698448,0.5294295135632489,19726.03732121622,91462.51321428572
2020-06-06 14:15:00,4136001,0.5902133286206898,33.70628806896551,0.3971332627042269,0.3974460558555316,0.38773401732749607,17918.707503125108,94043.90154761904
2020-06-06 14:30:00,4136001,0.6034468239999998,33.37743563333333,0.0,0.0,0.0,0.0,94043.90154761904
2020-06-06 14:45:00,4136001,0.780935014137931,33.90886600000001,0.31563475072197894,0.3157501525409056,0.3080344447070227,10763.396673425026,96094.67988095238
2020-06-06 15:00:00,4136001,0.7187795,34.1249076,0.33023515601441267,0.33085168844897705,0.32276695770893904,12235.0867321752,98243.54178571429
2020-06-06 15:15:00,4136001,0.4949221663333334,33.745831433333336,0.5048197677479233,0.506352756615649,0.49397946114931846,27163.071498846206,101532.27261904762
2020-06-06 15:30:00,4136001,0.4625425624137931,33.55847272413793,0.5386163637892982,0.540400927850484,0.5271956272705789,31010.39305834688,105042.14428571428
2020-06-06 15:45:00,4136001,0.4314839159999999,33.728520800000005,0.5614500047779074,0.5633339080786642,0.5495682144988604,34651.808655686014,108700.96428571429
2020-06-06 16:00:00,4136001,0.4610003879310345,33.60346196551725,0.5699056670845667,0.5719904818947248,0.5580132552598467,32921.61365585906,112416.00821428571
2020-06-06 16:15:00,4136001,0.4327976923333333,33.71494043333333,0.5323902604789237,0.534546773654224,0.5214845258742283,32758.544308579323,115887.8575
2020-06-06 16:30:00,4136001,0.3867017306896553,33.60099113793103,0.4892869731355718,0.49145410758121844,0.47944487725355583,33695.1168456422,119079.8225
2020-06-06 16:45:00,4136001,0.33048664,33.657895066666654,0.4201845202094039,0.4222877013584403,0.4119686294615499,33858.33287138828,121822.55583333333
2020-06-06 17:00:00,4136001,0.2656780362068965,33.36201868965518,0.33810345042162887,0.34046893683557367,0.33214919788375896,33890.141311735824,124033.88119047618
2020-06-06 17:15:00,4136001,0.2082114653333333,33.07268886666666,0.260686115372445,0.262504546350431,0.256089954406747,33342.07999650407,125738.8325
2020-06-06 17:30:00,4136001,0.145503933137931,32.42556941379309,0.1771617491890432,0.17796192153023443,0.17361322310195482,32424.6021472477,126894.68452380953
2020-06-06 17:45:00,4136001,0.1147372735,31.981884566666665,0.13712394006272505,0.1374770180530826,0.13411761348388415,31826.449144270457,127787.58952380953
2020-06-06 18:00:00,4136001,0.0715695982666666,31.524796600000005,0.08511716888100264,0.08479003353104707,0.08271809430730928,31671.45531385567,128338.29571428572
2020-06-06 18:15:00,4136001,0.03898931,30.778523310344827,0.046365371443677625,0.04599708817286834,0.04487309792078058,31668.509479478693,128637.04404761906
2020-06-06 18:30:00,4136001,0.0180381478,30.281223599999997,0.021653111619355844,0.021437200463943568,0.020913358514145178,31967.43588792045,128776.27738095238
2020-06-06 18:45:00,4136001,0.0021596940082758,29.74158017241379,0.0010420737663128345,0.0010295743589556535,0.0010044155589264757,12849.483433584863,128782.96440476191
2020-06-06 19:00:00,4136001,0.0,29.318510866666664,0.0,0.0,0.0,0.0,128782.96440476191
2020-06-06 19:15:00,4136001,0.0,28.99656524137931,0.0,0.0,0.0,0.0,128782.96440476191
2020-06-06 19:30:00,4136001,0.0,28.657885733333337,0.0,0.0,0.0,0.0,128782.96440476191
2020-06-06 19:45:00,4136001,0.0,28.304477034482755,0.0,0.0,0.0,0.0,128782.96440476191
2020-06-06 20:00:00,4136001,0.0,27.945987933333335,0.0,0.0,0.0,0.0,128782.96440476191
2020-06-06 20:15:00,4136001,0.0,27.288074344827585,0.0,0.0,0.0,0.0,128782.96440476191
2020-06-06 20:30:00,4136001,0.0,26.9000774,0.0,0.0,0.0,0.0,128782.96440476191
2020-06-06 20:45:00,4136001,0.0,26.508464931034485,0.0,0.0,0.0,0.0,128782.96440476191
2020-06-06 21:00:00,4136001,0.0,26.1909464,0.0,0.0,0.0,0.0,128782.96440476191
2020-06-06 21:15:00,4136001,0.0,25.930950999999997,0.0,0.0,0.0,0.0,128782.96440476191
2020-06-06 21:30:00,4136001,0.0,25.632065241379312,0.0,0.0,0.0,0.0,128782.96440476191
2020-06-06 21:45:00,4136001,0.0,25.3672495,0.0,0.0,0.0,0.0,128782.96440476191
2020-06-06 22:00:00,4136001,0.0,25.177572344827592,0.0,0.0,0.0,0.0,128782.96440476191
2020-06-06 22:15:00,4136001,0.0,25.047500599999996,0.0,0.0,0.0,0.0,128782.96440476191
2020-06-06 22:30:00,4136001,0.0,24.92164444827586,0.0,0.0,0.0,0.0,128782.96440476191
2020-06-06 22:45:00,4136001,0.0,24.808846000000003,0.0,0.0,0.0,0.0,128782.96440476191
2020-06-06 23:00:00,4136001,0.0,24.802834999999995,0.0,0.0,0.0,0.0,128782.96440476191
2020-06-06 23:15:00,4136001,0.0,24.7329005862069,0.0,0.0,0.0,0.0,128782.96440476191
2020-06-06 23:30:00,4136001,0.0,24.579077266666665,0.0,0.0,0.0,0.0,128782.96440476191
2020-06-06 23:45:00,4136001,0.0,24.53218868965517,0.0,0.0,0.0,0.0,128782.96440476191
2020-06-07 00:00:00,4136001,0.0,24.3857169,0.0,0.0,0.0,0.0,0.0
2020-06-07 00:15:00,4136001,0.0,24.392174500000003,0.0,0.0,0.0,0.0,0.0
2020-06-07 00:30:00,4136001,0.0,24.359045827586204,0.0,0.0,0.0,0.0,0.0
2020-06-07 00:45:00,4136001,0.0,24.391694266666665,0.0,0.0,0.0,0.0,0.0
2020-06-07 01:00:00,4136001,0.0,24.30218727586206,0.0,0.0,0.0,0.0,0.0
2020-06-07 01:15:00,4136001,0.0,24.342613866666667,0.0,0.0,0.0,0.0,0.0
2020-06-07 01:30:00,4136001,0.0,24.3064719,0.0,0.0,0.0,0.0,0.0
2020-06-07 01:45:00,4136001,0.0,24.194853655172412,0.0,0.0,0.0,0.0,0.0
2020-06-07 02:00:00,4136001,0.0,23.985088166666667,0.0,0.0,0.0,0.0,0.0
2020-06-07 02:15:00,4136001,0.0,23.82529931034483,0.0,0.0,0.0,0.0,0.0
2020-06-07 02:30:00,4136001,0.0,23.664291366666667,0.0,0.0,0.0,0.0,0.0
2020-06-07 02:45:00,4136001,0.0,23.316271133333338,0.0,0.0,0.0,0.0,0.0
2020-06-07 03:00:00,4136001,0.0,23.140631310344833,0.0,0.0,0.0,0.0,0.0
2020-06-07 03:15:00,4136001,0.0,23.056502233333333,0.0,0.0,0.0,0.0,0.0
2020-06-07 03:30:00,4136001,0.0,23.4088904137931,0.0,0.0,0.0,0.0,0.0
2020-06-07 03:45:00,4136001,7.678045999999997e-06,23.646175233333327,0.0,0.0,0.0,0.0,0.0
2020-06-07 04:00:00,4136001,9.08570702e-05,23.873299,0.0,0.0,0.0,0.0,0.0
2020-06-07 04:15:00,4136001,0.0,23.925614689655177,0.0,0.0,0.0,0.0,0.0
2020-06-07 04:30:00,4136001,0.0,23.995880266666667,0.0,0.0,0.0,0.0,0.0
2020-06-07 04:45:00,4136001,0.0,23.93255503333333,0.0,0.0,0.0,0.0,0.0
2020-06-07 05:00:00,4136001,0.0,23.766714068965516,0.0,0.0,0.0,0.0,0.0
2020-06-07 05:15:00,4136001,0.0,23.3882874,0.0,0.0,0.0,0.0,0.0
2020-06-07 05:30:00,4136001,0.0,23.313739655172416,0.0,0.0,0.0,0.0,0.0
2020-06-07 05:45:00,4136001,0.0020051966493333,23.304092500000007,0.0,0.0,0.0,0.0,0.0
2020-06-07 06:00:00,4136001,0.01179843906,23.327774966666667,0.011856631163285987,0.01172880053496589,0.011442194186745797,26761.853295371024,76.17785714285714
2020-06-07 06:15:00,4136001,0.0303361282413793,23.45449213793103,0.034775405449789916,0.03446298132042238,0.033620839858848596,30527.51687024646,300.0128571428572
2020-06-07 06:30:00,4136001,0.0494592853999999,23.678839033333333,0.05587741262866732,0.055470250037313845,0.05411477248863745,30086.237548507168,660.2888095238095
2020-06-07 06:45:00,4136001,0.0546033535172413,23.861757310344828,0.06202515968796545,0.06163690024122624,0.060130733703473334,30250.18285827218,1060.6167857142857
2020-06-07 07:00:00,4136001,0.0703298707,24.029326533333336,0.08156224125628637,0.08122693018706485,0.07924205937537014,30883.65992863697,1588.1808333333333
2020-06-07 07:15:00,4136001,0.0909268875,24.345213866666665,0.105259785841029,0.1050432720548012,0.10247642231437258,30828.30068907207,2270.4305952380955
2020-06-07 07:30:00,4136001,0.1467895927586206,24.664387655172415,0.1743283892958852,0.1751848329845484,0.17090399581832966,31626.583643210583,3408.245595238095
2020-06-07 07:45:00,4136001,0.226475932,25.2397206,0.27369756246613264,0.2756110310559152,0.26887616751171733,32183.131768300933,5198.3227380952385
2020-06-07 08:00:00,4136001,0.2199984668965517,25.77827624137931,0.25204715093667013,0.2537296753184993,0.2475295071545587,30509.95503750277,6846.281785714285
2020-06-07 08:15:00,4136001,0.3211485096666666,25.902603233333327,0.39199486646750137,0.3939987019565798,0.3843709033735459,32505.2789925664,9405.279761904761
2020-06-07 08:30:00,4136001,0.3440621627586207,26.49719124137931,0.4196913693539868,0.4218318336708152,0.41152390141031236,32484.228198509663,12145.052261904762
2020-06-07 08:45:00,4136001,0.5138264700000001,27.044380733333337,0.6002399253387593,0.6023486378049931,0.5876295757046555,31109.127821564598,16057.270595238095
2020-06-07 09:00:00,4136001,0.5373073253333333,27.667932033333337,0.6525997824478564,0.6546646742243326,0.638667211309965,32344.73463833995,20309.278452380953
2020-06-07 09:15:00,4136001,0.710892114137931,28.49463520689655,0.5057176281037086,0.5070182013665326,0.4946286450140676,18944.52955494964,23602.331309523808
2020-06-07 09:30:00,4136001,0.8125590883333333,29.14006153333333,0.11990046002379225,0.1200362435981988,0.1171030238431885,3929.5726868913466,24381.959523809524
2020-06-07 09:45:00,4136001,0.8467225089655172,30.203821413793104,0.5587935454762372,0.5590519667718628,0.545390907213038,17574.772231195362,28012.968571428573
2020-06-07 10:00:00,4136001,0.8726596406666667,30.354510433333335,0.5499304556979263,0.5499565715047374,0.5365177680935347,16781.945656932985,31584.90357142857
2020-06-07 10:15:00,4136001,0.9375678951724136,30.910610862068964,0.5444718931728567,0.5444836664702561,0.5311785996096421,15465.079868467545,35121.29238095238
2020-06-07 10:30:00,4136001,0.7992798963333334,31.14486896666667,0.5105994979191784,0.5108298681664226,0.49834716947609525,17012.217366796616,38439.10178571429
2020-06-07 10:45:00,4136001,0.5872014193333333,30.656612133333336,0.4028454012211988,0.4035085773821332,0.3936483943656169,18269.671682736946,41059.86583333333
2020-06-07 11:00:00,4136001,0.6607782920689654,30.802704931034487,0.42671337333424125,0.4272418142643164,0.4168016830822595,17197.28609387688,43834.77583333333
2020-06-07 11:15:00,4136001,0.7916990476666667,31.279829933333335,0.4575083813651311,0.4579770219297267,0.4467858416012112,15389.282121670256,46809.309166666666
2020-06-07 11:30:00,4136001,0.8945636462068964,31.66923168965517,0.4960987098505574,0.4963297894696305,0.4842014164063613,14768.496412768882,50032.94142857143
2020-06-07 11:45:00,4136001,0.8207219526666667,31.71421196666667,0.5026126677775062,0.5028500666003793,0.49056236327889186,16308.60482835921,53298.9225
2020-06-07 12:00:00,4136001,0.9401011872413793,32.61345410344827,0.5408236962177856,0.5408489322741474,0.5276326842054969,15320.062609304101,56811.70392857143
2020-06-07 12:15:00,4136001,1.0313671876666668,32.843473100000004,0.6038878719543701,0.6036583753099963,0.5889073083100684,15592.73961040302,60732.428928571426
2020-06-07 12:30:00,4136001,1.0608216526666665,33.394238200000004,0.5752419209018859,0.5751729409433868,0.5611179473651986,14440.677913215042,64468.14273809524
2020-06-07 12:45:00,4136001,0.7966550186206898,32.92408189655172,0.4418242565490233,0.4424054314661833,0.43159476035218036,14769.258379737817,67341.53952380952
2020-06-07 13:00:00,4136001,0.6859530023333332,32.72522613333333,0.3936384523127647,0.3944144285064983,0.3847764711806352,15282.084039159,69903.23761904762
2020-06-07 13:15:00,4136001,0.7973102444827586,33.03033251724138,0.49914147870226316,0.4993972505740137,0.4871939206707152,16671.541057162372,73146.79285714286
2020-06-07 13:30:00,4136001,0.7106564423333332,33.60120353333335,0.4776224059825123,0.47793075991004497,0.46625198769531484,17897.996709780997,76250.92452380952
2020-06-07 13:45:00,4136001,0.7980341431034484,33.778214999999996,0.5309852839021141,0.5310322062612219,0.5180558408630674,17719.050325174037,79699.9469047619
2020-06-07 14:00:00,4136001,0.7937635736666667,33.454995533333324,0.5268314727627806,0.5270566206510537,0.514177403130073,17675.022529455,83123.1480952381
2020-06-07 14:15:00,4136001,0.739974206,32.816685066666686,0.6027578038677589,0.603212368778575,0.5884722004466628,21692.304385925738,87040.97630952382
2020-06-07 14:30:00,4136001,0.7410701599999999,33.3852034137931,0.5820467554003228,0.5826769142286715,0.5684385526774306,20915.968334226276,90825.42797619048
2020-06-07 14:45:00,4136001,0.734267409,33.7029401,0.5738732793096009,0.574522122963229,0.560483032849687,20813.31134019621,94556.91476190476
2020-06-07 15:00:00,4136001,0.5456832444827587,33.60650644827587,0.4629430722345214,0.46437806705098655,0.4530304700316486,22592.60971649295,97573.0225
2020-06-07 15:15:00,4136001,0.5886498649999999,33.931534,0.015363082339652568,0.015395317714080616,0.015019115921189133,695.0254998642813,97673.01416666668
2020-06-07 15:30:00,4136001,0.5693968248275862,34.03528106896551,0.14864137913868347,0.1490364376503563,0.14539456574543652,6951.909574300565,98640.99690476191
2020-06-07 15:45:00,4136001,0.4384509096666665,33.72255250000001,0.5344719940238963,0.5365699969703521,0.523458309467638,32462.60798231865,102125.9869047619
2020-06-07 16:00:00,4136001,0.1739167188,32.030420966666675,0.2044784155886811,0.20554874429081668,0.20052593101960542,31310.18022359222,103461.01369047619
2020-06-07 16:15:00,4136001,0.3473763027931034,30.78578237931034,0.4253432654679746,0.42701574084309624,0.416581134017728,32607.59751194965,106234.45535714286
2020-06-07 16:30:00,4136001,0.2288779286666666,31.264936366666664,0.28945006571768456,0.2911101475201474,0.2839965457446011,33678.22292724425,108125.19833333333
2020-06-07 16:45:00,4136001,0.1319833670344827,31.393933689655174,0.1564836382420276,0.15722094068941614,0.15337907130640577,31573.96772837152,109146.33892857142
2020-06-07 17:00:00,4136001,0.2230345256666667,31.5385315,0.2710745771265836,0.272701311792218,0.26603755048989286,32366.528508335858,110917.51761904762
2020-06-07 17:15:00,4136001,0.1942116008,31.881125733333334,0.23981465295512142,0.24134692249536302,0.23544934073460755,32883.646949918526,112485.05142857143
2020-06-07 17:30:00,4136001,0.161588177413793,31.704619137931033,0.19634699652729098,0.197338836860496,0.19251664185206568,32358.92677104775,113766.75535714286
2020-06-07 17:45:00,4136001,0.1146412660333333,31.492607699999997,0.13631548665704982,0.13667705466766555,0.1333371980977634,31665.30344435456,114654.46464285714
2020-06-07 18:00:00,4136001,0.0681029844137931,31.15442824137931,0.07850919060531794,0.07816867038456696,0.07625853156880731,30699.675525322204,115162.16547619048
2020-06-07 18:15:00,4136001,0.0422383711666666,30.512081933333334,0.04800033845895033,0.04762348243358745,0.04645974942021381,30263.31977361174,115471.47714285714
2020-06-07 18:30:00,4136001,0.0192496679655172,29.77864427586207,0.022670062032687753,0.022442855103854926,0.021894438859092927,31362.371505664436,115617.24214285714
2020-06-07 18:45:00,4136001,0.0037315805733333,29.298944166666665,0.0023302669848886516,0.0023033498036026103,0.0022470648771162264,16630.00148506982,115632.20226190476
2020-06-07 19:00:00,4136001,2.558505556666667e-05,28.9192829,0.0,0.0,0.0,0.0,115632.20226190476
2020-06-07 19:15:00,4136001,0.0,28.54377696551724,0.0,0.0,0.0,0.0,115632.20226190476
2020-06-07 19:30:00,4136001,0.0,28.2098145,0.0,0.0,0.0,0.0,115632.20226190476
2020-06-07 19:45:00,4136001,0.0,28.011380000000003,0.0,0.0,0.0,0.0,115632.20226190476
2020-06-07 20:00:00,4136001,0.0,27.74761036666667,0.0,0.0,0.0,0.0,115632.20226190476
2020-06-07 20:15:00,4136001,0.0,27.48150217241379,0.0,0.0,0.0,0.0,115632.20226190476
2020-06-07 20:30:00,4136001,0.0,27.152643666666663,0.0,0.0,0.0,0.0,115632.20226190476
2020-06-07 20:45:00,4136001,0.0,26.817372448275865,0.0,0.0,0.0,0.0,115632.20226190476
2020-06-07 21:00:00,4136001,0.0,26.631459366666665,0.0,0.0,0.0,0.0,115632.20226190476
2020-06-07 21:15:00,4136001,0.0,26.52411093103448,0.0,0.0,0.0,0.0,115632.20226190476
2020-06-07 21:30:00,4136001,0.0,26.389957699999997,0.0,0.0,0.0,0.0,115632.20226190476
2020-06-07 21:45:00,4136001,0.0,26.28570472413793,0.0,0.0,0.0,0.0,115632.20226190476
2020-06-07 22:00:00,4136001,0.0,26.128687533333338,0.0,0.0,0.0,0.0,115632.20226190476
2020-06-07 22:15:00,4136001,0.0,26.035083033333333,0.0,0.0,0.0,0.0,115632.20226190476
2020-06-07 22:30:00,4136001,0.0,25.864310586206894,0.0,0.0,0.0,0.0,115632.20226190476
2020-06-07 22:45:00,4136001,0.0,25.652661066666663,0.0,0.0,0.0,0.0,115632.20226190476
2020-06-07 23:00:00,4136001,0.0,25.51786096551724,0.0,0.0,0.0,0.0,115632.20226190476
2020-06-07 23:15:00,4136001,0.0,25.37638426666667,0.0,0.0,0.0,0.0,115632.20226190476
2020-06-07 23:30:00,4136001,0.0,25.253462275862073,0.0,0.0,0.0,0.0,115632.20226190476
2020-06-07 23:45:00,4136001,0.0,25.127188266666664,0.0,0.0,0.0,0.0,115632.20226190476
2020-06-08 00:00:00,4136001,0.0,24.993941655172417,0.0,0.0,0.0,0.0,0.0
2020-06-08 00:15:00,4136001,0.0,24.85296513333333,0.0,0.0,0.0,0.0,0.0
2020-06-08 00:30:00,4136001,0.0,24.749431517241383,0.0,0.0,0.0,0.0,0.0
2020-06-08 00:45:00,4136001,0.0,24.5821158,0.0,0.0,0.0,0.0,0.0
2020-06-08 01:00:00,4136001,0.0,24.47145875862069,0.0,0.0,0.0,0.0,0.0
2020-06-08 01:15:00,4136001,0.0,24.421980933333337,0.0,0.0,0.0,0.0,0.0
2020-06-08 01:30:00,4136001,0.0,24.31886606666666,0.0,0.0,0.0,0.0,0.0
2020-06-08 01:45:00,4136001,0.0,24.233158517241385,0.0,0.0,0.0,0.0,0.0
2020-06-08 02:00:00,4136001,0.0,24.1686308,0.0,0.0,0.0,0.0,0.0
2020-06-08 02:15:00,4136001,0.0,24.18208268965517,0.0,0.0,0.0,0.0,0.0
2020-06-08 02:30:00,4136001,0.0,24.2773612,0.0,0.0,0.0,0.0,0.0
2020-06-08 02:45:00,4136001,0.0,24.488492933333333,0.0,0.0,0.0,0.0,0.0
2020-06-08 03:00:00,4136001,0.0,24.461681586206904,0.0,0.0,0.0,0.0,0.0
2020-06-08 03:15:00,4136001,0.0,24.351066133333333,0.0,0.0,0.0,0.0,0.0
2020-06-08 03:30:00,4136001,0.0,24.273049172413796,0.0,0.0,0.0,0.0,0.0
2020-06-08 03:45:00,4136001,0.0,24.28570359999999,0.0,0.0,0.0,0.0,0.0
2020-06-08 04:00:00,4136001,0.0,24.31489576666667,0.0,0.0,0.0,0.0,0.0
2020-06-08 04:15:00,4136001,0.0,24.185381071428573,0.0,0.0,0.0,0.0,0.0
2020-06-08 04:30:00,4136001,0.0,24.259531699999993,0.0,0.0,0.0,0.0,0.0
2020-06-08 04:45:00,4136001,0.0,24.276126379310345,0.0,0.0,0.0,0.0,0.0
2020-06-08 05:00:00,4136001,0.0,24.22245576666667,0.0,0.0,0.0,0.0,0.0
2020-06-08 05:15:00,4136001,0.0,24.25752373333333,0.0,0.0,0.0,0.0,0.0
2020-06-08 05:30:00,4136001,0.0,23.98507489655172,0.0,0.0,0.0,0.0,0.0
2020-06-08 05:45:00,4136001,0.0018528598456666,23.986628266666667,0.0,0.0,0.0,0.0,0.0
2020-06-08 06:00:00,4136001,0.0146551610034482,24.205060344827587,0.015471085935385525,0.015315566987979671,0.014941313993203354,28113.15802302802,99.47369047619047
2020-06-08 06:15:00,4136001,0.0392247689,24.331214600000003,0.04497475362305572,0.044612438873432914,0.04352228407434767,30534.290189036044,389.2288095238095
2020-06-08 06:30:00,4136001,0.0659926922413793,24.517363517241385,0.07719222623019671,0.07685288421497782,0.07497489810468709,31149.935324946975,888.3836904761904
2020-06-08 06:45:00,4136001,0.0889491841,24.8456013,0.11290184490168667,0.1128306527698659,0.1100735096791249,33801.69659513868,1621.2120238095238
2020-06-08 07:00:00,4136001,0.1950850521333333,25.224013166666666,0.19107436469567018,0.1920271562311592,0.18733475807480657,26083.01910993882,2868.416904761905
2020-06-08 07:15:00,4136001,0.2136168020344828,25.63099824137931,0.2104926780714649,0.21174831389350576,0.20657400721092084,26241.038220213606,4243.7095238095235
2020-06-08 07:30:00,4136001,0.3196091196666666,25.745165000000004,0.3214597565727698,0.3234912151486715,0.3155863457991894,26784.705641079414,6344.765595238096
2020-06-08 07:45:00,4136001,0.3787636724137931,26.189314172413788,0.3887430641664382,0.3907853397306698,0.38123606324461684,27332.148027635838,8882.892976190476
2020-06-08 08:00:00,4136001,0.4478052886666666,26.677007033333336,0.45574448952779967,0.45785282268356264,0.4466646773024221,27102.642540921137,11856.619642857142
2020-06-08 08:15:00,4136001,0.3442403296551724,26.910352068965516,0.3739419939151775,0.3758620194764433,0.36667741099788453,28928.233864637583,14297.820952380953
2020-06-08 08:30:00,4136001,0.5150724836666666,27.242980966666664,0.5636028347296076,0.5657637116306857,0.5519386430857385,29139.644464743462,17972.422380952383
2020-06-08 08:45:00,4136001,0.3601402536666665,27.509329366666663,0.4407799476089577,0.44292178579966746,0.4320984969904905,32593.394417381074,20849.172857142858
2020-06-08 09:00:00,4136001,0.559821446551724,28.029827241379305,0.579538461296375,0.581464780174941,0.5672560384738848,27568.43803002983,24625.751785714285
2020-06-08 09:15:00,4136001,0.4691874514814814,28.497391296296296,0.4810682901398912,0.48275123821698107,0.47095467222784865,27304.84855731048,27761.192170329672
2020-06-08 09:30:00,4136001,0.7317601882608696,28.962670347826094,0.5880600632919777,0.5892270427176052,0.5748286214568493,21400.914790289993,31588.18652930403
2020-06-08 09:45:00,4136001,0.8086245521428572,29.46306278571428,0.6389511911668707,0.6391964369682812,0.623576957717302,21042.638281205524,35739.729111721615
2020-06-08 10:00:00,4136001,0.659905465862069,29.789045448275864,0.580306949795351,0.5809045821878522,0.566709529550642,23418.305946367484,39512.66958791209
2020-06-08 10:15:00,4136001,0.8487661903333334,30.264954666666668,0.5727293710271127,0.5730971492332209,0.5590928799452056,17969.699437890464,43234.901254578755
2020-06-08 10:30:00,4136001,0.9147767362068968,31.225147103448275,0.5785824327788481,0.5788135038526419,0.5646695490513708,16843.392189029706,46994.2603021978
2020-06-08 10:45:00,4136001,0.726866196,31.239283433333338,0.5018235441544449,0.5022248179750621,0.489952393302461,18385.523101276864,50256.18042124542
2020-06-08 11:00:00,4136001,0.968234732413793,31.644782793103456,0.5949550447549734,0.5949531922258091,0.5804148461027439,16363.753287609887,54120.36577838828
2020-06-08 11:15:00,4136001,0.8270961906666667,31.6512615,0.5716253740071537,0.5717571317467148,0.5577856072834764,18404.961242855392,57833.894111721616
2020-06-08 11:30:00,4136001,0.9459829844827584,31.931570206896556,0.6328603729514364,0.6327005434285228,0.6172397985954668,17815.745798184125,61943.24625457876
2020-06-08 11:45:00,4136001,0.8896266996666666,32.13035090000001,0.5300488712694413,0.5302155632249771,0.5172591534120267,15866.733771916817,65386.96458791209
2020-06-08 12:00:00,4136001,0.7076265589655171,32.11926062068966,0.4897146244593382,0.49005265032594875,0.47807766617247266,18429.70477322641,68569.82720695972
2020-06-08 12:15:00,4136001,0.9929877596666667,32.299311299999985,0.6075435075676903,0.6074624354559375,0.5926184119952369,16293.444980633572,72515.25934981686
2020-06-08 12:30:00,4136001,0.975599393448276,33.3718682413793,0.5986099651126928,0.5985387489459056,0.58391278573746,16339.992392084074,76402.73268315019
2020-06-08 12:45:00,4136001,0.919472782,33.46882423333333,0.6162437515270708,0.6160587975654382,0.6010047123900009,17848.144778834067,80403.99768315018
2020-06-08 13:00:00,4136001,0.7769413851724137,33.097265965517245,0.4709066208063849,0.4713654110634877,0.4598470704847201,16140.833972924489,83465.48780219781
2020-06-08 13:15:00,4136001,0.6180603946666666,33.37835496666667,0.4273729820493732,0.42786777773181195,0.41741235043290126,18414.315406437185,86244.4633974359
2020-06-08 13:30:00,4136001,0.8907123813793103,33.48709813793103,0.5949825463328272,0.5949372274171596,0.5803992714120347,17788.780079749667,90108.54506410257
2020-06-08 13:45:00,4136001,0.6725076190000001,33.73505129999998,0.5419534424393764,0.5421431448733801,0.5288952712735612,21460.715617416314,93629.73232600733
2020-06-08 14:00:00,4136001,0.8504849924137932,34.04048520689655,0.5820595227127986,0.5819635383932661,0.5677426089777738,18225.53030125475,97409.55065934066
2020-06-08 14:15:00,4136001,0.8372840246666668,34.30160923333333,0.6317705737551549,0.6315667487458231,0.6161337094528752,20093.982424767353,101511.53887362637
2020-06-08 14:30:00,4136001,0.8272664623333335,34.651486133333336,0.6970221978145222,0.6969037454192593,0.6798741235973121,22437.817959354205,106037.88696886448
2020-06-08 14:45:00,4136001,0.8057083706896551,34.95383220689654,0.6737253215360028,0.67398465879034,0.6575150904626673,22268.164660259536,110415.37696886447
2020-06-08 15:00:00,4136001,0.5830057133333332,34.52540486666666,0.5709036453430852,0.5720322176803676,0.5580539711849267,26077.708992605993,114130.69196886447
2020-06-08 15:15:00,4136001,0.6698914724137933,34.56790527586206,0.7369025970644766,0.7384579061609077,0.720412861983707,29294.431011487315,118926.93184981686
2020-06-08 15:30:00,4136001,0.6618464033333333,34.643021766666656,0.7934890962144667,0.7954294530777318,0.7759922454848774,31927.372514592647,124093.19851648352
2020-06-08 15:45:00,4136001,0.5469249258620686,34.78082813793104,0.6729505924319091,0.6750239110126331,0.6585289473955255,32766.865049801767,128477.43839743591
2020-06-08 16:00:00,4136001,0.4552620366666667,34.512670799999995,0.5604064110934427,0.5625844418778962,0.5488370623422504,32780.91618606372,132131.39065934066
2020-06-08 16:15:00,4136001,0.3886018355172414,34.0803748275862,0.47652942389880676,0.47868312213809955,0.4669859651115484,32656.098968521113,135240.40887362638
2020-06-08 16:30:00,4136001,0.3308074673333333,33.91140243333332,0.4176253356694534,0.4195988133399888,0.4093454474267106,33619.477744460324,137965.67804029305
2020-06-08 16:45:00,4136001,0.2653666793103448,33.269952206896555,0.3427569033609575,0.34491477862336684,0.3364864005591582,34396.89573582485,140205.87887362638
2020-06-08 17:00:00,4136001,0.2370234883333333,32.76734503333332,0.2974807410276907,0.2996930559332661,0.29236972119908883,33423.11309671479,142152.36732600734
2020-06-08 17:15:00,4136001,0.1857099906896551,32.56407086206897,0.2313331878026604,0.2326154368848703,0.22693121873260141,33172.79795837699,143663.19065934067
2020-06-08 17:30:00,4136001,0.1699652043333333,32.27888296666667,0.21052287973921208,0.21162536103883212,0.20645405884665322,32985.1687842289,145037.6847069597
2020-06-08 17:45:00,4136001,0.1443323468965517,31.91214934482759,0.1762421987071612,0.17711591497681795,0.1727878896640988,32518.13712267143,146188.04196886448
2020-06-08 18:00:00,4136001,0.1046366424666666,31.7594666,0.12591994387246247,0.12609977323556468,0.12301838435776055,32047.204743119957,147007.05244505496
2020-06-08 18:15:00,4136001,0.0559951432666666,31.1259359,0.06779492992497826,0.06743043948662088,0.06578270134302112,32242.32010150208,147445.00911172162
2020-06-08 18:30:00,4136001,0.0242596506206896,30.524777137931036,0.029388457891758365,0.02911414722709878,0.028402710504014873,32260.54389843793,147634.10375457874
2020-06-08 18:45:00,4136001,0.0044044479416666,30.0615133,0.004211621673274674,0.004165073775287015,0.004063295543042079,25464.625881167685,147661.15565934067
2020-06-08 19:00:00,4136001,0.0001018989665517,29.65547113793104,0.0,0.0,0.0,0.0,147661.15565934067
2020-06-08 19:15:00,4136001,0.0,29.305584633333332,0.0,0.0,0.0,0.0,147661.15565934067
2020-06-08 19:30:00,4136001,0.0,29.090157517241384,0.0,0.0,0.0,0.0,147661.15565934067
2020-06-08 19:45:00,4136001,0.0,28.871324533333336,0.0,0.0,0.0,0.0,147661.15565934067
2020-06-08 20:00:00,4136001,0.0,28.650005413793107,0.0,0.0,0.0,0.0,147661.15565934067
2020-06-08 20:15:00,4136001,0.0,28.3504803,0.0,0.0,0.0,0.0,147661.15565934067
2020-06-08 20:30:00,4136001,0.0,27.97277513793104,0.0,0.0,0.0,0.0,147661.15565934067
2020-06-08 20:45:00,4136001,0.0,27.661843733333335,0.0,0.0,0.0,0.0,147661.15565934067
2020-06-08 21:00:00,4136001,0.0,27.477640799999996,0.0,0.0,0.0,0.0,147661.15565934067
2020-06-08 21:15:00,4136001,0.0,27.332574206896552,0.0,0.0,0.0,0.0,147661.15565934067
2020-06-08 21:30:00,4136001,0.0,27.098923666666668,0.0,0.0,0.0,0.0,147661.15565934067
2020-06-08 21:45:00,4136001,0.0,26.943985137931033,0.0,0.0,0.0,0.0,147661.15565934067
2020-06-08 22:00:00,4136001,0.0,26.792292433333337,0.0,0.0,0.0,0.0,147661.15565934067
2020-06-08 22:15:00,4136001,0.0,26.628344666666663,0.0,0.0,0.0,0.0,147661.15565934067
2020-06-08 22:30:00,4136001,0.0,26.375718655172413,0.0,0.0,0.0,0.0,147661.15565934067
2020-06-08 22:45:00,4136001,0.0,26.1349161,0.0,0.0,0.0,0.0,147661.15565934067
2020-06-08 23:00:00,4136001,0.0,25.8920394137931,0.0,0.0,0.0,0.0,147661.15565934067
2020-06-08 23:15:00,4136001,0.0,25.68439919999999,0.0,0.0,0.0,0.0,147661.15565934067
2020-06-08 23:30:00,4136001,0.0,25.543894333333338,0.0,0.0,0.0,0.0,147661.15565934067
2020-06-08 23:45:00,4136001,0.0,25.251448,0.0,0.0,0.0,0.0,147661.15565934067
2020-06-09 00:00:00,4136001,0.0,25.08985096666667,0.0,0.0,0.0,0.0,0.0
2020-06-09 00:15:00,4136001,0.0,24.916419517241383,0.0,0.0,0.0,0.0,0.0
2020-06-09 00:30:00,4136001,0.0,24.668885166666666,0.0,0.0,0.0,0.0,0.0
2020-06-09 00:45:00,4136001,0.0,24.47155879310345,0.0,0.0,0.0,0.0,0.0
2020-06-09 01:00:00,4136001,0.0,24.273839433333336,0.0,0.0,0.0,0.0,0.0
2020-06-09 01:15:00,4136001,0.0,24.257015,0.0,0.0,0.0,0.0,0.0
2020-06-09 01:30:00,4136001,0.0,24.24133093103448,0.0,0.0,0.0,0.0,0.0
2020-06-09 01:45:00,4136001,0.0,24.16173293333333,0.0,0.0,0.0,0.0,0.0
2020-06-09 02:00:00,4136001,0.0,24.05367431034482,0.0,0.0,0.0,0.0,0.0
2020-06-09 02:15:00,4136001,0.0,24.030280766666667,0.0,0.0,0.0,0.0,0.0
2020-06-09 02:30:00,4136001,0.0,23.772527966666665,0.0,0.0,0.0,0.0,0.0
2020-06-09 02:45:00,4136001,0.0,23.60977810344827,0.0,0.0,0.0,0.0,0.0
2020-06-09 03:00:00,4136001,0.0,23.662695533333338,0.0,0.0,0.0,0.0,0.0
2020-06-09 03:15:00,4136001,0.0,23.57151948275862,0.0,0.0,0.0,0.0,0.0
2020-06-09 03:30:00,4136001,0.0,23.445426633333337,0.0,0.0,0.0,0.0,0.0
2020-06-09 03:45:00,4136001,0.0,23.38027648275862,0.0,0.0,0.0,0.0,0.0
2020-06-09 04:00:00,4136001,0.0,23.33068246666667,0.0,0.0,0.0,0.0,0.0
2020-06-09 04:15:00,4136001,0.0,23.129676689655177,0.0,0.0,0.0,0.0,0.0
2020-06-09 04:30:00,4136001,0.0,22.961422633333335,0.0,0.0,0.0,0.0,0.0
2020-06-09 04:45:00,4136001,0.0,22.85722710344828,0.0,0.0,0.0,0.0,0.0
2020-06-09 05:00:00,4136001,0.0,22.7539153,0.0,0.0,0.0,0.0,0.0
2020-06-09 05:15:00,4136001,0.0,22.652897900000006,0.0,0.0,0.0,0.0,0.0
2020-06-09 05:30:00,4136001,0.0,22.737865448275866,0.0,0.0,0.0,0.0,0.0
2020-06-09 05:45:00,4136001,0.0007921235759999,22.977233833333337,0.0,0.0,0.0,0.0,0.0
2020-06-09 06:00:00,4136001,0.0111385345448275,23.10134286206896,0.011010483787444344,0.010894268114976022,0.01062805449904356,26324.35718762704,70.75761904761904
2020-06-09 06:15:00,4136001,0.0311052466,23.319584166666672,0.035448693428288755,0.03513531788307663,0.034276747126246045,30349.113730114797,298.95940476190475
2020-06-09 06:30:00,4136001,0.0569932276,23.570323733333332,0.06474844174414791,0.06437247295270895,0.06279945963869865,30254.18777166797,717.0547619047619
2020-06-09 06:45:00,4136001,0.0944432277586207,24.037088344827588,0.10840950328645643,0.10829558401478719,0.10564926039709846,30568.629096187124,1420.4280952380952
2020-06-09 07:00:00,4136001,0.1855330313333333,24.688094066666665,0.20061993348695115,0.20173515291583113,0.19680552901162546,28796.007038724056,2730.6858333333334
2020-06-09 07:15:00,4136001,0.304980821724138,25.66310275862069,0.3175370087553007,0.31982235182086893,0.3120071352468233,27726.895680739643,4807.912857142857
2020-06-09 07:30:00,4136001,0.3934728033333333,26.30932723333333,0.40375046777716295,0.4058465695374551,0.39592925506987475,27326.10597917443,7443.862023809524
2020-06-09 07:45:00,4136001,0.4603070396551724,26.52304386206897,0.4635475883869956,0.4656829839536077,0.45430349983148577,26817.984691489237,10468.44511904762
2020-06-09 08:00:00,4136001,0.3834108376666666,26.675620500000004,0.39487870552469145,0.39697261038203424,0.3872721410232275,27427.028573308988,13046.758452380953
2020-06-09 08:15:00,4136001,0.4170626293333333,26.87966306666667,0.44502933477795886,0.44718726740708065,0.43625974678807317,28416.25174044204,15951.212976190476
2020-06-09 08:30:00,4136001,0.5304539527586206,27.64948037931034,0.5917665425745883,0.5939787890195916,0.5794642535277836,29708.59727821446,19809.069642857143
2020-06-09 08:45:00,4136001,0.5585220813333334,28.002729266666663,0.6221714323193679,0.6243939306819738,0.6091361672141709,29665.327531253028,23864.470833333333
2020-06-09 09:00:00,4136001,0.65995724,28.392504551724137,0.7307193196832046,0.732791737128263,0.7148851521234222,29485.888683160312,28623.909285714286
2020-06-09 09:15:00,4136001,0.681518345,28.73394366666667,0.7602766851851109,0.7622880133228986,0.7436606538466161,29708.00930286526,33574.92428571429
2020-06-09 09:30:00,4136001,0.6963356251724138,28.85085217241379,0.6670381823466907,0.6684941759699863,0.6521587737257435,25510.06169978231,37916.75392857143
2020-06-09 09:45:00,4136001,0.7644892783333334,29.97841589999999,0.19046714845330268,0.1906327924098131,0.18597446709166202,6634.804189438305,39154.9025
2020-06-09 10:00:00,4136001,0.7722951262068966,29.87426744827586,0.5491971756559036,0.5493980781413047,0.535972922139564,18937.577813615426,42723.21011904762
2020-06-09 10:15:00,4136001,0.8280756470000001,30.301633733333336,0.5309672415795819,0.5310685349073107,0.518091281778091,17075.646069164817,46172.468452380956
2020-06-09 10:30:00,4136001,0.8762817527586207,31.10254106896551,0.5645507808588446,0.5645412581885858,0.5507460616596104,17156.89421353802,49839.130119047615
2020-06-09 10:45:00,4136001,0.8701082106666665,31.264162166666665,0.5312923073687921,0.5315517498905787,0.5185626888632414,16260.716954380718,53291.52690476191
2020-06-09 11:00:00,4136001,0.795815186896552,31.781721379310344,0.4609223142295238,0.4613430121253546,0.4500695800648536,15423.926263297533,56287.92214285714
2020-06-09 11:15:00,4136001,0.7947275603333331,32.175657133333324,0.4651994533158391,0.46551459279739316,0.4541392235013535,15588.357270082626,59311.41154761905
2020-06-09 11:30:00,4136001,0.941355501724138,33.00239186206896,0.540400032443994,0.5404820166145086,0.5272747345400363,15287.664054980956,62821.80988095238
2020-06-09 11:45:00,4136001,0.5480442070000002,32.501644766666665,0.40555743588305737,0.40623674506181984,0.39630989621927337,19706.80441842531,65460.29321428572
2020-06-09 12:00:00,4136001,0.7137815336666666,32.48051859999999,0.4948680410636823,0.49536673209183335,0.48326189241182477,18463.053532596736,68677.67047619047
2020-06-09 12:15:00,4136001,0.6081792393103447,32.74632389655172,0.43870674348702554,0.43942565766900926,0.42868780065769185,19209.76926208625,71531.7138095238
2020-06-09 12:30:00,4136001,0.4990866916666665,32.671915799999994,0.4454892977734951,0.44663267818169883,0.4357187095701771,23770.631259807786,74432.56630952381
2020-06-09 12:45:00,4136001,0.8266699910344828,33.75495137931035,0.5763893339368182,0.5766506846895854,0.5625595807915533,18567.91726622592,78177.87797619047
2020-06-09 13:00:00,4136001,0.7209952,33.71502976666666,0.45386621043849745,0.45447138089931066,0.4433658648269911,16763.89404930455,81129.64238095238
2020-06-09 13:15:00,4136001,0.5841201062068965,33.20289665517242,0.45463766724821714,0.4553164343298227,0.444190268432566,20727.297862065076,84086.89535714286
2020-06-09 13:30:00,4136001,0.6701499496666666,33.793959433333335,0.5028040522949119,0.5035870505569564,0.49128133820889697,19980.493430353657,87357.6630952381
2020-06-09 13:45:00,4136001,0.5199972951724137,33.49189089655172,0.43321694217358736,0.4345105494850689,0.42389279863494894,22186.24360890465,90179.78309523809
2020-06-09 14:00:00,4136001,0.541861241,33.63099263333333,0.43664383904574605,0.43806280189136976,0.42735824778399506,21459.454537119527,93024.97476190477
2020-06-09 14:15:00,4136001,0.5865618399999997,33.932267333333336,0.5455458494575788,0.5471839919635609,0.533812939631855,24768.338801160997,96578.90202380953
2020-06-09 14:30:00,4136001,0.4710798586206896,33.66286575862069,0.5011231837514526,0.5030469414680075,0.49075442728911833,28328.87893952546,99846.16178571428
2020-06-09 14:45:00,4136001,0.460747443,33.21628106666666,0.5534975247864675,0.5556820907674704,0.5421033778947109,31991.32137952966,103455.2836904762
2020-06-09 15:00:00,4136001,0.4690195227586206,33.44176203448276,0.5718030792611924,0.5739553264329557,0.5599300866260364,32466.464561481487,107183.08916666667
2020-06-09 15:15:00,4136001,0.4232792523333333,33.6994721,0.5052053083981879,0.5073765022614583,0.49497819042621793,31784.86367845495,110478.46916666666
2020-06-09 15:30:00,4136001,0.4030901289655171,33.290031586206894,0.5080027445787917,0.5101347666297814,0.49766905352229046,33561.65161104151,113791.76392857142
2020-06-09 15:45:00,4136001,0.5008327286666667,33.58660966666667,0.6419749287176267,0.644077238367442,0.6283384912798898,34135.38421213299,117975.00702380952
2020-06-09 16:00:00,4136001,0.435199468,33.0764027,0.530295527163405,0.532490282682873,0.5194782875579285,32449.576825835116,121433.49952380953
2020-06-09 16:15:00,4136001,0.4717216579310344,33.27681251724139,0.586448885402892,0.5886719106633502,0.5742870546747103,33107.30107427931,125256.88833333334
2020-06-09 16:30:00,4136001,0.4031365280000001,33.22364099999999,0.4983016971012693,0.5004762590189943,0.48824656233853103,32916.95429461719,128507.45166666666
2020-06-09 16:45:00,4136001,0.2255481,32.63428348275861,0.27820926962675674,0.2800489362626002,0.2732056275452371,32848.22088735755,130326.35273809523
2020-06-09 17:00:00,4136001,0.1854117523333333,32.061292366666656,0.22824281869071605,0.22948127550646247,0.22387364408995739,32782.290379492646,131816.8198809524
2020-06-09 17:15:00,4136001,0.1587967972413793,31.747895413793103,0.19658683961165624,0.19759333900526999,0.19276492495252134,32967.96430282758,133100.17678571428
2020-06-09 17:30:00,4136001,0.1148093877666666,31.548145533333336,0.14143628760599372,0.14196083812276064,0.13849186639940902,32806.724896529406,134022.20392857143
2020-06-09 17:45:00,4136001,0.0811515678333333,31.337953666666667,0.10016983028987306,0.09987133390668564,0.09743086625464129,32871.49471729144,134670.86226190475
2020-06-09 18:00:00,4136001,0.0539801748275862,30.9759341724138,0.06578584846766501,0.06541260498076001,0.0638141748782778,32454.701782387972,135095.7132142857
2020-06-09 18:15:00,4136001,0.0325861480333333,30.425907533333326,0.03942236744454051,0.03908236479397139,0.03812734353497628,32217.29729987448,135349.55083333334
2020-06-09 18:30:00,4136001,0.0158776952068965,29.787925689655175,0.019132085965712364,0.01893532615691662,0.018472620301700535,32088.86026706458,135472.53464285715
2020-06-09 18:45:00,4136001,0.00309579056,29.387878199999996,0.0009139536068051134,0.0009044219898871093,0.000882321427856173,7861.981341220841,135478.4088095238
2020-06-09 19:00:00,4136001,3.8377585333333325e-05,29.1135703,0.0,0.0,0.0,0.0,135478.4088095238
2020-06-09 19:15:00,4136001,0.0,28.754871172413797,0.0,0.0,0.0,0.0,135478.4088095238
2020-06-09 19:30:00,4136001,0.0,28.49226686666667,0.0,0.0,0.0,0.0,135478.4088095238
2020-06-09 19:45:00,4136001,0.0,28.321929137931036,0.0,0.0,0.0,0.0,135478.4088095238
2020-06-09 20:00:00,4136001,0.0,28.137156099999995,0.0,0.0,0.0,0.0,135478.4088095238
2020-06-09 20:15:00,4136001,0.0,28.020356379310343,0.0,0.0,0.0,0.0,135478.4088095238
2020-06-09 20:30:00,4136001,0.0,27.789789733333336,0.0,0.0,0.0,0.0,135478.4088095238
2020-06-09 20:45:00,4136001,0.0,27.563402266666664,0.0,0.0,0.0,0.0,135478.4088095238
2020-06-09 21:00:00,4136001,0.0,27.385646620689656,0.0,0.0,0.0,0.0,135478.4088095238
2020-06-09 21:15:00,4136001,0.0,27.17383313333333,0.0,0.0,0.0,0.0,135478.4088095238
2020-06-09 21:30:00,4136001,0.0,26.97954372413793,0.0,0.0,0.0,0.0,135478.4088095238
2020-06-09 21:45:00,4136001,0.0,26.803884000000004,0.0,0.0,0.0,0.0,135478.4088095238
2020-06-09 22:00:00,4136001,0.0,26.625941793103447,0.0,0.0,0.0,0.0,135478.4088095238
2020-06-09 22:15:00,4136001,0.0,26.53613793333333,0.0,0.0,0.0,0.0,135478.4088095238
2020-06-09 22:30:00,4136001,0.0,26.33365179310344,0.0,0.0,0.0,0.0,135478.4088095238
2020-06-09 22:45:00,4136001,0.0,26.05942183333334,0.0,0.0,0.0,0.0,135478.4088095238
2020-06-09 23:00:00,4136001,0.0,25.9084695862069,0.0,0.0,0.0,0.0,135478.4088095238
2020-06-09 23:15:00,4136001,0.0,25.759715833333335,0.0,0.0,0.0,0.0,135478.4088095238
2020-06-09 23:30:00,4136001,0.0,25.67693131034483,0.0,0.0,0.0,0.0,135478.4088095238
2020-06-09 23:45:00,4136001,0.0,25.5602008,0.0,0.0,0.0,0.0,135478.4088095238
2020-06-10 00:00:00,4136001,0.0,25.437387933333333,0.0,0.0,0.0,0.0,0.0
2020-06-10 00:15:00,4136001,0.0,25.21314627586207,0.0,0.0,0.0,0.0,0.0
2020-06-10 00:30:00,4136001,0.0,25.12166253333333,0.0,0.0,0.0,0.0,0.0
2020-06-10 00:45:00,4136001,0.0,25.015255551724145,0.0,0.0,0.0,0.0,0.0
2020-06-10 01:00:00,4136001,0.0,24.99261046666667,0.0,0.0,0.0,0.0,0.0
2020-06-10 01:15:00,4136001,0.0,24.880586758620694,0.0,0.0,0.0,0.0,0.0
2020-06-10 01:30:00,4136001,0.0,24.761782666666665,0.0,0.0,0.0,0.0,0.0
2020-06-10 01:45:00,4136001,0.0,24.69729396666667,0.0,0.0,0.0,0.0,0.0
2020-06-10 02:00:00,4136001,0.0,24.64039017241379,0.0,0.0,0.0,0.0,0.0
2020-06-10 02:15:00,4136001,0.0,24.696276899999997,0.0,0.0,0.0,0.0,0.0
2020-06-10 02:30:00,4136001,0.0,24.722768,0.0,0.0,0.0,0.0,0.0
2020-06-10 02:45:00,4136001,0.0,24.6661955862069,0.0,0.0,0.0,0.0,0.0
2020-06-10 03:00:00,4136001,0.0,24.606493333333336,0.0,0.0,0.0,0.0,0.0
2020-06-10 03:15:00,4136001,0.0,24.51722996551724,0.0,0.0,0.0,0.0,0.0
2020-06-10 03:30:00,4136001,0.0,24.501919799999996,0.0,0.0,0.0,0.0,0.0
2020-06-10 03:45:00,4136001,0.0,24.46938972413793,0.0,0.0,0.0,0.0,0.0
2020-06-10 04:00:00,4136001,0.0,24.47257973333333,0.0,0.0,0.0,0.0,0.0
2020-06-10 04:15:00,4136001,0.0,24.40010386666667,0.0,0.0,0.0,0.0,0.0
2020-06-10 04:30:00,4136001,0.0,24.379035827586204,0.0,0.0,0.0,0.0,0.0
2020-06-10 04:45:00,4136001,0.0,24.298586166666663,0.0,0.0,0.0,0.0,0.0
2020-06-10 05:00:00,4136001,0.0,24.17085003448276,0.0,0.0,0.0,0.0,0.0
2020-06-10 05:15:00,4136001,0.0,24.174056900000007,0.0,0.0,0.0,0.0,0.0
2020-06-10 05:30:00,4136001,0.0,24.193324866666664,0.0,0.0,0.0,0.0,0.0
2020-06-10 05:45:00,4136001,0.0010603241375862,24.362663689655175,0.0,0.0,0.0,0.0,0.0
2020-06-10 06:00:00,4136001,0.00985059336,24.44031693333334,0.009858081844695693,0.009752976754047203,0.009514651867932917,26650.75134983689,63.345
2020-06-10 06:15:00,4136001,0.019141487275862,24.483821517241385,0.02285012763020942,0.022621547319152124,0.02206876453041753,31790.135605493233,210.27059523809524
2020-06-10 06:30:00,4136001,0.0282602015,24.65489093333334,0.033493202496871474,0.03319017732796649,0.03237913825433001,31561.733640892566,425.8388095238095
2020-06-10 06:45:00,4136001,0.0481387713999999,24.784329033333332,0.058599085359747824,0.05821691196720406,0.056794316664826074,32417.182407221488,803.9541666666667
2020-06-10 07:00:00,4136001,0.0670705048965517,24.97881231034483,0.08329319557319724,0.08295483203710756,0.08092773801274528,33071.76535231422,1342.7408333333333
2020-06-10 07:15:00,4136001,0.0715662028,25.1080181,0.08942100488262082,0.08909664605764447,0.08691946994410134,33274.45880175532,1921.4182142857144
2020-06-10 07:30:00,4136001,0.1130817917241379,25.295457379310346,0.14108863762118573,0.14159483892745298,0.13813481080344947,33226.05564941626,2841.068214285714
2020-06-10 07:45:00,4136001,0.1587628896666666,25.510754333333335,0.19799907603281477,0.19902243682476856,0.19415910116975763,33211.890545431284,4133.707023809524
2020-06-10 08:00:00,4136001,0.2368948016666667,25.9544596,0.29269947191248474,0.29472400465879145,0.2875220942455112,32903.78338087454,6047.921785714286
2020-06-10 08:15:00,4136001,0.3426622572413792,26.43464817241379,0.4036861126544737,0.40586401901832114,0.3959462781531757,31373.06629808636,8683.984285714287
2020-06-10 08:30:00,4136001,0.523309134,27.3451212,0.5886213491208363,0.5908117265716938,0.5763745817900502,29954.158533576752,12521.271071428571
2020-06-10 08:45:00,4136001,0.4238464179310345,27.54667075862069,0.49144590064126953,0.4936637764008858,0.48160055034626953,30877.819841485216,15727.587738095239
2020-06-10 09:00:00,4136001,0.351260774,27.7801168,0.4014230975774578,0.4036314935782336,0.3937683069671045,30433.516257612286,18349.15011904762
2020-06-10 09:15:00,4136001,0.3692132548275861,27.67942217241379,0.4390301105441836,0.44117696601807077,0.43039631383012505,31666.23660673825,21214.568095238097
2020-06-10 09:30:00,4136001,0.7025942073333333,28.454675299999995,0.7357735839798767,0.7365105294328294,0.7185130715822083,27888.108283302852,25998.159880952382
2020-06-10 09:45:00,4136001,0.7139898656666664,29.131829933333332,0.5708597286491911,0.5716471376976844,0.5576783010619543,21292.01623237206,29710.97380952381
2020-06-10 10:00:00,4136001,0.5876122955172411,29.356361068965516,0.516734602835731,0.5180115392757113,0.5053533484261802,23418.33959345823,33075.42773809524
2020-06-10 10:15:00,4136001,0.6250153523333332,29.507195900000006,0.546509459684475,0.5479209209322781,0.5345318609176901,23285.546115292804,36634.14130952381
2020-06-10 10:30:00,4136001,0.7730966213793103,30.09937896551724,0.615405740183689,0.6163654465306574,0.6013038680450691,21198.600813216875,40637.39797619048
2020-06-10 10:45:00,4136001,0.8169313475862068,30.5425225862069,0.6614222635894274,0.6616699259498653,0.6455012818810878,21561.187549044666,44934.90452380952
2020-06-10 11:00:00,4136001,0.9207850323333334,30.95782873333334,0.47239857246426153,0.4724016389534879,0.4608579769882246,13662.486782017075,48003.12488095238
2020-06-10 11:15:00,4136001,0.7684907340000002,31.29548653333334,0.0,0.0,0.0,0.0,48003.12488095238
2020-06-10 11:30:00,4136001,0.7788566541379311,31.757299862068965,0.0,0.0,0.0,0.0,48003.12488095238
2020-06-10 11:45:00,4136001,0.7246776103333333,31.9201211,0.3263079378494381,0.3267759516166953,0.31879081606086423,11991.188344136439,50125.51511904762
2020-06-10 12:00:00,4136001,0.953999098275862,32.280093310344824,0.5663720183139765,0.5666844833442414,0.5528369147134943,15810.05038346736,53806.09690476191
2020-06-10 12:15:00,4136001,0.9167926003333334,32.97215269999999,0.5828546008387373,0.5827467121521356,0.5685066450106344,16930.45223935037,57591.001904761906
2020-06-10 12:30:00,4136001,0.8183672462068967,33.43992889655173,0.49867332603009684,0.49881448923509075,0.48662539975635527,16227.339736390122,60830.772142857146
2020-06-10 12:45:00,4136001,0.7079482373333333,33.301251166666674,0.46223520164772,0.4627348648344332,0.45142742129756513,17387.65204842474,63836.20738095238
2020-06-10 13:00:00,4136001,0.3938052779310344,33.039216931034474,0.33257196758804936,0.3338185767576544,0.32566134678624215,22489.693501647314,66004.33904761904
2020-06-10 13:15:00,4136001,0.5044548416666667,33.3262257,0.428696079741272,0.4299508461687676,0.419444516764733,22631.15122813615,68796.84404761904
2020-06-10 13:30:00,4136001,0.5222638476666666,33.499213600000004,0.5178386892626401,0.519381745097287,0.5066900717372758,26404.865525879348,72170.19738095238
2020-06-10 13:45:00,4136001,0.4816418755172414,33.925000448275874,0.47271122856879644,0.47448171971672376,0.46288722865348264,26136.72141835784,75251.92773809524
2020-06-10 14:00:00,4136001,0.3840502260000001,33.56310123333334,0.11834878452324209,0.11917757150772515,0.11626533436482728,8206.447703634718,76025.97892857142
2020-06-10 14:15:00,4136001,0.3961507344827586,33.70282286206896,0.24174981274608368,0.24288753569468188,0.23695230732873776,16251.187842440295,77603.51892857143
2020-06-10 14:30:00,4136001,0.334423286,33.920901400000005,0.38117567779051253,0.383326364844047,0.3739593567448889,30353.45280523148,80093.20071428572
2020-06-10 14:45:00,4136001,0.1738958765517241,33.64006713793104,0.2083074649224348,0.20945458696538075,0.2043363300635662,31900.315541313703,81453.59571428571
2020-06-10 15:00:00,4136001,0.197848304,31.627627600000004,0.2489905418890873,0.25058539617387504,0.2444620619846226,33514.284184686694,83081.13285714286
2020-06-10 15:15:00,4136001,0.1941973317241379,30.474946034482755,0.2523685331595358,0.25408410873394727,0.24787527959341438,34607.591387037326,84731.39392857143
2020-06-10 15:30:00,4136001,0.1557526934482758,28.844152000000005,0.19980143074008355,0.2008337735875236,0.19592617589451292,34161.93463839091,86035.79726190477
2020-06-10 15:45:00,4136001,0.1756764994642857,28.8524355,0.22123161507003497,0.2223174937809189,0.216884917376534,33536.13043273167,87479.73607142858
2020-06-10 16:00:00,4136001,0.2759300524137931,28.792319482758614,0.33757476924423807,0.33991968143259943,0.3316133641503593,32579.949390129445,89687.49404761905
2020-06-10 16:15:00,4136001,0.2930965216666666,30.2339967,0.35794396129723327,0.3601427132919972,0.3513422236266663,32522.49120328995,92026.5994047619
2020-06-10 16:30:00,4136001,0.2751795737931034,31.04575,0.3421346846323615,0.3442777442667503,0.3358649328489431,33110.08834852824,94262.66273809524
2020-06-10 16:45:00,4136001,0.1438109367333333,30.481976366666675,0.18117240191986048,0.1821475057772537,0.17769652792043153,33548.99819677316,95445.69988095238
2020-06-10 17:00:00,4136001,0.0598915288965517,28.871531551724143,0.07785743182040561,0.07758281139620463,0.0756869886995337,34618.96691139961,95949.59559523809
2020-06-10 17:15:00,4136001,0.0138440747,28.474115166666675,0.01675230541185276,0.01657429408830834,0.016169282690185034,32224.78862761272,96057.24464285714
2020-06-10 17:30:00,4136001,0.0098822284181818,28.16179045454546,0.014651685867854992,0.014491770531055104,0.014137647923311283,39483.18149213622,96151.36782467533
2020-06-10 17:45:00,4136001,0.007683457437931,27.759773862068965,0.011733321097694187,0.01160436300807568,0.011320797429886353,40667.14603919587,96226.73746753247
2020-06-10 18:00:00,4136001,0.0057233773333333,27.594035633333338,0.006989728071264635,0.006907684932833337,0.006738887932035841,32522.75521236548,96271.60246753247
2020-06-10 18:15:00,4136001,0.0010758963210344,27.48483182758621,0.0,0.0,0.0,0.0,96271.60246753247
2020-06-10 18:30:00,4136001,3.970162241379311e-06,27.020735,0.0,0.0,0.0,0.0,96271.60246753247
2020-06-10 18:45:00,4136001,8.954930733333335e-06,26.519060233333335,0.0,0.0,0.0,0.0,96271.60246753247
2020-06-10 19:00:00,4136001,0.0,25.680347533333332,0.0,0.0,0.0,0.0,96271.60246753247
2020-06-10 19:15:00,4136001,0.0,25.42073310344828,0.0,0.0,0.0,0.0,96271.60246753247
2020-06-10 19:30:00,4136001,0.0,25.342976899999996,0.0,0.0,0.0,0.0,96271.60246753247
2020-06-10 19:45:00,4136001,0.0002567820889655,25.587558965517243,0.0,0.0,0.0,0.0,96271.60246753247
2020-06-10 20:00:00,4136001,0.0007306051336666,25.62356443333333,0.0,0.0,0.0,0.0,96271.60246753247
2020-06-10 20:15:00,4136001,0.0007796478882758,25.66528827586207,0.0,0.0,0.0,0.0,96271.60246753247
2020-06-10 20:30:00,4136001,0.0005540524626666,25.578056700000005,0.0,0.0,0.0,0.0,96271.60246753247
2020-06-10 20:45:00,4136001,0.00037619094,25.580596733333337,0.0,0.0,0.0,0.0,96271.60246753247
2020-06-10 21:00:00,4136001,6.618351724137934e-06,25.454093103448272,0.0,0.0,0.0,0.0,96271.60246753247
2020-06-10 21:15:00,4136001,5.118148956666667e-05,25.4409433,0.0,0.0,0.0,0.0,96271.60246753247
2020-06-10 21:30:00,4136001,0.0,25.329501310344824,0.0,0.0,0.0,0.0,96271.60246753247
2020-06-10 21:45:00,4136001,0.0,25.28755903333333,0.0,0.0,0.0,0.0,96271.60246753247
2020-06-10 22:00:00,4136001,0.0,25.301776066666665,0.0,0.0,0.0,0.0,96271.60246753247
2020-06-10 22:15:00,4136001,0.0,25.103430413793102,0.0,0.0,0.0,0.0,96271.60246753247
2020-06-10 22:30:00,4136001,0.0,24.885064466666662,0.0,0.0,0.0,0.0,96271.60246753247
2020-06-10 22:45:00,4136001,0.0,24.87121975862069,0.0,0.0,0.0,0.0,96271.60246753247
2020-06-10 23:00:00,4136001,0.0,24.796322600000003,0.0,0.0,0.0,0.0,96271.60246753247
2020-06-10 23:15:00,4136001,0.0,24.7657957,0.0,0.0,0.0,0.0,96271.60246753247
2020-06-10 23:30:00,4136001,0.0,24.622883793103444,0.0,0.0,0.0,0.0,96271.60246753247
2020-06-10 23:45:00,4136001,0.0,24.52480276666667,0.0,0.0,0.0,0.0,96271.60246753247
2020-06-11 00:00:00,4136001,0.0,24.52855189655173,0.0,0.0,0.0,0.0,0.0
2020-06-11 00:15:00,4136001,0.0,24.602478866666665,0.0,0.0,0.0,0.0,0.0
2020-06-11 00:30:00,4136001,0.0,24.652273172413793,0.0,0.0,0.0,0.0,0.0
2020-06-11 00:45:00,4136001,0.0,24.744776200000008,0.0,0.0,0.0,0.0,0.0
2020-06-11 01:00:00,4136001,0.0,24.655353833333333,0.0,0.0,0.0,0.0,0.0
2020-06-11 01:15:00,4136001,0.0,24.631611620689657,0.0,0.0,0.0,0.0,0.0
2020-06-11 01:30:00,4136001,0.0,24.663321966666665,0.0,0.0,0.0,0.0,0.0
2020-06-11 01:45:00,4136001,0.0,24.628002068965515,0.0,0.0,0.0,0.0,0.0
2020-06-11 02:00:00,4136001,0.0,24.583562166666667,0.0,0.0,0.0,0.0,0.0
2020-06-11 02:15:00,4136001,0.0,24.18870453333333,0.0,0.0,0.0,0.0,0.0
2020-06-11 02:30:00,4136001,0.0,23.99366620689655,0.0,0.0,0.0,0.0,0.0
2020-06-11 02:45:00,4136001,0.0001151645777666,24.119831433333335,0.0,0.0,0.0,0.0,0.0
2020-06-11 03:00:00,4136001,0.0001363457634482,24.193308896551724,0.0,0.0,0.0,0.0,0.0
2020-06-11 03:15:00,4136001,3.3270319366666676e-05,24.191336966666668,0.0,0.0,0.0,0.0,0.0
2020-06-11 03:30:00,4136001,2.559282e-05,24.184912066666666,0.0,0.0,0.0,0.0,0.0
2020-06-11 03:45:00,4136001,3.971314896551726e-06,24.228536862068967,0.0,0.0,0.0,0.0,0.0
2020-06-11 04:00:00,4136001,0.0,24.204156500000003,0.0,0.0,0.0,0.0,0.0
2020-06-11 04:15:00,4136001,0.0,24.214746172413797,0.0,0.0,0.0,0.0,0.0
2020-06-11 04:30:00,4136001,0.0,24.2575073,0.0,0.0,0.0,0.0,0.0
2020-06-11 04:45:00,4136001,0.0,24.256150931034483,0.0,0.0,0.0,0.0,0.0
2020-06-11 05:00:00,4136001,0.0,24.2076104,0.0,0.0,0.0,0.0,0.0
2020-06-11 05:15:00,4136001,0.0,24.266885689655172,0.0,0.0,0.0,0.0,0.0
2020-06-11 05:30:00,4136001,0.0,24.262456366666665,0.0,0.0,0.0,0.0,0.0
2020-06-11 05:45:00,4136001,0.0002546431066666,24.228851566666663,0.0,0.0,0.0,0.0,0.0
2020-06-11 06:00:00,4136001,0.0042637027482758,24.26536520689655,0.0006036220829730829,0.0005968932189099511,0.0005823074660668438,3770.141319364344,3.876785714285714
2020-06-11 06:15:00,4136001,0.0098950991166666,24.30399276666666,0.010871402335853132,0.010747707139130667,0.010485074904427547,29258.014393541627,73.6825
2020-06-11 06:30:00,4136001,0.0146363091896551,24.28631917241379,0.017267504021166988,0.017086432685869003,0.016668906608790092,31417.91929876667,184.65785714285715
2020-06-11 06:45:00,4136001,0.0224950799666666,24.22797863333333,0.028495657969349296,0.028224040410064998,0.02753435444176589,33734.21257662945,367.9713095238095
2020-06-11 07:00:00,4136001,0.0590051749310344,24.147983034482756,0.07304698027668374,0.07269061482054427,0.07091433841431838,32967.92353402473,840.0925
2020-06-11 07:15:00,4136001,0.1020111090333333,24.44488326666666,0.12580133661244647,0.12597900156599925,0.12290056387890551,32841.06373393737,1658.3185714285714
2020-06-11 07:30:00,4136001,0.0989866136551724,24.71686213793104,0.12424992933274663,0.12433603763017206,0.12129774760289236,33427.131702425635,2465.8736904761904
2020-06-11 07:45:00,4136001,0.0667724374666666,24.634990400000003,0.08915017334934743,0.08882557423776241,0.0866550220670658,35555.30359213657,3042.790476190476
2020-06-11 08:00:00,4136001,0.0651904124,24.439050466666664,0.08619568492018033,0.08587212129618044,0.08377374004864883,35211.232409764016,3600.524761904762
2020-06-11 08:15:00,4136001,0.1120032948965517,24.048603103448272,0.14597515659806123,0.146585518760144,0.14300353779725306,34707.839484033466,4552.588928571428
2020-06-11 08:30:00,4136001,0.1442327949999999,24.36020013793103,0.18532805484236625,0.18626024943922923,0.18170877209496078,34218.15406128685,5762.338095238095
2020-06-11 08:45:00,4136001,0.2382026306666666,24.85178729999999,0.2946335409386557,0.2967784427500404,0.28952632984612847,32939.352744471835,7689.89630952381
2020-06-11 09:00:00,4136001,0.3654319533333332,25.6061401,0.4422386935255635,0.44442931463663005,0.43356918767563096,32227.724939663127,10576.438095238096
2020-06-11 09:15:00,4136001,0.3184037789655173,26.064864551724135,0.3847826760229729,0.3869613189915952,0.3775054867257143,32182.273879850374,13089.728690476191
2020-06-11 09:30:00,4136001,0.1821246916666667,25.91287766666667,0.2330998870182253,0.23456607622596762,0.22883419202152402,34084.16529593628,14613.22130952381
2020-06-11 09:45:00,4136001,0.2250663879310345,26.013701448275867,0.2872534621232105,0.2892063395063743,0.2821392594071847,33988.66133862371,16491.599166666667
2020-06-11 10:00:00,4136001,0.2858397853333333,26.5930917,0.3664771573110281,0.3687046896597914,0.3596949785337489,34143.15599758561,18886.31404761905
2020-06-11 10:15:00,4136001,0.3116224317241379,27.00422489655173,0.3998324227652697,0.40194100180219045,0.3921191242467643,34168.72123450296,21496.896785714285
2020-06-11 10:30:00,4136001,0.3308099630000001,27.255816700000004,0.4238535847466307,0.42595508001402627,0.41554639162132423,34120.60390178065,24263.449523809522
2020-06-11 10:45:00,4136001,0.3713926027586207,27.62432748275862,0.47247843075209983,0.4746335778564035,0.46303537596981503,33878.81155020647,27346.16619047619
2020-06-11 11:00:00,4136001,0.3794716983333333,27.698689666666667,0.48778080577262767,0.4899514360052112,0.47797892513677115,34231.40660305458,30528.371428571427
2020-06-11 11:15:00,4136001,0.4417517606666668,27.8630768,0.5467003077601799,0.5489142033037183,0.535500871324373,32957.21146307309,34093.536309523806
2020-06-11 11:30:00,4136001,0.4621243431034483,28.498860379310344,0.5677426089777738,0.5699570125073736,0.5560294759694144,32716.89440075401,37795.372976190476
2020-06-11 11:45:00,4136001,0.5839224203333333,28.7643748,0.5921785834448655,0.5939678097769038,0.5794535425751605,27007.039231827013,41653.15833333333
2020-06-11 12:00:00,4136001,0.6205650234482758,29.731161000000004,0.0,0.0,0.0,0.0,41653.15833333333
2020-06-11 12:15:00,4136001,0.3881666475,29.42076553571429,0.04921365679553782,0.04957231704492489,0.04836096207996504,3376.345247139285,41975.127564102564
2020-06-11 12:30:00,4136001,0.3071335886666666,28.7703256,0.40205944260417126,0.4043106303062254,0.39443084823020014,34861.20392480768,44601.1008974359
2020-06-11 12:45:00,4136001,0.3871848155172413,29.112240413793103,0.4845763355109528,0.4867327399568936,0.47483888152334564,33329.079075826245,47762.400897435895
2020-06-11 13:00:00,4136001,0.322284215,29.05096543333334,0.40399728460363676,0.40611725644231805,0.3961933274377198,33382.49867730066,50400.10815934066
2020-06-11 13:15:00,4136001,0.3063866934482759,29.485296827586204,0.3900387675688233,0.3922222458262702,0.3826378569340025,33901.37438117402,52947.56815934066
2020-06-11 13:30:00,4136001,0.3484061356666666,29.618877933333337,0.43900629253267426,0.44114545797436416,0.4303655757206772,33555.55141883375,55812.781492673996
2020-06-11 13:45:00,4136001,0.4410198099999999,29.861181724137936,0.5395956917580238,0.5417748178586712,0.5285359447410689,32582.90521386481,59331.576492673994
2020-06-11 14:00:00,4136001,0.3551979003333333,29.924686866666654,0.42507139681407985,0.42720640208255894,0.41676713623673706,31869.182379860937,62106.256492673994
2020-06-11 14:15:00,4136001,0.3321471462068965,27.712210827586212,0.4165189425432314,0.41867743675997454,0.4084465857130841,33395.17019147029,64825.54137362637
2020-06-11 14:30:00,4136001,0.2199277286666666,27.966856833333335,0.2813476323895202,0.2833910800563303,0.2764661023204608,34067.69144310993,66666.14946886447
2020-06-11 14:45:00,4136001,0.1599183410344828,28.226240379310344,0.20445064578997693,0.2055127455718872,0.2004908119696022,34046.2779346884,68000.94244505494
2020-06-11 15:00:00,4136001,0.2447895886666667,28.87674766666667,0.3117612482526306,0.31387433334780734,0.30620446325216993,33916.31174030623,70039.53744505494
2020-06-11 15:15:00,4136001,0.3615275644827586,29.08339506896552,0.47245339680606896,0.4746281890461361,0.4630301188411486,34801.42199207983,73122.21911172161
2020-06-11 15:30:00,4136001,0.2182710936666667,27.1182657,0.277572638497803,0.27938704739332154,0.2725599126701521,33865.68452938876,74936.82125457875
2020-06-11 15:45:00,4136001,0.2699164865517241,26.06172972413793,0.3573306475008683,0.35952875550724034,0.35074326858648897,35254.96464497236,77271.938992674
2020-06-11 16:00:00,4136001,0.1847001159999999,26.01609606666667,0.24464078647789259,0.24627497115565986,0.2402569670187059,35272.89660845746,78871.48018315018
2020-06-11 16:15:00,4136001,0.1109246423448275,25.88879503448276,0.1459972222333484,0.1466082287462711,0.14302569283949035,35050.64265083294,79823.69184981685
2020-06-11 16:30:00,4136001,0.106418664,25.36366959999999,0.14492723561721121,0.1454760287115078,0.14192115937783062,36267.00025369341,80768.54994505494
2020-06-11 16:45:00,4136001,0.068217775,25.617999166666667,0.08853873709893473,0.08820844548641958,0.08605297354641465,34563.3000866919,81341.45851648352
2020-06-11 17:00:00,4136001,0.076213266275862,26.01537355172413,0.09640874811959302,0.09609405284850218,0.09374588728029493,33687.22973019924,81965.58363553113
2020-06-11 17:15:00,4136001,0.0611145239,26.459341366666663,0.076622203279075,0.07627976408081917,0.0744157828014788,33387.940624014176,82461.01613553114
2020-06-11 17:30:00,4136001,0.0584995239655172,26.65583220689655,0.07251407909124773,0.07216925659181174,0.07040572015653225,33010.29710609191,82929.75113553113
2020-06-11 17:45:00,4136001,0.0535718095333333,26.732813533333335,0.06646956129654667,0.06611941893155399,0.06450371704030665,33041.969473454075,83359.19280219781
2020-06-11 18:00:00,4136001,0.0469554367666666,26.725963433333337,0.05830860217884022,0.057922873551182155,0.05650746340609294,33069.389318297945,83735.3983974359
2020-06-11 18:15:00,4136001,0.0229097102413793,26.49930441379311,0.02789532606214026,0.027634075661498912,0.026958806141127365,32425.842965264048,83914.88006410256
2020-06-11 18:30:00,4136001,0.0081508001466666,26.28690993333333,0.00733049372091413,0.007248023126867423,0.007070909581964573,23950.380133488867,83961.95554029304
2020-06-11 18:45:00,4136001,0.0012175895017241,26.10765227586207,0.0,0.0,0.0,0.0,83961.95554029304
2020-06-11 19:00:00,4136001,0.0,26.0361074,0.0,0.0,0.0,0.0,83961.95554029304
2020-06-11 19:15:00,4136001,0.0,25.8624267,0.0,0.0,0.0,0.0,83961.95554029304
2020-06-11 19:30:00,4136001,0.0,24.9431804137931,0.0,0.0,0.0,0.0,83961.95554029304
2020-06-11 19:45:00,4136001,0.0,24.247928966666663,0.0,0.0,0.0,0.0,83961.95554029304
2020-06-11 20:00:00,4136001,0.0,23.92968324137931,0.0,0.0,0.0,0.0,83961.95554029304
2020-06-11 20:15:00,4136001,0.0,23.84047006666667,0.0,0.0,0.0,0.0,83961.95554029304
2020-06-11 20:30:00,4136001,0.0,23.795964517241377,0.0,0.0,0.0,0.0,83961.95554029304
2020-06-11 20:45:00,4136001,0.0,23.400524000000004,0.0,0.0,0.0,0.0,83961.95554029304
2020-06-11 21:00:00,4136001,0.0,23.18491033333333,0.0,0.0,0.0,0.0,83961.95554029304
2020-06-11 21:15:00,4136001,0.0,23.137103344827583,0.0,0.0,0.0,0.0,83961.95554029304
2020-06-11 21:30:00,4136001,0.0,23.2143099,0.0,0.0,0.0,0.0,83961.95554029304
2020-06-11 21:45:00,4136001,0.0,23.091332586206903,0.0,0.0,0.0,0.0,83961.95554029304
2020-06-11 22:00:00,4136001,0.0,23.106439166666664,0.0,0.0,0.0,0.0,83961.95554029304
2020-06-11 22:15:00,4136001,0.0,23.108354766666668,0.0,0.0,0.0,0.0,83961.95554029304
2020-06-11 22:30:00,4136001,0.0,23.167986137931035,0.0,0.0,0.0,0.0,83961.95554029304
2020-06-11 22:45:00,4136001,0.0,23.0900807,0.0,0.0,0.0,0.0,83961.95554029304
2020-06-11 23:00:00,4136001,0.0,23.077110799999996,0.0,0.0,0.0,0.0,83961.95554029304
2020-06-11 23:15:00,4136001,0.0,23.062493586206894,0.0,0.0,0.0,0.0,83961.95554029304
2020-06-11 23:30:00,4136001,0.0,22.998343899999995,0.0,0.0,0.0,0.0,83961.95554029304
2020-06-11 23:45:00,4136001,0.0,23.005360551724134,0.0,0.0,0.0,0.0,83961.95554029304
2020-06-12 00:00:00,4136001,0.0,23.096333766666664,0.0,0.0,0.0,0.0,0.0
2020-06-12 00:15:00,4136001,0.0,23.07342593103449,0.0,0.0,0.0,0.0,0.0
2020-06-12 00:30:00,4136001,0.0,23.198418433333337,0.0,0.0,0.0,0.0,0.0
2020-06-12 00:45:00,4136001,0.0,23.25918803333333,0.0,0.0,0.0,0.0,0.0
2020-06-12 01:00:00,4136001,0.0,23.26828003448276,0.0,0.0,0.0,0.0,0.0
2020-06-12 01:15:00,4136001,0.0,23.03963933333333,0.0,0.0,0.0,0.0,0.0
2020-06-12 01:30:00,4136001,0.0,22.93840913793104,0.0,0.0,0.0,0.0,0.0
2020-06-12 01:45:00,4136001,0.0,22.8403045,0.0,0.0,0.0,0.0,0.0
2020-06-12 02:00:00,4136001,0.0,22.752443333333332,0.0,0.0,0.0,0.0,0.0
2020-06-12 02:15:00,4136001,0.0,22.652374,0.0,0.0,0.0,0.0,0.0
2020-06-12 02:30:00,4136001,0.0,22.610987366666663,0.0,0.0,0.0,0.0,0.0
2020-06-12 02:45:00,4136001,0.0,22.557934620689657,0.0,0.0,0.0,0.0,0.0
2020-06-12 03:00:00,4136001,0.0,22.6381885,0.0,0.0,0.0,0.0,0.0
2020-06-12 03:15:00,4136001,7.678095999999998e-06,22.836479599999993,0.0,0.0,0.0,0.0,0.0
2020-06-12 03:30:00,4136001,0.0,22.87054006896551,0.0,0.0,0.0,0.0,0.0
2020-06-12 03:45:00,4136001,0.0,22.97101426666667,0.0,0.0,0.0,0.0,0.0
2020-06-12 04:00:00,4136001,0.0,23.079390758620686,0.0,0.0,0.0,0.0,0.0
2020-06-12 04:15:00,4136001,0.0,23.20513930000001,0.0,0.0,0.0,0.0,0.0
2020-06-12 04:30:00,4136001,0.0,23.228767833333336,0.0,0.0,0.0,0.0,0.0
2020-06-12 04:45:00,4136001,0.0,23.179444862068973,0.0,0.0,0.0,0.0,0.0
2020-06-12 05:00:00,4136001,0.0,23.2061069,0.0,0.0,0.0,0.0,0.0
2020-06-12 05:15:00,4136001,0.0,23.23781186206897,0.0,0.0,0.0,0.0,0.0
2020-06-12 05:30:00,4136001,1.2796612e-06,23.21335063333333,0.0,0.0,0.0,0.0,0.0
2020-06-12 05:45:00,4136001,0.0007294055549666,23.308441233333337,0.0,0.0,0.0,0.0,0.0
2020-06-12 06:00:00,4136001,0.0042056504241379,23.32624131034483,0.000688111650827093,0.0006797415944503467,0.0006631313489663412,4357.176668699997,4.414880952380953
2020-06-12 06:15:00,4136001,0.01449843685,23.362587600000005,0.015520027299875774,0.015355213234947344,0.014979991439820968,28506.948352586747,104.14607142857143
2020-06-12 06:30:00,4136001,0.0334927551724137,23.470018275862063,0.03877504324435362,0.03844774990318929,0.037508236168244134,30830.519684135972,353.8619047619048
2020-06-12 06:45:00,4136001,0.0671627485333333,23.64130253333333,0.08030213970143514,0.07996147623854519,0.07800752820825038,31840.36855795623,873.2069047619048
2020-06-12 07:00:00,4136001,0.0903843469999999,23.846849333333335,0.10653928870405412,0.10640092231503949,0.10380089687330304,31390.33839670536,1564.2745238095238
2020-06-12 07:15:00,4136001,0.1164797561724138,24.097485965517244,0.13822511182306063,0.13862936197384568,0.13524179859317806,31602.09879265307,2464.6639285714286
2020-06-12 07:30:00,4136001,0.1372689796666666,24.3609651,0.16473731236699823,0.1655154744360798,0.16147091885167716,31959.42816717397,3539.6770238095237
2020-06-12 07:45:00,4136001,0.1758698168965517,24.55453065517242,0.2142702290019552,0.21547282493549874,0.2102075056633938,32445.16235131557,4939.1601190476185
2020-06-12 08:00:00,4136001,0.1600963385,24.89767446666667,0.19192449962148675,0.19290811673416763,0.18819419132343457,31924.81923418047,6192.086785714286
2020-06-12 08:15:00,4136001,0.1578865952068965,25.01737920689655,0.20720756274079077,0.2083479929440311,0.2032567769037672,34949.40386624635,7545.2945238095235
2020-06-12 08:30:00,4136001,0.1990606736666666,25.175836200000003,0.2524904842394859,0.25416545410798447,0.24795463720233207,33778.39228590671,9196.083928571428
2020-06-12 08:45:00,4136001,0.1142524157931034,25.023628,0.15082813008725546,0.15132367601101643,0.1476259128807234,35155.7513766985,10178.922142857142
2020-06-12 09:00:00,4136001,0.302462571,25.58673096666667,0.3784303658618229,0.3805776500340549,0.37127780985301784,33319.138786770345,12650.75119047619
2020-06-12 09:15:00,4136001,0.2399335173333333,25.900523099999997,0.30308323086104755,0.30522991184877857,0.29777127785276836,33639.56853425698,14633.20119047619
2020-06-12 09:30:00,4136001,0.4119583196551724,26.35951931034482,0.5065476643471404,0.5087318613608686,0.4963004298113957,32745.11111627111,17937.384166666667
2020-06-12 09:45:00,4136001,0.2954317716666666,26.72021383333334,0.3607603875140405,0.36293472187699516,0.3540660063617694,32519.29151209123,20294.62345238095
2020-06-12 10:00:00,4136001,0.2300879279310344,26.48955672413793,0.29940048706045397,0.301506500563983,0.2941388522836967,34652.78138823744,22252.890119047617
2020-06-12 10:15:00,4136001,0.160934984,26.201955199999997,0.2064660036151879,0.20759015025927602,0.2025174529519171,34164.6927787577,23601.175714285713
2020-06-12 10:30:00,4136001,0.1544609948275861,26.23958182758621,0.20242393328210195,0.20351851918719807,0.19854531673520723,34899.76165684488,24923.01630952381
2020-06-12 10:45:00,4136001,0.1954025728666666,26.212235466666662,0.2618230320314346,0.26333139879932543,0.25689660179203,35682.64172630771,26633.337976190476
2020-06-12 11:00:00,4136001,0.3730939703448276,26.93907844827586,0.47983742740870905,0.48197333906282397,0.4701957819088398,34249.58542673206,29763.72595238095
2020-06-12 11:15:00,4136001,0.5259339126666668,27.978457700000007,0.6282417529598706,0.630181256299203,0.6147820730625013,31810.8336190897,33856.715476190475
2020-06-12 11:30:00,4136001,0.4696381220689654,26.552858620689655,0.582858355930642,0.5850654402272156,0.5707687123739791,33050.58214812891,37656.68047619048
2020-06-12 11:45:00,4136001,0.3676135404666666,24.5112182,0.49233977344707996,0.49415007070430667,0.48207496150494356,35665.872378921486,40866.155595238095
2020-06-12 12:00:00,4136001,0.3948018151724138,23.428060655172416,0.5204233547833719,0.5226133449633878,0.5098427038492768,35104.0372319342,44260.497976190476
2020-06-12 12:15:00,4136001,0.3823716986666667,23.300787333333332,0.4990201892337438,0.5011733584478775,0.4889266273638482,34754.560869776426,47515.58892857143
2020-06-12 12:30:00,4136001,0.3824357034482758,24.71514999999999,0.4902558941353046,0.4924233602578945,0.48039044515791984,34138.45187419496,50713.84916666667
2020-06-12 12:45:00,4136001,0.5171967406666664,25.759937466666667,0.3914590684968818,0.3928999528699053,0.3832990034486764,20156.262624346455,53265.71083333333
2020-06-12 13:00:00,4136001,0.4912427266666668,26.256600899999995,0.1179370297552052,0.11849038822290546,0.11559494317151199,6393.423630827612,54035.29880952381
2020-06-12 13:15:00,4136001,0.4367032972413793,25.594030931034485,0.4953911253659963,0.49723811559756853,0.4850875465702921,30209.336064102943,57264.8305952381
2020-06-12 13:30:00,4136001,0.537373153,26.233689366666667,0.46195530424970543,0.46342747358809366,0.45210310538232695,22893.03762356697,60274.764285714286
2020-06-12 13:45:00,4136001,0.3653654527586207,26.185734137931036,0.4304587377626919,0.43245688122385817,0.42188931405271257,31374.981403311704,63083.54583333333
2020-06-12 14:00:00,4136001,0.4868788256666666,26.5335296,0.6139480135063146,0.6161491242899211,0.6010928318800293,33580.73057352517,67085.3975
2020-06-12 14:15:00,4136001,0.4183158365517241,27.018877724137926,0.519634588788111,0.5218110720878563,0.5090600354080133,33080.58450529476,70474.52916666666
2020-06-12 14:30:00,4136001,0.325917801,26.867152866666668,0.4044861260440586,0.4066130453162102,0.39667700115642524,33050.267408347165,73115.45654761905
2020-06-12 14:45:00,4136001,0.329804623,26.675744433333335,0.41780432838357384,0.4199029328636539,0.4096421354499558,33736.1582477907,75842.70095238095
2020-06-12 15:00:00,4136001,0.4389835762068964,26.96615486206897,0.558356381252979,0.5605742506845576,0.5468759924171462,33872.14041539748,79483.59714285714
2020-06-12 15:15:00,4136001,0.3928341253333332,27.36894433333333,0.49721669011751357,0.499387096149224,0.487184014380643,33706.67548221995,82727.08642857143
2020-06-12 15:30:00,4136001,0.42733382,27.941324275862073,0.5400933666051165,0.5422746941634804,0.5290236060097492,33657.43436828847,86249.12809523809
2020-06-12 15:45:00,4136001,0.3425049133333333,27.89696146666667,0.4367834927018179,0.4389074704068627,0.4281822758803795,33960.872564083256,89099.80583333333
2020-06-12 16:00:00,4136001,0.2889376348275862,27.961402655172417,0.3633152984017757,0.3655061008389002,0.35657455080517747,33485.670642953344,91473.74607142857
2020-06-12 16:15:00,4136001,0.1577513288333333,27.8158599,0.19547256079243455,0.19652923227031474,0.19172682085479337,32998.34855168199,92750.19166666667
2020-06-12 16:30:00,4136001,0.1567048989999999,27.547283766666673,0.19248323941550458,0.19346492380323094,0.18873739218952326,32710.69521876399,94006.73476190477
2020-06-12 16:45:00,4136001,0.185021294137931,27.76650455172414,0.2296899595851975,0.23099314838435495,0.2253485726645331,33059.762274930545,95507.02142857143
2020-06-12 17:00:00,4136001,0.165160775,27.714652300000004,0.20692923890509818,0.20800750811570407,0.2029246122027183,33365.249564798156,96858.01773809524
2020-06-12 17:15:00,4136001,0.1674244803448276,27.653207551724137,0.2087493498326588,0.20984074837597477,0.20471305518854993,33203.632712082624,98220.92083333334
2020-06-12 17:30:00,4136001,0.1150523565,27.43312286666666,0.142105051592817,0.1425325835604225,0.13904964059836566,32892.238272490526,99146.66142857143
2020-06-12 17:45:00,4136001,0.0685438064137931,27.063544931034485,0.0847772615380742,0.08443569176203226,0.08237241127540373,32937.49715243591,99695.0661904762
2020-06-12 18:00:00,4136001,0.0457077810666666,26.4373973,0.0559859169033209,0.055627918560853334,0.0542685882056068,32618.807969670383,100056.3661904762
2020-06-12 18:15:00,4136001,0.0607748456,25.757691433333335,0.07566118585373194,0.07530691886396475,0.07346671014467046,33153.448509718866,100545.48011904761
2020-06-12 18:30:00,4136001,0.0212704814827586,25.43092389655172,0.026466173846020916,0.02622189577355427,0.0255811344468814,33135.480248480555,100715.78976190476
2020-06-12 18:45:00,4136001,0.002202877719,24.82610973333334,0.0016302105655268543,0.0016112542699677002,0.001571881471275049,19707.554785674118,100726.25476190475
2020-06-12 19:00:00,4136001,0.0,24.494660517241375,0.0,0.0,0.0,0.0,100726.25476190475
2020-06-12 19:15:00,4136001,0.0,24.27633373333333,0.0,0.0,0.0,0.0,100726.25476190475
2020-06-12 19:30:00,4136001,0.0,24.136165172413797,0.0,0.0,0.0,0.0,100726.25476190475
2020-06-12 19:45:00,4136001,0.0,23.968401166666663,0.0,0.0,0.0,0.0,100726.25476190475
2020-06-12 20:00:00,4136001,0.0,23.79291786206896,0.0,0.0,0.0,0.0,100726.25476190475
2020-06-12 20:15:00,4136001,0.0,23.749513433333338,0.0,0.0,0.0,0.0,100726.25476190475
2020-06-12 20:30:00,4136001,0.0,23.816572966666666,0.0,0.0,0.0,0.0,100726.25476190475
2020-06-12 20:45:00,4136001,0.0,23.961166,0.0,0.0,0.0,0.0,100726.25476190475
2020-06-12 21:00:00,4136001,0.0,23.154267333333337,0.0,0.0,0.0,0.0,100726.25476190475
2020-06-12 21:15:00,4136001,0.0,22.76536689655172,0.0,0.0,0.0,0.0,100726.25476190475
2020-06-12 21:30:00,4136001,0.0,23.176773133333334,0.0,0.0,0.0,0.0,100726.25476190475
2020-06-12 21:45:00,4136001,0.0,23.242798758620687,0.0,0.0,0.0,0.0,100726.25476190475
2020-06-12 22:00:00,4136001,0.0,23.19935533333333,0.0,0.0,0.0,0.0,100726.25476190475
2020-06-12 22:15:00,4136001,0.0,23.134124068965523,0.0,0.0,0.0,0.0,100726.25476190475
2020-06-12 22:30:00,4136001,0.0,23.131442766666662,0.0,0.0,0.0,0.0,100726.25476190475
2020-06-12 22:45:00,4136001,0.0,23.006417,0.0,0.0,0.0,0.0,100726.25476190475
2020-06-12 23:00:00,4136001,0.0,22.8288644,0.0,0.0,0.0,0.0,100726.25476190475
2020-06-12 23:15:00,4136001,0.0,22.80835263333333,0.0,0.0,0.0,0.0,100726.25476190475
2020-06-12 23:30:00,4136001,0.0,22.986520758620692,0.0,0.0,0.0,0.0,100726.25476190475
2020-06-12 23:45:00,4136001,0.0,23.099230266666662,0.0,0.0,0.0,0.0,100726.25476190475
2020-06-13 00:00:00,4136001,0.0,23.18442979310345,0.0,0.0,0.0,0.0,0.0
2020-06-13 00:15:00,4136001,0.0,23.15021623333333,0.0,0.0,0.0,0.0,0.0
2020-06-13 00:30:00,4136001,0.0,23.11269223333333,0.0,0.0,0.0,0.0,0.0
2020-06-13 00:45:00,4136001,0.0,23.082374103448277,0.0,0.0,0.0,0.0,0.0
2020-06-13 01:00:00,4136001,0.0,23.00601510000001,0.0,0.0,0.0,0.0,0.0
2020-06-13 01:15:00,4136001,0.0,22.890840482758623,0.0,0.0,0.0,0.0,0.0
2020-06-13 01:30:00,4136001,0.0,22.8207133,0.0,0.0,0.0,0.0,0.0
2020-06-13 01:45:00,4136001,0.0,22.720887068965517,0.0,0.0,0.0,0.0,0.0
2020-06-13 02:00:00,4136001,0.0,22.5558715,0.0,0.0,0.0,0.0,0.0
2020-06-13 02:15:00,4136001,0.0,22.479495266666667,0.0,0.0,0.0,0.0,0.0
2020-06-13 02:30:00,4136001,0.0,22.3614405862069,0.0,0.0,0.0,0.0,0.0
2020-06-13 02:45:00,4136001,0.0,22.19928706896552,0.0,0.0,0.0,0.0,0.0
2020-06-13 03:00:00,4136001,0.0,22.245439433333328,0.0,0.0,0.0,0.0,0.0
2020-06-13 03:15:00,4136001,0.0,22.36969820689655,0.0,0.0,0.0,0.0,0.0
2020-06-13 03:30:00,4136001,0.0,22.4259338,0.0,0.0,0.0,0.0,0.0
2020-06-13 03:45:00,4136001,0.0,22.485639500000005,0.0,0.0,0.0,0.0,0.0
2020-06-13 04:00:00,4136001,0.0,22.450481344827583,0.0,0.0,0.0,0.0,0.0
2020-06-13 04:15:00,4136001,0.0,22.444431633333338,0.0,0.0,0.0,0.0,0.0
2020-06-13 04:30:00,4136001,0.0,22.41131893103449,0.0,0.0,0.0,0.0,0.0
2020-06-13 04:45:00,4136001,0.0,22.361143799999997,0.0,0.0,0.0,0.0,0.0
2020-06-13 05:00:00,4136001,0.0,22.523588103448283,0.0,0.0,0.0,0.0,0.0
2020-06-13 05:15:00,4136001,0.0,22.467644166666663,0.0,0.0,0.0,0.0,0.0
2020-06-13 05:30:00,4136001,0.0,22.4155183,0.0,0.0,0.0,0.0,0.0
2020-06-13 05:45:00,4136001,0.0004951048193103,22.57172051724138,0.0,0.0,0.0,0.0,0.0
2020-06-13 06:00:00,4136001,0.0047783350833333,22.766307433333335,0.0022088702280292074,0.002184209440546732,0.002130835841973144,12310.424511354902,14.186309523809523
2020-06-13 06:15:00,4136001,0.0294931157931034,22.787000999999993,0.03402313537156384,0.03371393669324676,0.032890098974209026,30720.841422431287,233.15630952380954
2020-06-13 06:30:00,4136001,0.0522247736,22.937554866666662,0.05891592570954786,0.058529004730550595,0.057098783092730886,30042.465370897316,613.2986904761905
2020-06-13 06:45:00,4136001,0.0817221908965517,23.255329103448275,0.09181535876934836,0.09158662465765245,0.0893486031344217,29919.529775023388,1208.1483333333333
2020-06-13 07:00:00,4136001,0.1453918824999999,23.702573666666662,0.15839303094996812,0.159129001097686,0.15524050612630727,29011.844362539767,2241.681666666667
2020-06-13 07:15:00,4136001,0.1300059603793103,23.963179,0.14983660701053486,0.15038873575890038,0.14671381893848057,30692.629401473067,3218.4475
2020-06-13 07:30:00,4136001,0.253675025,24.236652733333333,0.2798133912442414,0.28183798461282045,0.2749509584997256,29374.481705293536,5048.968333333333
2020-06-13 07:45:00,4136001,0.2067145637931034,24.563085137931036,0.23264092538053027,0.23403080606868748,0.2283120017887112,29970.533283211316,6568.984404761904
2020-06-13 08:00:00,4136001,0.2621186786666666,24.8466969,0.30346464091021713,0.3055854083628507,0.29811808741224527,30831.137956155315,8553.743333333334
2020-06-13 08:15:00,4136001,0.3103957249999999,25.2793741,0.3584674211087377,0.36047416178201874,0.3516655728024344,30754.834164095042,10895.001428571428
2020-06-13 08:30:00,4136001,0.2426449144827586,25.41420231034483,0.29526437849724224,0.29709126868485186,0.28983151152963416,32405.542134528096,12824.591428571428
2020-06-13 08:45:00,4136001,0.397700346,25.861503033333335,0.46559763610884924,0.46781328696219326,0.45638174650540414,31176.993123312375,15863.010714285714
2020-06-13 09:00:00,4136001,0.4468312662068966,26.334351620689652,0.5167765883395027,0.5187815709360714,0.506104563502395,30799.148183556477,19232.465952380953
2020-06-13 09:15:00,4136001,0.2425745116666666,26.021283066666665,0.2965243012381933,0.298631625274158,0.29133422778430407,32553.265084187704,21172.060476190476
2020-06-13 09:30:00,4136001,0.4341903689655172,26.22057579310345,0.5218411523168274,0.5238849025643533,0.5110831895192738,32006.454493277713,24574.661547619045
2020-06-13 09:45:00,4136001,0.6071182516666666,27.204436200000004,0.22493601323394521,0.225742650913769,0.22022637696716746,9866.545740563322,26040.846547619047
2020-06-13 10:00:00,4136001,0.6132955162068963,28.234621275862068,0.39459469540697184,0.3957884284904053,0.38611689593946535,17134.08363338122,28611.46869047619
2020-06-13 10:15:00,4136001,0.4145163073333333,27.541681866666664,0.48240074254975457,0.4841170041213584,0.47228706411608423,30991.7268951873,31755.779642857142
2020-06-13 10:30:00,4136001,0.7940656137931034,28.801169482758617,0.13497275519890686,0.13495466993289668,0.13165690175878492,4526.5690828407905,32632.302142857145
2020-06-13 10:45:00,4136001,0.503414697,28.721466066666665,0.0,0.0,0.0,0.0,32632.302142857145
2020-06-13 11:00:00,4136001,0.739425887586207,28.386927241379315,0.28758095978146364,0.28767342460743756,0.2806438029968637,10357.260673773473,34500.723809523806
2020-06-13 11:15:00,4136001,0.6750354446666667,29.511782833333335,0.41150850553350343,0.412247321390129,0.40217359739807174,16234.229012094927,37178.245476190474
2020-06-13 11:30:00,4136001,0.5872391644827587,29.634007931034475,0.3855109671571794,0.38658611849440233,0.37713945467196375,17482.4041070132,39689.09916666667
2020-06-13 11:45:00,4136001,0.6300300593333332,30.131878566666668,0.41846018200680124,0.41930924726990315,0.40906295722714286,17687.738071511216,42412.48761904762
2020-06-13 12:00:00,4136001,0.7281766237931034,31.011079034482755,0.4892563244330741,0.4898854322440781,0.4779145342513018,17892.834490696005,45594.26416666667
2020-06-13 12:15:00,4136001,0.9020301976666668,31.346655199999997,0.5879958223350864,0.5881622098609105,0.5737898089809781,17359.31536125036,49414.3425
2020-06-13 12:30:00,4136001,0.927123663103448,31.878953586206897,0.5811485910609071,0.581313911816739,0.5671088567526137,16692.7908805242,53189.94154761905
2020-06-13 12:45:00,4136001,0.6086226563333333,31.805928499999997,0.393983133986829,0.39508102800243927,0.38542678157295573,17238.875955423166,55755.96916666666
2020-06-13 13:00:00,4136001,0.7856176037931033,31.57231820689655,0.5372711289365522,0.5375784193325438,0.5244420899024792,18212.171305571224,59247.50880952381
2020-06-13 13:15:00,4136001,0.6571986693333333,31.76270343333333,0.46263944623194764,0.4632622533984651,0.45194192253266857,18746.725202046855,62256.36940476191
2020-06-13 13:30:00,4136001,0.7514176462068966,31.910202517241387,0.4713864500262356,0.4720690173891225,0.4605334834034951,16706.102210093115,65322.429404761904
2020-06-13 13:45:00,4136001,0.2910304896666667,30.5955841,0.22665892092534617,0.2279939455433595,0.22242265869662117,20740.2389752198,66803.23642857143
2020-06-13 14:00:00,4136001,0.6234992839999997,29.455466666666663,0.5032968097597484,0.5040519912414604,0.4917349175481953,21496.494689830397,70077.02392857143
2020-06-13 14:15:00,4136001,0.43658024,29.423552413793104,0.421238932134832,0.42263034904258895,0.41230290416662135,25694.718090026683,72821.98273809523
2020-06-13 14:30:00,4136001,0.7933978416666667,30.290029733333338,0.6984936573994337,0.6987890958414019,0.6817134033749764,23445.034789765676,77360.57607142857
2020-06-13 14:45:00,4136001,0.3886319782758621,30.83672779310345,0.3320762060496891,0.333589295711275,0.3254376684784568,22755.095085794386,79527.21857142857
2020-06-13 15:00:00,4136001,0.4327335193333332,30.516839533333336,0.47960779459804637,0.48154919937034496,0.46978200654373037,29515.158869840605,82654.85178571429
2020-06-13 15:15:00,4136001,0.5063876589655171,30.912600620689663,0.5890741059161938,0.5909775332984942,0.5765363368441893,30978.918279345642,86493.21547619048
2020-06-13 15:30:00,4136001,0.4959789229999999,31.01340953333333,0.5747103787020914,0.5763979971441872,0.5623130679487098,30857.820487320532,90236.88595238095
2020-06-13 15:45:00,4136001,0.4535888472413792,30.763786689655173,0.5551780714649064,0.5572986971891324,0.5436804807318725,32594.878430654197,93856.50761904762
2020-06-13 16:00:00,4136001,0.2837699573333333,30.643006366666665,0.35702097758846707,0.35854348303405487,0.34978207234724573,33504.77835340851,96185.22607142857
2020-06-13 16:15:00,4136001,0.3810035668965517,30.497337655172416,0.5030590766794059,0.5050123725434105,0.4926718308597887,35161.6605701634,99465.25119047619
2020-06-13 16:30:00,4136001,0.2707068873333333,30.523774166666666,0.346740179683651,0.3483665682096816,0.33985384180949363,34110.20221032131,101727.87119047619
2020-06-13 16:45:00,4136001,0.2919719574,30.178978566666668,0.38667740599109535,0.3882210358734016,0.37873442101775723,35268.507735446095,104249.34357142857
2020-06-13 17:00:00,4136001,0.3049379434482758,30.02002482758621,0.4064393818017231,0.408552448804607,0.3985690131532644,35494.7191689925,106902.86726190476
2020-06-13 17:15:00,4136001,0.1898316065,29.355659,0.23018657943027887,0.23149830352371187,0.22584138377353977,32291.699739132946,108406.43488095238
2020-06-13 17:30:00,4136001,0.1358335086896552,28.722076448275857,0.1638531849187498,0.16454244592635914,0.1605216673809686,32123.83582980837,109475.12821428571
2020-06-13 17:45:00,4136001,0.0903164092333333,28.22930816666667,0.11042938510334298,0.11047819880739763,0.1077785405581397,32560.97647320008,110192.67749999999
2020-06-13 18:00:00,4136001,0.0846159424137931,28.09258296551724,0.10148802848090581,0.101250136163688,0.09877597593765716,31940.524940688483,110850.29107142857
2020-06-13 18:15:00,4136001,0.0482598143666666,27.56023966666667,0.05718447071371637,0.05682095349792165,0.055432470000749585,31555.26908995475,111219.33976190476
2020-06-13 18:30:00,4136001,0.0196069763620689,26.95020889655172,0.02326830181726421,0.02303952837132539,0.02247653174847951,31603.3770441738,111368.98011904761
2020-06-13 18:45:00,4136001,0.0022054319846666,26.383051433333332,0.0012399492282964269,0.0012257160551188777,0.0011957643135520337,14972.33939656859,111376.94107142858
2020-06-13 19:00:00,4136001,0.0,26.10227072413793,0.0,0.0,0.0,0.0,111376.94107142858
2020-06-13 19:15:00,4136001,0.0,25.9680014,0.0,0.0,0.0,0.0,111376.94107142858
2020-06-13 19:30:00,4136001,0.0,25.766978,0.0,0.0,0.0,0.0,111376.94107142858
2020-06-13 19:45:00,4136001,0.0,25.689107758620697,0.0,0.0,0.0,0.0,111376.94107142858
2020-06-13 20:00:00,4136001,0.0,25.728445333333333,0.0,0.0,0.0,0.0,111376.94107142858
2020-06-13 20:15:00,4136001,0.0,24.964022862068965,0.0,0.0,0.0,0.0,111376.94107142858
2020-06-13 20:30:00,4136001,0.0,24.1302543,0.0,0.0,0.0,0.0,111376.94107142858
2020-06-13 20:45:00,4136001,0.0,24.408619233333333,0.0,0.0,0.0,0.0,111376.94107142858
2020-06-13 21:00:00,4136001,0.0,24.628064379310345,0.0,0.0,0.0,0.0,111376.94107142858
2020-06-13 21:15:00,4136001,0.0,24.769791533333333,0.0,0.0,0.0,0.0,111376.94107142858
2020-06-13 21:30:00,4136001,0.0,24.742705965517235,0.0,0.0,0.0,0.0,111376.94107142858
2020-06-13 21:45:00,4136001,0.0,24.633418833333337,0.0,0.0,0.0,0.0,111376.94107142858
2020-06-13 22:00:00,4136001,0.0,24.702783033333336,0.0,0.0,0.0,0.0,111376.94107142858
2020-06-13 22:15:00,4136001,0.0,24.616666586206897,0.0,0.0,0.0,0.0,111376.94107142858
2020-06-13 22:30:00,4136001,0.0,24.5029664,0.0,0.0,0.0,0.0,111376.94107142858
2020-06-13 22:45:00,4136001,0.0,24.393407482758622,0.0,0.0,0.0,0.0,111376.94107142858
2020-06-13 23:00:00,4136001,0.0,24.2540863,0.0,0.0,0.0,0.0,111376.94107142858
2020-06-13 23:15:00,4136001,0.0,24.0774854,0.0,0.0,0.0,0.0,111376.94107142858
2020-06-13 23:30:00,4136001,0.0,23.966242310344825,0.0,0.0,0.0,0.0,111376.94107142858
2020-06-13 23:45:00,4136001,0.0,23.834090966666675,0.0,0.0,0.0,0.0,111376.94107142858
2020-06-14 00:00:00,4136001,0.0,23.775725931034483,0.0,0.0,0.0,0.0,0.0
2020-06-14 00:15:00,4136001,0.0,23.7299946,0.0,0.0,0.0,0.0,0.0
2020-06-14 00:30:00,4136001,0.0,23.6519716,0.0,0.0,0.0,0.0,0.0
2020-06-14 00:45:00,4136001,7.810113413793104e-05,23.77284196551724,0.0,0.0,0.0,0.0,0.0
2020-06-14 01:00:00,4136001,0.0001062090888666,24.106607299999993,0.0,0.0,0.0,0.0,0.0
2020-06-14 01:15:00,4136001,0.0,24.12137689655172,0.0,0.0,0.0,0.0,0.0
2020-06-14 01:30:00,4136001,0.0,24.116438966666667,0.0,0.0,0.0,0.0,0.0
2020-06-14 01:45:00,4136001,0.0,24.412602766666673,0.0,0.0,0.0,0.0,0.0
2020-06-14 02:00:00,4136001,0.0,24.50337486206896,0.0,0.0,0.0,0.0,0.0
2020-06-14 02:15:00,4136001,0.0,24.208179866666665,0.0,0.0,0.0,0.0,0.0
2020-06-14 02:30:00,4136001,0.0,24.03689703448276,0.0,0.0,0.0,0.0,0.0
2020-06-14 02:45:00,4136001,0.0,23.97870283333333,0.0,0.0,0.0,0.0,0.0
2020-06-14 03:00:00,4136001,1.3237111379310342e-06,24.195368310344826,0.0,0.0,0.0,0.0,0.0
2020-06-14 03:15:00,4136001,0.0,24.0475444,0.0,0.0,0.0,0.0,0.0
2020-06-14 03:30:00,4136001,0.0,23.953640766666663,0.0,0.0,0.0,0.0,0.0
2020-06-14 03:45:00,4136001,0.0,23.967751310344827,0.0,0.0,0.0,0.0,0.0
2020-06-14 04:00:00,4136001,0.0,24.026833333333332,0.0,0.0,0.0,0.0,0.0
2020-06-14 04:15:00,4136001,0.0,24.118332551724137,0.0,0.0,0.0,0.0,0.0
2020-06-14 04:30:00,4136001,0.0,24.161245966666662,0.0,0.0,0.0,0.0,0.0
2020-06-14 04:45:00,4136001,0.0,24.015047433333333,0.0,0.0,0.0,0.0,0.0
2020-06-14 05:00:00,4136001,0.0,23.961647862068972,0.0,0.0,0.0,0.0,0.0
2020-06-14 05:15:00,4136001,0.0,23.917826,0.0,0.0,0.0,0.0,0.0
2020-06-14 05:30:00,4136001,0.0,24.095431655172415,0.0,0.0,0.0,0.0,0.0
2020-06-14 05:45:00,4136001,0.0009635307772,24.128701766666666,0.0,0.0,0.0,0.0,0.0
2020-06-14 06:00:00,4136001,0.0127208571724137,24.222949862068965,0.011502204131659673,0.011386519436549664,0.011108277109474733,24079.314755123814,73.95476190476191
2020-06-14 06:15:00,4136001,0.0344617859666666,24.349084633333337,0.03877007221792751,0.03843504770755887,0.03749584436495888,29959.755065083602,323.58809523809526
2020-06-14 06:30:00,4136001,0.0679793497931034,24.570349310344827,0.079569306694163,0.07922835976144581,0.07729232625153995,31170.8034694372,838.1715476190477
2020-06-14 06:45:00,4136001,0.1124631353999999,24.901077066666662,0.1333194776402516,0.13362860103351148,0.13036323683486237,31569.146862814934,1706.0813095238095
2020-06-14 07:00:00,4136001,0.1760263989655172,25.54066827586208,0.19144953413972202,0.19246744402515384,0.18776428694452532,28963.826591924142,2956.1458333333335
2020-06-14 07:15:00,4136001,0.230661987,25.920732666666662,0.24385792134133885,0.24540205720947939,0.2394053837002976,28154.0104828803,4550.0175
2020-06-14 07:30:00,4136001,0.2933428420689654,26.400092827586203,0.30421973624806664,0.306181989983888,0.29870009089468175,27617.94239513447,6538.65119047619
2020-06-14 07:45:00,4136001,0.374707374,26.507664999999996,0.3783482187560618,0.38029506742217295,0.3710021324630484,26889.26202425032,9008.64488095238
2020-06-14 08:00:00,4136001,0.3206890286206896,27.246093724137925,0.38078198322639784,0.38274105573428335,0.37338835031731593,31620.71738616044,11494.52511904762
2020-06-14 08:15:00,4136001,0.252571925,26.843411166666662,0.29500089621526787,0.29678958695630775,0.28953720173126185,31104.10364625179,13422.155714285715
2020-06-14 08:30:00,4136001,0.4067320644444445,27.329228,0.4298230901101894,0.44219202358202025,0.43138656732815406,28142.375945455195,16294.166428571429
2020-06-14 08:45:00,4136001,0.3368159026666667,27.568192566666667,0.3608920481887725,0.36297614606476536,0.35410641830321915,28534.098358026342,18651.67476190476
2020-06-14 09:00:00,4136001,0.6121185824137931,28.24413975862069,0.5750355696610318,0.5768025978171248,0.5627077817520557,25017.192765235523,22397.973095238096
2020-06-14 09:15:00,4136001,0.464049278,28.443925033333336,0.41456733187344896,0.4162596938785516,0.40608792308084046,23790.874414932492,25101.55488095238
2020-06-14 09:30:00,4136001,0.437681084137931,28.624261172413796,0.4372469783311885,0.4389356425204038,0.4282097595768434,26604.09369612839,27952.415595238097
2020-06-14 09:45:00,4136001,0.3940888086666666,28.734169533333336,0.40714483840087157,0.40890677224433514,0.39891467830377986,27512.766399068838,30608.240595238094
2020-06-14 10:00:00,4136001,0.4686161110344827,28.86396534482758,0.4691284775012059,0.4706076966837389,0.4591078717026001,26659.623417641636,33664.8094047619
2020-06-14 10:15:00,4136001,0.7643584866666667,30.014205866666664,0.5423125007510183,0.5429816914071406,0.5297133269856783,18894.349861473813,37191.442976190476
2020-06-14 10:30:00,4136001,0.8473476258620689,30.63661986206896,0.5586182542098513,0.5588663827447948,0.5452098581390651,17556.297662039713,40821.246666666666
2020-06-14 10:45:00,4136001,0.5323032116666666,30.43290503333333,0.3848442595302087,0.38563829275378964,0.3762147901125354,19253.307878715917,43325.944285714286
2020-06-14 11:00:00,4136001,0.7720220348275862,31.127603482758623,0.5730873564553534,0.5734025151483764,0.5593907839029724,19768.35631391661,47050.15928571428
2020-06-14 11:15:00,4136001,0.782660194,31.796561733333338,0.5143533381264995,0.514946717588602,0.5023634190819894,17501.19669430895,50394.70738095238
2020-06-14 11:30:00,4136001,0.754396708275862,31.37812434482759,0.49428126325011,0.49499803849139196,0.48290220825153196,17448.3270297849,53609.69
2020-06-14 11:45:00,4136001,0.5332220434482758,31.610847068965523,0.44069139896556875,0.44167794208007743,0.4308850479822067,22009.28371640669,56478.36178571428
2020-06-14 12:00:00,4136001,0.5855762653333334,30.9920359,0.4571449599943237,0.4583782500139257,0.44717726522879314,20789.780299295388,59455.50107142857
2020-06-14 12:15:00,4136001,0.8787766163333333,32.03907856666667,0.628407745903445,0.6285868099850696,0.6132265888258764,19043.311298486915,63538.13476190476
2020-06-14 12:30:00,4136001,0.9213555827586208,31.55893686206896,0.6490265800425377,0.6489660990129367,0.6331078871521211,18759.214129811975,67753.13071428571
2020-06-14 12:45:00,4136001,0.8849503783333332,32.10389506666667,0.5865588917143074,0.5867949000666215,0.5724559109295062,17651.114524194003,71564.32845238096
2020-06-14 13:00:00,4136001,0.9029522003448276,32.30668179310345,0.530938792288057,0.5308548520838484,0.5178828205332144,15658.823404184024,75012.19892857142
2020-06-14 13:15:00,4136001,0.8873814986666667,32.70611060000002,0.5621887028811067,0.5620654664564249,0.5483307686651671,16871.40200972772,78662.78047619047
2020-06-14 13:30:00,4136001,0.8256354096551723,32.6373982413793,0.502879654811925,0.5030164415350653,0.49072467265612163,16220.16188185674,81929.84214285715
2020-06-14 13:45:00,4136001,0.757183638,32.64825039999999,0.4960487313654458,0.49631589587036956,0.4841878623127246,17446.268493745567,85153.38416666667
2020-06-14 14:00:00,4136001,0.7570201910344828,32.95608731034483,0.5354956678398766,0.5356937837525795,0.5226035074990258,18837.70224529107,88632.68321428572
2020-06-14 14:15:00,4136001,0.453138228,32.49408363333333,0.34785994808960946,0.3489788397000691,0.340451151761789,20443.401360228356,90899.27988095238
2020-06-14 14:30:00,4136001,0.3450704103448276,31.499514862068967,0.41259716032082355,0.41457532408424086,0.40444471274476756,31841.82444849875,93591.92178571428
2020-06-14 14:45:00,4136001,0.6560674536666667,32.334951633333326,0.6961747629785989,0.6970793033265438,0.6800453915509431,28258.50690055137,98119.41011904762
2020-06-14 15:00:00,4136001,0.3693632165517241,31.692615310344824,0.4308344436484444,0.4324401832437438,0.42187302410640254,31062.48540642878,100928.08321428571
2020-06-14 15:15:00,4136001,0.1843229213333333,30.196788566666665,0.2371294940224659,0.23856922908321837,0.23273952336511164,34259.86592306996,102477.57607142857
2020-06-14 15:30:00,4136001,0.4304188627586207,30.659953103448274,0.5465681464065272,0.5485349520341815,0.5351308874834275,33816.795512582685,106040.27773809523
2020-06-14 15:45:00,4136001,0.5305140446666666,31.989416533333337,0.64910974638753,0.6510489291691661,0.6351398210258824,32583.72064293354,110268.80154761905
2020-06-14 16:00:00,4136001,0.3272701637931034,31.394239862068964,0.37844917708412606,0.3806306583309714,0.37132952283296145,30795.026398143396,112740.97488095237
2020-06-14 16:15:00,4136001,0.2067178053333333,30.74876806666666,0.25219517308327233,0.253811387278269,0.24760922239127686,32489.1473536376,114389.46464285714
2020-06-14 16:30:00,4136001,0.3138297106896551,30.88903913793104,0.3997705531557935,0.4018872786630956,0.39206671389260983,33923.15009804874,116999.69845238095
2020-06-14 16:45:00,4136001,0.1753590813333333,29.79161579999999,0.22110633805154073,0.2221166414580933,0.2166889731046728,33577.80939973795,118442.33273809524
2020-06-14 17:00:00,4136001,0.1725242038,27.717684933333334,0.22048866119601035,0.22181741585395678,0.21639705941256343,34034.20872303578,119883.02357142858
2020-06-14 17:15:00,4136001,0.1436007848965517,26.899515137931033,0.18149680609763982,0.1824029060570722,0.17794568720899825,33658.25547711173,121067.71952380953
2020-06-14 17:30:00,4136001,0.1087214031999999,26.523709166666663,0.13832730396703644,0.13878849684031508,0.13539704482134918,33882.2539265773,121969.1425
2020-06-14 17:45:00,4136001,0.1048194387241379,26.32929734482758,0.12568768249746656,0.12579843976346644,0.12272441430579867,31932.308619545085,122786.19583333333
2020-06-14 18:00:00,4136001,0.0686907110666666,26.29677636666667,0.08424750747728205,0.08391365534969465,0.0818631314061868,32661.676880100516,123331.21
2020-06-14 18:15:00,4136001,0.0407503786551724,26.174056413793103,0.04929509414766423,0.04892757451831047,0.04773197455749997,32214.506383898522,123648.99166666667
2020-06-14 18:30:00,4136001,0.01679531105,26.235976966666662,0.018566193615685726,0.018381103517267294,0.017931940711604935,29438.403455894488,123768.37583333334
2020-06-14 18:45:00,4136001,0.0016383259080689,26.370777137931036,0.0,0.0,0.0,0.0,123768.37583333334
2020-06-14 19:00:00,4136001,0.0,26.391504066666663,0.0,0.0,0.0,0.0,123768.37583333334
2020-06-14 19:15:00,4136001,0.0,26.318566620689648,0.0,0.0,0.0,0.0,123768.37583333334
2020-06-14 19:30:00,4136001,0.0,26.152496199999995,0.0,0.0,0.0,0.0,123768.37583333334
2020-06-14 19:45:00,4136001,0.0,26.056760766666667,0.0,0.0,0.0,0.0,123768.37583333334
2020-06-14 20:00:00,4136001,0.0,26.086180827586208,0.0,0.0,0.0,0.0,123768.37583333334
2020-06-14 20:15:00,4136001,0.0,26.057802466666672,0.0,0.0,0.0,0.0,123768.37583333334
2020-06-14 20:30:00,4136001,0.0,25.538560655172414,0.0,0.0,0.0,0.0,123768.37583333334
2020-06-14 20:45:00,4136001,0.0,24.681337433333336,0.0,0.0,0.0,0.0,123768.37583333334
2020-06-14 21:00:00,4136001,0.0,24.35666331034483,0.0,0.0,0.0,0.0,123768.37583333334
2020-06-14 21:15:00,4136001,0.0,24.305560333333332,0.0,0.0,0.0,0.0,123768.37583333334
2020-06-14 21:30:00,4136001,0.0,24.492610689655173,0.0,0.0,0.0,0.0,123768.37583333334
2020-06-14 21:45:00,4136001,0.0,24.1292797,0.0,0.0,0.0,0.0,123768.37583333334
2020-06-14 22:00:00,4136001,0.0,24.051431433333335,0.0,0.0,0.0,0.0,123768.37583333334
2020-06-14 22:15:00,4136001,0.0,24.156552827586204,0.0,0.0,0.0,0.0,123768.37583333334
2020-06-14 22:30:00,4136001,0.0,24.13806056666667,0.0,0.0,0.0,0.0,123768.37583333334
2020-06-14 22:45:00,4136001,0.0,24.185657379310346,0.0,0.0,0.0,0.0,123768.37583333334
2020-06-14 23:00:00,4136001,0.0,24.412541766666664,0.0,0.0,0.0,0.0,123768.37583333334
2020-06-14 23:15:00,4136001,0.0,24.652915366666672,0.0,0.0,0.0,0.0,123768.37583333334
2020-06-14 23:30:00,4136001,0.0,24.70239134482759,0.0,0.0,0.0,0.0,123768.37583333334
2020-06-14 23:45:00,4136001,0.0,24.534756499999997,0.0,0.0,0.0,0.0,123768.37583333334
2020-06-15 00:00:00,4136001,0.0,24.48687631034483,0.0,0.0,0.0,0.0,0.0
2020-06-15 00:15:00,4136001,0.0,24.509378333333338,0.0,0.0,0.0,0.0,0.0
2020-06-15 00:30:00,4136001,0.0,24.605338241379307,0.0,0.0,0.0,0.0,0.0
2020-06-15 00:45:00,4136001,0.0,24.679791366666663,0.0,0.0,0.0,0.0,0.0
2020-06-15 01:00:00,4136001,0.0,24.6363729,0.0,0.0,0.0,0.0,0.0
2020-06-15 01:15:00,4136001,0.0,24.557383482758624,0.0,0.0,0.0,0.0,0.0
2020-06-15 01:30:00,4136001,0.0,24.537739166666665,0.0,0.0,0.0,0.0,0.0
2020-06-15 01:45:00,4136001,0.0,24.493566137931037,0.0,0.0,0.0,0.0,0.0
2020-06-15 02:00:00,4136001,0.0,24.576141533333335,0.0,0.0,0.0,0.0,0.0
2020-06-15 02:15:00,4136001,0.0,24.5805764,0.0,0.0,0.0,0.0,0.0
2020-06-15 02:30:00,4136001,0.0,24.59707010344828,0.0,0.0,0.0,0.0,0.0
2020-06-15 02:45:00,4136001,0.0,24.228669233333335,0.0,0.0,0.0,0.0,0.0
2020-06-15 03:00:00,4136001,0.0,24.000265344827582,0.0,0.0,0.0,0.0,0.0
2020-06-15 03:15:00,4136001,0.0,24.157296699999996,0.0,0.0,0.0,0.0,0.0
2020-06-15 03:30:00,4136001,0.0,24.214068633333337,0.0,0.0,0.0,0.0,0.0
2020-06-15 03:45:00,4136001,0.0,24.406245896551727,0.0,0.0,0.0,0.0,0.0
2020-06-15 04:00:00,4136001,0.0,24.413990366666667,0.0,0.0,0.0,0.0,0.0
2020-06-15 04:15:00,4136001,0.0,24.43243089655173,0.0,0.0,0.0,0.0,0.0
2020-06-15 04:30:00,4136001,0.0,24.462655733333335,0.0,0.0,0.0,0.0,0.0
2020-06-15 04:45:00,4136001,0.0,24.452216700000005,0.0,0.0,0.0,0.0,0.0
2020-06-15 05:00:00,4136001,3.971212344827586e-06,24.497161724137932,0.0,0.0,0.0,0.0,0.0
2020-06-15 05:15:00,4136001,0.0,24.4542309,0.0,0.0,0.0,0.0,0.0
2020-06-15 05:30:00,4136001,0.0,24.554839103448273,0.0,0.0,0.0,0.0,0.0
2020-06-15 05:45:00,4136001,0.0005463807966333,24.396636066666662,0.0,0.0,0.0,0.0,0.0
2020-06-15 06:00:00,4136001,0.0104016718137931,24.372878655172418,0.009115735937931834,0.009019237081202607,0.008798841943961726,23338.235527173627,58.57940476190476
2020-06-15 06:15:00,4136001,0.0243275859,24.396148733333337,0.02698859653690404,0.026739789767114865,0.026086373121953364,29543.41638970433,232.2527380952381
2020-06-15 06:30:00,4136001,0.0618407700333333,24.604524833333336,0.07111346557360351,0.07076143907408362,0.06903230423311152,30623.609926377583,691.8440476190476
2020-06-15 06:45:00,4136001,0.0866776889655172,24.861909793103457,0.10169407573812946,0.10139812682389003,0.0989203502806949,31244.081311191225,1350.4188095238096
2020-06-15 07:00:00,4136001,0.1527795496666666,25.043574033333336,0.1660398643417617,0.1667837144361663,0.16270816799008025,28941.869012790037,2433.669047619048
2020-06-15 07:15:00,4136001,0.1787859391034483,25.558769344827592,0.19479793170968407,0.19579578586605612,0.19101129703306252,29015.523508512673,3705.3509523809525
2020-06-15 07:30:00,4136001,0.16240019,25.937238599999993,0.1818231057027615,0.18276696234799775,0.17830084737761548,29815.4911553455,4892.411428571429
2020-06-15 07:45:00,4136001,0.3367862144827585,26.61436096551725,0.35586008198545793,0.3578241135219235,0.34908028143305175,28138.723849694386,7216.457619047619
2020-06-15 08:00:00,4136001,0.3844586831034483,27.25152482758621,0.4084106798819199,0.41045570693978134,0.4004257630489801,28289.602527735922,9882.342857142858
2020-06-15 08:15:00,4136001,0.4489276293333333,27.623727433333336,0.4739118745018244,0.47605340105687033,0.46442050420370024,28112.57875144609,12974.281190476191
2020-06-15 08:30:00,4136001,0.5609170755172412,28.461725758620688,0.5346022778315968,0.53652369719234,0.5234131410764424,25381.16621014138,16458.970476190476
2020-06-15 08:45:00,4136001,0.6170584573333334,29.14302253333333,0.5701798424377741,0.5719326346661394,0.5579568215929371,24607.357560348028,20173.63869047619
2020-06-15 09:00:00,4136001,0.5270469972413792,29.2166411724138,0.404678154291505,0.40593717120123746,0.3960176427807535,20447.482562506073,22810.17630952381
2020-06-15 09:15:00,4136001,0.6046747926666667,29.338220233333335,0.39864806677855175,0.3996893405868675,0.3899224848895102,17556.87541261918,25406.134642857145
2020-06-15 09:30:00,4136001,0.3435623724137931,29.227540068965514,0.2662401645202323,0.26768717047264834,0.2611459353168611,20637.040157735933,27144.746785714287
2020-06-15 09:45:00,4136001,0.5824216149999998,28.864061433333333,0.3941989087202246,0.39531010742666584,0.38565026318545087,18024.256648968414,29712.26226190476
2020-06-15 10:00:00,4136001,0.8296770282758622,29.990695344827586,0.5222615974404149,0.5223886645679512,0.509623513770387,16763.259049467866,33105.14535714286
2020-06-15 10:15:00,4136001,0.7662448646666666,30.60324923333333,0.47126854014043035,0.4715719637944534,0.46004857586887815,16378.732933446252,36167.97702380952
2020-06-15 10:30:00,4136001,0.6442910979310345,30.502932862068963,0.4147358103302363,0.4153264215915184,0.40517745634508967,17142.289870792207,38865.49726190476
2020-06-15 10:45:00,4136001,0.4127263533333333,30.405563433333327,0.2963105471018701,0.29757035957862954,0.29029889530202957,19118.96329437198,40798.19892857143
2020-06-15 11:00:00,4136001,0.3835087662068965,30.272137827586207,0.28651900190944635,0.287919568597511,0.28088393218346935,19895.623940861515,42668.21928571429
2020-06-15 11:15:00,4136001,0.663463731,30.40659286666667,0.4527150065488802,0.4534097852766229,0.4423302104796961,18171.347485458853,45613.08869047619
2020-06-15 11:30:00,4136001,0.574528772413793,31.06111406896552,0.3356213704354533,0.3364002567786422,0.32817994057084265,15556.691974374946,47797.98821428572
2020-06-15 11:45:00,4136001,0.379187229,29.331761599999997,0.27673450198469124,0.27773876796437347,0.27095191079103265,19435.200967699257,49601.88488095238
2020-06-15 12:00:00,4136001,0.5748088220689656,29.90018862068966,0.37140662738673647,0.37221744245341754,0.3631218932872976,17207.019598387404,52019.41488095238
2020-06-15 12:15:00,4136001,0.8202640759999998,31.54353016666667,0.4775835676033845,0.477815377050747,0.46613942434512623,15505.119330561032,55122.79714285714
2020-06-15 12:30:00,4136001,0.5533222127586204,31.61373382758621,0.3636125586295016,0.36452093834143456,0.35561346185427445,17500.086646423555,57490.33880952381
2020-06-15 12:45:00,4136001,0.383334039,30.809874533333335,0.286017518326279,0.2872696120938247,0.28024985809328884,19869.854105420127,59356.13773809524
2020-06-15 13:00:00,4136001,0.4251167727586207,31.107020827586208,0.340742797233048,0.3422125468842531,0.33385020087238293,21345.08425638053,61578.78773809524
2020-06-15 13:15:00,4136001,0.1204129034666666,28.890861033333337,0.1539057497681141,0.15445844225588282,0.1506840776092381,34037.78147723753,62581.986071428575
2020-06-15 13:30:00,4136001,0.2385233431034482,26.23989765517242,0.33336202104339197,0.3354736930105133,0.32727601842383985,37218.99671664121,64760.86761904762
2020-06-15 13:45:00,4136001,0.3926790326666667,27.207795233333332,0.5167623547530451,0.5189270504840059,0.5062464880949997,35045.526214828926,68131.26773809524
2020-06-15 14:00:00,4136001,0.7042872753333334,28.538208066666662,0.5446048770704504,0.5452991914200169,0.5319741962958915,20592.59668245406,71672.95333333334
2020-06-15 14:15:00,4136001,0.3452762671034482,29.08548496551724,0.2537503354548768,0.2547578016638116,0.24853251008367344,19571.28434192491,73327.59
2020-06-15 14:30:00,4136001,0.413640262,28.05032753333333,0.45069365845801185,0.4525576017536141,0.4414988510134027,29016.035378563985,76266.92452380952
2020-06-15 14:45:00,4136001,0.3614792344827586,28.738911517241377,0.4002291750470781,0.4020575027479725,0.39223277836174425,29485.25032022021,78878.26392857142
2020-06-15 15:00:00,4136001,0.2982641333333332,28.618339066666675,0.3483116320015655,0.35041657061356757,0.34185375011372565,31098.996498277953,81154.19857142857
2020-06-15 15:15:00,4136001,0.4199067613793104,27.74422262068965,0.5303786935083973,0.5325825339824516,0.5195682845939094,33636.641827195075,84613.29023809524
2020-06-15 15:30:00,4136001,0.340420977,28.952817799999995,0.4165739456989392,0.4187442836682922,0.40851179914249436,32587.813288883302,87333.00928571429
2020-06-15 15:45:00,4136001,0.1223398807241379,28.225434413793103,0.1532670980420879,0.15380758761715185,0.15004912733094647,33362.63246319458,88331.98035714286
2020-06-15 16:00:00,4136001,0.195051521,26.919395,0.25103615502621557,0.2528057876262175,0.24662819569049915,34274.12391211243,89973.93880952381
2020-06-15 16:15:00,4136001,0.2541694768965517,27.726644620689655,0.3167660347431116,0.3190704294956933,0.3112735869839502,33189.03631938995,92046.28214285715
2020-06-15 16:30:00,4136001,0.2461391513333333,27.96693423333333,0.30615841867286325,0.30809177334510046,0.3005632065652453,33124.16478791877,94047.31976190476
2020-06-15 16:45:00,4136001,0.2661915168965516,28.24675455172414,0.330336167986647,0.3326505612968278,0.3245218730884794,33047.70800501601,96207.86523809524
2020-06-15 17:00:00,4136001,0.1638262393333333,28.152196400000005,0.20044764629408907,0.20151884900438155,0.1965945107279757,32583.43964113854,97516.7180952381
2020-06-15 17:15:00,4136001,0.0614014910344827,27.328246000000004,0.07656483977988437,0.07622008392357149,0.07435756099556713,33207.01894755957,98011.76297619048
2020-06-15 17:30:00,4136001,0.1046070664,26.5507874,0.1306944717036301,0.1310923043262047,0.12788891737195637,33271.748456182686,98863.19964285714
2020-06-15 17:45:00,4136001,0.0853782175172413,26.566401000000003,0.10391540929500402,0.10366395657777334,0.10113081195243606,32412.48272067951,99536.49083333333
2020-06-15 18:00:00,4136001,0.0637848718965517,26.52256586206896,0.07716197091827948,0.07681910333972983,0.07494194270287653,32215.513175052245,100035.42630952381
2020-06-15 18:15:00,4136001,0.0432422757931034,26.360552689655165,0.05154646843977576,0.05116466395076739,0.049914398209686614,31744.595913416317,100367.73773809524
2020-06-15 18:30:00,4136001,0.0235382528333333,26.2162729,0.02749828767809149,0.027234533871669367,0.02656902760142753,31110.77693482451,100544.62440476191
2020-06-15 18:45:00,4136001,0.0063746502151724,26.02580099999999,0.005589096672230401,0.005528406114378744,0.005393313332879384,23348.806784130484,100580.53107142857
2020-06-15 19:00:00,4136001,2.0468108333333333e-05,25.977797366666664,0.0,0.0,0.0,0.0,100580.53107142857
2020-06-15 19:15:00,4136001,0.0,25.694723466666673,0.0,0.0,0.0,0.0,100580.53107142857
2020-06-15 19:30:00,4136001,0.0,25.57116468965517,0.0,0.0,0.0,0.0,100580.53107142857
2020-06-15 19:45:00,4136001,0.0,25.54436513333333,0.0,0.0,0.0,0.0,100580.53107142857
2020-06-15 20:00:00,4136001,0.0,25.423041931034483,0.0,0.0,0.0,0.0,100580.53107142857
2020-06-15 20:15:00,4136001,0.0,25.380932366666663,0.0,0.0,0.0,0.0,100580.53107142857
2020-06-15 20:30:00,4136001,0.0,25.353494,0.0,0.0,0.0,0.0,100580.53107142857
2020-06-15 20:45:00,4136001,0.0,25.238386413793105,0.0,0.0,0.0,0.0,100580.53107142857
2020-06-15 21:00:00,4136001,0.0,25.02231336666667,0.0,0.0,0.0,0.0,100580.53107142857
2020-06-15 21:15:00,4136001,0.0,24.862420310344827,0.0,0.0,0.0,0.0,100580.53107142857
2020-06-15 21:30:00,4136001,0.0,24.782799233333332,0.0,0.0,0.0,0.0,100580.53107142857
2020-06-15 21:45:00,4136001,0.0,24.824028206896553,0.0,0.0,0.0,0.0,100580.53107142857
2020-06-15 22:00:00,4136001,0.0,24.74029433333333,0.0,0.0,0.0,0.0,100580.53107142857
2020-06-15 22:15:00,4136001,0.0,24.60149133333333,0.0,0.0,0.0,0.0,100580.53107142857
2020-06-15 22:30:00,4136001,0.0,24.58470113793104,0.0,0.0,0.0,0.0,100580.53107142857
2020-06-15 22:45:00,4136001,0.0,24.6104572,0.0,0.0,0.0,0.0,100580.53107142857
2020-06-15 23:00:00,4136001,0.0,24.623876896551728,0.0,0.0,0.0,0.0,100580.53107142857
2020-06-15 23:15:00,4136001,0.0,24.478887900000004,0.0,0.0,0.0,0.0,100580.53107142857
2020-06-15 23:30:00,4136001,0.0,24.12724413333333,0.0,0.0,0.0,0.0,100580.53107142857
2020-06-15 23:45:00,4136001,0.0,24.21627196551724,0.0,0.0,0.0,0.0,100580.53107142857
2020-06-16 00:00:00,4136001,0.0,24.232802466666666,0.0,0.0,0.0,0.0,0.0
2020-06-16 00:15:00,4136001,0.0,24.267906448275863,0.0,0.0,0.0,0.0,0.0
2020-06-16 00:30:00,4136001,0.0,24.174091666666666,0.0,0.0,0.0,0.0,0.0
2020-06-16 00:45:00,4136001,0.0,24.00077893103448,0.0,0.0,0.0,0.0,0.0
2020-06-16 01:00:00,4136001,0.0,23.92812166666667,0.0,0.0,0.0,0.0,0.0
2020-06-16 01:15:00,4136001,0.0,23.88256216666667,0.0,0.0,0.0,0.0,0.0
2020-06-16 01:30:00,4136001,0.0,23.93120275862069,0.0,0.0,0.0,0.0,0.0
2020-06-16 01:45:00,4136001,0.0,24.0918224,0.0,0.0,0.0,0.0,0.0
2020-06-16 02:00:00,4136001,0.0,24.087300344827582,0.0,0.0,0.0,0.0,0.0
2020-06-16 02:15:00,4136001,0.0,23.955603033333333,0.0,0.0,0.0,0.0,0.0
2020-06-16 02:30:00,4136001,0.0,23.93550603333333,0.0,0.0,0.0,0.0,0.0
2020-06-16 02:45:00,4136001,0.0,24.02117934482759,0.0,0.0,0.0,0.0,0.0
2020-06-16 03:00:00,4136001,0.0,23.7031547,0.0,0.0,0.0,0.0,0.0
2020-06-16 03:15:00,4136001,0.0,24.000390517241385,0.0,0.0,0.0,0.0,0.0
2020-06-16 03:30:00,4136001,0.0,24.0750521,0.0,0.0,0.0,0.0,0.0
2020-06-16 03:45:00,4136001,0.0,24.046031310344823,0.0,0.0,0.0,0.0,0.0
2020-06-16 04:00:00,4136001,0.0,24.0400963,0.0,0.0,0.0,0.0,0.0
2020-06-16 04:15:00,4136001,0.0,24.00280468965517,0.0,0.0,0.0,0.0,0.0
2020-06-16 04:30:00,4136001,0.0,24.007177966666664,0.0,0.0,0.0,0.0,0.0
2020-06-16 04:45:00,4136001,0.0,24.005709066666668,0.0,0.0,0.0,0.0,0.0
2020-06-16 05:00:00,4136001,0.0,24.05566962068966,0.0,0.0,0.0,0.0,0.0
2020-06-16 05:15:00,4136001,0.0,24.045504033333337,0.0,0.0,0.0,0.0,0.0
2020-06-16 05:30:00,4136001,0.0,24.07248475862069,0.0,0.0,0.0,0.0,0.0
2020-06-16 05:45:00,4136001,0.0003096604275,24.026341999999993,0.0,0.0,0.0,0.0,0.0
2020-06-16 06:00:00,4136001,0.0078786957413793,24.031269172413797,0.00621605396918221,0.006149127405899872,0.005998866605974845,21010.668783319034,39.93821428571429
2020-06-16 06:15:00,4136001,0.0272717213666666,24.226424166666675,0.02998160148017855,0.029705669965027902,0.028979778722805265,29276.67188148707,232.8747619047619
2020-06-16 06:30:00,4136001,0.0508422554827586,24.453495448275856,0.05929445685492385,0.058913993066800695,0.05747436380875323,31057.658901598224,615.5176190476191
2020-06-16 06:45:00,4136001,0.0809884197666666,24.65240663333333,0.0968768650289793,0.09656465728257292,0.09420499196911011,31854.92453653026,1242.6992857142857
2020-06-16 07:00:00,4136001,0.1142949158,24.93787219999999,0.13373883199904785,0.13413868675097027,0.13086085803778494,31160.903634375463,2113.922023809524
2020-06-16 07:15:00,4136001,0.137224215137931,25.151438862068964,0.16280199164352574,0.16357462293403965,0.15957749422502626,31594.274519637027,3176.3294047619047
2020-06-16 07:30:00,4136001,0.1741159716666666,25.37138456666667,0.20715669018617816,0.20823433303767586,0.20314589440424072,31683.983762322212,4528.798928571428
2020-06-16 07:45:00,4136001,0.1999448096551724,25.650555724137927,0.24137240812827906,0.24287468686475847,0.23693977247433232,32148.218975501874,6106.255476190476
2020-06-16 08:00:00,4136001,0.2459549753333333,25.998282933333332,0.29837209255750796,0.3005998973889876,0.2932544029704279,32305.91285755193,8058.63380952381
2020-06-16 08:15:00,4136001,0.2993449948275862,26.51300062068965,0.3666897312756097,0.3689256858686167,0.35991057445324426,32621.668984169115,10454.784047619047
2020-06-16 08:30:00,4136001,0.3334688676666667,26.845126233333332,0.4088831062063014,0.41095013944646325,0.4009081135448239,32653.016042860774,13123.880595238095
2020-06-16 08:45:00,4136001,0.3349574768965517,26.954664344827584,0.4171572366414572,0.41924421496096126,0.40899951405534474,33165.72800331759,15846.846666666666
2020-06-16 09:00:00,4136001,0.3541714110344829,27.07185513793104,0.4446234093430692,0.44673006168153206,0.4358137133953641,33431.683918479364,18748.331666666665
2020-06-16 09:15:00,4136001,0.275874822,26.75686333333333,0.3531383198474274,0.3550611201976513,0.34638480493835355,34088.83896244936,21054.43238095238
2020-06-16 09:30:00,4136001,0.3721497541379311,27.181159620689655,0.4674862506415843,0.46963296355036227,0.4581569572626195,33452.65064899533,24104.670357142855
2020-06-16 09:45:00,4136001,0.4241206086666666,27.4878663,0.5231831327565893,0.52538497138166,0.5125466024786753,32850.636399308096,27517.014285714286
2020-06-16 10:00:00,4136001,0.4501332131034482,27.865088137931036,0.5498979830936465,0.55211539488331,0.5386238382103274,32532.729153217257,31102.970714285715
2020-06-16 10:15:00,4136001,0.5222235923333332,28.31539103333333,0.6312837707931955,0.633488262850475,0.6180082692130529,32191.97085974625,35217.439047619046
2020-06-16 10:30:00,4136001,0.4539040027586206,28.50779148275862,0.5598879044269744,0.5621040862633415,0.5483684447539434,32848.57256338747,38868.271428571425
2020-06-16 10:45:00,4136001,0.4735442633333332,28.663845800000004,0.5912753407906836,0.5934720758908716,0.5789699225006251,33251.29903152927,42722.83702380952
2020-06-16 11:00:00,4136001,0.4350143279310344,28.428806758620688,0.5437848007612608,0.5459916901979576,0.5326497730923132,33289.16734945009,46269.02035714286
2020-06-16 11:15:00,4136001,0.4930474616666666,28.543545533333333,0.6133330367406774,0.6152817274590144,0.6002466308600176,33127.377775350935,50265.238333333335
2020-06-16 11:30:00,4136001,0.7684594155172412,29.67149510344827,0.8619315291535322,0.8629615101293961,0.8418740812541806,29869.72749612741,55870.121666666666
2020-06-16 11:45:00,4136001,0.6149510469999999,29.99492096666667,0.5639923092856771,0.5653253117532133,0.551510955999192,24423.734256006486,59541.875714285714
2020-06-16 12:00:00,4136001,0.5206054248275863,29.50476093103448,0.565314673840585,0.5671401310804269,0.5532814281880515,28917.51693801878,63225.41690476191
2020-06-16 12:15:00,4136001,0.3585138956666666,28.9934031,0.43095131641362827,0.43307853730899715,0.4224957792766992,32011.17737269604,66038.23607142858
2020-06-16 12:30:00,4136001,0.5022143431034481,28.962357034482757,0.6282333844693404,0.6303845647464362,0.6149804134406255,33312.81466385197,70132.54607142857
2020-06-16 12:45:00,4136001,0.5490756356666665,29.784460466666665,0.6854621116233613,0.6875708209267738,0.6707692595445137,33245.334791025256,74598.27738095238
2020-06-16 13:00:00,4136001,0.5731489579310346,29.940903275862063,0.7212753887128088,0.7233406253956263,0.7056649888677619,33512.97909876037,79296.33142857143
2020-06-16 13:15:00,4136001,0.5665455406666667,30.244002366666663,0.7056507731626943,0.7077544998077899,0.6904597276764436,33169.15635225872,83893.15452380953
2020-06-16 13:30:00,4136001,0.3407377748275862,29.720905172413794,0.42483868840433336,0.42704897183974555,0.416613552977838,33203.4495721358,86666.81202380953
2020-06-16 13:45:00,4136001,0.407790492413793,29.208245689655175,0.526249344110614,0.5283895263743497,0.5154777378124737,34366.388935929615,90098.67035714285
2020-06-16 14:00:00,4136001,0.4503316196666666,29.726076100000007,0.5638047513857362,0.5659797039442627,0.5521493573857579,33340.77718457741,93774.67464285714
2020-06-16 14:15:00,4136001,0.492802766,30.42987363333333,0.1863323631129526,0.18708558055733387,0.18251393532487195,10069.191125634303,94989.78428571428
2020-06-16 14:30:00,4136001,0.5629444603448277,30.833512862068968,0.0,0.0,0.0,0.0,94989.78428571428
2020-06-16 14:45:00,4136001,0.4470176755172414,30.503409551724143,0.44710695560322644,0.4489249021083207,0.43795492044355,26635.825413676557,97905.52464285714
2020-06-16 15:00:00,4136001,0.3539153346666665,30.029818700000003,0.4390695032464021,0.4412172537900703,0.43043561712539347,33037.96752504662,100771.20428571428
2020-06-16 15:15:00,4136001,0.3624977403448275,29.81993893103449,0.4589310068738924,0.4610858705633068,0.44981872204423484,33714.87288850248,103765.9294047619
2020-06-16 15:30:00,4136001,0.4094117217241379,29.93420393103448,0.532072883687423,0.5341842386940882,0.5211308498609829,34609.09818732013,107235.42404761905
2020-06-16 15:45:00,4136001,0.3314528773333334,30.168884233333344,0.401728619007374,0.4038093609756327,0.3939418279758781,32276.795280035338,109858.14166666666
2020-06-16 16:00:00,4136001,0.1742421517241379,29.617591655172415,0.22086951692208923,0.22219718034351904,0.2167675439324295,33756.855529248634,111301.29904761905
2020-06-16 16:15:00,4136001,0.2446072813333333,29.74619146666667,0.304189141189739,0.30622823477404026,0.29874520564170726,33117.21101769609,113290.2330952381
2020-06-16 16:30:00,4136001,0.1390864883103448,29.3732635862069,0.1730586317904221,0.1738159468716096,0.16956855996731568,33135.05936921604,114419.15726190477
2020-06-16 16:45:00,4136001,0.1172127412666666,29.002871666666667,0.14749232101586893,0.14798288858449646,0.14436676132836124,33509.968247899335,115380.29726190477
2020-06-16 17:00:00,4136001,0.0852988124482758,28.91297537931034,0.10423033633607172,0.1042747617252309,0.10172669139352962,32540.976679479838,116057.5555952381
2020-06-16 17:15:00,4136001,0.0333181408999999,28.431250033333335,0.04325025448794279,0.04293437435372081,0.04188522493644239,34569.041349969026,116336.41178571428
2020-06-16 17:30:00,4136001,0.0679997884482758,28.31801113793103,0.08430860818698727,0.08397153923685317,0.0819196008358763,33017.46966593513,116881.8019047619
2020-06-16 17:45:00,4136001,0.0553903700666666,28.160633266666668,0.06776304740656902,0.06740826104980585,0.0657610648610945,32579.025623810652,117319.61452380952
2020-06-16 18:00:00,4136001,0.0270350241724137,27.803931862068968,0.03135964868361498,0.031085480332794593,0.03032587188227236,30890.423030784114,117521.51285714285
2020-06-16 18:15:00,4136001,0.0170127839333333,27.56502383333333,0.01923458209331854,0.01903974810281344,0.018574490580655943,30108.339039271308,117645.17488095239
2020-06-16 18:30:00,4136001,0.0096089534517241,27.35852893103448,0.009723256163929717,0.009612391125641266,0.009377501606464079,26947.28821365851,117707.60678571428
2020-06-16 18:45:00,4136001,0.0018699148013793,27.16739082758621,0.0,0.0,0.0,0.0,117707.60678571428
2020-06-16 19:00:00,4136001,0.0,26.27286776666667,0.0,0.0,0.0,0.0,117707.60678571428
2020-06-16 19:15:00,4136001,0.0,26.031714172413793,0.0,0.0,0.0,0.0,117707.60678571428
2020-06-16 19:30:00,4136001,0.0,25.9472687,0.0,0.0,0.0,0.0,117707.60678571428
2020-06-16 19:45:00,4136001,0.0,25.383153166666663,0.0,0.0,0.0,0.0,117707.60678571428
2020-06-16 20:00:00,4136001,0.0,25.054365448275863,0.0,0.0,0.0,0.0,117707.60678571428
2020-06-16 20:15:00,4136001,0.0,24.9061888,0.0,0.0,0.0,0.0,117707.60678571428
2020-06-16 20:30:00,4136001,0.0,24.601790758620695,0.0,0.0,0.0,0.0,117707.60678571428
2020-06-16 20:45:00,4136001,0.0,24.54720793333333,0.0,0.0,0.0,0.0,117707.60678571428
2020-06-16 21:00:00,4136001,0.0,24.532666448275865,0.0,0.0,0.0,0.0,117707.60678571428
2020-06-16 21:15:00,4136001,0.0,24.66087333333333,0.0,0.0,0.0,0.0,117707.60678571428
2020-06-16 21:30:00,4136001,0.0,24.715810724137928,0.0,0.0,0.0,0.0,117707.60678571428
2020-06-16 21:45:00,4136001,0.0,24.529312,0.0,0.0,0.0,0.0,117707.60678571428
2020-06-16 22:00:00,4136001,0.0,24.226574833333338,0.0,0.0,0.0,0.0,117707.60678571428
2020-06-16 22:15:00,4136001,0.0,24.013480620689656,0.0,0.0,0.0,0.0,117707.60678571428
2020-06-16 22:30:00,4136001,0.0,23.9964591,0.0,0.0,0.0,0.0,117707.60678571428
2020-06-16 22:45:00,4136001,0.0,23.6294304137931,0.0,0.0,0.0,0.0,117707.60678571428
2020-06-16 23:00:00,4136001,0.0,23.707056833333336,0.0,0.0,0.0,0.0,117707.60678571428
2020-06-16 23:15:00,4136001,0.0,23.738334793103448,0.0,0.0,0.0,0.0,117707.60678571428
2020-06-16 23:30:00,4136001,0.0,23.85089086363636,0.0,0.0,0.0,0.0,117707.60678571428
2020-06-16 23:45:00,4136001,3.706513620689655e-05,24.038416586206896,0.0,0.0,0.0,0.0,117707.60678571428
2020-06-17 00:00:00,4136001,2.4313024333333335e-05,24.1493894,0.0,0.0,0.0,0.0,0.0
2020-06-17 00:15:00,4136001,0.0,24.140737482758617,0.0,0.0,0.0,0.0,0.0
2020-06-17 00:30:00,4136001,0.0,24.0548566,0.0,0.0,0.0,0.0,0.0
2020-06-17 00:45:00,4136001,0.0,24.007380241379312,0.0,0.0,0.0,0.0,0.0
2020-06-17 01:00:00,4136001,0.0,23.982121,0.0,0.0,0.0,0.0,0.0
2020-06-17 01:15:00,4136001,0.0,24.055678,0.0,0.0,0.0,0.0,0.0
2020-06-17 01:30:00,4136001,0.0,24.113918133333332,0.0,0.0,0.0,0.0,0.0
2020-06-17 01:45:00,4136001,0.0,24.11729596551724,0.0,0.0,0.0,0.0,0.0
2020-06-17 02:00:00,4136001,0.0,24.049432666666668,0.0,0.0,0.0,0.0,0.0
2020-06-17 02:15:00,4136001,0.0,24.0073791724138,0.0,0.0,0.0,0.0,0.0
2020-06-17 02:30:00,4136001,0.0,24.04356513333333,0.0,0.0,0.0,0.0,0.0
2020-06-17 02:45:00,4136001,0.0,24.148901233333337,0.0,0.0,0.0,0.0,0.0
2020-06-17 03:00:00,4136001,0.0,24.04028851724138,0.0,0.0,0.0,0.0,0.0
2020-06-17 03:15:00,4136001,0.0,22.96370943333334,0.0,0.0,0.0,0.0,0.0
2020-06-17 03:30:00,4136001,0.0,22.60268613793103,0.0,0.0,0.0,0.0,0.0
2020-06-17 03:45:00,4136001,0.0,22.7471992,0.0,0.0,0.0,0.0,0.0
2020-06-17 04:00:00,4136001,0.0,22.807348499999993,0.0,0.0,0.0,0.0,0.0
2020-06-17 04:15:00,4136001,0.0,22.948314724137933,0.0,0.0,0.0,0.0,0.0
2020-06-17 04:30:00,4136001,8.189851403333336e-05,22.97148633333333,0.0,0.0,0.0,0.0,0.0
2020-06-17 04:45:00,4136001,0.0,22.75740386206896,0.0,0.0,0.0,0.0,0.0
2020-06-17 05:00:00,4136001,0.0,22.7138253,0.0,0.0,0.0,0.0,0.0
2020-06-17 05:15:00,4136001,0.0,22.699170999999996,0.0,0.0,0.0,0.0,0.0
2020-06-17 05:30:00,4136001,0.0,22.6257516,0.0,0.0,0.0,0.0,0.0
2020-06-17 05:45:00,4136001,0.0001945111540666,22.5515857,0.0,0.0,0.0,0.0,0.0
2020-06-17 06:00:00,4136001,0.0038972908827586,22.577129517241385,0.0012712237794449271,0.001256949159526142,0.0012262342021495433,8686.375831760111,8.163809523809524
2020-06-17 06:15:00,4136001,0.0173870453666666,22.6252512,0.020446654234570646,0.02024002310809823,0.01974543552485742,31316.692998837727,139.62154761904762
2020-06-17 06:30:00,4136001,0.0365596514827586,22.74754265517241,0.04503002499961376,0.04465960012791642,0.043568292890874306,32800.43250734779,429.6829761904762
2020-06-17 06:45:00,4136001,0.0382369183,22.943725599999997,0.048593142300960096,0.04820624377251031,0.04702827033457368,33843.208541207154,742.7796428571428
2020-06-17 07:00:00,4136001,0.0411929848275862,23.04807344827586,0.05278273410172765,0.05237974901964435,0.05109979131702588,34123.06630034798,1082.9829761904762
2020-06-17 07:15:00,4136001,0.0483592085333333,23.177676766666664,0.06260671613565137,0.062224372206811464,0.06070385013506886,34476.341155983995,1487.1265476190476
2020-06-17 07:30:00,4136001,0.0634568153793103,23.356808379310348,0.08273619027401156,0.08240400031548369,0.08039036647980376,34721.3558306779,2022.3355952380953
2020-06-17 07:45:00,4136001,0.0816382889666666,23.559034033333337,0.10717996102715281,0.10692108914014146,0.10430835284073776,34962.23037981696,2716.7816666666668
2020-06-17 08:00:00,4136001,0.1145608286551724,23.68637617241379,0.15131664966265684,0.15200602036416735,0.14829158338707285,35174.66742273874,3704.0516666666667
2020-06-17 08:15:00,4136001,0.117114516275862,23.927684896551728,0.15049085130866025,0.1511875260699735,0.1474930899156399,34219.90498263809,4686.005595238095
2020-06-17 08:30:00,4136001,0.1322503906666666,23.909512133333337,0.17442843567305838,0.17528371948588478,0.1710004659174984,35123.658959583016,5824.4628571428575
2020-06-17 08:45:00,4136001,0.1701928875862069,24.104574413793102,0.2245332528050894,0.22577049310015082,0.2202535387986109,35133.279483759594,7290.828690476191
2020-06-17 09:00:00,4136001,0.1183198545,23.981644766666665,0.15570483218100886,0.1564450436573364,0.15262213418538395,35044.82480096839,8306.92988095238
2020-06-17 09:15:00,4136001,0.120616978,24.04044548275862,0.1610453775319333,0.16182314962139852,0.15786882012008283,35556.52007796117,9357.961547619048
2020-06-17 09:30:00,4136001,0.220836565,24.281436166666655,0.2923953988751604,0.29419921885346023,0.2870101321677909,35259.72983254661,11268.767857142857
2020-06-17 09:45:00,4136001,0.3745028272413792,24.928311103448276,0.4794843414813344,0.48164299032999985,0.469873505616473,34095.63299278106,14397.010238095238
2020-06-17 10:00:00,4136001,0.3563217239999999,25.643934066666663,0.4608530953687485,0.4629791209079845,0.4516657087009986,34442.89416541842,17404.031904761905
2020-06-17 10:15:00,4136001,0.299062996,26.053684466666667,0.38516160055892934,0.3873810413259978,0.3779149526758284,34297.28421308456,19920.04857142857
2020-06-17 10:30:00,4136001,0.288015658275862,26.16922927586207,0.374016326853499,0.3762381730965407,0.3670443728839163,34582.30134201364,22363.692976190476
2020-06-17 10:45:00,4136001,0.309599092,26.079586766666672,0.41101331619962383,0.41312859349101,0.4030333346303301,35353.762785398794,25046.938452380953
2020-06-17 11:00:00,4136001,0.3145844658620689,26.185345793103448,0.4201332006200408,0.4222240620752818,0.41190654527539344,35565.51964299977,27789.258452380953
2020-06-17 11:15:00,4136001,0.2107782023333333,26.31244396666667,0.28060072672830066,0.2823298693486616,0.2754308234823563,35452.14562553362,29622.97404761905
2020-06-17 11:30:00,4136001,0.401902425862069,26.714392275862068,0.5161433546746531,0.518350191175376,0.5056837249882269,34200.23907080452,32989.6275
2020-06-17 11:45:00,4136001,0.4954889353333333,27.664736866666665,0.6230824891409894,0.6252844774018866,0.6100049524297804,33488.13908385193,37050.812738095236
2020-06-17 12:00:00,4136001,0.3403715472413793,27.60099303448276,0.4321359048584166,0.434318146963377,0.4237050976838879,33810.106010644406,39871.6830952381
2020-06-17 12:15:00,4136001,0.5203204733333333,27.8761057,0.6571601448707304,0.6590868162445209,0.6429812933480658,33634.09382478066,44152.4125
2020-06-17 12:30:00,4136001,0.4708963844827586,28.204097413793104,0.5966783458369549,0.5988987727937738,0.5842640120002723,33743.8281334871,48042.22416666667
2020-06-17 12:45:00,4136001,0.5136595323333331,28.534304866666663,0.6334415360085419,0.635656910726678,0.6201239237548973,32840.56458758017,52170.77773809524
2020-06-17 13:00:00,4136001,0.5109659972413793,28.730627689655172,0.626181047929564,0.6283937109504858,0.6130382083819945,32635.280354185863,56252.15726190476
2020-06-17 13:15:00,4136001,0.451581596,28.46972356666667,0.5689360308292329,0.5711647292030277,0.5572076807579649,33551.08998265014,59961.83797619048
2020-06-17 13:30:00,4136001,0.4276434196551723,27.945867103448272,0.5510984144499941,0.5533047273044802,0.5397841079646858,34318.3814492783,63555.51904761905
2020-06-17 13:45:00,4136001,0.5789413146666667,28.731198133333336,0.06691289459936245,0.0671143326095037,0.0654743188907015,3077.9014048086256,63991.42261904762
2020-06-17 14:00:00,4136001,0.480736164137931,29.044235827586206,0.28062105786875574,0.2817108893393698,0.274826968941313,15545.077549515921,65821.11797619048
2020-06-17 14:15:00,4136001,0.3930144640000001,28.609255933333337,0.49744308639658236,0.49962185765230394,0.48741303922404494,33706.54935633978,69066.13202380952
2020-06-17 14:30:00,4136001,0.3096930779310345,27.349096793103453,0.40871646953268626,0.4107915911171658,0.4007534395211335,35145.52775729296,71734.1988095238
2020-06-17 14:45:00,4136001,0.3273643233333334,26.842360433333333,0.43073659668224396,0.4328389002156752,0.4222619979835514,35039.657628922265,74545.46154761905
2020-06-17 15:00:00,4136001,0.3634486806896551,27.22757479310345,0.4666286234133485,0.46876542008516264,0.45731061319148764,34190.67760292015,77590.06488095238
2020-06-17 15:15:00,4136001,0.3843007586666666,27.930431033333328,0.4832059594238358,0.4853937672397251,0.4735326281008476,33484.24179139063,80742.66833333333
2020-06-17 15:30:00,4136001,0.2370183289655172,27.7001744137931,0.30369380880473923,0.30594508395427306,0.29846897392864724,34121.91806135221,82729.76333333334
2020-06-17 15:45:00,4136001,0.21363942,27.581203200000004,0.2717359739807178,0.27381981984987325,0.26712872655320613,33872.338104394155,84508.20666666667
2020-06-17 16:00:00,4136001,0.1966100234482758,27.632586068965516,0.24715455228718713,0.24872642159518424,0.24264851352720002,33476.680572760866,86123.66988095238
2020-06-17 16:15:00,4136001,0.1917219463333333,27.648377366666665,0.2445532391923448,0.2460773447872801,0.2400641698714886,33968.863717582506,87721.9275
2020-06-17 16:30:00,4136001,0.1817658131034482,27.624499172413795,0.23139500376796648,0.23274909404293234,0.2270616098286419,33901.67867798728,89233.61892857144
2020-06-17 16:45:00,4136001,0.1193903119666666,27.45880556666667,0.1541504923533454,0.15471422745072047,0.1509336124069953,34383.909771773164,90238.47857142857
2020-06-17 17:00:00,4136001,0.0319532306666666,26.498535,0.04453839406234854,0.04421416180438043,0.04313373935055936,37119.251332457934,90525.6469047619
2020-06-17 17:15:00,4136001,0.0858852560344827,25.77944106896551,0.11123358273819299,0.11109851685461303,0.10838370044065465,34490.281608723955,91247.22511904762
2020-06-17 17:30:00,4136001,0.0894936300454545,26.14305522727273,0.11279807919538894,0.11274738282073313,0.10999227452425488,33565.18221994472,91979.51261904761
2020-06-17 17:45:00,4136001,0.0654795855517241,26.091664172413797,0.08011638782188647,0.07977979634952827,0.07783028787035219,32583.28503491609,92497.67761904762
2020-06-17 18:00:00,4136001,0.0415141276666666,25.686603700000003,0.0498175526013274,0.049444130473947516,0.048235907891100334,31956.992504310812,92818.81428571428
2020-06-17 18:15:00,4136001,0.0221499413103448,25.235443137931036,0.026353986005022808,0.02609698168521184,0.02545927277388138,31684.95980042283,92988.31261904762
2020-06-17 18:30:00,4136001,0.0133931878633333,24.582471766666668,0.015948876676773704,0.015781515783247903,0.015395876808952942,31712.14135130937,93090.81261904762
2020-06-17 18:45:00,4136001,0.0026350049782758,23.965923344827583,0.0028455728825430137,0.002812445739583691,0.0027437204849776295,28758.597514541772,93109.07928571428
2020-06-17 19:00:00,4136001,0.0,23.54795168965517,0.0,0.0,0.0,0.0,93109.07928571428
2020-06-17 19:15:00,4136001,0.0,23.4725741,0.0,0.0,0.0,0.0,93109.07928571428
2020-06-17 19:30:00,4136001,0.0,23.49732753333333,0.0,0.0,0.0,0.0,93109.07928571428
2020-06-17 19:45:00,4136001,0.0,23.602745413793105,0.0,0.0,0.0,0.0,93109.07928571428
2020-06-17 20:00:00,4136001,0.0,23.6651278,0.0,0.0,0.0,0.0,93109.07928571428
2020-06-17 20:15:00,4136001,0.0,23.601208965517245,0.0,0.0,0.0,0.0,93109.07928571428
2020-06-17 20:30:00,4136001,0.0,23.687547066666664,0.0,0.0,0.0,0.0,93109.07928571428
2020-06-17 20:45:00,4136001,0.0,23.75045548275863,0.0,0.0,0.0,0.0,93109.07928571428
2020-06-17 21:00:00,4136001,0.0,23.752441133333335,0.0,0.0,0.0,0.0,93109.07928571428
2020-06-17 21:15:00,4136001,0.0,23.811610800000004,0.0,0.0,0.0,0.0,93109.07928571428
2020-06-17 21:30:00,4136001,0.0,23.899251862068965,0.0,0.0,0.0,0.0,93109.07928571428
2020-06-17 21:45:00,4136001,0.0,23.883053566666668,0.0,0.0,0.0,0.0,93109.07928571428
2020-06-17 22:00:00,4136001,0.0,23.767680034482755,0.0,0.0,0.0,0.0,93109.07928571428
2020-06-17 22:15:00,4136001,0.0,23.656356999999996,0.0,0.0,0.0,0.0,93109.07928571428
2020-06-17 22:30:00,4136001,0.0,23.6281078,0.0,0.0,0.0,0.0,93109.07928571428
2020-06-17 22:45:00,4136001,0.0,23.511702999999997,0.0,0.0,0.0,0.0,93109.07928571428
2020-06-17 23:00:00,4136001,0.0,23.482282433333335,0.0,0.0,0.0,0.0,93109.07928571428
2020-06-17 23:15:00,4136001,0.0,23.3547425862069,0.0,0.0,0.0,0.0,93109.07928571428
2020-06-17 23:30:00,4136001,0.0,23.29104823333333,0.0,0.0,0.0,0.0,93109.07928571428
2020-06-17 23:45:00,4136001,0.0,23.202870689655175,0.0,0.0,0.0,0.0,93109.07928571428
