DATE_TIME,PLANT_ID,IRRADIATION(W/m²),WIND_SPEED(m/s),CLOUD_COVER(%),AMBIENT_TEMPERATURE(°C),THEORETICAL_MODULE_TEMPERATURE(°C),ACTUAL_MODULE_TEMPERATURE(°C),THEORETICAL_DC_POWER(kW),THEORETICAL_AC_POWER(kW),ACTUAL_DC_POWER(kW),ACTUAL_AC_POWER(kW),DC_EFFICIENCY,AC_EFFICIENCY,INVERTOR_EFFICIENCY,DAILY_YIELD(kWh),TOTAL_YIELD(kWh),THEORETICAL_DC_PER_KWP,THEORETICAL_AC_PER_KWP,DC_RESIDUAL(kW),AC_RESIDUAL(kW)
2020-05-15 00:00:00,4136001,0.0,1.777777777777778,98.0,27.004763700000005,27.004763700000005,25.0607889,0.0,0.0,0.0,0.0,0.0,0.0,0.0,0.0,0.0,0.0,0.0,0.0,0.0
2020-05-15 00:15:00,4136001,0.0,1.8263888888888888,98.0,26.880811433333328,26.880811433333328,24.42186883333333,0.0,0.0,0.0,0.0,0.0,0.0,0.0,0.0,0.0,0.0,0.0,0.0,0.0
2020-05-15 00:30:00,4136001,0.0,1.875,98.0,26.682055344827592,26.682055344827592,24.427290310344823,0.0,0.0,0.0,0.0,0.0,0.0,0.0,0.0,0.0,0.0,0.0,0.0,0.0
2020-05-15 00:45:00,4136001,0.0,1.923611111111111,98.0,26.500588900000004,26.500588900000004,24.4206776,0.0,0.0,0.0,0.0,0.0,0.0,0.0,0.0,0.0,0.0,0.0,0.0,0.0
2020-05-15 01:00:00,4136001,0.0,1.972222222222222,98.0,26.596148,26.596148,25.088210413793107,0.0,0.0,0.0,0.0,0.0,0.0,0.0,0.0,0.0,0.0,0.0,0.0,0.0
2020-05-15 01:15:00,4136001,0.0,1.9374999999999998,98.0,26.512740033333333,26.512740033333333,25.31796966666667,0.0,0.0,0.0,0.0,0.0,0.0,0.0,0.0,0.0,0.0,0.0,0.0,0.0
2020-05-15 01:30:00,4136001,0.0,1.9027777777777777,98.0,26.494338966666664,26.494338966666664,25.217192533333336,0.0,0.0,0.0,0.0,0.0,0.0,0.0,0.0,0.0,0.0,0.0,0.0,0.0
2020-05-15 01:45:00,4136001,0.0,1.8680555555555554,98.0,26.420410206896552,26.420410206896552,25.065062310344832,0.0,0.0,0.0,0.0,0.0,0.0,0.0,0.0,0.0,0.0,0.0,0.0,0.0
2020-05-15 02:00:00,4136001,0.0,1.8333333333333333,98.0,26.401946133333333,26.401946133333333,24.69146936666666,0.0,0.0,0.0,0.0,0.0,0.0,0.0,0.0,0.0,0.0,0.0,0.0,0.0
2020-05-15 02:15:00,4136001,0.0,1.7291666666666665,97.75,26.226078206896556,26.226078206896556,24.55948079310345,0.0,0.0,0.0,0.0,0.0,0.0,0.0,0.0,0.0,0.0,0.0,0.0,0.0
2020-05-15 02:30:00,4136001,0.0,1.6249999999999998,97.5,26.2603992,26.2603992,24.482406633333337,0.0,0.0,0.0,0.0,0.0,0.0,0.0,0.0,0.0,0.0,0.0,0.0,0.0
2020-05-15 02:45:00,4136001,0.0,1.5208333333333333,97.25,26.2978261,26.2978261,24.4886982,0.0,0.0,0.0,0.0,0.0,0.0,0.0,0.0,0.0,0.0,0.0,0.0,0.0
2020-05-15 03:00:00,4136001,0.0,1.4166666666666665,97.0,26.328249103448275,26.328249103448275,24.50628962068966,0.0,0.0,0.0,0.0,0.0,0.0,0.0,0.0,0.0,0.0,0.0,0.0,0.0
2020-05-15 03:15:00,4136001,0.0,1.4166666666666665,97.5,26.15870973333333,26.15870973333333,24.595197433333333,0.0,0.0,0.0,0.0,0.0,0.0,0.0,0.0,0.0,0.0,0.0,0.0,0.0
2020-05-15 03:30:00,4136001,0.0,1.4166666666666665,98.0,26.078499333333333,26.078499333333333,24.801314366666663,0.0,0.0,0.0,0.0,0.0,0.0,0.0,0.0,0.0,0.0,0.0,0.0,0.0
2020-05-15 03:45:00,4136001,0.0,1.4166666666666665,98.5,26.00130396551724,26.00130396551724,24.60781744827586,0.0,0.0,0.0,0.0,0.0,0.0,0.0,0.0,0.0,0.0,0.0,0.0,0.0
2020-05-15 04:00:00,4136001,0.0,1.4166666666666665,99.0,25.6972106,25.6972106,24.626179,0.0,0.0,0.0,0.0,0.0,0.0,0.0,0.0,0.0,0.0,0.0,0.0,0.0
2020-05-15 04:15:00,4136001,0.0,1.3611111111111112,99.0,25.6277024137931,25.6277024137931,24.773145068965515,0.0,0.0,0.0,0.0,0.0,0.0,0.0,0.0,0.0,0.0,0.0,0.0,0.0
2020-05-15 04:30:00,4136001,0.0,1.3055555555555554,99.0,25.482045785714284,25.482045785714284,24.796690750000003,0.0,0.0,0.0,0.0,0.0,0.0,0.0,0.0,0.0,0.0,0.0,0.0,0.0
2020-05-15 04:45:00,4136001,0.0,1.25,99.0,25.23093168965517,25.23093168965517,24.43690427586207,0.0,0.0,0.0,0.0,0.0,0.0,0.0,0.0,0.0,0.0,0.0,0.0,0.0
2020-05-15 05:00:00,4136001,0.0,1.1944444444444444,99.0,25.1175986,25.1175986,24.104579633333337,0.0,0.0,0.0,0.0,0.0,0.0,0.0,0.0,0.0,0.0,0.0,0.0,0.0
2020-05-15 05:15:00,4136001,0.0,1.3680555555555556,99.25,25.0918621,25.0918621,23.897232,0.0,0.0,0.0,0.0,0.0,0.0,0.0,0.0,0.0,0.0,0.0,0.0,0.0
2020-05-15 05:30:00,4136001,0.0,1.5416666666666665,99.5,24.916967827586213,24.916967827586213,23.83947131034483,0.0,0.0,0.0,0.0,0.0,0.0,0.0,0.0,0.0,0.0,0.0,0.0,0.0
2020-05-15 05:45:00,4136001,2.838054505,1.7152777777777777,99.75,24.741273799999995,24.81853656471789,23.7866618,72.55072534902612,0.0,0.0,0.0,0.0,0.0,0.0,0.0,0.0,0.002840114517479981,0.0,-72.55072534902612,0.0
2020-05-15 06:00:00,4136001,12.9619781466666,1.8888888888888888,100.0,24.74278656666667,25.08461088488045,24.077229833333337,331.0016684532383,319.4761982008655,331.99333333333334,320.43333333333334,0.01246665478388695,0.012333960262143256,0.9651800236952549,80.10833333333333,80.10833333333333,0.012957591248903439,0.012506408228650049,0.9916648800950156,0.9571351324678403
2020-05-15 06:15:00,4136001,21.0376687241379,1.8611111111111112,100.0,24.76391089655172,25.32149554336163,24.356189448275863,536.7161514178621,518.2504384025748,587.1795238095239,566.9776190476191,0.022049130764173364,0.021823820106703206,0.9655950115037423,221.8527380952381,221.8527380952381,0.021010614657187787,0.02028774470160794,50.46337239166178,48.727180645044314
2020-05-15 06:30:00,4136001,42.435399,1.8333333333333333,100.0,24.7863229,25.91672777480021,24.548886100000004,1080.0372908397994,1045.8503992220608,1284.2057142857143,1243.5561904761903,0.04822310481584457,0.04786634548135519,0.9683465636717451,532.7417857142857,532.7417857142857,0.04227979216440789,0.04094149145515995,204.16842344591487,197.7057912541295
2020-05-15 06:45:00,4136001,103.4958783448276,1.8055555555555556,100.0,25.04824510344827,27.819219088584216,25.746662,2613.9883816649817,2555.48164559822,3450.8971428571426,3373.658571428572,0.12958435924828351,0.1298571853470477,0.9776178285729428,1376.1564285714287,1376.1564285714287,0.1023287681215495,0.10003842809153338,836.9087611921609,818.176925830352
2020-05-15 07:00:00,4136001,199.4504836666666,1.777777777777778,100.0,25.6732025,31.040545978650876,28.674707033333338,4971.857181758558,4884.080707772791,6733.253333333333,6614.38,0.25283985083773597,0.2545974204058518,0.982345334796057,3029.7514285714287,3029.7514285714287,0.19463132439845598,0.19119517352800122,1761.396151574775,1730.2992922272088
2020-05-15 07:15:00,4136001,317.665025862069,1.7430555555555556,99.25,26.076818,34.68038021442397,30.72550493103449,7800.537504785638,7665.378232774967,8379.64,8234.446666666667,0.31466318327652293,0.31695621960076353,0.9826730822167381,5088.363095238095,5088.363095238095,0.3053645529373904,0.30007352643472174,579.1024952143616,569.0684338916999
2020-05-15 07:30:00,4136001,382.9133633333333,1.7083333333333335,98.5,26.424239066666665,36.86211185754395,32.206803566666665,9317.403840287374,9142.898684507742,10109.33238095238,9919.995238095238,0.3796147218485409,0.3818355156579122,0.9812710537429866,7568.361904761905,7568.361904761905,0.36474471874289977,0.35791343450803453,791.928540665007,777.0965535874966
2020-05-15 07:45:00,4136001,448.2866631034482,1.6736111111111112,97.75,27.12028751724138,39.4198049904137,34.59156220689654,10790.970213151457,10577.065886646636,12052.23142857143,11813.325714285716,0.4525723667006747,0.4547126492991422,0.9801774703961165,10521.693333333333,10521.693333333333,0.42242983805642814,0.41405621008599086,1261.2612154199724,1236.25982763908
2020-05-15 08:00:00,4136001,455.0275753333332,1.6388888888888888,97.0,27.678970266666667,40.24532142196446,35.705856366666666,10914.85249692946,10697.293012625645,12379.565238095238,12132.810476190476,0.4648640520831962,0.46701009762233037,0.9800675744940193,13554.895952380952,13554.895952380952,0.4272794087660779,0.41876269378060854,1464.7127411657784,1435.517463564831
2020-05-15 08:15:00,4136001,509.315263,1.402777777777778,97.0,27.953492333333333,42.675714128390425,36.78689773333334,12090.581820375372,11844.209576535748,14071.28,13784.546666666669,0.5283894961567887,0.5305879043534567,0.9796227966941649,17001.03261904762,17001.03261904762,0.47330521903994405,0.4636605823658543,1980.6981796246291,1940.3370901309208
2020-05-15 08:30:00,4136001,570.9116793103447,1.1666666666666667,97.0,28.526214655172417,45.83705999508584,38.617749482758605,13368.393213022437,13089.766583346282,16053.013333333332,15718.433333333334,0.6028054041279975,0.6050261066778778,0.9791578071323682,20930.640952380956,20930.640952380956,0.5233271956556053,0.5124199093108742,2684.620120310896,2628.6667499870528
2020-05-15 08:45:00,4136001,625.3999813333332,0.9305555555555556,97.0,29.31902146666665,49.25844379516444,40.738035900000014,14425.6462114461,14119.220385455888,17777.12857142857,17399.51142857143,0.6675475158600775,0.6697333273922005,0.9787582600114595,25280.518809523808,25280.518809523808,0.5647150601466471,0.552719529671399,3351.4823599824704,3280.2910431155415
2020-05-15 09:00:00,4136001,654.2055951724136,0.6944444444444444,97.0,29.57204362068965,51.56214766009852,41.47150403448277,14936.089276526587,14615.484730232578,18697.33333333333,18295.99333333333,0.7021020503803155,0.7042402623419469,0.9785349069386009,29854.517142857145,29854.517142857145,0.5846971726962845,0.5721465934716218,3761.2440568067414,3680.5086031007504
2020-05-15 09:15:00,4136001,702.4373413333334,0.9236111111111112,97.0,30.09140723333333,52.520954334261994,43.4653736,15968.444078742632,15620.035190354107,20195.25380952381,19754.621904761905,0.7583503409194295,0.7603850667855967,0.9781814128746376,34793.17261904762,34793.17261904762,0.6251103573592731,0.6114713325642633,4226.809730781177,4134.586714407798
2020-05-15 09:30:00,4136001,756.6826427586207,1.152777777777778,97.0,30.638658379310343,53.64862166830595,44.1451964137931,17114.408779565703,16733.88945176686,19997.38666666667,19552.76761904762,0.7509202478560929,0.7526153921614108,0.9777661423949872,39681.36452380952,39681.36452380952,0.6699709837371581,0.6550749442852558,2882.9778871009657,2818.87816728076
2020-05-15 09:45:00,4136001,799.745994,1.3819444444444444,97.0,31.37512003333333,54.58812326967322,45.71952399999999,18011.627808180387,17603.90796518937,19059.164285714287,18627.731904761906,0.7156891351815919,0.7170093781978304,0.9773635205361151,44338.2975,44338.2975,0.7050940617804027,0.6891332145308033,1047.5364775339003,1023.8239395725359
2020-05-15 10:00:00,4136001,828.095938,1.611111111111111,97.0,31.892093833333337,54.881986615121235,46.13117390000001,18625.251131891706,18196.083671189223,18570.72047619048,18142.809523809523,0.6973476212315329,0.698343987445025,0.9769577624664815,48873.99988095238,48873.99988095238,0.7291153310585909,0.7123148824110089,-54.53065570122635,-53.27414737969957
2020-05-15 10:15:00,4136001,874.8338506896552,1.8888888888888888,96.75,32.43747986206897,55.50799280219701,47.14350827586206,19620.505287763903,19144.474808734467,17465.253333333334,17041.513333333332,0.6558363140418407,0.6559534430254378,0.9757381131603015,53134.37821428571,53134.37821428571,0.768076151409822,0.7494411747400457,-2155.2519544305687,-2102.9614754011345
2020-05-15 10:30:00,4136001,908.0560733333332,2.166666666666667,96.5,33.07413526666666,55.87815518965343,48.6802898,20331.257527920417,19823.35480260838,18074.0,17622.486666666668,0.678695310841501,0.6783159791953065,0.975018627125521,57539.99988095238,57539.99988095238,0.7958996879201573,0.7760170210455424,-2257.2575279204175,-2200.8681359417133
2020-05-15 10:45:00,4136001,943.352708275862,2.4444444444444446,96.25,33.19247010344828,55.80399235358879,50.249560172413794,21128.693287105023,20600.663498281934,18684.176666666663,18217.23809523809,0.7016080054553974,0.7012088549443533,0.9750088762400964,62094.3094047619,62094.3094047619,0.8271165898259942,0.8064460167657833,-2444.5166204383604,-2383.4254030438424
2020-05-15 11:00:00,4136001,957.9001053333332,2.7222222222222223,96.0,33.46205666666668,55.42216912272659,51.61099133333334,21491.89004019163,20954.57652231205,17977.836666666666,17528.37714285714,0.6750842892962857,0.674693562279809,0.9749992431156701,66476.40369047619,66476.40369047619,0.8413345093048201,0.8203005097792934,-3514.053373524963,-3426.199379454909
2020-05-15 11:15:00,4136001,970.4477541379308,2.972222222222222,96.0,34.2517951724138,55.6603050805967,54.89430189655173,21749.801250018063,21206.49258023685,17757.35523809524,17313.777619047618,0.6668050090208036,0.6664333042991322,0.9750200627796191,70804.84809523809,70804.84809523809,0.8514308573113354,0.8301621679482031,-3992.4460119228243,-3892.714961189231
2020-05-15 11:30:00,4136001,987.932009,3.222222222222222,96.0,34.651454666666666,55.65341064030612,56.08395293333334,22142.356615733694,21589.070028190537,18009.66,17559.64,0.6762792847100668,0.6758969166052466,0.9750122989551163,75194.7580952381,75194.7580952381,0.8667980667736815,0.8451387758148576,-4132.696615733694,-4029.430028190538
2020-05-15 11:45:00,4136001,953.3445175862068,3.4722222222222223,96.0,35.15152596551724,54.70731094164456,55.593795275862064,21459.315061494886,20922.789206870875,17059.7,16633.173333333332,0.6406074136529133,0.6402358231353611,0.9749979972293377,79353.05142857143,79353.05142857143,0.8400593095124246,0.8190561443284743,-4399.615061494886,-4289.615873537543
2020-05-15 12:00:00,4136001,946.9201943333333,3.7222222222222223,96.0,35.16610503333333,53.93186393807636,57.4882405,21389.7360996127,20854.953816252284,16969.051904761905,16544.794761904763,0.637203494366933,0.6368339991843833,0.9749981822650866,83489.25011904762,83489.25011904762,0.837335529442658,0.8164006191525655,-4420.684194850794,-4310.159054347521
2020-05-15 12:15:00,4136001,977.187623448276,3.951388888888889,96.0,36.37757096551723,55.15970778639611,57.58858162068966,21950.840232294933,21402.017045948385,18008.725714285712,17558.46476190476,0.6762442014228436,0.6758516799258586,0.9749976228454756,87878.86630952382,87878.86630952382,0.8593008507455444,0.8378162867860006,-3942.114518009221,-3843.5522840436242
2020-05-15 12:30:00,4136001,956.2375366666664,4.180555555555555,96.0,35.96635756666666,53.80827447433839,58.8881528,21612.278865800807,21071.945992841946,17661.64857142857,17220.08619047619,0.6632111357286193,0.6628269804972907,0.9749988015463801,92183.88785714286,92183.88785714286,0.8460473229908322,0.8248951259675845,-3950.6302943722367,-3851.859802365754
2020-05-15 12:45:00,4136001,979.0904166666668,4.409722222222222,96.0,35.992946499999995,53.74214961201752,57.72948603333334,22135.400633935245,21582.50838781146,17586.326666666668,17147.06,0.6603827289804975,0.6600160927470701,0.9750222616130941,96470.65285714284,96470.65285714284,0.8665257637085632,0.8448819098771368,-4549.073967268578,-4435.448387811459
2020-05-15 13:00:00,4136001,926.4382120689656,4.638888888888888,96.0,36.45858144827585,52.789239161460515,60.38937679310346,21035.23869451686,20515.198839957233,17838.133333333335,17397.133333333335,0.6698383007357978,0.6696417909348004,0.9752776822686978,100819.9361904762,100819.9361904762,0.8234581598949642,0.8031003656276074,-3197.105361183523,-3118.065506623898
2020-05-15 13:15:00,4136001,904.246814,4.756944444444445,96.0,36.93956406666667,52.655346191367954,56.85950403333334,20543.743171338574,20038.58423159706,17768.745714285717,17331.82238095238,0.6672327318701302,0.6671278742864614,0.975410569752143,105152.89178571428,105152.89178571428,0.8042177792655539,0.7844425222782172,-2774.9974570528575,-2706.761850644678
2020-05-15 13:30:00,4136001,895.4739062068966,4.874999999999999,96.0,36.89079344827587,52.23870511520357,57.14867327586207,20382.55238882269,19881.585855194233,18686.08761904762,18226.817142857144,0.7016797634735559,0.7015775668740815,0.9754217958540279,109709.59607142858,109709.59607142858,0.7979077075287802,0.7782965690034932,-1696.4647697750697,-1654.7687123370888
2020-05-15 13:45:00,4136001,866.0270623333333,4.9930555555555545,96.0,36.614378066666674,51.254960668134636,52.980611200000006,19799.342897313974,19313.171514897476,17746.318571428572,17310.55904761905,0.6663905720442634,0.6663094166508408,0.9754450748725376,114037.23583333334,114037.23583333334,0.775077036496926,0.7560450778977286,-2053.0243258854025,-2002.612467278428
2020-05-15 14:00:00,4136001,837.9443868965518,5.111111111111111,96.0,36.84276606896551,50.81782255489866,54.810004896551725,19194.73751320351,18735.11290036615,18242.93333333333,17806.1,0.6850389127657102,0.6853835321660741,0.9760546549531509,118488.76083333332,118488.76083333332,0.7514087889294777,0.7334160462073264,-951.8041798701779,-929.0129003661532
2020-05-15 14:15:00,4136001,826.1285799999998,5.208333333333333,87.5,37.3528292,50.97969237525773,53.53894659999999,18910.409544330785,18459.867197700965,18774.32,18327.02,0.7049929704679545,0.7054345253412193,0.9761749027394867,123070.51583333334,123070.51583333334,0.7402783145167658,0.722641111673555,-136.08954433078543,-132.8471977009649
2020-05-15 14:30:00,4136001,681.0660216666665,5.305555555555556,79.0,37.268465866666666,48.38065417906129,51.3589315,15770.740794211235,15420.946136596413,17019.53380952381,16642.04095238095,0.6390991362859466,0.6405771511108728,0.9778200236641251,127231.02607142855,127231.02607142855,0.6173709451638769,0.6036776722096854,1248.7930153125762,1221.0948157845378
2020-05-15 14:45:00,4136001,686.6465400000001,5.402777777777778,70.5,37.21659834482757,48.29958664278576,49.36587620689655,15905.65090352739,15553.134204493568,18272.44428571429,17867.472380952382,0.6861470761495446,0.6877458472847462,0.9778370152110125,131697.8941666667,131697.8941666667,0.6226522177932038,0.6088523861614237,2366.793382186899,2314.338176458814
2020-05-15 15:00:00,4136001,653.8071269999998,5.5,62.0,37.11558026666666,47.55644783293941,50.19004316666666,15194.596729267549,14862.30654795833,20077.719523809523,19638.64047619047,0.7539368204714163,0.755920767406173,0.9781310299161037,136607.5542857143,136607.5542857143,0.5948168615880818,0.5818088294366149,4883.122794541974,4776.333928232141
2020-05-15 15:15:00,4136001,605.1379079310345,5.277777777777778,60.75,37.08661827586207,46.99067568880863,48.28441227586208,14098.498596639638,13794.136456750193,19133.233333333337,18720.18,0.7184704959925661,0.7205678442322967,0.978411733859236,141287.5992857143,141287.5992857143,0.5519083420097725,0.5399935978371577,5034.734736693699,4926.043543249807
2020-05-15 15:30:00,4136001,448.6365886666666,5.055555555555556,59.5,36.626162833333325,44.15614921578829,45.371701266666655,10582.27146810308,10366.008585549136,14042.306666666667,13755.333333333334,0.5273015208622892,0.5294634392776486,0.9795636614307431,144726.4326190476,144726.4326190476,0.41425999092202304,0.4057940334918433,3460.035198563588,3389.324747784198
2020-05-15 15:45:00,4136001,505.6144153333334,4.833333333333334,58.25,36.75573503333335,45.46421617927433,44.97519003333333,11858.66350393288,11610.812134330625,15855.71,15524.318571428572,0.5953964826304469,0.5975543379491914,0.9790995528695071,148607.51226190475,148607.51226190475,0.4642264045383785,0.4545238651137453,3997.0464960671197,3913.506437097947
2020-05-15 16:00:00,4136001,450.4635889655172,4.611111111111112,57.0,36.754657551724144,44.721823964273085,45.037737517241375,10599.328979078391,10382.131457806026,14186.605714285712,13895.899047619048,0.5327200827178796,0.5348740247376084,0.9795083706052445,152081.48702380952,152081.48702380952,0.4149277345499468,0.40642518918794385,3587.2767352073206,3513.767589813022
2020-05-15 16:15:00,4136001,327.1433133333333,4.25,58.5,36.599552466666665,42.64991890523395,41.94711026666667,7766.883208595135,7616.795799992792,10408.01857142857,10206.89380952381,0.39083066280733814,0.3928786725681348,0.9806759797242411,154633.21047619046,154633.21047619046,0.3040471015304418,0.2981716891756818,2641.1353628334355,2590.098009531018
2020-05-15 16:30:00,4136001,291.8783699999999,3.888888888888889,60.0,36.25738223333334,41.91393979147287,40.56484676666666,6951.589391263657,6825.173325485485,9310.133333333331,9140.826666666666,0.3496040631095765,0.35184414710227624,0.9818147967805689,156918.41714285716,156918.41714285716,0.27213111729354694,0.26718235762323295,2358.543942069675,2315.6533411811806
2020-05-15 16:45:00,4136001,300.2540158620689,3.5277777777777777,61.5,36.28795296551724,42.39937197349748,40.67958106896553,7136.17688009192,7003.958659759847,9733.8,9553.453333333331,0.36551313581216127,0.367726767230542,0.9814721211996683,159306.78047619047,159306.78047619047,0.2793570906279867,0.27418119631081805,2597.6231199080794,2549.494673573484
2020-05-15 17:00:00,4136001,203.801124,3.1666666666666665,63.0,36.00283696666666,40.370627879654236,39.21984663333333,4886.015627034231,4798.078566068393,6389.254285714286,6274.262380952381,0.23992237044861403,0.24150578242253304,0.982002296415246,160875.34607142856,160875.34607142856,0.19127091904616292,0.1878284817407866,1503.2386586800549,1476.183814883988
2020-05-15 17:15:00,4136001,133.9985576206896,2.5347222222222223,71.25,35.6273375862069,38.79234632835487,37.1342668275862,3234.1487261590933,3170.095769364829,4269.249523809523,4184.69619047619,0.16031424325671323,0.16107524140999352,0.9801948017182456,161921.5201190476,161921.5201190476,0.12660593956387134,0.12409848382716104,1035.1007976504302,1014.6004211113614
2020-05-15 17:30:00,4136001,66.8117974,1.9027777777777777,79.5,35.20957449999999,36.967085940220954,35.67895299999999,1625.010109755909,1580.289005915048,2091.0466666666666,2033.5,0.07852072410188214,0.07827246913471854,0.9724794919290818,162429.8951190476,162429.8951190476,0.06361362731477428,0.061862947970837655,466.03655691075755,453.21099408495206
2020-05-15 17:45:00,4136001,28.1551489655172,1.270833333333333,87.75,34.73165155172415,35.56730188831292,34.005620655172415,688.8222822109853,665.8012333504671,847.7733333333333,819.44,0.031834667809549744,0.031541476325426,0.9665791170595915,162634.75511904762,162634.75511904762,0.026965053130201033,0.02606385724605469,158.95105112234796,153.63876664953295
2020-05-15 18:00:00,4136001,17.8952295833333,0.6388888888888888,96.0,34.36776166666667,34.97706468278288,33.148010066666664,438.8902321381483,423.81622604815664,545.24,526.5133333333333,0.020474263100764636,0.020266288975830393,0.965654268456704,162766.38345238095,162766.38345238095,0.017181062131068636,0.016590965983486264,106.34976786185172,102.69710728517668
2020-05-15 18:15:00,4136001,10.471804437931,0.9791666666666666,96.75,33.98528399999999,34.315650888175114,32.47362655172414,257.53441428564423,248.52929850111724,333.97809523809525,322.3,0.0125411844174987,0.012405811065709264,0.9650333497777157,162846.95845238096,162846.95845238096,0.010081597740678967,0.009729078038798874,76.44368095245102,73.77070149888277
2020-05-15 18:30:00,4136001,2.6849175524666,1.3194444444444444,97.5,33.545849633333326,33.62475977447856,31.703619466666662,66.22006023111737,63.87876535600372,51.73190476190476,49.90285714285714,0.0019425805678213942,0.001920835921046744,0.9646437217522574,162859.43416666667,162859.43416666667,0.0025922904768493783,0.0025006367334509186,-14.488155469212614,-13.975908213146582
2020-05-15 18:45:00,4136001,0.0,1.659722222222222,98.25,33.09357417241378,33.09357417241378,31.061414,0.0,0.0,0.0,0.0,0.0,0.0,0.0,162859.43416666667,162859.43416666667,0.0,0.0,0.0,0.0
2020-05-15 19:00:00,4136001,0.0,2.0,99.0,32.57998866666667,32.57998866666667,30.368819166666665,0.0,0.0,0.0,0.0,0.0,0.0,0.0,162859.43416666667,162859.43416666667,0.0,0.0,0.0,0.0
2020-05-15 19:15:00,4136001,0.0,2.4444444444444446,99.0,32.106470551724136,32.106470551724136,29.570269413793103,0.0,0.0,0.0,0.0,0.0,0.0,0.0,162859.43416666667,162859.43416666667,0.0,0.0,0.0,0.0
2020-05-15 19:30:00,4136001,0.0,2.888888888888889,99.0,31.78520906666667,31.78520906666667,29.3748617,0.0,0.0,0.0,0.0,0.0,0.0,0.0,162859.43416666667,162859.43416666667,0.0,0.0,0.0,0.0
2020-05-15 19:45:00,4136001,0.0,3.333333333333333,99.0,31.50534475862069,31.50534475862069,28.92643162068966,0.0,0.0,0.0,0.0,0.0,0.0,0.0,162859.43416666667,162859.43416666667,0.0,0.0,0.0,0.0
2020-05-15 20:00:00,4136001,0.0,3.7777777777777777,99.0,31.4473155,31.4473155,28.39059036666666,0.0,0.0,0.0,0.0,0.0,0.0,0.0,162859.43416666667,162859.43416666667,0.0,0.0,0.0,0.0
2020-05-15 20:15:00,4136001,0.0,3.9791666666666665,98.75,30.79767863333333,30.79767863333333,27.451146333333337,0.0,0.0,0.0,0.0,0.0,0.0,0.0,162859.43416666667,162859.43416666667,0.0,0.0,0.0,0.0
2020-05-15 20:30:00,4136001,0.0,4.180555555555555,98.5,30.55072879310345,30.55072879310345,27.47504282758621,0.0,0.0,0.0,0.0,0.0,0.0,0.0,162859.43416666667,162859.43416666667,0.0,0.0,0.0,0.0
2020-05-15 20:45:00,4136001,0.1204262175862,4.381944444444445,98.25,31.047410586206897,31.049601249130834,29.370689551724137,3.001846471905705,0.0,0.0,0.0,0.0,0.0,0.0,162859.43416666667,162859.43416666667,0.00011751209520084968,0.0,-3.001846471905705,0.0
2020-05-15 21:00:00,4136001,0.0,4.583333333333333,98.0,30.0076782,30.0076782,29.1692108,0.0,0.0,0.0,0.0,0.0,0.0,0.0,162859.43416666667,162859.43416666667,0.0,0.0,0.0,0.0
2020-05-15 21:15:00,4136001,0.0,4.430555555555555,98.25,28.97958373333333,28.97958373333333,28.141885233333333,0.0,0.0,0.0,0.0,0.0,0.0,0.0,162859.43416666667,162859.43416666667,0.0,0.0,0.0,0.0
2020-05-15 21:30:00,4136001,0.0,4.277777777777778,98.5,28.4271094137931,28.4271094137931,27.413927793103444,0.0,0.0,0.0,0.0,0.0,0.0,0.0,162859.43416666667,162859.43416666667,0.0,0.0,0.0,0.0
2020-05-15 21:45:00,4136001,0.0,4.125,98.75,28.300552466666662,28.300552466666662,27.0304251,0.0,0.0,0.0,0.0,0.0,0.0,0.0,162859.43416666667,162859.43416666667,0.0,0.0,0.0,0.0
2020-05-15 22:00:00,4136001,0.0,3.9722222222222223,99.0,28.32985817241379,28.32985817241379,26.92777213793104,0.0,0.0,0.0,0.0,0.0,0.0,0.0,162859.43416666667,162859.43416666667,0.0,0.0,0.0,0.0
2020-05-15 22:15:00,4136001,0.0,4.076388888888889,99.25,28.324165,28.324165,26.87666233333333,0.0,0.0,0.0,0.0,0.0,0.0,0.0,162859.43416666667,162859.43416666667,0.0,0.0,0.0,0.0
2020-05-15 22:30:00,4136001,0.0,4.180555555555555,99.5,28.22888173333333,28.22888173333333,26.848583,0.0,0.0,0.0,0.0,0.0,0.0,0.0,162859.43416666667,162859.43416666667,0.0,0.0,0.0,0.0
2020-05-15 22:45:00,4136001,0.0,4.284722222222222,99.75,28.145526758620687,28.145526758620687,26.78983489655172,0.0,0.0,0.0,0.0,0.0,0.0,0.0,162859.43416666667,162859.43416666667,0.0,0.0,0.0,0.0
2020-05-15 23:00:00,4136001,0.0,4.388888888888889,100.0,27.70949446428571,27.70949446428571,26.52979492857143,0.0,0.0,0.0,0.0,0.0,0.0,0.0,162859.43416666667,162859.43416666667,0.0,0.0,0.0,0.0
2020-05-15 23:15:00,4136001,0.0,4.604166666666667,100.0,27.330631454365076,27.330631454365076,25.805496075396825,0.0,0.0,0.0,0.0,0.0,0.0,0.0,162859.43416666667,162859.43416666667,0.0,0.0,0.0,0.0
2020-05-15 23:30:00,4136001,0.0,4.819444444444445,100.0,26.95176844444444,26.95176844444444,25.081197222222222,0.0,0.0,0.0,0.0,0.0,0.0,0.0,162859.43416666667,162859.43416666667,0.0,0.0,0.0,0.0
2020-05-15 23:45:00,4136001,0.0,5.034722222222222,100.0,26.75583189655173,26.75583189655173,24.81448375862069,0.0,0.0,0.0,0.0,0.0,0.0,0.0,162859.43416666667,162859.43416666667,0.0,0.0,0.0,0.0
2020-05-16 00:00:00,4136001,0.0,5.249999999999999,100.0,26.52780646666667,26.52780646666667,24.43326406666667,0.0,0.0,0.0,0.0,0.0,0.0,0.0,0.0,162859.43416666667,0.0,0.0,0.0,0.0
2020-05-16 00:15:00,4136001,0.0,4.930555555555555,100.0,26.687312620689656,26.687312620689656,24.52914206896552,0.0,0.0,0.0,0.0,0.0,0.0,0.0,0.0,162859.43416666667,0.0,0.0,0.0,0.0
2020-05-16 00:30:00,4136001,0.0,4.611111111111112,100.0,26.633027833333333,26.633027833333333,24.68845123333333,0.0,0.0,0.0,0.0,0.0,0.0,0.0,0.0,162859.43416666667,0.0,0.0,0.0,0.0
2020-05-16 00:45:00,4136001,0.0,4.291666666666666,100.0,26.676575733333333,26.676575733333333,24.88044036666667,0.0,0.0,0.0,0.0,0.0,0.0,0.0,0.0,162859.43416666667,0.0,0.0,0.0,0.0
2020-05-16 01:00:00,4136001,0.0,3.9722222222222223,100.0,26.44045593103448,26.44045593103448,24.55380875862069,0.0,0.0,0.0,0.0,0.0,0.0,0.0,0.0,162859.43416666667,0.0,0.0,0.0,0.0
2020-05-16 01:15:00,4136001,0.0,4.270833333333333,100.0,26.193042,26.193042,24.11722213333333,0.0,0.0,0.0,0.0,0.0,0.0,0.0,0.0,162859.43416666667,0.0,0.0,0.0,0.0
2020-05-16 01:30:00,4136001,0.0,4.5694444444444455,100.0,26.00338010344827,26.00338010344827,23.934892206896556,0.0,0.0,0.0,0.0,0.0,0.0,0.0,0.0,162859.43416666667,0.0,0.0,0.0,0.0
2020-05-16 01:45:00,4136001,0.0,4.868055555555556,100.0,25.95458273333333,25.95458273333333,23.974197333333336,0.0,0.0,0.0,0.0,0.0,0.0,0.0,0.0,162859.43416666667,0.0,0.0,0.0,0.0
2020-05-16 02:00:00,4136001,0.0,5.166666666666667,100.0,25.73270810344827,25.73270810344827,23.781227931034483,0.0,0.0,0.0,0.0,0.0,0.0,0.0,0.0,162859.43416666667,0.0,0.0,0.0,0.0
2020-05-16 02:15:00,4136001,0.0,4.895833333333333,100.0,25.415572900000004,25.415572900000004,23.332380266666668,0.0,0.0,0.0,0.0,0.0,0.0,0.0,0.0,162859.43416666667,0.0,0.0,0.0,0.0
2020-05-16 02:30:00,4136001,0.0,4.624999999999999,100.0,25.19277224137931,25.19277224137931,22.96086503448276,0.0,0.0,0.0,0.0,0.0,0.0,0.0,0.0,162859.43416666667,0.0,0.0,0.0,0.0
2020-05-16 02:45:00,4136001,0.0,4.354166666666667,100.0,24.890646333333336,24.890646333333336,22.694644266666664,0.0,0.0,0.0,0.0,0.0,0.0,0.0,0.0,162859.43416666667,0.0,0.0,0.0,0.0
2020-05-16 03:00:00,4136001,0.0,4.083333333333333,100.0,24.73890786666667,24.73890786666667,22.36363426666667,0.0,0.0,0.0,0.0,0.0,0.0,0.0,0.0,162859.43416666667,0.0,0.0,0.0,0.0
2020-05-16 03:15:00,4136001,0.0,3.9375,100.0,24.387892137931036,24.387892137931036,22.108074344827585,0.0,0.0,0.0,0.0,0.0,0.0,0.0,0.0,162859.43416666667,0.0,0.0,0.0,0.0
2020-05-16 03:30:00,4136001,0.0,3.7916666666666665,100.0,24.3363027,24.3363027,21.9420616,0.0,0.0,0.0,0.0,0.0,0.0,0.0,0.0,162859.43416666667,0.0,0.0,0.0,0.0
2020-05-16 03:45:00,4136001,0.0,3.645833333333333,100.0,24.443725379310344,24.443725379310344,21.88146162068965,0.0,0.0,0.0,0.0,0.0,0.0,0.0,0.0,162859.43416666667,0.0,0.0,0.0,0.0
2020-05-16 04:00:00,4136001,0.0,3.5,100.0,24.145103033333328,24.145103033333328,21.844980999999997,0.0,0.0,0.0,0.0,0.0,0.0,0.0,0.0,162859.43416666667,0.0,0.0,0.0,0.0
2020-05-16 04:15:00,4136001,0.0,3.486111111111111,100.0,23.826843103448272,23.826843103448272,21.786381275862077,0.0,0.0,0.0,0.0,0.0,0.0,0.0,0.0,162859.43416666667,0.0,0.0,0.0,0.0
2020-05-16 04:30:00,4136001,0.0,3.4722222222222223,100.0,23.926709899999995,23.926709899999995,21.9009552,0.0,0.0,0.0,0.0,0.0,0.0,0.0,0.0,162859.43416666667,0.0,0.0,0.0,0.0
2020-05-16 04:45:00,4136001,0.0,3.458333333333333,100.0,23.850604333333333,23.850604333333333,21.746985866666662,0.0,0.0,0.0,0.0,0.0,0.0,0.0,0.0,162859.43416666667,0.0,0.0,0.0,0.0
2020-05-16 05:00:00,4136001,0.0,3.4444444444444446,100.0,23.555944965517245,23.555944965517245,21.469423448275865,0.0,0.0,0.0,0.0,0.0,0.0,0.0,0.0,162859.43416666667,0.0,0.0,0.0,0.0
2020-05-16 05:15:00,4136001,0.0,3.6666666666666665,100.0,23.608172666666665,23.608172666666665,21.290091866666668,0.0,0.0,0.0,0.0,0.0,0.0,0.0,0.0,162859.43416666667,0.0,0.0,0.0,0.0
2020-05-16 05:30:00,4136001,0.0,3.888888888888889,100.0,23.65812755172414,23.65812755172414,21.13980431034483,0.0,0.0,0.0,0.0,0.0,0.0,0.0,0.0,162859.43416666667,0.0,0.0,0.0,0.0
2020-05-16 05:45:00,4136001,1.471635056,4.111111111111112,100.0,23.7527953,23.78049927319277,21.5181203,37.77629586640314,0.0,0.0,0.0,0.0,0.0,0.0,0.0,162859.43416666667,0.001478813696081548,0.0,-37.77629586640314,0.0
2020-05-16 06:00:00,4136001,13.0386867233333,4.333333333333333,100.0,24.044604566666663,24.283233533052705,22.218803,334.0281953008283,322.43180830037284,313.557619047619,302.6719047619048,0.011774376769184728,0.011650296200355377,0.9652832091314577,75.6679761904762,162935.10214285715,0.013076069496998563,0.012622110326888739,-20.470576253209288,-19.759903538468052
2020-05-16 06:15:00,4136001,35.1802419310345,4.222222222222222,100.0,23.96737555172414,24.6203124843714,22.682919206896557,900.0441493411515,870.4737433399222,1032.84,998.9066666666666,0.038784091227704764,0.038449417868272065,0.9671456049985154,325.39464285714286,163184.8288095238,0.03523367192566653,0.034076090950867964,132.7958506588484,128.43292332674446
2020-05-16 06:30:00,4136001,60.9255881666666,4.111111111111112,100.0,24.587146,25.734088548318272,23.915494766666665,1551.7741720472993,1506.174280576759,1892.047619047619,1836.4485714285715,0.07104812697446308,0.07068766369542209,0.9706143507915336,784.5067857142857,163643.94095238094,0.06074668906037578,0.058961608165071795,340.2734470003197,330.27429085181257
2020-05-16 06:45:00,4136001,87.55691486206891,4.0,100.0,25.354185862068967,27.026395847975554,25.459055931034484,2218.5121068458966,2158.9821953963865,2790.5666666666666,2715.6866666666665,0.10478834299309864,0.10453085851794115,0.973166740327532,1463.4284523809524,164322.8626190476,0.08684721498711671,0.08451682111553675,572.05455982077,556.70447127028
2020-05-16 07:00:00,4136001,127.1157612,3.888888888888889,100.0,25.97149146666667,28.434975210852716,27.4219574,3202.5562969057173,3137.5429925230637,3700.975238095238,3625.84380952381,0.1389750215578038,0.13956417392095535,0.9796995592410135,2369.8894047619046,165229.32357142857,0.1253692032454773,0.12282415316199113,498.41894118952087,488.30081700074606
2020-05-16 07:15:00,4136001,197.78686862068955,3.75,100.0,26.566503000000004,30.471475726963273,28.13256420689656,4941.887788247818,4849.497365784219,5537.123333333334,5433.604761904762,0.20792407003897287,0.2091476080730023,0.981304629643087,3728.290595238095,166587.72476190477,0.19345812441760885,0.18984135313306788,595.2355450855157,584.107396120543
2020-05-16 07:30:00,4136001,315.1637090000001,3.611111111111111,100.0,27.20900983333333,33.550331946009386,28.955779966666665,7775.506949038609,7640.076836619977,8557.279999999999,8408.233333333334,0.3213337285358946,0.32364552941275876,0.9825824716888234,5830.348928571429,168689.7830952381,0.30438469168285803,0.29908306269798307,781.7730509613903,768.1564967133563
2020-05-16 07:45:00,4136001,305.8852646666667,3.4722222222222223,100.0,27.765504866666664,34.0400743982906,34.27935109999999,7531.288339218412,7396.418939057417,8476.396666666667,8324.602380952381,0.3182964850337057,0.32042644844942203,0.9820921210175055,7911.499523809523,170770.9336904762,0.2948243624669568,0.2895446834628075,945.1083274482553,928.1834418949638
2020-05-16 08:00:00,4136001,440.46019896551707,3.333333333333333,100.0,28.175339344827588,37.389987858750544,37.61465024137931,10693.929224421543,10482.330704904476,11957.473333333332,11720.873333333331,0.44901411313741424,0.451154018301096,0.9802132111521887,10841.717857142858,173701.15202380953,0.4186310128957347,0.41034764943842145,1263.5441089117885,1238.542628428855
2020-05-16 08:15:00,4136001,489.9591566666666,3.138888888888889,100.0,29.1131897,39.65674805305932,42.300315966666666,11782.230832238818,11543.389416492684,13697.88619047619,13420.211904761903,0.5143682154429978,0.5165641121695886,0.979728676245876,14196.770833333334,177056.205,0.4612343250044556,0.45188449467577546,1915.6553582373726,1876.8224882692193
2020-05-16 08:30:00,4136001,549.968968275862,2.944444444444444,100.0,29.589240689655178,41.7728686975387,45.43612772413793,13106.392030447818,12834.921702246895,15514.132857142857,15192.791428571429,0.5825699469909769,0.5847933602965693,0.9792871808221315,17994.96869047619,180854.40285714285,0.5130707391054147,0.5024435976608689,2407.740826695039,2357.869726324534
2020-05-16 08:45:00,4136001,578.9609316666666,2.75,100.0,30.2332306,43.44849952642471,47.4030934,13698.176458225304,13411.18183998548,16532.306666666667,16185.933333333334,0.6208033092873937,0.6230208838209714,0.9790486989917923,22041.452023809525,184900.8861904762,0.5362370897719829,0.5250022250924048,2834.1302084413637,2774.751493347854
2020-05-16 09:00:00,4136001,656.5032462068967,2.5555555555555554,100.0,30.441318862068968,45.895726729462964,48.825895,15368.658696283866,15039.027501863144,18643.05904761905,18243.19761904762,0.7000640010711667,0.7022080760046597,0.9785517265406883,26602.251428571428,189461.6855952381,0.6016307964879181,0.5887268546433018,3274.4003513351818,3204.170117184476
2020-05-16 09:15:00,4136001,705.5703729999999,2.409722222222222,100.0,31.131299866666662,48.14016801588621,51.06770406666666,16355.500583447261,15999.604282178312,19964.404761904763,19529.97857142857,0.7496817470203883,0.7517382074914469,0.9782399627909195,31484.746071428573,194344.18023809523,0.640262305086994,0.6263301735047294,3608.904178457502,3530.3742892502596
2020-05-16 09:30:00,4136001,752.6609196666668,2.2638888888888884,100.0,31.737163266666663,50.328269100102915,54.30058103333333,17278.80471711468,16897.693502372582,21194.826666666668,20727.341428571428,0.7958852203588065,0.7978265021945562,0.9779434271651554,36666.58142857143,199526.0155952381,0.6764065264088737,0.6614873165931721,3916.0219495519887,3829.647926198846
2020-05-16 09:45:00,4136001,790.8359968965514,2.1180555555555554,100.0,32.11526058620689,52.14276288178274,56.264713862068966,18008.563413314398,17606.63539680659,21132.76523809524,20661.109047619047,0.7935547566786276,0.7952771183765999,0.977681283771328,41831.85869047619,204691.2928571429,0.7049741011279859,0.6892399842163472,3124.201824780841,3054.473650812459
2020-05-16 10:00:00,4136001,821.054863,1.972222222222222,100.0,32.42292273333334,53.75456375697584,56.885681000000005,18561.471252518826,18141.09427740964,17822.166666666668,17418.533333333333,0.6692387377283596,0.670465509075682,0.9773521737910653,46186.49202380952,209045.9261904762,0.7266185653755657,0.7101622343867544,-739.3045858521582,-722.5609440763074
2020-05-16 10:15:00,4136001,850.826361724138,1.8333333333333333,100.0,32.974314482758615,55.638841966086744,58.694732793103455,19070.69699742483,18627.678670617963,18617.789523809523,18185.29238095238,0.6991151072282585,0.699979216421897,0.9767696835167227,50732.81511904762,213592.2492857143,0.7465530239743523,0.7292103609558803,-452.90747361530885,-442.386289665581
2020-05-16 10:30:00,4136001,894.4378663333334,1.6944444444444442,100.0,33.75172126666666,58.19659326265828,59.498480466666656,19814.45709844294,19332.05389181833,16596.39476190476,16192.33857142857,0.6232098761635062,0.6232674310553505,0.9756539780914553,54780.899761904766,217640.33392857143,0.7756687061437831,0.756784258830234,-3218.06233653818,-3139.7153203897597
2020-05-16 10:45:00,4136001,884.2393555172413,1.5555555555555554,100.0,33.87341937931034,58.68372677317233,59.90787155172414,19544.516491814797,19075.17903344224,17041.871428571427,16632.631904761904,0.6399379344104891,0.6402149827364696,0.9759862333473884,58939.05773809524,221798.4919047619,0.7651014481039263,0.7467284804635834,-2502.64506324337,-2442.5471286803368
2020-05-16 11:00:00,4136001,919.8567633333332,1.4166666666666665,100.0,34.151093499999995,60.66757557936965,61.63474146666668,20145.311204341517,19651.316581357285,17570.84857142857,17139.98380952381,0.659801512279222,0.6597437195478376,0.9754784317812983,63224.05369047619,226083.48785714284,0.7886205208197893,0.7692823089198388,-2574.462632912946,-2511.3327718334767
2020-05-16 11:15:00,4136001,930.322056,1.3611111111111112,100.0,34.838311733333335,61.953498442747495,62.845888866666655,20252.26598862316,19755.53994941846,17782.994761904763,17346.83238095238,0.6677677967037589,0.6677056317301359,0.9754730636322998,67560.76178571429,230420.19595238092,0.7928074374094014,0.7733622998402215,-2469.271226718396,-2408.7075684660813
2020-05-16 11:30:00,4136001,981.0386655172416,1.3055555555555554,100.0,34.8309061724138,63.74451258317836,63.092098931034485,21176.784713039047,20652.7171416532,18292.120000000003,17839.440000000002,0.6868859173038641,0.6866668388397656,0.9752527317773992,72020.62178571429,234880.05595238096,0.8289992058343726,0.8084837401312663,-2884.6647130390447,-2813.2771416531978
2020-05-16 11:45:00,4136001,989.6192403333332,1.25,100.0,35.47820933333332,64.97505703328363,63.82718396666667,21237.573950408656,20710.49606512015,17485.090952380953,17051.142857142855,0.6565812348687677,0.6563240978595479,0.9751818222496001,76283.4075,239142.84166666667,0.8313788980390939,0.8107455887696281,-3752.4829980277027,-3659.353207977296
2020-05-16 12:00:00,4136001,979.7943403448272,1.1944444444444444,100.0,36.231302137931024,65.76987133735301,66.0162788275862,20947.155030375507,20437.598201389414,16119.827142857142,15727.699047619048,0.605314324080596,0.6053827579370071,0.9756741749298564,80215.33226190477,243074.76642857143,0.8200099835731262,0.800062564156955,-4827.327887518364,-4709.899153770366
2020-05-16 12:15:00,4136001,603.7395006666663,1.7152777777777777,100.0,36.35895586666666,52.7950683193085,62.1692596,13707.844939864026,13413.181359652344,13660.139047619046,13366.500952380951,0.5129507755373428,0.5144966969434098,0.9785040185744467,83556.9575,246416.39166666663,0.5366155779942856,0.5250804994970579,-47.70589224497962,-46.68040727139305
2020-05-16 12:30:00,4136001,731.962184,2.236111111111111,100.0,35.73488673333333,53.89997381609794,55.99414356666667,16536.49015534731,16162.542102095018,15947.42142857143,15586.794285714286,0.5988403310603464,0.5999591220249711,0.9773864919496613,87453.65607142857,250313.09023809523,0.6473474321921046,0.6327086358228623,-589.0687267758804,-575.7478163807318
2020-05-16 12:45:00,4136001,487.04871206896536,2.7569444444444446,100.0,35.67410289655172,46.77935768920897,53.97351393103448,11357.77395289523,11122.311907116824,11057.164285714289,10827.934285714286,0.4152066809736861,0.41678345324383187,0.9792686448282074,90160.63964285716,253020.0738095238,0.4446182796200912,0.4354007401494157,-300.60966718094096,-294.37762140253835
2020-05-16 13:00:00,4136001,702.16736,3.2777777777777777,100.0,35.51978066666666,50.32719019850977,53.70854493333333,16119.703624123618,15751.579176370893,16365.330476190476,15991.596666666666,0.6145331998761749,0.6155405736447183,0.9771630759264198,94158.53880952382,257017.97297619047,0.6310316548883781,0.6166208328976666,245.6268520668582,240.0174902957733
2020-05-16 13:15:00,4136001,682.5979027586205,3.486111111111111,100.0,35.95901182758621,49.93378719371623,54.68054724137932,15697.885284498068,15336.596465691344,16549.509047619045,16168.62,0.6214492745019388,0.6223544676178967,0.9769848732960545,98200.6938095238,261060.12797619047,0.6145188993735787,0.6003756690425267,851.623763120977,832.023534308657
2020-05-16 13:30:00,4136001,841.4354963333333,3.6944444444444446,100.0,36.162999766666665,52.9013227492275,57.33585800000001,19095.57320213396,18635.58390590738,17928.887142857144,17497.001904761906,0.673246189690363,0.6734858822427282,0.9759112077256117,102574.94428571429,265434.37845238094,0.7475268429099221,0.7295198240715357,-1166.686059276817,-1138.5820011454744
2020-05-16 13:45:00,4136001,448.0849389999999,3.9027777777777777,100.0,35.903057700000005,44.570916080887905,52.909612033333325,10550.269129557671,10327.422593247018,10545.405714285716,10322.661904761904,0.3959896762867592,0.39733476042715077,0.9788776443923761,105155.60976190477,268015.04392857145,0.4130072080468848,0.4042835229300066,-4.863415271955091,-4.76068848511386
2020-05-16 14:00:00,4136001,634.1718075862069,4.111111111111112,100.0,35.1703901724138,47.10886546582884,48.407383448275866,14767.271521371165,14452.339910040553,13976.78,13678.706666666669,0.5248409343069201,0.5265139637912641,0.9786736763880285,108575.28642857145,271434.7205952381,0.5780885308816271,0.5657600277956764,-790.4915213711647,-773.6332433738844
2020-05-16 14:15:00,4136001,713.821422,4.645833333333334,100.0,35.07013266666666,47.64239143114202,47.87680756666668,16583.07129967765,16197.254310637463,18914.999047619047,18474.928095238098,0.7102755979965976,0.7111277300716343,0.9767342863051138,113194.01845238096,276053.4526190476,0.6491709258045664,0.6340675009057531,2331.9277479413977,2277.6737846006345
2020-05-16 14:30:00,4136001,797.5343986206897,5.180555555555555,100.0,35.35950041379311,48.55606529541286,51.45765844827587,18453.38381207588,18017.687450349862,19055.24380952381,18605.33714285714,0.7155419176975407,0.716147370177191,0.9763893513426574,117845.35273809524,280704.7869047619,0.7223873091437025,0.7053312761929874,601.8599974479293,587.6496925072788
2020-05-16 14:45:00,4136001,464.079111,5.715277777777778,100.0,35.03316013333334,42.27393106596976,47.3765094,11035.777927389743,10807.684750282953,13788.718571428572,13503.72619047619,0.5177790548269167,0.5197787024577025,0.9793314817851958,121221.28428571428,284080.71845238097,0.43201322870971787,0.4230841554230947,2752.9406440388284,2696.0414401932376
2020-05-16 15:00:00,4136001,443.339748,6.25,100.0,34.605278500000004,41.149038618081185,44.74481596666666,10593.555058170949,10374.911813869863,13911.71380952381,13624.586190476191,0.5223976390557024,0.5244307853785887,0.9793607298871363,124627.43083333332,287486.865,0.41470170515447047,0.4061425646455222,3318.158751352861,3249.674376606328
2020-05-16 15:15:00,4136001,304.116098275862,6.222222222222221,100.0,34.166512275862075,38.667934689655176,40.970847448275855,7343.920360573082,7209.4576234808255,9766.206666666669,9587.393333333332,0.3667300359287194,0.3690331688053796,0.9816906052230443,127024.27916666667,289883.7133333333,0.28748954239863306,0.28222578287261013,2422.286306093587,2377.935709852506
2020-05-16 15:30:00,4136001,393.4120083333333,6.194444444444445,100.0,34.53725489999999,40.376827533714305,42.3535389,9431.579138339617,9242.918725245787,12599.598095238094,12347.56761904762,0.47312648808927754,0.47527642259687974,0.9799969432131549,130111.17107142856,292970.6052380952,0.3692142939259979,0.3618288794380813,3168.018956898477,3104.6488938018338
2020-05-16 15:45:00,4136001,311.6804148275861,6.166666666666667,100.0,34.33549355172413,38.97497576112553,41.21859306896552,7516.808089318877,7377.802104538853,10075.410952380951,9889.089523809524,0.3783409410303228,0.38064590829744255,0.9815073122622956,132583.44345238095,295442.8776190476,0.29425750985785387,0.2888158976135781,2558.602863062074,2511.2874192706704
2020-05-16 16:00:00,4136001,222.285774,6.138888888888889,100.0,34.15994656666666,37.47813993881176,39.69061286666666,5394.872103064345,5294.80544179928,7246.648095238095,7112.233809523809,0.27211829598077847,0.27376056126621784,0.9814515229734128,134361.5019047619,297220.9360714286,0.21119092202248366,0.20727365205712583,1851.7759921737506,1817.4283677245294
2020-05-16 16:15:00,4136001,219.2462375862069,5.784722222222223,100.0,33.8724427586207,37.26805568441474,38.416914103448285,5325.809033397207,5233.652806687538,7005.188571428571,6883.972857142857,0.2630512689492666,0.2649744543815857,0.9826962953174301,136082.4951190476,298941.9292857143,0.20848733738098285,0.204879734064887,1679.379538031364,1650.3200504553188
2020-05-16 16:30:00,4136001,116.78789733333328,5.430555555555555,100.0,33.260399433333326,35.13968010488105,37.33207720000001,2862.3461070882313,2800.665186965758,3638.2066666666665,3559.8066666666664,0.1366180040134422,0.13702230511051483,0.9784509217911388,136972.44678571427,299831.88095238095,0.11205112965700652,0.10963653110063644,775.8605595784352,759.1414797009083
2020-05-16 16:45:00,4136001,66.9655043666666,5.076388888888888,100.0,31.583788233333337,32.705065881902414,33.56913959999999,1657.9116242524462,1613.2541627967782,2197.7514285714287,2138.552857142857,0.08252758597801477,0.08231611138612167,0.9730640277790417,137507.085,300366.51916666667,0.06490160987482663,0.06315342191414282,539.8398043189825,525.298694346079
2020-05-16 17:00:00,4136001,89.0762916206896,4.722222222222222,100.0,31.56179186206896,33.11635192525726,33.81071955172414,2201.580331873921,2149.2861888085868,2814.942380952381,2748.0790476190477,0.10570367346693545,0.10577768991125086,0.976246997527988,138194.10476190475,301053.53892857145,0.08618439349672816,0.08413725538495152,613.3620490784601,598.792858810461
2020-05-16 17:15:00,4136001,30.7999431833333,4.527777777777778,100.0,31.8386771,32.388970885658985,32.7122988,763.5304361261427,738.8758724254567,989.4195238095238,957.4709523809524,0.03715361244132758,0.03685449499268634,0.967709782696059,138433.4725,301292.9066666667,0.029889623649486895,0.028924481206711948,225.88908768338104,218.59507995549575
2020-05-16 17:30:00,4136001,5.5210760799999,4.333333333333333,100.0,31.22422073333334,31.325265317520746,29.016643266666662,137.46753080829936,132.69335297168672,351.05333333333334,338.8614285714286,0.01318237530090803,0.013043285325204709,0.9652705056347428,138518.18785714285,301377.6220238095,0.005381386995823033,0.005194494146474328,213.58580252503398,206.16807559974185
2020-05-16 17:45:00,4136001,2.7049280665517,4.138888888888889,100.0,30.52630317241379,30.577042772236556,27.02970837931034,67.55595111880488,65.15411474764122,170.07333333333332,164.02666666666667,0.006386409971921926,0.006313632753350102,0.9644467092626711,138559.19452380954,301418.6286904762,0.002644586068459772,0.002550562331087932,102.51738221452844,98.87255191902545
2020-05-16 18:00:00,4136001,0.0,3.944444444444444,100.0,29.6090585,29.6090585,26.4780304,0.0,0.0,17.282857142857143,16.682380952380953,0.0006489871694589292,0.0006421298982979369,0.9652559651733069,138563.3651190476,301422.7992857143,0.0,0.0,17.282857142857143,16.682380952380953
2020-05-16 18:15:00,4136001,0.4274467713793,3.6597222222222223,100.0,29.016219655172417,29.024763037401556,26.25001072413793,10.743340167408144,0.0,0.0,0.0,0.0,0.0,0.0,138563.3651190476,301422.7992857143,0.0004205652835156838,0.0,-10.743340167408144,0.0
2020-05-16 18:30:00,4136001,1.152606812,3.375,100.0,29.1915681,29.21553829469689,26.274048066666676,28.946862886291267,0.0,0.0,0.0,0.0,0.0,0.0,138563.3651190476,301422.7992857143,0.0011331713793811418,0.0,-28.946862886291267,0.0
2020-05-16 18:45:00,4136001,0.6664907476666,3.0902777777777777,100.0,29.55729153333333,29.571737282402236,25.794328700000005,16.714161584288068,0.0,0.0,0.0,0.0,0.0,0.0,138563.3651190476,301422.7992857143,0.0006543026652686658,0.0,-16.714161584288068,0.0
2020-05-16 19:00:00,4136001,1.4265874813792998,2.8055555555555554,100.0,30.232590344827585,30.264873383555337,27.727659999999997,35.674723416468645,0.0,0.0,0.0,0.0,0.0,0.0,138563.3651190476,301422.7992857143,0.0013965442715391913,0.0,-35.674723416468645,0.0
2020-05-16 19:15:00,4136001,0.0869891951333333,2.326388888888889,100.0,29.965409300000005,29.967535525362262,29.1194042,2.1779847721868673,0.0,0.0,0.0,0.0,0.0,0.0,138563.3651190476,301422.7992857143,8.526070746474329e-05,0.0,-2.1779847721868673,0.0
2020-05-16 19:30:00,4136001,0.0,1.8472222222222223,100.0,29.82385472413793,29.82385472413793,28.76035496551724,0.0,0.0,0.0,0.0,0.0,0.0,0.0,138563.3651190476,301422.7992857143,0.0,0.0,0.0,0.0
2020-05-16 19:45:00,4136001,0.0,1.3680555555555556,100.0,29.420118100000003,29.420118100000003,28.404772933333337,0.0,0.0,0.0,0.0,0.0,0.0,0.0,138563.3651190476,301422.7992857143,0.0,0.0,0.0,0.0
2020-05-16 20:00:00,4136001,0.0,0.888888888888889,100.0,28.763137344827587,28.763137344827587,27.835330310344837,0.0,0.0,0.0,0.0,0.0,0.0,0.0,138563.3651190476,301422.7992857143,0.0,0.0,0.0,0.0
2020-05-16 20:15:00,4136001,0.0,1.0625,100.0,28.205944733333336,28.205944733333336,27.102158700000004,0.0,0.0,0.0,0.0,0.0,0.0,0.0,138563.3651190476,301422.7992857143,0.0,0.0,0.0,0.0
2020-05-16 20:30:00,4136001,0.0,1.2361111111111112,100.0,28.205386266666668,28.205386266666668,26.741445866666677,0.0,0.0,0.0,0.0,0.0,0.0,0.0,138563.3651190476,301422.7992857143,0.0,0.0,0.0,0.0
2020-05-16 20:45:00,4136001,0.0,1.4097222222222223,100.0,28.36054320689655,28.36054320689655,26.71066275862069,0.0,0.0,0.0,0.0,0.0,0.0,0.0,138563.3651190476,301422.7992857143,0.0,0.0,0.0,0.0
2020-05-16 21:00:00,4136001,0.0,1.5833333333333333,100.0,28.5787841,28.5787841,26.9042196,0.0,0.0,0.0,0.0,0.0,0.0,0.0,138563.3651190476,301422.7992857143,0.0,0.0,0.0,0.0
2020-05-16 21:15:00,4136001,0.0,1.659722222222222,100.0,28.61048517241379,28.61048517241379,27.115082793103443,0.0,0.0,0.0,0.0,0.0,0.0,0.0,138563.3651190476,301422.7992857143,0.0,0.0,0.0,0.0
2020-05-16 21:30:00,4136001,0.0,1.7361111111111112,100.0,28.4075919,28.4075919,26.798993800000005,0.0,0.0,0.0,0.0,0.0,0.0,0.0,138563.3651190476,301422.7992857143,0.0,0.0,0.0,0.0
2020-05-16 21:45:00,4136001,0.0,1.8125,100.0,28.27099406666666,28.27099406666666,26.638355366666666,0.0,0.0,0.0,0.0,0.0,0.0,0.0,138563.3651190476,301422.7992857143,0.0,0.0,0.0,0.0
2020-05-16 22:00:00,4136001,0.0,1.8888888888888888,100.0,28.258463862068968,28.258463862068968,26.72932162068966,0.0,0.0,0.0,0.0,0.0,0.0,0.0,138563.3651190476,301422.7992857143,0.0,0.0,0.0,0.0
2020-05-16 22:15:00,4136001,0.0,1.9444444444444444,100.0,28.13605563333333,28.13605563333333,26.82591456666667,0.0,0.0,0.0,0.0,0.0,0.0,0.0,138563.3651190476,301422.7992857143,0.0,0.0,0.0,0.0
2020-05-16 22:30:00,4136001,0.0,1.9999999999999998,100.0,28.31342096551724,28.31342096551724,27.72299413793103,0.0,0.0,0.0,0.0,0.0,0.0,0.0,138563.3651190476,301422.7992857143,0.0,0.0,0.0,0.0
2020-05-16 22:45:00,4136001,0.0,2.055555555555555,100.0,28.208466666666663,28.208466666666663,27.78852123333333,0.0,0.0,0.0,0.0,0.0,0.0,0.0,138563.3651190476,301422.7992857143,0.0,0.0,0.0,0.0
2020-05-16 23:00:00,4136001,0.0,2.111111111111111,100.0,27.52852131034483,27.52852131034483,27.18614355172414,0.0,0.0,0.0,0.0,0.0,0.0,0.0,138563.3651190476,301422.7992857143,0.0,0.0,0.0,0.0
2020-05-16 23:15:00,4136001,0.0,2.4861111111111107,100.0,27.13286423333333,27.13286423333333,26.697984833333336,0.0,0.0,0.0,0.0,0.0,0.0,0.0,138563.3651190476,301422.7992857143,0.0,0.0,0.0,0.0
2020-05-16 23:30:00,4136001,0.0,2.861111111111111,100.0,26.87304173333333,26.87304173333333,26.26826893333333,0.0,0.0,0.0,0.0,0.0,0.0,0.0,138563.3651190476,301422.7992857143,0.0,0.0,0.0,0.0
2020-05-16 23:45:00,4136001,0.0,3.236111111111111,100.0,26.525786206896548,26.525786206896548,25.57391037931034,0.0,0.0,0.0,0.0,0.0,0.0,0.0,138563.3651190476,301422.7992857143,0.0,0.0,0.0,0.0
2020-05-17 00:00:00,4136001,0.0,3.611111111111111,100.0,26.290046066666665,26.290046066666665,25.420961466666665,0.0,0.0,0.0,0.0,0.0,0.0,0.0,0.0,301422.7992857143,0.0,0.0,0.0,0.0
2020-05-17 00:15:00,4136001,0.0,3.8402777777777777,100.0,26.14886572413793,26.14886572413793,25.07488058620689,0.0,0.0,0.0,0.0,0.0,0.0,0.0,0.0,301422.7992857143,0.0,0.0,0.0,0.0
2020-05-17 00:30:00,4136001,0.0,4.069444444444445,100.0,25.88355113333333,25.88355113333333,24.7258465,0.0,0.0,0.0,0.0,0.0,0.0,0.0,0.0,301422.7992857143,0.0,0.0,0.0,0.0
2020-05-17 00:45:00,4136001,0.0,4.298611111111111,100.0,25.90616780000001,25.90616780000001,24.595490533333336,0.0,0.0,0.0,0.0,0.0,0.0,0.0,0.0,301422.7992857143,0.0,0.0,0.0,0.0
2020-05-17 01:00:00,4136001,0.0,4.527777777777778,100.0,25.762797379310346,25.762797379310346,24.34820031034483,0.0,0.0,0.0,0.0,0.0,0.0,0.0,0.0,301422.7992857143,0.0,0.0,0.0,0.0
2020-05-17 01:15:00,4136001,0.0,4.618055555555555,100.0,25.5164062,25.5164062,23.86896563333333,0.0,0.0,0.0,0.0,0.0,0.0,0.0,0.0,301422.7992857143,0.0,0.0,0.0,0.0
2020-05-17 01:30:00,4136001,0.0,4.708333333333334,100.0,25.3675354,25.3675354,23.30727846666667,0.0,0.0,0.0,0.0,0.0,0.0,0.0,0.0,301422.7992857143,0.0,0.0,0.0,0.0
2020-05-17 01:45:00,4136001,0.0,4.798611111111112,100.0,24.830521599999997,24.830521599999997,22.68963426666667,0.0,0.0,0.0,0.0,0.0,0.0,0.0,0.0,301422.7992857143,0.0,0.0,0.0,0.0
2020-05-17 02:00:00,4136001,0.0,4.888888888888889,100.0,24.73006183333333,24.73006183333333,22.41169846666667,0.0,0.0,0.0,0.0,0.0,0.0,0.0,0.0,301422.7992857143,0.0,0.0,0.0,0.0
2020-05-17 02:15:00,4136001,0.0,4.708333333333334,100.0,24.467926172413787,24.467926172413787,22.172177068965517,0.0,0.0,0.0,0.0,0.0,0.0,0.0,0.0,301422.7992857143,0.0,0.0,0.0,0.0
2020-05-17 02:30:00,4136001,0.0,4.527777777777778,100.0,24.2546642,24.2546642,21.830827966666668,0.0,0.0,0.0,0.0,0.0,0.0,0.0,0.0,301422.7992857143,0.0,0.0,0.0,0.0
2020-05-17 02:45:00,4136001,0.0,4.347222222222222,100.0,24.288478482758624,24.288478482758624,22.09685979310345,0.0,0.0,0.0,0.0,0.0,0.0,0.0,0.0,301422.7992857143,0.0,0.0,0.0,0.0
2020-05-17 03:00:00,4136001,0.0,4.166666666666667,100.0,24.1800069,24.1800069,22.02151296666667,0.0,0.0,0.0,0.0,0.0,0.0,0.0,0.0,301422.7992857143,0.0,0.0,0.0,0.0
2020-05-17 03:15:00,4136001,0.0,3.923611111111111,100.0,23.95225926666667,23.95225926666667,21.7182801,0.0,0.0,0.0,0.0,0.0,0.0,0.0,0.0,301422.7992857143,0.0,0.0,0.0,0.0
2020-05-17 03:30:00,4136001,0.0,3.6805555555555554,100.0,24.118318793103448,24.118318793103448,22.020067,0.0,0.0,0.0,0.0,0.0,0.0,0.0,0.0,301422.7992857143,0.0,0.0,0.0,0.0
2020-05-17 03:45:00,4136001,0.0,3.4375,100.0,24.318871133333328,24.318871133333328,22.570317666666664,0.0,0.0,0.0,0.0,0.0,0.0,0.0,0.0,301422.7992857143,0.0,0.0,0.0,0.0
2020-05-17 04:00:00,4136001,0.0,3.194444444444444,100.0,24.36630162068965,24.36630162068965,22.70163386206896,0.0,0.0,0.0,0.0,0.0,0.0,0.0,0.0,301422.7992857143,0.0,0.0,0.0,0.0
2020-05-17 04:15:00,4136001,0.0447882434333333,3.006944444444444,100.0,24.637875333333326,24.638858232185214,23.12236843333333,1.145768430339378,0.0,0.0,0.0,0.0,0.0,0.0,0.0,301422.7992857143,4.485294305497663e-05,0.0,-1.145768430339378,0.0
2020-05-17 04:30:00,4136001,0.0,2.8194444444444446,100.0,24.72773365517241,24.72773365517241,23.30426886206897,0.0,0.0,0.0,0.0,0.0,0.0,0.0,0.0,301422.7992857143,0.0,0.0,0.0,0.0
2020-05-17 04:45:00,4136001,0.0,2.631944444444444,100.0,24.89812,24.89812,23.517964733333333,0.0,0.0,0.0,0.0,0.0,0.0,0.0,0.0,301422.7992857143,0.0,0.0,0.0,0.0
2020-05-17 05:00:00,4136001,0.0,2.4444444444444446,100.0,24.736520689655173,24.736520689655173,23.29568382758621,0.0,0.0,0.0,0.0,0.0,0.0,0.0,0.0,301422.7992857143,0.0,0.0,0.0,0.0
2020-05-17 05:15:00,4136001,0.0,2.4375,100.0,24.85698943333333,24.85698943333333,23.20309153333333,0.0,0.0,0.0,0.0,0.0,0.0,0.0,0.0,301422.7992857143,0.0,0.0,0.0,0.0
2020-05-17 05:30:00,4136001,0.0,2.4305555555555554,100.0,24.6831023,24.6831023,23.135338366666662,0.0,0.0,0.0,0.0,0.0,0.0,0.0,0.0,301422.7992857143,0.0,0.0,0.0,0.0
2020-05-17 05:45:00,4136001,0.0939870553793103,2.423611111111111,100.0,24.473037241379306,24.475297768235883,22.776863793103452,2.405938358610545,0.0,0.0,0.0,0.0,0.0,0.0,0.0,301422.7992857143,9.418431625016815e-05,0.0,-2.405938358610545,0.0
2020-05-17 06:00:00,4136001,5.539939377931,2.4166666666666665,100.0,24.319194931034485,24.452591015261092,23.056784827586203,141.82762376373327,136.79317464433097,85.45333333333333,82.42,0.003208851202230224,0.003172469587451931,0.9645030425963489,20.605,301443.40428571426,0.005552069828292553,0.005354988242095556,-56.37429043039994,-54.37317464433097
2020-05-17 06:15:00,4136001,18.3704660333333,2.3749999999999996,100.0,25.05646456666667,25.501863185489153,24.00412286666667,468.331510337145,452.1896023516326,530.2542857142857,511.9780952380953,0.019911535756771896,0.019706805830919993,0.9655331583948044,148.59952380952382,301571.3988095238,0.018333588190923664,0.017701687310692212,61.92277537714074,59.788492886462734
2020-05-17 06:30:00,4136001,26.2915067333333,2.333333333333333,100.0,25.291162066666672,25.933044555273444,24.82253713333333,669.1099468813397,646.5513470072171,790.0552380952381,763.4190476190475,0.02966730028776163,0.029385145729834337,0.9662856605565855,339.45428571428573,301762.2535714286,0.026193382144503414,0.025310289567712554,120.94529121389837,116.8677006118304
2020-05-17 06:45:00,4136001,31.1807835517241,2.2916666666666665,100.0,25.52368889655172,26.29027238891126,25.355253000000005,792.4022403057539,766.0818228333958,942.8909523809524,911.5719047619048,0.03540642182227672,0.03508777171357402,0.9667840193609218,567.3472619047619,301990.146547619,0.03101985673539847,0.029989501774648496,150.48871207519846,145.49008192850897
2020-05-17 07:00:00,4136001,47.666922,2.25,100.0,25.723395833333328,26.903562260666828,25.94643143333333,1208.3800205505781,1170.878391494246,1497.9885714285715,1451.4990476190476,0.05625084757788704,0.05587037836431535,0.968965368163531,930.2220238095238,302353.02130952384,0.0473039741847946,0.04583591276156766,289.60855087799337,280.6206561248016
2020-05-17 07:15:00,4136001,69.4368633448276,2.2916666666666665,100.0,26.135726448275864,27.842840482567876,27.00165524137931,1753.5945540548037,1704.0579553426057,2247.4266666666667,2183.94,0.08439293682233108,0.08406313068211321,0.9717513956703073,1476.207023809524,302899.00630952383,0.06864727164043076,0.0667080820255473,493.83211261186307,479.8820446573943
2020-05-17 07:30:00,4136001,127.0576554999999,2.333333333333333,100.0,26.6747182,29.77671174248047,28.918445866666666,3183.672949454511,3117.346631238144,4074.069523809523,3989.193333333333,0.15298505487727068,0.15355004281079826,0.9791667299784258,2473.505357142857,303896.3046428572,0.12462998432000436,0.12203353420388115,890.396574355012,871.8467020951894
2020-05-17 07:45:00,4136001,235.7182519999999,2.3749999999999996,100.0,27.6051717,33.32024630298218,32.49521086666666,5821.023865931004,5716.176397735284,7276.105238095238,7145.049047619047,0.2732244387675402,0.27502366906604964,0.9819881397825275,4259.767619047619,305682.5669047619,0.22787331634100624,0.22376889401978015,1455.0813721642335,1428.8726498837632
2020-05-17 08:00:00,4136001,430.666714137931,2.4166666666666665,100.0,28.544006379310343,38.914021167124716,37.891594034482765,10389.087408411575,10184.284102374851,12329.71619047619,12086.656666666666,0.46299217453152186,0.4652335681748742,0.9802866894862292,7281.431785714285,308704.23107142857,0.4066974910319661,0.39868013710608147,1940.6287820646157,1902.3725642918143
2020-05-17 08:15:00,4136001,461.7634923333333,2.270833333333333,100.0,29.2123748,40.60480044197455,43.30446356666667,11059.467211544541,10835.773806512556,13375.270476190475,13104.736666666666,0.5022536988728143,0.5044209964397742,0.9797735821488327,10557.615952380953,311980.4152380952,0.43294058373632965,0.42418374658495034,2315.803264645934,2268.96286015411
2020-05-17 08:30:00,4136001,512.0760037931033,2.1249999999999996,100.0,29.68912768965517,42.64160027832605,44.71320524137932,12157.903728217903,11908.657560541844,14594.586666666666,14295.386666666667,0.5480401424331393,0.5502509031893453,0.9794992481230484,14131.46261904762,315554.2619047619,0.47594064310894124,0.4661835020764081,2436.682938448763,2386.7291061248234
2020-05-17 08:45:00,4136001,470.911494,1.9791666666666665,100.0,29.98807683333333,42.20764203605795,45.068606466666665,11201.441329693944,10973.228020362229,13939.560952380953,13655.56238095238,0.5234433248627997,0.5256231054734787,0.9796264335441596,17545.353214285715,318968.1525,0.43849838832233096,0.42956461226706705,2738.119622687009,2682.334360590152
2020-05-17 09:00:00,4136001,535.8374679310344,1.8333333333333333,100.0,30.047706344827592,44.32148013094998,44.35975200000001,12630.080902175168,12366.370723441294,15864.659523809523,15533.412857142856,0.5957325454745206,0.5979043906651361,0.9791204679703629,21428.70642857143,322851.5057142857,0.4944247759708424,0.484101418024713,3234.578621634355,3167.0421337015614
2020-05-17 09:15:00,4136001,712.6864326666665,1.5347222222222223,100.0,30.70545853333333,50.78254657239711,48.360558,16328.030589206606,15970.679102616925,20434.131904761904,19986.91523809524,0.767320432935632,0.7693263860693609,0.9781142321704185,26425.43523809524,327848.2345238095,0.639186948099691,0.6251978509538824,4106.101315555297,4016.236135478315
2020-05-17 09:30:00,4136001,690.3431299999999,1.236111111111111,100.0,31.6398318,52.274808036735905,51.3436818,15710.870452383553,15367.965535951766,17300.71285714286,16923.108095238094,0.6496576679405845,0.6513958475770982,0.9781740345023492,30656.21226190476,332079.01154761907,0.6150272245990821,0.6016036616148666,1589.8424047593053,1555.1425592863288
2020-05-17 09:45:00,4136001,714.3508155172415,0.9375,100.0,31.79815365517241,54.53912669193298,50.57241631034482,16091.96082583532,15737.81899653664,17717.393333333333,17327.48,0.6653044027701563,0.6669607295217372,0.9779926241971637,34988.08226190476,336410.88154761906,0.6299456185490436,0.6160821685862846,1625.4325074980134,1589.6610034633595
2020-05-17 10:00:00,4136001,675.6343696666665,0.6388888888888888,100.0,32.372193566666674,55.37642814843946,52.08409933333333,15162.003162286575,14830.797063217384,15965.435714285715,15616.679047619047,0.5995167840448792,0.6011094313949189,0.9781555184018809,38892.25202380952,340315.0513095238,0.5935409341274839,0.5805753401142056,803.4325519991398,785.8819844016634
2020-05-17 10:15:00,4136001,572.2676586666666,1.0347222222222223,100.0,32.30568233333333,50.14584003473358,49.34352216666668,13148.191711267542,12870.595621624327,13423.970476190476,13140.551904761904,0.5040824286303656,0.5057995787453371,0.9788871279230493,42177.39,343600.1892857143,0.5147070546591326,0.5038401104570103,275.778764922934,269.956283137577
2020-05-17 10:30:00,4136001,670.7603986206897,1.4305555555555556,100.0,32.44208482758621,51.725120579223116,48.37232193103448,15302.880116953214,14968.8632986835,17289.507619047617,16912.12857142857,0.6492369009519765,0.650973229215409,0.9781729441963232,46405.42214285714,347828.22142857144,0.5990557884890669,0.5859801643642004,1986.627502094403,1943.2652727450695
2020-05-17 10:45:00,4136001,748.7384033333335,1.8263888888888888,100.0,32.98318686666667,52.953538359187405,50.800837966666656,16987.906590153205,16606.50129206314,16788.320952380953,16411.396666666667,0.6304168810049284,0.6316993061466877,0.9775484226931682,50508.27130952381,351931.07059523807,0.6650188526190333,0.6500881304389564,-199.58563777225208,-195.10462539647415
2020-05-17 11:00:00,4136001,744.102428275862,2.2222222222222223,100.0,33.59000886206896,52.10001951569737,51.39774210344827,16947.61738259659,16566.37670965004,15127.646666666667,14787.346666666666,0.5680570353399209,0.5691871824691663,0.9775047628029386,54205.10797619048,355627.90726190474,0.6634416669640474,0.6485173892992774,-1819.9707159299214,-1779.030042983375
2020-05-17 11:15:00,4136001,681.933306,2.5416666666666665,100.0,33.80211653333333,49.89114109390901,51.10897836666666,15685.572954204723,15343.323804724821,13797.64238095238,13496.586666666666,0.5181141520759291,0.5195038914633491,0.9781806408679412,57579.25464285714,359002.0539285714,0.6140369134548727,0.6006390215198599,-1887.9305732523426,-1846.7371380581553
2020-05-17 11:30:00,4136001,498.1052958620688,2.861111111111111,100.0,33.97323479310345,45.14903232198092,47.9988477586207,11698.586591629835,11456.990706440356,12095.34,11845.550476190476,0.45419113317658744,0.45595302878356014,0.9793482842309911,60540.64226190476,361963.4415476191,0.45795993703777,0.4485022785844727,396.75340837016483,388.5597697501198
2020-05-17 11:45:00,4136001,455.3650786666666,3.1805555555555554,100.0,33.6794626,43.41885044443731,44.84200643333333,10775.286489588076,10555.119515622146,14267.708571428571,13976.18238095238,0.5357655695408688,0.5379642508159784,0.9795674134345594,64034.68785714285,365457.4871428571,0.42181587354034356,0.41319708418955353,3492.4220818404956,3421.0628653302338
2020-05-17 12:00:00,4136001,525.3698983333334,3.5,100.0,33.770686966666666,44.505666499427875,46.61196483333334,12373.465086096081,12114.41836487725,16429.01619047619,16085.06380952381,0.6169246569777189,0.6191382643525599,0.979064334895977,68055.95380952381,369478.7530952381,0.48437913823042006,0.4742383388090527,4055.5511043801107,3970.6454446465596
2020-05-17 12:15:00,4136001,578.2548813793103,4.0,100.0,34.136448310344825,45.180277213692996,48.85399431034482,13579.147394695952,13290.10398682069,17958.74,17576.47333333333,0.674367191912233,0.6765448568874043,0.9787141711129695,72450.07214285714,373872.8714285714,0.5315775061536877,0.520262438317506,4379.592605304049,4286.369346512642
2020-05-17 12:30:00,4136001,610.0332046666666,4.5,100.0,34.32172226666668,45.25813683580735,50.20386160000001,14320.543862984397,14012.87643489496,18671.42952380952,18270.286190476192,0.701129338525898,0.7032507558035516,0.9785156603664549,77017.6436904762,378440.4429761905,0.560600660128573,0.5485565251475811,4350.885660825121,4257.409755581231
2020-05-17 12:45:00,4136001,715.6156220689654,5.0,100.0,34.64678210344827,46.734883827586195,51.27062162068966,16691.111491808537,16320.97182948945,18492.442380952383,18082.356666666667,0.6944082068141544,0.6960170661788241,0.9778241453542063,81538.23285714285,382961.0321428572,0.6534003324254662,0.6389106216280858,1801.3308891438464,1761.3848371772165
2020-05-17 13:00:00,4136001,754.738481,5.5,100.0,35.0309509,47.08362546084318,53.76064456666667,17576.723454597093,17182.036144364145,18502.626666666667,18087.14809523809,0.6947906361025551,0.6962014954608344,0.977544887063139,86060.01988095237,387482.81916666665,0.6880690332588411,0.672618365408657,925.9032120695738,905.1119508739466
2020-05-17 13:15:00,4136001,799.8285427586208,5.048611111111112,100.0,35.52410268965517,48.95926067493415,56.54186906896551,18473.514074446688,18049.73605626556,14833.030476190475,14492.764285714286,0.5569939266216417,0.5578482641899791,0.9770602378912134,89683.21095238095,391106.0102380952,0.7231753405537947,0.70658587027855,-3640.4835982562126,-3556.971770551274
2020-05-17 13:30:00,4136001,688.7480663333334,4.597222222222222,100.0,36.10341906666667,48.30552848881803,59.10052996666666,15953.91301618424,15605.1249072788,9830.653333333334,9615.733333333334,0.3691500674915185,0.3701240179695193,0.9781377704296357,92087.14428571428,393509.9435714286,0.6245415156071341,0.6108876456167077,-6123.259682850907,-5989.391573945466
2020-05-17 13:45:00,4136001,761.2834286206895,4.145833333333333,100.0,36.21466379310345,50.4822630738173,55.30187886206895,17464.77241429848,17063.53365333065,17951.210952380952,17538.796666666665,0.6740844692545949,0.6750946254004283,0.9770258236723809,96471.84345238096,397894.64273809525,0.6836865302132895,0.6679793953153513,486.4385380824715,475.2630133360144
2020-05-17 14:00:00,4136001,778.9892303333335,3.6944444444444446,100.0,36.4980315,51.994137136231025,54.589568,17750.62432793594,17348.367192081383,16154.867142857143,15788.77238095238,0.6066301082839759,0.6077335622636793,0.977338423233853,100419.03654761903,401841.8358333333,0.6948766618882732,0.6791296610718882,-1595.7571850787972,-1559.5948111290036
2020-05-17 14:15:00,4136001,732.2839319999999,3.1875,100.0,36.60296943333335,52.24922619312182,52.84633386666666,16667.275901182908,16295.169659485571,17191.741904761904,16807.926666666666,0.6455657085293371,0.646962341399203,0.9776744415882066,104621.01821428572,406043.8175,0.6524672499973735,0.637900554295775,524.4660035789966,512.7570071810951
2020-05-17 14:30:00,4136001,585.5804424137931,2.680555555555556,100.0,36.83124206896552,50.34411716793387,51.13231051724138,13442.19704491232,13156.395007733949,14813.366666666669,14498.411428571428,0.5562555325020728,0.5580656312000529,0.9787384431113854,108245.62107142856,409668.42035714287,0.5262163650386502,0.515028185857661,1371.1696217543486,1342.016420837479
2020-05-17 14:45:00,4136001,492.684559,2.173611111111111,100.0,36.53318553333334,48.89123554901027,49.36536973333334,11382.88233719814,11149.611774302348,14521.96,14224.36,0.545312944352542,0.5475169801136588,0.979506898517831,111801.71107142857,413224.5103571429,0.445601187598283,0.43646943724025633,3139.0776628018593,3074.7482256976527
2020-05-17 15:00:00,4136001,301.3766968965517,1.6666666666666665,100.0,36.10952948275863,44.389109067828734,45.67703886206896,7101.5864896498415,6972.457835709988,9389.083809523809,9218.361428571428,0.35256872604966616,0.3548285765382528,0.9818169286358688,114106.30142857145,415529.1007142857,0.2780029943100349,0.27294804602505335,2287.497319873967,2245.9035928614403
2020-05-17 15:15:00,4136001,245.1468573333333,1.9027777777777777,100.0,35.419343399999995,41.868030953158836,40.62791256666667,5839.747377208071,5739.266979437144,7986.613333333333,7849.193333333334,0.2999046707335146,0.3021272401847907,0.9827937081382848,116068.59976190476,417491.399047619,0.22860627822306015,0.22467281187853372,2146.8659561252616,2109.9263538961895
2020-05-17 15:30:00,4136001,283.091291,2.138888888888889,100.0,35.6123197,42.75567803964169,40.969849633333325,6717.961525067716,6598.295590388837,9297.790476190476,9132.170476190477,0.349140577480206,0.3515109573300256,0.9821871658192218,118351.64238095238,419774.44166666665,0.26298537972471,0.25830086476370473,2579.8289511227595,2533.8748858016397
2020-05-17 15:45:00,4136001,278.5615713793103,2.375,100.0,35.5120261724138,42.26585260905606,41.27848017241379,6624.410102872179,6507.764761058189,9066.5,8906.853333333333,0.3404554075326142,0.34283816209530277,0.9823915880806632,120578.35571428572,422001.155,0.25932315924338145,0.2547568902352002,2442.089897127821,2399.0885722751436
2020-05-17 16:00:00,4136001,279.5773376666665,2.611111111111111,100.0,35.33530586666666,41.85834220979933,40.34242463333332,6660.207248703239,6542.054673400506,9112.459523809524,8950.80380952381,0.3421812298905888,0.34452988193354983,0.9822599251208379,122816.05666666669,424238.855952381,0.2607244959367093,0.2560992238559603,2452.252275106285,2408.749136123304
2020-05-17 16:15:00,4136001,427.9635396296296,3.1666666666666665,100.0,35.821209925925935,44.993167483354775,42.76871762962963,10058.041111520843,9853.374762967485,14004.575824175825,13719.603296703295,0.5258846930503697,0.5280881365044462,0.9796514702729813,126245.95749084248,427668.7567765568,0.39373815273129154,0.38572616022577744,3946.5347126549823,3866.22853373581
2020-05-17 16:30:00,4136001,404.52812166666655,3.7222222222222223,100.0,36.07769153333333,44.09449933489232,44.56987203333333,9544.40578191282,9352.322097531653,13119.66238095238,12855.625714285714,0.4926553799809684,0.49483234174031104,0.9798747361784245,129459.86391941393,430882.6632051282,0.37363107386622896,0.36611164993273254,3575.2565990395615,3503.3036167540613
2020-05-17 16:45:00,4136001,304.0243293333332,4.277777777777778,100.0,36.44374493333334,42.04684720633985,43.57221573333334,7236.737673194109,7099.98260222918,9941.61238095238,9753.74238095238,0.3733166817061077,0.37543619348959495,0.9811026629483213,131898.29951465203,433321.0988003663,0.28329370417671207,0.2779402075642662,2704.8747077582702,2653.7597787232007
2020-05-17 17:00:00,4136001,93.825594,4.833333333333333,100.0,35.507159172413786,37.12317009215199,38.92884879310344,2280.5487644996515,2224.4350119952323,2960.6,2887.7533333333336,0.11117325092825871,0.11115396294665057,0.9753946272152042,132620.23784798535,434043.0371336996,0.08927573945976322,0.08707907660971745,680.0512355003484,663.3183213381012
2020-05-17 17:15:00,4136001,112.43402089999992,5.006944444444444,100.0,35.09537646666667,36.993077144332396,36.10067346666666,2734.3444981082434,2673.389821815457,3484.299523809524,3406.6266666666666,0.13083864935137762,0.1311261768478858,0.9777077554291501,133471.89451465203,434894.6938003663,0.1070403013547952,0.10465413277805663,749.9550257012806,733.2368448512098
2020-05-17 17:30:00,4136001,157.049409137931,5.180555555555555,100.0,35.30165672413793,37.90030666437009,37.28197937931034,3804.811954018948,3730.530919301394,4954.152857142857,4857.433333333333,0.18603299288120403,0.18696990442944988,0.980477081228918,134686.25284798534,436109.0521336997,0.14894546698058125,0.14603761672739848,1149.340903123909,1126.9024140319393
2020-05-17 17:45:00,4136001,81.5178720666666,5.354166666666666,100.0,35.0653644,36.38822329190907,36.49970813333333,1987.5158796753096,1935.084676557079,2556.239523809524,2488.805238095238,0.09598914342133648,0.09579785157665864,0.9736197312160365,135308.45415750914,436731.2534432234,0.07780449714916068,0.0757519936017647,568.7236441342145,553.720561538159
2020-05-17 18:00:00,4136001,68.5123559666666,5.527777777777778,100.0,34.57465116666667,35.66543855667887,35.23109946666666,1675.483743650919,1628.103597832685,2253.3366666666666,2189.615714285714,0.08461486275389428,0.08428159744938443,0.9717215126689372,135855.85808608058,437278.65737179486,0.06558949867492343,0.06373472686759385,577.8529230157476,561.5121164530292
2020-05-17 18:15:00,4136001,25.2637653448275,5.694444444444445,100.0,34.26270155172412,34.65775652193253,33.82328855172414,620.4318552587904,599.9405010151728,845.96,818.02,0.031766575476345926,0.03148681839271328,0.9669724336848077,136060.3630860806,437483.16237179487,0.02428780016671718,0.023485633236060788,225.52814474120964,218.07949898482718
2020-05-17 18:30:00,4136001,4.854238403333301,5.861111111111112,100.0,33.82243973333334,33.89701706323552,31.868562866666664,119.58854545545262,115.37892947769473,157.09857142857143,151.56857142857143,0.005899195737992146,0.0058341019566935035,0.9647991706753721,136098.25522893772,437521.054514652,0.0046814854357194215,0.004516693265910931,37.510025973118815,36.189641950876705
2020-05-17 18:45:00,4136001,0.0,6.027777777777778,100.0,32.505662655172415,32.505662655172415,30.871878793103445,0.0,0.0,0.0,0.0,0.0,0.0,0.0,136098.25522893772,437521.054514652,0.0,0.0,0.0,0.0
2020-05-17 19:00:00,4136001,0.0,6.194444444444445,100.0,31.5056082,31.5056082,30.32857966666666,0.0,0.0,0.0,0.0,0.0,0.0,0.0,136098.25522893772,437521.054514652,0.0,0.0,0.0,0.0
2020-05-17 19:15:00,4136001,0.0,6.444444444444444,100.0,31.155717000000003,31.155717000000003,29.985616,0.0,0.0,0.0,0.0,0.0,0.0,0.0,136098.25522893772,437521.054514652,0.0,0.0,0.0,0.0
2020-05-17 19:30:00,4136001,0.0,6.694444444444445,100.0,30.802734275862075,30.802734275862075,29.77499903448276,0.0,0.0,0.0,0.0,0.0,0.0,0.0,136098.25522893772,437521.054514652,0.0,0.0,0.0,0.0
2020-05-17 19:45:00,4136001,0.0,6.944444444444445,100.0,30.547670433333337,30.547670433333337,29.623739566666664,0.0,0.0,0.0,0.0,0.0,0.0,0.0,136098.25522893772,437521.054514652,0.0,0.0,0.0,0.0
2020-05-17 20:00:00,4136001,0.0,7.194444444444444,100.0,30.300568827586208,30.300568827586208,29.35396499999999,0.0,0.0,0.0,0.0,0.0,0.0,0.0,136098.25522893772,437521.054514652,0.0,0.0,0.0,0.0
2020-05-17 20:15:00,4136001,0.0,7.347222222222221,100.0,29.81161893333333,29.81161893333333,29.0146261,0.0,0.0,0.0,0.0,0.0,0.0,0.0,136098.25522893772,437521.054514652,0.0,0.0,0.0,0.0
2020-05-17 20:30:00,4136001,0.0,7.5,100.0,29.1945903,29.1945903,28.482287666666664,0.0,0.0,0.0,0.0,0.0,0.0,0.0,136098.25522893772,437521.054514652,0.0,0.0,0.0,0.0
2020-05-17 20:45:00,4136001,0.0,7.652777777777778,100.0,28.80817068965517,28.80817068965517,28.060144827586203,0.0,0.0,0.0,0.0,0.0,0.0,0.0,136098.25522893772,437521.054514652,0.0,0.0,0.0,0.0
2020-05-17 21:00:00,4136001,0.0,7.805555555555555,100.0,28.49680176666666,28.49680176666666,27.806913200000004,0.0,0.0,0.0,0.0,0.0,0.0,0.0,136098.25522893772,437521.054514652,0.0,0.0,0.0,0.0
2020-05-17 21:15:00,4136001,0.0,7.638888888888888,100.0,28.221233689655172,28.221233689655172,27.64579282758621,0.0,0.0,0.0,0.0,0.0,0.0,0.0,136098.25522893772,437521.054514652,0.0,0.0,0.0,0.0
2020-05-17 21:30:00,4136001,0.0,7.472222222222221,100.0,27.908858133333336,27.908858133333336,27.563309933333333,0.0,0.0,0.0,0.0,0.0,0.0,0.0,136098.25522893772,437521.054514652,0.0,0.0,0.0,0.0
2020-05-17 21:45:00,4136001,0.0,7.305555555555555,100.0,27.756202166666665,27.756202166666665,27.45690413333333,0.0,0.0,0.0,0.0,0.0,0.0,0.0,136098.25522893772,437521.054514652,0.0,0.0,0.0,0.0
2020-05-17 22:00:00,4136001,0.0,7.138888888888888,100.0,26.50748420689656,26.50748420689656,25.221006344827583,0.0,0.0,0.0,0.0,0.0,0.0,0.0,136098.25522893772,437521.054514652,0.0,0.0,0.0,0.0
2020-05-17 22:15:00,4136001,1.6489731516666,6.986111111111111,100.0,26.322783466666664,26.345438864779826,24.444667433333333,41.89632337100802,0.0,0.0,0.0,0.0,0.0,0.0,136098.25522893772,437521.054514652,0.0016400987814056771,0.0,-41.89632337100802,0.0
2020-05-17 22:30:00,4136001,1.9374660551724,6.833333333333334,100.0,26.622738586206893,26.649745361439294,24.97724548275862,49.1659698257426,0.0,0.0,0.0,0.0,0.0,0.0,136098.25522893772,437521.054514652,0.0019246807526225329,0.0,-49.1659698257426,0.0
2020-05-17 22:45:00,4136001,1.0388260513333,6.680555555555555,100.0,26.2797891,26.29448357699743,25.81025786666667,26.399405614715427,0.0,0.0,0.0,0.0,0.0,0.0,136098.25522893772,437521.054514652,0.001033447078282068,0.0,-26.399405614715427,0.0
2020-05-17 23:00:00,4136001,0.7459025993333,6.527777777777778,100.0,26.047402966666663,26.058112264575254,25.58270970000001,18.973436468974835,0.0,0.0,0.0,0.0,0.0,0.0,136098.25522893772,437521.054514652,0.0007427456045791675,0.0,-18.973436468974835,0.0
2020-05-17 23:15:00,4136001,0.1429450220689,6.423611111111111,100.0,25.51867668965517,25.520750234852905,25.40204179310345,3.6439244471033936,0.0,0.0,0.0,0.0,0.0,0.0,136098.25522893772,437521.054514652,0.00014264726745364626,0.0,-3.6439244471033936,0.0
2020-05-17 23:30:00,4136001,0.0,6.319444444444445,100.0,24.4731607,24.4731607,24.721717233333333,0.0,0.0,0.0,0.0,0.0,0.0,0.0,136098.25522893772,437521.054514652,0.0,0.0,0.0,0.0
2020-05-17 23:45:00,4136001,0.0,6.215277777777778,100.0,23.42992334482759,23.42992334482759,23.82487224137931,0.0,0.0,0.0,0.0,0.0,0.0,0.0,136098.25522893772,437521.054514652,0.0,0.0,0.0,0.0
2020-05-18 00:00:00,4136001,0.0,6.111111111111111,100.0,23.44159966666668,23.44159966666668,23.65560723333333,0.0,0.0,0.0,0.0,0.0,0.0,0.0,0.0,437521.054514652,0.0,0.0,0.0,0.0
2020-05-18 00:15:00,4136001,0.0,6.270833333333333,100.0,23.88182434482759,23.88182434482759,23.5995621724138,0.0,0.0,0.0,0.0,0.0,0.0,0.0,0.0,437521.054514652,0.0,0.0,0.0,0.0
2020-05-18 00:30:00,4136001,0.0,6.430555555555555,100.0,24.515677933333333,24.515677933333333,23.709772966666662,0.0,0.0,0.0,0.0,0.0,0.0,0.0,0.0,437521.054514652,0.0,0.0,0.0,0.0
2020-05-18 00:45:00,4136001,0.0,6.590277777777778,100.0,25.033409566666663,25.033409566666663,23.981148333333337,0.0,0.0,0.0,0.0,0.0,0.0,0.0,0.0,437521.054514652,0.0,0.0,0.0,0.0
2020-05-18 01:00:00,4136001,0.0,6.75,100.0,25.385702,25.385702,24.332798310344828,0.0,0.0,0.0,0.0,0.0,0.0,0.0,0.0,437521.054514652,0.0,0.0,0.0,0.0
2020-05-18 01:15:00,4136001,0.0,6.743055555555555,100.0,25.497522799999995,25.497522799999995,24.42722153333333,0.0,0.0,0.0,0.0,0.0,0.0,0.0,0.0,437521.054514652,0.0,0.0,0.0,0.0
2020-05-18 01:30:00,4136001,0.0,6.736111111111111,100.0,25.53473610344828,25.53473610344828,24.60439417241379,0.0,0.0,0.0,0.0,0.0,0.0,0.0,0.0,437521.054514652,0.0,0.0,0.0,0.0
2020-05-18 01:45:00,4136001,0.0,6.729166666666667,100.0,25.494532066666668,25.494532066666668,24.99542026666667,0.0,0.0,0.0,0.0,0.0,0.0,0.0,0.0,437521.054514652,0.0,0.0,0.0,0.0
2020-05-18 02:00:00,4136001,0.0,6.722222222222221,100.0,24.925125033333337,24.925125033333337,24.870464266666666,0.0,0.0,0.0,0.0,0.0,0.0,0.0,0.0,437521.054514652,0.0,0.0,0.0,0.0
2020-05-18 02:15:00,4136001,0.0,6.756944444444444,100.0,24.69461472413794,24.69461472413794,24.69655734482759,0.0,0.0,0.0,0.0,0.0,0.0,0.0,0.0,437521.054514652,0.0,0.0,0.0,0.0
2020-05-18 02:30:00,4136001,0.0,6.791666666666666,100.0,24.847948,24.847948,24.7925,0.0,0.0,0.0,0.0,0.0,0.0,0.0,0.0,437521.054514652,0.0,0.0,0.0,0.0
2020-05-18 02:45:00,4136001,0.0,6.826388888888888,100.0,24.940317,24.940317,24.90185237931034,0.0,0.0,0.0,0.0,0.0,0.0,0.0,0.0,437521.054514652,0.0,0.0,0.0,0.0
2020-05-18 03:00:00,4136001,0.0,6.861111111111111,100.0,25.03238413333333,25.03238413333333,24.974565533333333,0.0,0.0,0.0,0.0,0.0,0.0,0.0,0.0,437521.054514652,0.0,0.0,0.0,0.0
2020-05-18 03:15:00,4136001,0.0,6.826388888888888,100.0,24.9947755,24.9947755,24.7240641,0.0,0.0,0.0,0.0,0.0,0.0,0.0,0.0,437521.054514652,0.0,0.0,0.0,0.0
2020-05-18 03:30:00,4136001,0.0304442537931034,6.791666666666666,100.0,24.698266310344827,24.698692372255024,24.10419668965517,0.7786357690609508,0.0,0.0,0.0,0.0,0.0,0.0,0.0,437521.054514652,3.0480946136658867e-05,0.0,-0.7786357690609508,0.0
2020-05-18 03:45:00,4136001,0.0972449333333333,6.756944444444444,100.0,24.366484666666672,24.367850130679496,23.8283082,2.4904031711406134,0.0,0.0,0.0,0.0,0.0,0.0,0.0,437521.054514652,9.74908268209283e-05,0.0,-2.4904031711406134,0.0
2020-05-18 04:00:00,4136001,0.0,6.722222222222221,100.0,23.957140689655173,23.957140689655173,23.491908793103445,0.0,0.0,0.0,0.0,0.0,0.0,0.0,0.0,437521.054514652,0.0,0.0,0.0,0.0
2020-05-18 04:15:00,4136001,0.3083751808666,5.715277777777778,100.0,23.24427496666667,23.249086374879276,22.8459626,7.93261489132684,0.0,0.0,0.0,0.0,0.0,0.0,0.0,437521.054514652,0.0003105349340899135,0.0,-7.93261489132684,0.0
2020-05-18 04:30:00,4136001,0.0,4.708333333333333,100.0,20.942384766666667,20.942384766666667,20.78624756666667,0.0,0.0,0.0,0.0,0.0,0.0,0.0,0.0,437521.054514652,0.0,0.0,0.0,0.0
2020-05-18 04:45:00,4136001,0.0,3.7013888888888884,100.0,20.95653134482759,20.95653134482759,20.93981193103448,0.0,0.0,0.0,0.0,0.0,0.0,0.0,0.0,437521.054514652,0.0,0.0,0.0,0.0
2020-05-18 05:00:00,4136001,0.0,2.694444444444444,100.0,20.96344493333333,20.96344493333333,21.0104237,0.0,0.0,0.0,0.0,0.0,0.0,0.0,0.0,437521.054514652,0.0,0.0,0.0,0.0
2020-05-18 05:15:00,4136001,0.0277997566551724,2.8402777777777777,100.0,21.226854034482763,21.227479767568244,21.11130072413793,0.7208609260150861,0.0,0.0,0.0,0.0,0.0,0.0,0.0,437521.054514652,2.8219257232925666e-05,0.0,-0.7208609260150861,0.0
2020-05-18 05:30:00,4136001,0.0,2.986111111111111,100.0,21.544671666666677,21.544671666666677,21.298067133333337,0.0,0.0,0.0,0.0,0.0,0.0,0.0,0.0,437521.054514652,0.0,0.0,0.0,0.0
2020-05-18 05:45:00,4136001,0.0,3.1319444444444446,100.0,21.69882520689656,21.69882520689656,21.302836379310342,0.0,0.0,0.0,0.0,0.0,0.0,0.0,0.0,437521.054514652,0.0,0.0,0.0,0.0
2020-05-18 06:00:00,4136001,0.2661739907,3.2777777777777777,100.0,21.56733580000001,21.57294891663223,21.031936566666666,6.892622357012535,0.0,0.0,0.0,0.0,0.0,0.0,0.0,437521.054514652,0.000269822758152771,0.0,-6.892622357012535,0.0
2020-05-18 06:15:00,4136001,0.8433108796666,3.7361111111111107,100.0,21.769482433333323,21.786163491184507,21.18667396666666,21.81931112439819,0.0,0.0,0.0,0.0,0.0,0.0,0.0,437521.054514652,0.0008541519328400153,0.0,-21.81931112439819,0.0
2020-05-18 06:30:00,4136001,1.5422382517241,4.194444444444445,100.0,22.012576241379307,22.041301111033324,21.32534503448276,39.86272538103407,0.0,0.0,0.0,0.0,0.0,0.0,0.0,437521.054514652,0.0015604903261316918,0.0,-39.86272538103407,0.0
2020-05-18 06:45:00,4136001,3.4551432533333,4.652777777777778,100.0,22.117356600000004,22.178159824871685,21.35921143333333,89.25787530996101,0.0,0.0,0.0,0.0,0.0,0.0,0.0,437521.054514652,0.003494142701505618,0.0,-89.25787530996101,0.0
2020-05-18 07:00:00,4136001,6.653467427586199,5.111111111111111,100.0,22.266623413793106,22.377588514319893,21.529330586206893,171.74567529995522,165.7127140986355,82.74666666666667,79.84,0.003107213381345104,0.0030731615125232006,0.9648727038349983,19.96,437541.014514652,0.006723259945193002,0.006487090001903915,-88.99900863328855,-85.8727140986355
2020-05-18 07:15:00,4136001,11.1933843666666,5.472222222222222,100.0,22.6920623,22.871357260222116,21.737910933333332,288.3696175247402,278.1740411559594,318.20619047619044,306.9557142857143,0.011948934898579615,0.011815186462824713,0.9646440687604475,96.69892857142855,437617.7534432234,0.011288691232129191,0.010889569041141491,29.83657295145025,28.781673129754893
2020-05-18 07:30:00,4136001,19.8939469666666,5.833333333333333,100.0,22.9404184,23.24695071073446,22.058558200000004,511.754409874266,494.2700230760017,593.2871428571428,573.0171428571429,0.022278477472595697,0.02205629044895516,0.9658344188913583,239.9532142857143,437761.0077289377,0.020033447245029007,0.019348992878293274,81.53273298287684,78.74711978114118
2020-05-18 07:45:00,4136001,39.9777279655172,6.194444444444445,100.0,23.156025344827587,23.749430836374525,22.699053551724138,1026.3395411738247,993.9339958916523,1322.6414285714286,1280.8804761904762,0.049666401211471325,0.04930301329622947,0.9684260968401255,560.1733333333333,438081.2278479853,0.04017770762081913,0.038909140571213634,296.3018873976039,286.9464802988239
2020-05-18 08:00:00,4136001,110.8077218666666,6.555555555555555,100.0,23.4337169,25.020310855708285,24.26010233333333,2830.353288811741,2768.2949146430474,3743.65,3661.5666666666666,0.14057749808740652,0.14093920034491317,0.9780739830557521,1475.565,438996.619514652,0.11079871946806581,0.10836934486760803,913.296711188259,893.2717520236192
2020-05-18 08:15:00,4136001,214.5577755172414,6.854166666666667,100.0,24.188384034482755,27.173224232267216,26.959184310344824,5433.233664788183,5338.535834468097,7122.707142857144,6998.562857142857,0.2674641993114092,0.2693851955854939,0.9825706317521726,3225.2057142857143,440746.2602289377,0.21269264688933973,0.2089855484231003,1689.4734780689614,1660.0270226747598
2020-05-18 08:30:00,4136001,286.081037,7.152777777777778,100.0,25.090119333333337,28.960001470634655,29.4129538,7192.182276147545,7061.225606220697,9356.278095238096,9185.917142857144,0.3513368413282697,0.35357974725270114,0.9817918032526569,5521.685,443042.739514652,0.2815495116910372,0.27642300278804843,2164.0958190905512,2124.6915366364474
2020-05-18 08:45:00,4136001,395.3201403333334,7.451388888888888,100.0,26.415036066666666,31.618842172347826,34.17802436666666,9831.09271884954,9635.574154133314,12306.028095238094,12061.288571428571,0.4621026647848768,0.46425711208855486,0.9801122245199304,8537.007142857143,446058.0616575091,0.3848538938676665,0.37720000603379583,2474.935376388554,2425.7144172952576
2020-05-18 09:00:00,4136001,422.9210006896552,7.749999999999999,100.0,26.551281137931035,31.97265020202096,34.97463162068965,10502.200383689522,10290.653031562644,13168.936666666666,12903.672857142858,0.4945056746948862,0.4966817484313842,0.9798568543354569,11762.925357142858,449283.9798717949,0.4111254798860647,0.4028441194583145,2666.7362829771446,2613.0198255802134
2020-05-18 09:15:00,4136001,473.2118349999999,7.798611111111111,100.0,27.0270212,33.06731650586846,36.77487683333331,11698.119102117174,11458.662260726767,14446.750952380951,14151.030476190475,0.5424887754938553,0.5446944166078586,0.9795303125827237,15300.682976190476,452821.73749084247,0.4579416364109287,0.44856771425824105,2748.631850263777,2692.368215463708
2020-05-18 09:30:00,4136001,587.7528527586207,7.847222222222222,100.0,27.32489017241379,34.79553335968574,37.78216986206897,14425.86032723956,14118.437363125879,17334.654285714285,16965.243333333332,0.6509321997771835,0.6530176961747346,0.9786894537213016,19541.99380952381,457063.0483241758,0.5647234420528306,0.5526888770062979,2908.7939584747255,2846.8059702074534
2020-05-18 09:45:00,4136001,693.6572341379309,7.895833333333333,100.0,27.701905379310343,36.481543187593495,40.01903634482758,16905.686419968624,16532.42866189423,17378.552857142855,16994.854761904764,0.6525806314791427,0.6541574845341603,0.977921171089894,23790.7075,461311.762014652,0.6618002121733656,0.647188438516118,472.86643717423067,462.42610001053254
2020-05-18 10:00:00,4136001,661.9857259999999,7.944444444444445,100.0,27.856152266666676,36.199809009797505,40.04020273333332,16152.851232966246,15800.014129493966,15700.525714285714,15357.569047619048,0.5895691700803432,0.5911358983349254,0.9781563577610263,27630.099761904763,465151.1542765568,0.6323292712063514,0.6185168968288889,-452.3255186805327,-442.4450818749174
2020-05-18 10:15:00,4136001,687.1823993103447,7.923611111111111,100.0,28.33403603448276,37.010855369819666,41.74061737931036,16710.71659576699,16334.4597250864,15725.28761904762,15371.218571428572,0.5904990023614879,0.5916612890067151,0.9774840971944975,31472.904404761903,468993.9589194139,0.654167805667136,0.6394386269362459,-985.4289767193695,-963.2411536578293
2020-05-18 10:30:00,4136001,457.640915,7.902777777777779,100.0,28.27772523333333,34.0666179662408,38.94443266666667,11266.466262826794,11034.043625469498,10860.010476190477,10635.972857142857,0.40780337423260227,0.4093945695492591,0.9793704048869197,34131.89761904762,471652.95213369967,0.44104389363189644,0.43194533667917395,-406.4557866363175,-398.070768326641
2020-05-18 10:45:00,4136001,453.1049243333333,7.881944444444445,100.0,28.130790266666665,33.87265529861133,37.07710153333334,11163.776779822882,10936.301971968054,13576.188571428573,13299.558095238095,0.5097983580020222,0.5119199658298106,0.9796238484214448,37456.787142857145,474977.8416575091,0.43702394910248116,0.4281190828721102,2412.411791605691,2363.256123270041
2020-05-18 11:00:00,4136001,668.9661120689652,7.861111111111111,100.0,28.949897448275863,37.44254835685737,41.61910062068966,16238.229470777254,15878.404776291176,17502.05761904762,17114.22761904762,0.6572183487952521,0.6587523250929197,0.977840891143112,41735.34404761904,479256.3985622711,0.6356715392748974,0.6215856244388794,1263.828148270366,1235.8228427564427
2020-05-18 11:15:00,4136001,733.017678,7.854166666666666,100.0,29.270029633333337,38.581442228207735,44.4611593,17707.6900067125,17306.65022746064,17018.78523809524,16633.34761904762,0.639071026740832,0.6402425316542656,0.9773522249881358,45893.68095238095,483414.73546703294,0.6931959290159522,0.6774965835764587,-688.9047686172598,-673.3026084130179
2020-05-18 11:30:00,4136001,772.7462144827584,7.847222222222222,100.0,29.42511820689656,39.2471228396612,45.57827120689655,18614.86051047343,18178.12412345551,17112.14,16710.66,0.6425765838476974,0.6432184013133886,0.976538293866226,50071.34595238095,487592.400467033,0.7287085735162823,0.7116118271072817,-1502.7205104734312,-1467.4641234555093
2020-05-18 11:45:00,4136001,834.6098513333335,7.840277777777778,100.0,29.8037496,40.41848173994256,47.60093166666668,20005.21382851307,19516.354495366977,17561.54095238095,17132.396666666664,0.6594520026298517,0.6594516790240577,0.9755634037538088,54354.44511904762,491875.4996336996,0.7831361843222968,0.76399900158023,-2443.672876132121,-2383.9578287003133
2020-05-18 12:00:00,4136001,878.6557337931033,7.833333333333333,100.0,30.22423048275862,41.4059018214339,49.63103317241378,20972.321744846344,20449.720484420104,17315.75857142857,16884.27380952381,0.65022264833972,0.6499010575943392,0.9750813826535604,58575.51357142857,496096.5680860806,0.820995174979305,0.8005371103707224,-3656.563173417773,-3565.446674896295
2020-05-18 12:15:00,4136001,812.9037663333335,7.791666666666667,99.75,30.198338766666662,40.58091449095728,48.785755133333325,19471.43689444502,19007.146107982913,15981.88095238095,15600.797619047618,0.6001343178492893,0.6004981313567225,0.9761552889507314,62475.71297619048,499996.7674908425,0.7622406300428664,0.7440652224694818,-3489.555942064071,-3406.348488935295
2020-05-18 12:30:00,4136001,876.7699359999999,7.749999999999999,99.5,30.60646463333333,41.84566391547665,49.40591829999999,20887.91274556775,20372.285515347838,17892.292857142857,17450.61380952381,0.6718720406299513,0.671700334786253,0.9753145641452698,66838.36642857143,504359.42094322346,0.8176908493078,0.7975057942982124,-2995.619888424895,-2921.6717058240283
2020-05-18 12:45:00,4136001,744.95337,7.708333333333333,99.25,30.55539796551724,40.13987361685207,48.34917165517242,17877.396719703695,17449.900117982812,14861.566666666666,14506.186666666666,0.5580654868001008,0.5583649117920493,0.9760873124636927,70464.9130952381,507985.9676098901,0.6998393705110078,0.683104330318372,-3015.830053037029,-2943.7134513161454
2020-05-18 13:00:00,4136001,759.8188213333331,7.666666666666667,99.0,30.690965866666676,40.502675852892565,46.304233,18205.970591285193,17769.32704345834,15050.046666666669,14689.093333333334,0.5651430840219338,0.5654052641014671,0.9760164641792914,74137.18642857143,511658.2409432234,0.7127019217571029,0.6956088096871536,-3155.9239246185243,-3080.233710125005
2020-05-18 13:15:00,4136001,838.8255679310344,7.847222222222222,99.25,31.4158641724138,42.07777161354547,49.11488696551723,19964.042893714843,19482.901456196952,15465.54,15092.814285714288,0.5807452405461806,0.5809450899112912,0.975899599090254,77910.39,515431.444514652,0.7815244820401192,0.7626894287021707,-4498.502893714842,-4390.087170482664
2020-05-18 13:30:00,4136001,831.3699896666667,8.027777777777777,99.5,32.053389366666664,42.457218545325986,50.11713053333334,19754.366397299793,19268.775565252443,16775.294761904763,16362.933809523807,0.6299277355808762,0.6298338979883917,0.9754185569771691,82001.12345238095,519522.17796703294,0.7733163592601211,0.7543071272363454,-2979.07163539503,-2905.8417557286357
2020-05-18 13:45:00,4136001,795.3829,8.208333333333334,99.75,32.3029751,42.104970293788895,50.82574513333334,18927.897190920055,18476.583666640116,16369.834761904762,15979.51523809524,0.6147023399443932,0.6150755413137813,0.9761561720392036,85996.00226190477,523517.0567765568,0.7409628964932493,0.7232955046639309,-2558.0624290152937,-2497.068428544875
2020-05-18 14:00:00,4136001,758.5735186206896,8.38888888888889,100.0,32.429869551724146,41.63809386127367,50.336128,18088.124538877146,17675.66825941897,16919.540476190476,16533.730952380953,0.6353442947207841,0.6364081365389618,0.9771973994002708,90129.435,527650.489514652,0.708088649006739,0.6919423863542364,-1168.5840626866702,-1141.937307038017
2020-05-18 14:15:00,4136001,746.3281493333334,8.479166666666666,100.0,33.16880903333333,42.16098529567055,50.7588666,17756.259091530294,17355.31471841245,17007.04,16623.013333333332,0.638629982255939,0.6398447494759518,0.9774195470424796,94285.18833333334,531806.2428479854,0.6950972437475159,0.679401633134173,-749.2190915302926,-732.3013850791176
2020-05-18 14:30:00,4136001,710.9748358620687,8.569444444444445,100.0,33.362330931034485,41.86528896323048,50.32767351724139,16936.6326414624,16559.085114840924,16974.10523809524,16595.72238095238,0.6373932516778466,0.6387942797302447,0.9777082295746788,98434.11892857144,535955.1734432235,0.6630116516524722,0.6482319481245223,37.47259663283694,36.637266111454664
2020-05-18 14:45:00,4136001,667.5782790000002,8.659722222222221,100.0,33.482829466666665,41.40825348946072,49.369564,15934.028504361571,15583.321528619374,17422.714285714286,17039.24142857143,0.6542389337083943,0.6558659939989548,0.9779900622340295,102693.92928571429,540214.9838003663,0.6237631044964405,0.6100341173857653,1488.685781352715,1455.9198999520559
2020-05-18 15:00:00,4136001,622.3585434482761,8.75,100.0,33.88921465517242,41.224023652795,49.1997121724138,14866.421211233683,14542.742734781872,17164.501904761906,16790.788571428573,0.644542821494518,0.646302670373606,0.9782275456982731,106891.62642857144,544412.6809432234,0.5819699045305806,0.5692989913792081,2298.0806935282235,2248.045836646701
2020-05-18 15:15:00,4136001,481.245819,8.75,100.0,33.72917989999999,39.40090434313493,46.27826336666665,11585.27872834894,11344.090149457073,14748.004285714287,14440.97238095238,0.5538011150262614,0.555854715988895,0.9791814608394632,110501.86952380952,548022.9240384615,0.45352431898018947,0.4440826051852446,3162.7255573653474,3096.8822314953068
2020-05-18 15:30:00,4136001,353.2313366666666,8.75,100.0,33.613372500000004,37.77638177126302,43.14834789999999,8562.154273931708,8395.978700825164,11489.74857142857,11266.753809523809,0.4314506184672129,0.43367427578284967,0.98059185015943,113318.55797619048,550839.6124908425,0.3351792630233591,0.3286740536631499,2927.594297496862,2870.7751086986445
2020-05-18 15:45:00,4136001,339.7950134482759,8.75,100.0,33.40481962068966,37.409475053197326,40.65085562068965,8249.203486798644,8092.4055667036355,10882.764761904762,10675.909047619049,0.4086578185734141,0.410931773501266,0.9809923563716259,115987.53523809524,553508.5897527472,0.322928302477927,0.31679019638691075,2633.561275106118,2583.503480915413
2020-05-18 16:00:00,4136001,416.8387116666666,8.75,100.0,34.07618586666667,38.98884009962679,42.393848766666665,10052.324104656103,9849.022528262993,13491.690476190475,13218.83,0.506625376868176,0.5088126201977337,0.9797756643860155,119292.24273809524,556813.2972527472,0.39351435132730883,0.38555578501714594,3439.366371534372,3369.8074717370073
2020-05-18 16:15:00,4136001,377.6245151724137,8.520833333333334,100.0,34.20788975862068,38.742149839338886,42.55650703448276,9116.168140606902,8934.710534215661,12289.881904761904,12045.251428571428,0.4614963604934004,0.4636398183736324,0.9800949693344335,122303.5555952381,559824.6101098901,0.35686702449038565,0.3497635754243751,3173.7137641550016,3110.540894355767
2020-05-18 16:30:00,4136001,263.2670296666666,8.291666666666666,100.0,33.34700529999999,36.56877645176731,40.1755146,6413.948954740483,6298.96064486059,8492.772380952381,8340.515238095239,0.3189114081551727,0.32103895822053563,0.9820721507621438,124388.68440476192,561909.7389194139,0.25108432001332875,0.24658291817814015,2078.8234262118985,2041.5545932346486
2020-05-18 16:45:00,4136001,180.0321872413792,8.0625,100.0,32.58227827586207,34.82853907303453,36.7663142413793,4418.1194760274375,4334.174063045783,5862.802380952381,5751.407619047619,0.22015361759116792,0.22138031735583466,0.9809997413068754,125826.5363095238,563347.5908241759,0.17295437369455616,0.16966819585225223,1444.6829049249436,1417.2335560018355
2020-05-18 17:00:00,4136001,167.9854803333333,7.833333333333333,100.0,32.15728253333334,34.295046345159925,35.155683233333335,4131.641889055244,4051.6804624349825,5481.2,5375.12,0.2058240974761777,0.20689644174841815,0.980646573742976,127170.3163095238,564691.3708241758,0.16173974903328417,0.15860953072753894,1349.5581109447558,1323.4395375650174
2020-05-18 17:15:00,4136001,130.39824565517242,7.652777777777778,100.0,31.96495755172414,33.650887419914355,34.34314610344827,3215.7579589860966,3151.6056566085063,4248.758571428572,4163.998571428571,0.15954478916267603,0.1602785589668822,0.9800506433643976,128211.31595238094,565732.370467033,0.12588600348350348,0.12337465870458039,1033.0006124424758,1012.392914820065
2020-05-18 17:30:00,4136001,84.5372788333333,7.472222222222221,100.0,31.54798583333333,32.658710821289354,32.76274516666666,2093.3486970497756,2037.0289378800016,2751.1957142857145,2677.177142857143,0.10330992754746866,0.10304856910865978,0.9730958539066389,128880.61023809524,566401.6647527473,0.08194749254452048,0.07974276523311809,657.8470172359389,640.1482049771412
2020-05-18 17:45:00,4136001,56.4699078275862,7.291666666666666,100.0,31.191822,31.94601108617811,31.46601924137931,1402.4446503544457,1360.8704567671525,1740.1204761904762,1688.5361904761903,0.06534312313210999,0.0649942940014275,0.9703559113175797,129302.74428571427,566823.7988003663,0.054900945404362717,0.053273456910047076,337.6758258360305,327.6657337090378
2020-05-18 18:00:00,4136001,36.6922300333333,7.111111111111112,100.0,30.79789016666667,31.29615510465327,30.46620993333333,913.6973955212434,883.9789338589957,1150.6138095238096,1113.1895238095235,0.043206606014899056,0.04284833668230782,0.9674745032568535,129581.04166666666,567102.0961813186,0.03576815014763137,0.03460477329649621,236.91641400256617,229.21058995052783
2020-05-18 18:15:00,4136001,19.040468137931,6.979166666666666,100.0,30.541903827586207,30.803673453129168,29.61018631034482,475.0973924790826,458.7920547825843,579.0600000000001,559.1866666666667,0.021744235182908023,0.021523934648248248,0.9656800101313623,129720.83833333332,567241.8928479854,0.018598449500061953,0.017960150901647456,103.96260752091746,100.39461188408245
2020-05-18 18:30:00,4136001,6.2312298316666,6.847222222222221,100.0,30.34277076666667,30.42951441296258,29.031971233333337,155.719755868016,150.18812591217994,133.97095238095238,129.21190476190475,0.005030732387403033,0.004973560278984205,0.9644770188278197,129753.1413095238,567274.1958241758,0.006095899622940536,0.0058793550954073185,-21.74880348706361,-20.976221150275194
2020-05-18 18:45:00,4136001,0.0447738316666666,6.715277777777778,100.0,30.05953873333333,30.060169950781845,28.599336766666667,1.1205973023961686,0.0,0.0,0.0,0.0,0.0,0.0,129753.1413095238,567274.1958241758,4.3867578876342476e-05,0.0,-1.1205973023961686,0.0
2020-05-18 19:00:00,4136001,0.0,6.583333333333333,100.0,29.33382027586207,29.33382027586207,28.254738689655177,0.0,0.0,0.0,0.0,0.0,0.0,0.0,129753.1413095238,567274.1958241758,0.0,0.0,0.0,0.0
2020-05-18 19:15:00,4136001,0.0,6.4375,100.0,28.6457164,28.6457164,27.8103148,0.0,0.0,0.0,0.0,0.0,0.0,0.0,129753.1413095238,567274.1958241758,0.0,0.0,0.0,0.0
2020-05-18 19:30:00,4136001,0.0,6.291666666666666,100.0,28.33395286206897,28.33395286206897,27.492270620689656,0.0,0.0,0.0,0.0,0.0,0.0,0.0,129753.1413095238,567274.1958241758,0.0,0.0,0.0,0.0
2020-05-18 19:45:00,4136001,0.0,6.145833333333333,100.0,28.03039053333333,28.03039053333333,27.14371329999999,0.0,0.0,0.0,0.0,0.0,0.0,0.0,129753.1413095238,567274.1958241758,0.0,0.0,0.0,0.0
2020-05-18 20:00:00,4136001,0.0,6.0,100.0,27.82547393333333,27.82547393333333,26.870435566666664,0.0,0.0,0.0,0.0,0.0,0.0,0.0,129753.1413095238,567274.1958241758,0.0,0.0,0.0,0.0
2020-05-18 20:15:00,4136001,0.0,5.840277777777778,100.0,27.588050482758625,27.588050482758625,26.46023665517241,0.0,0.0,0.0,0.0,0.0,0.0,0.0,129753.1413095238,567274.1958241758,0.0,0.0,0.0,0.0
2020-05-18 20:30:00,4136001,0.0,5.680555555555556,100.0,27.29808046666667,27.29808046666667,26.04421686666667,0.0,0.0,0.0,0.0,0.0,0.0,0.0,129753.1413095238,567274.1958241758,0.0,0.0,0.0,0.0
2020-05-18 20:45:00,4136001,0.0,5.520833333333333,100.0,27.068115,27.068115,25.48158756666667,0.0,0.0,0.0,0.0,0.0,0.0,0.0,129753.1413095238,567274.1958241758,0.0,0.0,0.0,0.0
2020-05-18 21:00:00,4136001,0.0,5.361111111111112,100.0,26.90030103448276,26.90030103448276,24.896495862068964,0.0,0.0,0.0,0.0,0.0,0.0,0.0,129753.1413095238,567274.1958241758,0.0,0.0,0.0,0.0
2020-05-18 21:15:00,4136001,0.0,5.354166666666666,100.0,26.78260506666667,26.78260506666667,24.8998698,0.0,0.0,0.0,0.0,0.0,0.0,0.0,129753.1413095238,567274.1958241758,0.0,0.0,0.0,0.0
2020-05-18 21:30:00,4136001,0.0,5.347222222222222,100.0,26.301334758620687,26.301334758620687,24.567905689655177,0.0,0.0,0.0,0.0,0.0,0.0,0.0,129753.1413095238,567274.1958241758,0.0,0.0,0.0,0.0
2020-05-18 21:45:00,4136001,0.0,5.340277777777778,100.0,26.547206666666668,26.547206666666668,24.842730733333333,0.0,0.0,0.0,0.0,0.0,0.0,0.0,129753.1413095238,567274.1958241758,0.0,0.0,0.0,0.0
2020-05-18 22:00:00,4136001,0.0,5.333333333333333,100.0,26.305780033333328,26.305780033333328,24.966904633333336,0.0,0.0,0.0,0.0,0.0,0.0,0.0,129753.1413095238,567274.1958241758,0.0,0.0,0.0,0.0
2020-05-18 22:15:00,4136001,0.0,5.527777777777778,100.0,26.015667137931043,26.015667137931043,24.688852310344828,0.0,0.0,0.0,0.0,0.0,0.0,0.0,129753.1413095238,567274.1958241758,0.0,0.0,0.0,0.0
2020-05-18 22:30:00,4136001,0.0,5.722222222222222,100.0,26.02266536666666,26.02266536666666,24.672434466666672,0.0,0.0,0.0,0.0,0.0,0.0,0.0,129753.1413095238,567274.1958241758,0.0,0.0,0.0,0.0
2020-05-18 22:45:00,4136001,0.0,5.916666666666667,100.0,25.952140137931032,25.952140137931032,24.654015896551726,0.0,0.0,0.0,0.0,0.0,0.0,0.0,129753.1413095238,567274.1958241758,0.0,0.0,0.0,0.0
2020-05-18 23:00:00,4136001,0.0,6.111111111111111,100.0,25.955106766666667,25.955106766666667,24.724001166666667,0.0,0.0,0.0,0.0,0.0,0.0,0.0,129753.1413095238,567274.1958241758,0.0,0.0,0.0,0.0
2020-05-18 23:15:00,4136001,0.0,6.395833333333333,100.0,25.8418743,25.8418743,24.6029246,0.0,0.0,0.0,0.0,0.0,0.0,0.0,129753.1413095238,567274.1958241758,0.0,0.0,0.0,0.0
2020-05-18 23:30:00,4136001,0.0,6.680555555555555,100.0,25.74263996551724,25.74263996551724,24.49737855172414,0.0,0.0,0.0,0.0,0.0,0.0,0.0,129753.1413095238,567274.1958241758,0.0,0.0,0.0,0.0
2020-05-18 23:45:00,4136001,0.0,6.965277777777779,100.0,25.765357533333336,25.765357533333336,24.498939866666667,0.0,0.0,0.0,0.0,0.0,0.0,0.0,129753.1413095238,567274.1958241758,0.0,0.0,0.0,0.0
2020-05-19 00:00:00,4136001,0.0,7.25,100.0,25.826530862068964,25.826530862068964,24.66096231034483,0.0,0.0,0.0,0.0,0.0,0.0,0.0,0.0,567274.1958241758,0.0,0.0,0.0,0.0
2020-05-19 00:15:00,4136001,0.0,7.479166666666667,100.0,25.762284399999995,25.762284399999995,24.583375966666665,0.0,0.0,0.0,0.0,0.0,0.0,0.0,0.0,567274.1958241758,0.0,0.0,0.0,0.0
2020-05-19 00:30:00,4136001,0.0,7.708333333333333,100.0,25.6613575,25.6613575,24.37365103333333,0.0,0.0,0.0,0.0,0.0,0.0,0.0,0.0,567274.1958241758,0.0,0.0,0.0,0.0
2020-05-19 00:45:00,4136001,0.0,7.9375,100.0,25.58436624137932,25.58436624137932,24.25030727586207,0.0,0.0,0.0,0.0,0.0,0.0,0.0,0.0,567274.1958241758,0.0,0.0,0.0,0.0
2020-05-19 01:00:00,4136001,0.0,8.166666666666666,100.0,25.5382362,25.5382362,24.188482600000004,0.0,0.0,0.0,0.0,0.0,0.0,0.0,0.0,567274.1958241758,0.0,0.0,0.0,0.0
2020-05-19 01:15:00,4136001,0.0,8.055555555555555,100.0,25.485765965517245,25.485765965517245,24.08965855172413,0.0,0.0,0.0,0.0,0.0,0.0,0.0,0.0,567274.1958241758,0.0,0.0,0.0,0.0
2020-05-19 01:30:00,4136001,0.0,7.944444444444445,100.0,25.3748421,25.3748421,23.869368566666665,0.0,0.0,0.0,0.0,0.0,0.0,0.0,0.0,567274.1958241758,0.0,0.0,0.0,0.0
2020-05-19 01:45:00,4136001,0.0,7.833333333333333,100.0,25.354532700000004,25.354532700000004,23.893946300000007,0.0,0.0,0.0,0.0,0.0,0.0,0.0,0.0,567274.1958241758,0.0,0.0,0.0,0.0
2020-05-19 02:00:00,4136001,0.0,7.722222222222222,100.0,25.325819275862067,25.325819275862067,23.844329931034483,0.0,0.0,0.0,0.0,0.0,0.0,0.0,0.0,567274.1958241758,0.0,0.0,0.0,0.0
2020-05-19 02:15:00,4136001,0.0,7.722222222222222,100.0,25.22930486666666,25.22930486666666,23.758779,0.0,0.0,0.0,0.0,0.0,0.0,0.0,0.0,567274.1958241758,0.0,0.0,0.0,0.0
2020-05-19 02:30:00,4136001,0.0,7.722222222222222,100.0,25.145670034482755,25.145670034482755,23.728196793103443,0.0,0.0,0.0,0.0,0.0,0.0,0.0,0.0,567274.1958241758,0.0,0.0,0.0,0.0
2020-05-19 02:45:00,4136001,0.0,7.722222222222222,100.0,25.137797166666665,25.137797166666665,23.72291670000001,0.0,0.0,0.0,0.0,0.0,0.0,0.0,0.0,567274.1958241758,0.0,0.0,0.0,0.0
2020-05-19 03:00:00,4136001,0.0,7.722222222222222,100.0,25.1428428,25.1428428,23.86679076666666,0.0,0.0,0.0,0.0,0.0,0.0,0.0,0.0,567274.1958241758,0.0,0.0,0.0,0.0
2020-05-19 03:15:00,4136001,0.0,7.708333333333333,100.0,25.161872724137933,25.161872724137933,23.892513862068967,0.0,0.0,0.0,0.0,0.0,0.0,0.0,0.0,567274.1958241758,0.0,0.0,0.0,0.0
2020-05-19 03:30:00,4136001,0.0,7.694444444444445,100.0,25.132742466666667,25.132742466666667,23.860702433333337,0.0,0.0,0.0,0.0,0.0,0.0,0.0,0.0,567274.1958241758,0.0,0.0,0.0,0.0
2020-05-19 03:45:00,4136001,0.0,7.680555555555555,100.0,25.07153855172413,25.07153855172413,23.784706793103453,0.0,0.0,0.0,0.0,0.0,0.0,0.0,0.0,567274.1958241758,0.0,0.0,0.0,0.0
2020-05-19 04:00:00,4136001,0.0,7.666666666666667,100.0,25.0843009,25.0843009,23.905414966666665,0.0,0.0,0.0,0.0,0.0,0.0,0.0,0.0,567274.1958241758,0.0,0.0,0.0,0.0
2020-05-19 04:15:00,4136001,0.0,7.555555555555556,100.0,25.120121466666664,25.120121466666664,24.0431886,0.0,0.0,0.0,0.0,0.0,0.0,0.0,0.0,567274.1958241758,0.0,0.0,0.0,0.0
2020-05-19 04:30:00,4136001,0.0,7.444444444444445,100.0,25.108053413793098,25.108053413793098,23.9891051724138,0.0,0.0,0.0,0.0,0.0,0.0,0.0,0.0,567274.1958241758,0.0,0.0,0.0,0.0
2020-05-19 04:45:00,4136001,0.0,7.333333333333333,100.0,25.09842243333333,25.09842243333333,23.912918933333337,0.0,0.0,0.0,0.0,0.0,0.0,0.0,0.0,567274.1958241758,0.0,0.0,0.0,0.0
2020-05-19 05:00:00,4136001,0.0,7.222222222222222,100.0,25.01160706896552,25.01160706896552,23.79802844827586,0.0,0.0,0.0,0.0,0.0,0.0,0.0,0.0,567274.1958241758,0.0,0.0,0.0,0.0
2020-05-19 05:15:00,4136001,0.0,7.194444444444444,100.0,24.96392923333333,24.96392923333333,23.693600433333337,0.0,0.0,0.0,0.0,0.0,0.0,0.0,0.0,567274.1958241758,0.0,0.0,0.0,0.0
2020-05-19 05:30:00,4136001,0.0,7.166666666666667,100.0,24.875560466666663,24.875560466666663,23.604404766666665,0.0,0.0,0.0,0.0,0.0,0.0,0.0,0.0,567274.1958241758,0.0,0.0,0.0,0.0
2020-05-19 05:45:00,4136001,0.3547446068965,7.138888888888889,100.0,24.855137137931035,24.85994202221786,23.58839465517241,9.06702777728895,0.0,0.0,0.0,0.0,0.0,0.0,0.0,567274.1958241758,0.00035494334614558423,0.0,-9.06702777728895,0.0
2020-05-19 06:00:00,4136001,8.8200197566666,7.111111111111112,100.0,24.819869,24.939641131405033,23.79692286666667,225.36180188417947,217.5674368740898,182.7328571428571,176.41285714285715,0.006861786725657132,0.00679039582772648,0.9654139923229071,44.10321428571429,567318.2990384615,0.00882214922232059,0.008517026301588952,-42.62894474132236,-41.154579731232644
2020-05-19 06:15:00,4136001,35.5508631724138,6.916666666666666,100.0,24.82713465517242,25.31877983802975,24.33462103448276,906.988804180398,877.3288721557625,1082.182857142857,1046.7938095238096,0.04063696086178572,0.0402926659190395,0.9672984584948237,305.8016666666667,567579.9974908425,0.03550553157879812,0.034344445964210706,175.19405296245907,169.46493736804712
2020-05-19 06:30:00,4136001,57.889430433333295,6.722222222222223,100.0,24.917694,25.733267829717292,24.800521900000003,1474.448117081459,1430.5820155329848,1811.04,1757.16,0.06800621642947836,0.06763572749680946,0.9702491386164857,745.0916666666667,568019.2874908425,0.057719636605263615,0.056002427697513596,336.59188291854093,326.5779844670153
2020-05-19 06:45:00,4136001,83.64883633333329,6.527777777777778,100.0,25.0238301,26.224818417779375,25.53404843333334,2126.3407094932113,2067.8068426496548,2623.6680952380952,2551.4438095238093,0.09852114824845347,0.09820890426846375,0.9724720189091861,1382.952619047619,568657.1484432234,0.08323901779186578,0.08094761568407338,497.32738574488394,483.6369668741545
2020-05-19 07:00:00,4136001,102.57224534482752,6.333333333333333,100.0,25.170778517241377,26.67212871256965,26.24912437931035,2602.6827071657494,2539.3440421427485,3232.983809523809,3154.3061904761903,0.1214015133091901,0.12141398275657694,0.9756640850424774,2171.5291666666667,569445.7249908425,0.10188618935861223,0.09940669571903499,630.3011023580598,614.9621483334417
2020-05-19 07:15:00,4136001,238.7451663333333,6.826388888888888,100.0,25.621686733333338,28.951814240859694,28.534140033333337,6002.34084028456,5895.371642425124,7209.74619047619,7081.259523809524,0.27073259554241264,0.27256831448847435,0.9821787531388563,3941.844047619048,571216.0398717949,0.23497126014032335,0.23078377930808863,1207.4053501916305,1185.8878813843994
2020-05-19 07:30:00,4136001,352.9456655172413,7.319444444444445,100.0,26.388763413793104,31.090630669068418,32.45415948275862,8796.34459365161,8628.75544192857,10247.57,10052.331904761904,0.3848056714905411,0.38692935271572293,0.9809478642021381,6454.927023809524,573729.1228479854,0.344347018737585,0.3377864725750076,1451.2254063483906,1423.5764628333345
2020-05-19 07:45:00,4136001,344.6251163333333,7.8125,100.0,26.525773066666662,30.91940004780876,32.451766133333344,8595.00406055742,8435.179121759613,9801.866666666669,9619.6,0.3680691017019078,0.37027285177690605,0.9814049024675571,8859.827023809525,576134.0228479854,0.3364652206129348,0.3302086170193624,1206.862606109249,1184.4208782403875
2020-05-19 08:00:00,4136001,312.6744565517241,8.305555555555555,100.0,26.654752586206893,30.47671147328334,32.383876379310344,7812.293121685599,7666.821659509593,9588.923333333334,9410.369523809524,0.36007288383047414,0.3622192565029147,0.9813791597537218,11212.419404761904,578486.6152289377,0.30582474541732624,0.3001300316895515,1776.6302116477355,1743.5478642999315
2020-05-19 08:15:00,4136001,351.6789246666667,8.104166666666666,100.0,26.52682696666667,30.89917551565702,31.77521156666667,8771.653898203533,8605.96449307743,10127.865714285716,9936.558571428572,0.38031066554819765,0.3824730632345541,0.9811108136448434,13696.559047619048,580970.7548717948,0.34338046185960197,0.3368942843248162,1356.2118160821828,1330.5940783511414
2020-05-19 08:30:00,4136001,363.34685266666673,7.902777777777778,100.0,26.87569363333333,31.471821046737503,33.99969796666668,9041.417466072393,8867.405098438656,10981.003333333334,10769.661428571428,0.4123467672163454,0.41454044345179536,0.9807538620701108,16388.974404761906,583663.1702289378,0.35394078943325086,0.34712879618080467,1939.585867260941,1902.2563301327718
2020-05-19 08:45:00,4136001,229.0580524137931,7.701388888888889,100.0,26.747689,29.696522992002745,32.03219493103448,5741.365115370801,5637.81673692973,7208.878571428571,7078.862857142857,0.2707000156497925,0.2724760631888959,0.9819645021070248,18158.69011904762,585432.8859432235,0.2247549467751341,0.22070137940613543,1467.5134560577708,1441.0461202131273
2020-05-19 09:00:00,4136001,492.2465099999999,7.5,100.0,27.435730933333332,33.88719240122324,35.84101773333334,12127.431330643753,11879.850109948586,13999.2,13713.406666666666,0.5256828259119366,0.5278496189075536,0.9795850239061279,21587.04178571429,588861.23760989,0.47474775222719723,0.4650557882148595,1871.7686693562482,1833.5565567180802
2020-05-19 09:15:00,4136001,275.3400410344827,7.472222222222221,100.0,27.386309241379315,31.0039684324775,34.54598362068967,6864.644227015293,6740.186051232812,9204.340952380951,9037.463333333331,0.3456314619767261,0.34786553715981494,0.9818696830211996,23846.40761904762,591120.6034432234,0.2687275093762103,0.26385539445029604,2339.6967253656585,2297.277282100519
2020-05-19 09:30:00,4136001,237.2463603333332,7.444444444444445,100.0,27.299538166666665,30.42449022585177,32.5958526,5928.958688013501,5827.068403538277,7470.413333333334,7342.032857142857,0.28052088632185246,0.28260587174664553,0.9828148095075762,25681.915833333333,592956.1116575091,0.23209859808234493,0.2281099394612753,1541.4546453198327,1514.9644536045798
2020-05-19 09:45:00,4136001,224.5894565517241,7.416666666666667,100.0,27.27851179310345,30.24417211994518,31.882327413793107,5616.791517994642,5520.042930460923,7226.421904761904,7101.947619047619,0.2713587839395935,0.27336463034585323,0.9827751150770394,27457.40273809524,594731.5985622711,0.21987831348579534,0.21609093483894787,1609.6303867672623,1581.9046885866956
2020-05-19 10:00:00,4136001,263.5695233333332,7.388888888888889,100.0,27.56580913333333,31.054947647145,32.14256796666667,6569.814445763305,6455.381649044064,8244.935714285715,8101.325714285715,0.30960491354848607,0.31183219420788305,0.9825820352060268,29482.734166666665,596756.9299908425,0.25718592467266804,0.2527062692912141,1675.12126852241,1645.9440652416506
2020-05-19 10:15:00,4136001,775.7806623333335,7.430555555555555,100.0,28.93706556666666,39.16826454237828,41.523643,18694.209059106248,18265.988307317493,3434.0280952380954,3355.3661904761907,0.12895091100675374,0.12915308413067408,0.9770934009331538,30321.575714285715,597595.7715384616,0.731814799730133,0.7150514115215304,-15260.180963868152,-14910.622116841303
2020-05-19 10:30:00,4136001,782.3134841379311,7.472222222222221,100.0,29.899837965517246,40.17855934428392,47.6299161724138,18770.87261403563,18323.30867743112,16801.760000000002,16401.146666666667,0.6309215295941297,0.6313047682521065,0.9761564661479908,34421.86238095238,601696.0582051282,0.7348159175586467,0.717295309353342,-1969.1126140356282,-1922.1620107644521
2020-05-19 10:45:00,4136001,883.623795,7.513888888888889,100.0,30.44308386666667,42.00959731649977,48.41711216666666,21036.39576490001,20526.54692067389,15637.740952380953,15258.736666666668,0.5872115445687209,0.5873316915546913,0.975763488673434,38236.54654761904,605510.7423717949,0.8235034552710907,0.8035446044499467,-5398.654812519058,-5267.810254007221
2020-05-19 11:00:00,4136001,952.7868706896552,7.555555555555555,100.0,30.64996444827586,43.07545832790099,49.40851693103448,22579.19058467422,22024.691640765715,15965.454285714286,15573.375238095236,0.59951748141909,0.5994426027279072,0.9754420362488603,42129.89035714286,609404.0861813187,0.883898633183567,0.862191882590163,-6613.736298959933,-6451.31640267048
2020-05-19 11:15:00,4136001,954.2261986666664,7.611111111111111,100.0,30.9685251,43.35142412240678,50.26547433333333,22586.392403792226,22026.59477797711,16617.298095238097,16205.442857142856,0.6239948155413026,0.6237718346939558,0.9752152705130046,46181.251071428575,613455.4468956044,0.8841805599448904,0.8622663839489962,-5969.094308554129,-5821.151920834252
2020-05-19 11:30:00,4136001,931.5328379310344,7.666666666666667,100.0,31.455090862068964,43.484182260971785,51.00279793103448,22036.607471495212,21492.5194545224,15487.084285714283,15104.705238095235,0.5815542482749464,0.5814027905275785,0.9753098103836263,49957.42738095238,617231.6232051282,0.8626583468974443,0.8413591487383989,-6549.5231857809285,-6387.814216427165
2020-05-19 11:45:00,4136001,947.2872033333332,7.722222222222222,100.0,31.76743353333333,43.940232342551184,50.95129696666666,22365.154425920868,21809.395579535387,16128.946666666669,15728.153333333332,0.6056567705809077,0.6054002440764464,0.9751506814662828,53889.46571428572,621163.6615384616,0.8755198444282978,0.8537637729315085,-6236.207759254199,-6081.242246202055
2020-05-19 12:00:00,4136001,967.4634931034484,7.777777777777778,100.0,32.061154310344826,44.43281023238381,51.70768065517242,22792.816319362984,22225.02963732621,16176.573333333334,15773.60238095238,0.6074451956853493,0.607149646179699,0.9750892266194229,57832.86630952381,625107.0621336997,0.8922613552304945,0.870034434814101,-6616.242986029651,-6451.4272563738305
2020-05-19 12:15:00,4136001,922.836151,7.986111111111111,100.0,32.56087253333334,44.150651509785455,52.5582591,21768.031172959738,21228.771332036322,16606.14285714286,16194.75857142857,0.623575926098647,0.6233605804899736,0.9752269814096332,61881.55595238095,629155.7517765568,0.8521444968862689,0.8310343054232265,-5161.888315816879,-5034.012760607751
2020-05-19 12:30:00,4136001,834.3676568965516,8.194444444444445,100.0,32.68662231034483,42.981102962985815,52.33079479310344,19780.930506028337,19302.360515581015,15211.246666666668,14843.233333333334,0.5711962921721855,0.57133834420593,0.975806497560796,65592.36428571428,632866.5601098901,0.7743562539059831,0.7556218639882958,-4569.683839361669,-4459.127182247681
2020-05-19 12:45:00,4136001,843.8206080000001,8.402777777777777,100.0,32.76796153333333,42.99919048756188,50.572105,20003.4786137514,19517.002550593454,16089.254761904762,15697.970952380952,0.6041663030784028,0.6042384789023586,0.9756804267621972,69516.85702380953,636791.0528479854,0.783068256557111,0.7640243707415718,-3914.2238518466365,-3819.031598212501
2020-05-19 13:00:00,4136001,769.5755772413792,8.61111111111111,100.0,33.02636206896551,42.19889576671735,50.01087920689655,18306.36895357251,17863.075350828178,16216.72761904762,15824.03523809524,0.6089530260175655,0.6090908825967585,0.9757847335062139,73472.86583333333,640747.0616575092,0.7166321766910358,0.6992787375544404,-2089.6413345248893,-2039.040112732937
2020-05-19 13:15:00,4136001,906.15994,8.63888888888889,100.0,33.465824399999995,44.24189694132477,51.61920369999999,21366.22105464861,20840.425819283235,17283.327619047617,16858.007142857143,0.6490048362722708,0.6488900141441605,0.9753912854303741,77687.36761904761,644961.5634432235,0.8364149952886518,0.8158318974078385,-4082.8934356009922,-3982.418676426092
2020-05-19 13:30:00,4136001,839.5238906896551,8.666666666666666,100.0,33.95278820689655,43.91391647801253,53.399306620689664,19823.153779932647,19342.49306186005,16774.86904761905,16368.121428571429,0.6299117496181966,0.6300335772368735,0.9757525606970177,81779.39797619048,649053.5938003663,0.776009151690454,0.757192916886281,-3048.2847323135975,-2974.3716332886197
2020-05-19 13:45:00,4136001,688.8711973333333,8.694444444444445,100.0,33.5244263,41.67964350531945,50.37124133333332,16423.15366195587,16054.95369438741,15151.646666666667,14811.953333333331,0.5689582573970303,0.5701343300261739,0.9775804346018274,85482.3863095238,652756.5821336997,0.642910693362923,0.6284969150278884,-1271.5069952892009,-1243.000361054079
2020-05-19 14:00:00,4136001,651.0980537931034,8.722222222222221,100.0,33.976512896551725,41.667252960254814,49.866708,15523.440792892292,15180.755451722463,16012.000952380951,15658.530476190475,0.6012653515309616,0.6027203557377273,0.9779246530623072,89397.01892857143,656671.2147527472,0.6076899899351064,0.5942750225767259,488.56015948865934,477.7750244680119
2020-05-19 14:15:00,4136001,701.8116086666665,8.944444444444445,100.0,34.40232743333333,42.54588288316701,50.24767436666668,16669.542802862827,16295.666999683574,18221.23,17812.551904761905,0.684223932652677,0.6856318756705425,0.9775713222851534,93850.15690476193,661124.3527289378,0.652555991499817,0.6379200234755754,1551.687197137173,1516.884905078332
2020-05-19 14:30:00,4136001,608.9637913333333,9.166666666666666,100.0,34.51084996666668,41.45456480513115,49.6829406,14532.11252227546,14216.268669475987,15697.35761904762,15356.188095238096,0.5894502051925268,0.5910827434037158,0.978265799117965,97689.20392857144,664963.3997527473,0.5688828546594425,0.5565186404179286,1165.2450967721597,1139.9194257621093
2020-05-19 14:45:00,4136001,498.2356875862069,9.388888888888888,100.0,34.437600862068955,40.02195064447432,46.93042603448275,11962.667299806128,11713.685601513824,14694.96,14389.110476190475,0.5518092533475392,0.5538584733826772,0.979186773981724,101286.48154761904,668560.6773717948,0.468297799953264,0.4585510119989753,2732.2927001938715,2675.4248746766516
2020-05-19 15:00:00,4136001,369.271392,9.61111111111111,100.0,33.798010433333324,37.86756511704503,42.3022998,8947.516800770134,8769.964664745496,11953.06,11715.866666666669,0.44884838841469027,0.45096130418153163,0.9801562668192638,104215.44821428572,671489.6440384615,0.3502648972703125,0.34331433410630247,3005.5431992298654,2945.902001921173
2020-05-19 15:15:00,4136001,233.40347,9.520833333333332,100.0,33.23434548275863,35.824192302365276,40.04291196551724,5704.1436760036295,5597.688345325034,7654.924761904762,7512.062380952381,0.28744946003924177,0.28915056348717755,0.9813371933237875,106093.4638095238,673367.6596336997,0.22329785382672263,0.21913048914954136,1950.7810859011324,1914.3740356273474
2020-05-19 15:30:00,4136001,97.1562772666666,9.430555555555555,100.0,27.055305866666664,28.140790222475463,29.508684366666667,2450.6771326890653,2397.267073612164,3610.6266666666666,3531.9366666666665,0.1355823496661473,0.1359495469522731,0.9782059993279099,106976.44797619048,674250.6438003663,0.09593568732390156,0.09384486488988703,1159.9495339776013,1134.6695930545025
2020-05-19 15:45:00,4136001,44.119020967857104,9.340277777777777,100.0,24.55274310714285,25.049089848449075,24.52630835714285,1126.7990895832108,1096.1223025887073,1813.8615384615384,1764.4796703296704,0.06811216779183342,0.06791747260128718,0.9727752824100608,107417.5678937729,674691.7637179487,0.04411035778364497,0.04290946575019406,687.0624488783276,668.3573677409631
2020-05-19 16:00:00,4136001,33.56098610892855,9.180555555555554,100.0,23.74302817857143,24.125293525219057,22.824004303571424,860.3149874433631,835.3291290749794,1272.1682692307693,1235.2210851648351,0.047771087691062926,0.0475455147593401,0.9709573136199391,107505.8132062729,674780.0090304487,0.0336784101563266,0.03270029865237735,411.8532817874062,399.89195608985574
2020-05-19 16:15:00,4136001,23.00295125,9.020833333333332,100.0,22.933313250000005,23.198622223213004,21.12170025,591.8444228707739,571.9839397390857,730.475,705.9625,0.027430007590292436,0.027173556917393035,0.9664430678667989,107594.05851877289,674868.2543429487,0.02316869927072906,0.02239122880168666,138.63057712922614,133.97856026091426
2020-05-19 16:30:00,4136001,54.725162,8.791666666666666,100.0,23.387061931034484,24.029866441517836,21.8203125862069,1403.3790726661634,1362.080864024206,1793.742857142857,1740.9571428571428,0.06735669281831877,0.06701205519014186,0.970572306908141,108029.2978044872,675303.493628663,0.0549375248645983,0.05332084024365653,390.3637844766936,378.8762788329368
2020-05-19 16:45:00,4136001,27.5732674333333,8.5625,100.0,24.308211266666667,24.63816331062315,22.346285166666664,705.3785684680084,682.144389947884,814.04,787.2266666666667,0.030567950140390366,0.030301536743886907,0.9670614056639314,108226.10447115384,675500.3002953297,0.027613175512546818,0.026703636326008376,108.66143153199152,105.08227671878274
2020-05-19 17:00:00,4136001,15.9814222241379,8.333333333333334,100.0,23.701372896551725,23.896268289529015,21.968187,410.04780442574554,395.8915225584507,474.0733333333333,457.70666666666665,0.017801889361974837,0.01761781703438484,0.9654765085570446,108340.53113782052,675614.7269619963,0.01605197903408673,0.015497808673260938,64.02552890758778,61.815144108215975
2020-05-19 17:15:00,4136001,7.828918936666601,8.277777777777779,100.0,23.62663786666667,23.722556991105122,21.9704834,201.01163618855628,193.9395828272665,145.90666666666667,140.77333333333334,0.005478929428304781,0.005418577028927848,0.9648176916750435,108375.72447115384,675649.9202953296,0.007868922927717998,0.007592076055089704,-55.104969521889615,-53.16624949393315
2020-05-19 17:30:00,4136001,4.388399575862,8.222222222222223,100.0,23.32891844827586,23.382936168313552,21.96210255172414,112.82676937117444,0.0,0.0,0.0,0.0,0.0,0.0,108375.72447115384,675649.9202953296,0.004416784864794458,0.0,-112.82676937117444,0.0
2020-05-19 17:45:00,4136001,4.601554593103399,8.166666666666666,100.0,22.905833206896556,22.962740881805082,21.970494827586204,118.50460452482831,0.0,0.0,0.0,0.0,0.0,0.0,108375.72447115384,675649.9202953296,0.0046390528293140856,0.0,-118.50460452482831,0.0
2020-05-19 18:00:00,4136001,2.70012998,8.11111111111111,100.0,22.59090876666666,22.62445908947978,21.751172866666664,69.63023036914525,0.0,0.0,0.0,0.0,0.0,0.0,108375.72447115384,675649.9202953296,0.0027257870569248484,0.0,-69.63023036914525,0.0
2020-05-19 18:15:00,4136001,5.7227409633333,8.194444444444445,100.0,22.78114933333333,22.85175687143738,21.412376,147.44360237236484,142.28131205935887,36.61333333333333,35.331428571428575,0.0013748643160125128,0.0013599597503529165,0.9649880345437521,108384.55732829672,675658.7531524725,0.005771916319137398,0.005569830184355406,-110.8302690390315,-106.9498834879303
2020-05-19 18:30:00,4136001,6.3741435275862,8.277777777777779,100.0,23.76923651724137,23.847331880235565,21.45997579310345,163.57824066873104,157.77488008360254,17.1,16.493333333333332,0.0006421207156904763,0.0006348531715082163,0.964522417153996,108388.68066163005,675662.8764858058,0.006403532615726406,0.006176350756844883,-146.47824066873105,-141.2815467502692
2020-05-19 18:45:00,4136001,2.2560805666666,8.36111111111111,100.0,23.401081366666663,23.42853094163523,21.83125313333333,57.993843042419805,0.0,0.0,0.0,0.0,0.0,0.0,108388.68066163005,675662.8764858058,0.002270262009881378,0.0,-57.993843042419805,0.0
2020-05-19 19:00:00,4136001,2.3246097586206,8.444444444444445,100.0,24.668545379310345,24.696633945750904,22.740741689655177,59.454214405741894,0.0,0.0,0.0,0.0,0.0,0.0,108388.68066163005,675662.8764858058,0.0023274305893811664,0.0,-59.454214405741894,0.0
2020-05-19 19:15:00,4136001,0.0063984133333333,8.45138888888889,99.75,21.648595166666667,21.648672435191056,20.295639066666663,0.1656385326276688,0.0,0.0,0.0,0.0,0.0,0.0,108388.68066163005,675662.8764858058,6.484186049233463e-06,0.0,-0.1656385326276688,0.0
2020-05-19 19:30:00,4136001,0.0542761958620689,8.458333333333332,99.5,21.893734620689653,21.8943896951675,20.521611724137937,1.4037089569689092,0.0,0.0,0.0,0.0,0.0,0.0,108388.68066163005,675662.8764858058,5.495043871477429e-05,0.0,-1.4037089569689092,0.0
2020-05-19 19:45:00,4136001,0.2508178,8.465277777777779,99.25,22.465216933333338,22.46824238853674,20.90105176666667,6.472026009949889,0.0,0.0,0.0,0.0,0.0,0.0,108388.68066163005,675662.8764858058,0.0002533578394969618,0.0,-6.472026009949889,0.0
2020-05-19 20:00:00,4136001,2.5417144999999,8.472222222222221,99.0,23.660331999999997,23.690973525015064,21.27346910344827,65.26806729376047,0.0,0.0,0.0,0.0,0.0,0.0,108388.68066163005,675662.8764858058,0.0025550231862893117,0.0,-65.26806729376047,0.0
2020-05-19 20:15:00,4136001,2.8690485799999,8.340277777777777,99.25,24.39279383333333,24.427761974714844,22.762568133333332,73.45760292303672,0.0,0.0,0.0,0.0,0.0,0.0,108388.68066163005,675662.8764858058,0.0028756156947753655,0.0,-73.45760292303672,0.0
2020-05-19 20:30:00,4136001,1.7487525344827,8.208333333333334,99.5,24.279873655172413,24.30142461375868,23.061630758620687,44.79671020642257,0.0,0.0,0.0,0.0,0.0,0.0,108388.68066163005,675662.8764858058,0.0017536390763915667,0.0,-44.79671020642257,0.0
2020-05-19 20:45:00,4136001,0.8765826303333,8.07638888888889,99.75,23.86325173333333,23.874175902325238,22.95575250000001,22.493142470457837,0.0,0.0,0.0,0.0,0.0,0.0,108388.68066163005,675662.8764858058,0.0008805301417286294,0.0,-22.493142470457837,0.0
2020-05-19 21:00:00,4136001,0.3561047920689,7.944444444444445,100.0,24.10814589655172,24.112634235246816,23.08405286206896,9.128985303053199,0.0,0.0,0.0,0.0,0.0,0.0,108388.68066163005,675662.8764858058,0.00035736877287348597,0.0,-9.128985303053199,0.0
2020-05-19 21:15:00,4136001,0.0038390479999999,7.861111111111111,100.0,24.047049099999995,24.047097837438105,23.071009333333336,0.09844227983110353,0.0,0.0,0.0,0.0,0.0,0.0,108388.68066163005,675662.8764858058,3.853680948565415e-06,0.0,-0.09844227983110353,0.0
2020-05-19 21:30:00,4136001,0.0025593588666666,7.777777777777778,100.0,24.31994936666667,24.319982095040924,23.2351491,0.06555665732793611,0.0,0.0,0.0,0.0,0.0,0.0,108388.68066163005,675662.8764858058,2.566320506084796e-06,0.0,-0.06555665732793611,0.0
2020-05-19 21:45:00,4136001,0.0,7.694444444444444,100.0,24.345729620689657,24.345729620689657,23.295026206896548,0.0,0.0,0.0,0.0,0.0,0.0,0.0,108388.68066163005,675662.8764858058,0.0,0.0,0.0,0.0
2020-05-19 22:00:00,4136001,0.0,7.611111111111111,100.0,24.287572678571426,24.287572678571426,23.22814078571428,0.0,0.0,0.0,0.0,0.0,0.0,0.0,108388.68066163005,675662.8764858058,0.0,0.0,0.0,0.0
2020-05-19 22:15:00,4136001,0.0,7.555555555555555,100.0,24.207670200000003,24.207670200000003,23.11916696666667,0.0,0.0,0.0,0.0,0.0,0.0,0.0,59154.5616735348,353892.7665636447,0.0,0.0,0.0,0.0
2020-05-19 22:30:00,4136001,0.0,7.5,100.0,24.172946310344827,24.172946310344827,22.996127517241376,0.0,0.0,0.0,0.0,0.0,0.0,0.0,59154.5616735348,353892.7665636447,0.0,0.0,0.0,0.0
2020-05-19 22:45:00,4136001,0.0,7.444444444444445,100.0,23.983647666666663,23.983647666666663,22.87368653333333,0.0,0.0,0.0,0.0,0.0,0.0,0.0,59154.5616735348,353892.7665636447,0.0,0.0,0.0,0.0
2020-05-19 23:00:00,4136001,0.0,7.388888888888889,100.0,23.764134793103445,23.764134793103445,22.499025586206898,0.0,0.0,0.0,0.0,0.0,0.0,0.0,59154.5616735348,353892.7665636447,0.0,0.0,0.0,0.0
2020-05-19 23:15:00,4136001,0.0,7.368055555555555,99.5,23.48484706666666,23.48484706666666,21.763374766666665,0.0,0.0,0.0,0.0,0.0,0.0,0.0,59154.5616735348,353892.7665636447,0.0,0.0,0.0,0.0
2020-05-19 23:30:00,4136001,0.0,7.347222222222223,99.0,23.018634966666667,23.018634966666667,20.832572366666668,0.0,0.0,0.0,0.0,0.0,0.0,0.0,59154.5616735348,353892.7665636447,0.0,0.0,0.0,0.0
2020-05-19 23:45:00,4136001,0.0,7.326388888888888,98.5,22.96248424137931,22.96248424137931,20.819839,0.0,0.0,0.0,0.0,0.0,0.0,0.0,59154.5616735348,353892.7665636447,0.0,0.0,0.0,0.0
2020-05-20 00:00:00,4136001,0.0,7.305555555555555,98.0,22.8691498,22.8691498,20.88145033333333,0.0,0.0,0.0,0.0,0.0,0.0,0.0,0.0,353892.7665636447,0.0,0.0,0.0,0.0
2020-05-20 00:15:00,4136001,0.0277999988275862,7.201388888888889,95.75,23.50438506896552,23.50475944190869,21.389197034482763,0.7143983561818402,0.0,0.0,0.0,0.0,0.0,0.0,0.0,353892.7665636447,2.7966269570633793e-05,0.0,-0.7143983561818402,0.0
2020-05-20 00:30:00,4136001,0.1420447746665999,7.097222222222222,93.5,24.69240406666667,24.694335466145446,22.59908346666666,3.6329702251904292,0.0,0.0,0.0,0.0,0.0,0.0,0.0,353892.7665636447,0.00014221844686593968,0.0,-3.6329702251904292,0.0
2020-05-20 00:45:00,4136001,0.0,6.993055555555555,91.25,24.77382903333334,24.77382903333334,23.075260433333337,0.0,0.0,0.0,0.0,0.0,0.0,0.0,0.0,353892.7665636447,0.0,0.0,0.0,0.0
2020-05-20 01:00:00,4136001,0.0,6.888888888888889,89.0,24.6177441724138,24.6177441724138,22.88777313793103,0.0,0.0,0.0,0.0,0.0,0.0,0.0,0.0,353892.7665636447,0.0,0.0,0.0,0.0
2020-05-20 01:15:00,4136001,0.0,6.951388888888888,91.5,24.450394766666665,24.450394766666665,22.722356066666663,0.0,0.0,0.0,0.0,0.0,0.0,0.0,0.0,353892.7665636447,0.0,0.0,0.0,0.0
2020-05-20 01:30:00,4136001,0.0,7.013888888888888,94.0,24.319342133333333,24.319342133333333,22.55997093333333,0.0,0.0,0.0,0.0,0.0,0.0,0.0,0.0,353892.7665636447,0.0,0.0,0.0,0.0
2020-05-20 01:45:00,4136001,0.0,7.076388888888889,96.5,24.39755568965517,24.39755568965517,22.59517368965517,0.0,0.0,0.0,0.0,0.0,0.0,0.0,0.0,353892.7665636447,0.0,0.0,0.0,0.0
2020-05-20 02:00:00,4136001,0.0,7.138888888888888,99.0,24.487008866666667,24.487008866666667,22.7013214,0.0,0.0,0.0,0.0,0.0,0.0,0.0,0.0,353892.7665636447,0.0,0.0,0.0,0.0
2020-05-20 02:15:00,4136001,0.0,7.194444444444444,99.25,24.398595482758623,24.398595482758623,22.73078851724138,0.0,0.0,0.0,0.0,0.0,0.0,0.0,0.0,353892.7665636447,0.0,0.0,0.0,0.0
2020-05-20 02:30:00,4136001,0.0,7.25,99.5,24.248618633333336,24.248618633333336,22.4012268,0.0,0.0,0.0,0.0,0.0,0.0,0.0,0.0,353892.7665636447,0.0,0.0,0.0,0.0
2020-05-20 02:45:00,4136001,0.0,7.305555555555555,99.75,24.087829733333336,24.087829733333336,22.237516399999997,0.0,0.0,0.0,0.0,0.0,0.0,0.0,0.0,353892.7665636447,0.0,0.0,0.0,0.0
2020-05-20 03:00:00,4136001,0.0,7.361111111111111,100.0,23.977405448275864,23.977405448275864,22.20281693103448,0.0,0.0,0.0,0.0,0.0,0.0,0.0,0.0,353892.7665636447,0.0,0.0,0.0,0.0
2020-05-20 03:15:00,4136001,0.0,7.256944444444445,99.5,23.88355383333333,23.88355383333333,22.140261866666663,0.0,0.0,0.0,0.0,0.0,0.0,0.0,0.0,353892.7665636447,0.0,0.0,0.0,0.0
2020-05-20 03:30:00,4136001,0.0,7.152777777777778,99.0,23.85213686206896,23.85213686206896,22.3865651724138,0.0,0.0,0.0,0.0,0.0,0.0,0.0,0.0,353892.7665636447,0.0,0.0,0.0,0.0
2020-05-20 03:45:00,4136001,0.0,7.048611111111111,98.5,24.005214566666663,24.005214566666663,22.449035666666667,0.0,0.0,0.0,0.0,0.0,0.0,0.0,0.0,353892.7665636447,0.0,0.0,0.0,0.0
2020-05-20 04:00:00,4136001,0.0,6.944444444444445,98.0,23.995881333333333,23.995881333333333,22.497091633333337,0.0,0.0,0.0,0.0,0.0,0.0,0.0,0.0,353892.7665636447,0.0,0.0,0.0,0.0
2020-05-20 04:15:00,4136001,0.033094512275862,6.583333333333333,98.0,24.191343172413795,24.19181574862793,23.287200793103445,0.8481322697404234,0.0,0.0,0.0,0.0,0.0,0.0,0.0,353892.7665636447,3.320149813037477e-05,0.0,-0.8481322697404234,0.0
2020-05-20 04:30:00,4136001,0.0,6.222222222222221,98.0,24.16128653333333,24.16128653333333,22.910397333333336,0.0,0.0,0.0,0.0,0.0,0.0,0.0,0.0,353892.7665636447,0.0,0.0,0.0,0.0
2020-05-20 04:45:00,4136001,0.0,5.861111111111112,98.0,24.00179234482759,24.00179234482759,22.33704875862069,0.0,0.0,0.0,0.0,0.0,0.0,0.0,0.0,353892.7665636447,0.0,0.0,0.0,0.0
2020-05-20 05:00:00,4136001,0.0,5.5,98.0,23.918817933333333,23.918817933333333,22.176272733333327,0.0,0.0,0.0,0.0,0.0,0.0,0.0,0.0,353892.7665636447,0.0,0.0,0.0,0.0
2020-05-20 05:15:00,4136001,0.0,5.576388888888888,98.5,23.893834166666668,23.893834166666668,22.186045566666667,0.0,0.0,0.0,0.0,0.0,0.0,0.0,0.0,353892.7665636447,0.0,0.0,0.0,0.0
2020-05-20 05:30:00,4136001,0.0,5.652777777777778,99.0,23.869367758620697,23.869367758620697,22.12683337931034,0.0,0.0,0.0,0.0,0.0,0.0,0.0,0.0,353892.7665636447,0.0,0.0,0.0,0.0
2020-05-20 05:45:00,4136001,0.4734719072,5.729166666666667,99.5,23.686161400000003,23.693537788038174,21.987447133333337,12.158045674420528,0.0,0.0,0.0,0.0,0.0,0.0,0.0,353892.7665636447,0.00047594619982072923,0.0,-12.158045674420528,0.0
2020-05-20 06:00:00,4136001,13.1981180620689,5.805555555555555,100.0,23.641993137931035,23.84595107429433,22.08829268965517,338.7022574698933,326.95164049598975,182.55333333333337,176.22,0.006855045441618836,0.006782972466643767,0.9653069422634479,44.055,353936.8215636447,0.01325904315795237,0.012799046408142093,-156.14892413655994,-150.73164049598975
2020-05-20 06:15:00,4136001,32.9641202333333,5.854166666666666,99.25,23.659280599999995,24.16608953620837,22.604933600000003,844.8772901317724,816.8626398437449,500.8880952380952,484.27952380952377,0.018808808315504393,0.018640646215862866,0.9668417525062626,165.12488095238095,354057.8914445971,0.033074076732502344,0.03197739831057917,-343.98919489367717,-332.5831160342211
2020-05-20 06:30:00,4136001,53.2596423333333,5.902777777777778,98.5,23.731026266666667,24.545705308094327,23.10573833333333,1362.9898670341963,1321.08104159826,858.43,832.0352380952381,0.03223483543685237,0.032026285956630304,0.9692522839314075,373.13369047619045,354265.9002541209,0.053356424624552604,0.0517158364297616,-504.5598670341964,-489.04580350302194
2020-05-20 06:45:00,4136001,81.52478172413791,5.951388888888889,97.75,24.00944055172413,25.25016317431878,24.11705706896552,2080.466639318891,2022.33555612394,1333.506666666667,1296.246666666667,0.05007440088760359,0.04989448104629873,0.9720586323777909,697.1953571428571,354589.9619207875,0.08144320373141088,0.07916756923562106,-746.959972652224,-726.0888894572731
2020-05-20 07:00:00,4136001,106.8528692333333,6.0,97.0,24.19482623333333,25.8128284930749,25.095684733333336,2720.6818992339718,2655.4607792708334,1758.6933333333334,1716.5333333333333,0.06604055098713855,0.06607194607919786,0.9760276568967869,1126.3286904761903,355019.0952541209,0.10650545700661466,0.1039522716488876,-961.9885659006384,-938.9274459375001
2020-05-20 07:15:00,4136001,174.225292413793,6.104166666666667,97.25,24.43605424137931,27.04607322814075,26.56041113793103,4414.160202662946,4329.736912851768,2833.2066666666665,2779.02,0.10638951418122973,0.10696865363893067,0.9808744390925712,1821.0836904761904,355713.8502541209,0.1727993815879016,0.16949449649057616,-1580.9535359962797,-1550.7169128517676
2020-05-20 07:30:00,4136001,295.7842996666666,6.208333333333334,97.5,24.89542023333333,29.279683179552354,29.149282866666667,7426.464044238399,7297.5334602697285,4510.639047619047,4432.33,0.16937864172389186,0.17060703866234916,0.9826390347814723,2929.1661904761904,356821.9327541209,0.2907208472984302,0.2856736527801812,-2915.8249966193516,-2865.2034602697286
2020-05-20 07:45:00,4136001,348.9275079310345,6.3125,97.75,25.45767420689655,30.57560179196544,31.8375128275862,8714.563958021743,8550.543297455466,5527.206666666667,5423.176666666667,0.20755169009176444,0.20874621502522375,0.9811785579454843,4284.960357142857,358177.72692078754,0.3411455845770892,0.3347247327248176,-3187.357291355076,-3127.366630788799
2020-05-20 08:00:00,4136001,384.4719883333333,6.416666666666667,98.0,25.69534393333333,31.276298909865965,32.733932200000005,9574.770356605623,9388.49143299957,6064.193333333334,5946.213333333333,0.22771603294066756,0.22887868187941243,0.9805448155236914,5771.51369047619,359664.2802541209,0.3748197438483313,0.3675275565863993,-3510.577023272289,-3442.278099666237
2020-05-20 08:15:00,4136001,396.6988159999999,6.409722222222223,97.5,26.174195366666662,31.93660690023967,34.1762287,9852.498078918994,9659.364167656502,6473.3133333333335,6346.419999999999,0.2430788649408598,0.24428323755395148,0.9803974677573668,7358.118690476191,361250.88525412086,0.3856918410224699,0.3781313042731064,-3379.1847455856605,-3312.944167656503
2020-05-20 08:30:00,4136001,499.0015193103448,6.402777777777778,97.0,26.49222537931035,33.74568157976598,35.83274265517242,12301.069214909343,12047.459598084968,8116.49,7949.153333333333,0.30478165892950837,0.3059748507157503,0.9793831241501355,9345.407023809525,363238.1735874542,0.4815450857275139,0.4716171304789574,-4184.579214909343,-4098.306264751635
2020-05-20 08:45:00,4136001,501.239439,6.395833333333333,96.5,26.776749666666667,34.06777027105228,36.66196696666668,12339.740690388346,12084.216859214379,8362.254761904762,8189.094285714285,0.3140103516082093,0.3152105383426955,0.9792926093355432,11392.680595238096,365285.4471588828,0.4830589426654275,0.47305605242569504,-3977.485928483584,-3895.1225735000935
2020-05-20 09:00:00,4136001,569.7500368965517,6.388888888888888,96.0,27.25867220689656,35.55197696521609,38.37599344827586,13939.959629397794,13645.741411745938,9232.468571428572,9037.607142857143,0.3466876799225464,0.3478710726043755,0.9788938974377384,13652.08238095238,367544.84894459706,0.5457020798354979,0.5341844357700504,-4707.491057969222,-4608.134268888794
2020-05-20 09:15:00,4136001,640.6315396666668,6.395833333333333,95.75,27.7584269,37.0770426993624,40.67017606666668,15574.372717752876,15238.447319653773,9161.866666666669,8964.253333333334,0.3440365135123228,0.3450475743049575,0.9784308874465173,15893.145714285714,369785.9122779304,0.6096838018302163,0.5965334632865051,-6412.506051086208,-6274.193986320439
2020-05-20 09:30:00,4136001,647.0725131034483,6.402777777777778,95.5,28.25515220689655,37.66095950544221,42.38117079310345,15692.351680308475,15352.228485763108,8876.193333333335,8683.806666666667,0.333309217298657,0.33425276089920325,0.978325543457443,18064.097380952386,371956.8639445971,0.6143022775614984,0.6009876095424979,-6816.15834697514,-6668.42181909644
2020-05-20 09:45:00,4136001,686.2952536666667,6.409722222222223,95.25,28.474303266666663,38.44336676184285,43.55698946666667,16588.687435731445,16225.725597939148,8603.323809523808,8415.08238095238,0.32306271589990304,0.32390915954227145,0.9781199182154406,20167.867976190475,374060.6345398352,0.6493907784588547,0.6351820551160363,-7985.363626207636,-7810.643216986768
2020-05-20 10:00:00,4136001,747.509839,6.416666666666667,95.0,28.60234073333333,39.453114996651664,44.16699749999999,17991.201887287498,17589.38193685502,7963.170952380952,7785.319523809524,0.29902438778412094,0.299668641323483,0.977665752796849,22114.19785714285,376006.9644207875,0.7042944563432177,0.6885645698514394,-10028.030934906546,-9804.062413045496
2020-05-20 10:15:00,4136001,864.1144379310343,6.215277777777778,96.0,28.900173896551724,41.69949902791309,45.35204320689655,20599.317488813384,20096.348746663163,5480.660000000001,5346.84,0.20580381997989275,0.20580790207439315,0.9755832326763564,23450.90785714285,377343.6744207876,0.8063933250660945,0.7867038068766163,-15118.657488813384,-14749.508746663163
2020-05-20 10:30:00,4136001,849.2220146666665,6.013888888888888,97.0,29.477747666666662,42.31848274894786,46.90938813333333,20190.590907308804,19691.15723151868,3585.333333333333,3496.6466666666665,0.13463256175373806,0.13459118184985647,0.9752640386760878,24325.069523809525,378217.8360874542,0.7903930674225408,0.7708419350760884,-16605.257573975472,-16194.510564852011
2020-05-20 10:45:00,4136001,912.1699306896552,5.8125,98.0,30.049281758620698,44.13521668028468,48.90987755172413,21517.87299115345,20979.74701974863,3763.546666666666,3669.426666666666,0.14132463620669625,0.14124174354992858,0.9749916745197791,25242.42619047619,379135.19275412086,0.842351653597708,0.8212858492757342,-17754.326324486785,-17310.320353081963
2020-05-20 11:00:00,4136001,878.2139643333336,5.611111111111111,99.0,30.170891333333337,44.02721768759862,48.8913961,20726.551160488136,20213.5351156923,3647.7242857142855,3557.437142857143,0.13697539935581218,0.13693109858027394,0.9752483642443215,26131.785476190475,380024.5520398352,0.8113740912306963,0.7912912552629594,-17078.82687477385,-16656.097972835156
2020-05-20 11:15:00,4136001,900.2838820689653,5.486111111111111,99.25,30.52978934482759,44.92857194489101,49.119193172413794,21164.502364778098,20635.262106256687,3774.4604761904766,3680.0761904761903,0.1417344597846108,0.1416516597159873,0.9749939663404431,27051.80452380952,380944.5710874542,0.8285183936104168,0.8078004347722327,-17390.04188858762,-16955.185915780497
2020-05-20 11:30:00,4136001,904.425871,5.361111111111112,99.5,31.045926933333337,45.711499675347284,51.21273570000001,21189.52146616455,20659.76296402079,3796.386666666667,3701.473333333334,0.1425578083881744,0.1424752678811493,0.974999034169333,27977.172857142858,381869.9394207875,0.8294978064656313,0.8087595601495708,-17393.134799497886,-16958.289630687454
2020-05-20 11:45:00,4136001,892.504974,5.236111111111112,99.75,31.343127399999997,46.018864866085664,52.38038843333334,20882.19983440749,20360.24196834374,3941.533333333333,3843.013333333334,0.14800819911800397,0.14792335506154178,0.9750046513201295,28937.926190476188,382830.69275412086,0.8174672082367387,0.797034330332501,-16940.666501074156,-16517.228635010408
2020-05-20 12:00:00,4136001,888.7461020689657,5.111111111111111,100.0,31.557537206896555,46.37985378576523,51.59497410344829,20761.47025532291,20242.481529083114,5259.153333333334,5127.686666666667,0.1974860410716932,0.19737236112573125,0.9750023134268762,30219.847857142857,384112.6144207876,0.8127410552093526,0.7924244090461192,-15502.316921989577,-15114.794862416446
2020-05-20 12:15:00,4136001,923.4582183333332,5.451388888888888,100.0,31.916929933333336,46.74266893928691,52.51163343333333,21538.1245422978,20999.56395427818,5713.85,5570.975238095239,0.21456031879228235,0.2144352040197152,0.9749950100361819,31612.591666666667,385505.35823031137,0.8431444330513916,0.8220616149648925,-15824.274542297799,-15428.588716182941
2020-05-20 12:30:00,4136001,902.3842899999996,5.791666666666667,100.0,32.014409620689655,45.97996390375086,52.1759842413793,21116.935967066114,20589.18542707094,5155.554761904762,5026.708095238095,0.19359581950267418,0.19348554425068284,0.9750081858079103,32869.268690476194,386762.0352541209,0.8266563306739524,0.8059966892570343,-15961.381205161353,-15562.477331832846
2020-05-20 12:45:00,4136001,900.5759923333334,6.131944444444444,100.0,32.36966773333334,45.82264592108153,52.110103166666654,21089.096045287464,20561.79298407281,5156.593333333334,5027.66,0.19363481881431222,0.1935221844946442,0.974996412360098,34126.18369047619,388018.95025412086,0.825566492279799,0.8049243681375146,-15932.50271195413,-15534.13298407281
2020-05-20 13:00:00,4136001,890.2271979999999,6.472222222222222,100.0,32.85877673333334,45.7103314900823,53.1356262,20856.97129289218,20335.384832505526,5101.346666666667,4973.773333333333,0.19156025570673835,0.1914480057617012,0.9749922242754199,35369.627023809524,389262.3935874542,0.8164795965117314,0.7960612578784704,-15755.624626225512,-15361.611499172193
2020-05-20 13:15:00,4136001,884.7205834482758,6.583333333333333,99.75,33.052698620689654,45.68614976231861,53.0448231724138,20730.143867262814,20211.751571672547,5056.78,4930.326666666666,0.18988673641457815,0.1897756783087024,0.9749933093127773,36602.20869047619,390494.9752541209,0.811514733500208,0.7912214355714443,-15673.363867262815,-15281.42490500588
2020-05-20 13:30:00,4136001,843.018139,6.694444444444445,99.5,33.2762693,45.18498718388191,52.4341836,19796.17177108284,19308.252957598037,4815.88,4697.182380952381,0.18084072001634216,0.18080160458974134,0.9753528702858836,37776.50428571428,391669.270849359,0.7749528976740201,0.7558525330827182,-14980.29177108284,-14611.070576645656
2020-05-20 13:45:00,4136001,827.689449310345,6.805555555555555,99.25,33.618522931034484,45.18650964396733,52.44284375862068,19436.08708647088,18960.224437187695,4723.733333333333,4608.08,0.1773805279959625,0.17737192012309505,0.9755165405893644,38928.52428571429,392821.29084935895,0.760856805107492,0.7422283984023369,-14712.353753137548,-14352.144437187695
2020-05-20 14:00:00,4136001,828.4374166666665,6.916666666666666,99.0,33.5427245,44.99947206834001,52.00774616666667,19469.483793325235,18992.926997991897,4726.183333333333,4610.5,0.17747252774762579,0.17746506955771812,0.9755228849212366,40081.14928571429,393973.91584935895,0.7621641727666955,0.7435085926009746,-14743.3004599919,-14382.426997991897
2020-05-20 14:15:00,4136001,779.2082066666665,7.124999999999999,98.5,34.32369355555555,44.89137792073717,52.94268122222222,18321.132183204652,17894.936665927973,15629.225,15265.65,0.5868917627302622,0.5875977961378982,0.9767374901826545,43897.561785714286,719560.4382715202,0.7172101069956803,0.7005259998405939,-2691.907183204652,-2629.2866659279734
2020-05-20 14:30:00,4136001,740.106457,7.333333333333333,98.0,34.165522233333334,44.01260122481817,51.36092636666668,17468.209010310333,17073.12935449166,16738.68666666667,16360.106666666668,0.628553067960154,0.6297250770137054,0.9773829328704801,47987.58845238095,723650.4649381868,0.6838210612765838,0.6683550344291117,-729.5223436436645,-713.0226878249905
2020-05-20 14:45:00,4136001,698.6531324137931,7.541666666666666,97.5,34.68678010344828,43.809364583617935,50.58309831034482,16504.324256167143,16136.719803821525,16854.62,16479.213333333333,0.6329064711749132,0.634309671501242,0.9777267795615288,52107.39178571429,727770.2682715202,0.6460882464735621,0.6316977805371511,350.2957438328558,342.49352951180845
2020-05-20 15:00:00,4136001,651.0247456666666,7.749999999999999,97.0,34.696256433333346,43.04165760839637,49.871641,15430.265239551978,15091.382435111283,19627.95333333333,19196.88,0.737047686663115,0.7389167431929656,0.9780377848870643,56906.61178571429,732569.4882715201,0.6040424834430212,0.5907763724842937,4197.688093781353,4105.4975648887175
2020-05-20 15:15:00,4136001,592.1279251724137,7.763888888888888,95.75,34.74052886206896,42.32170708590116,49.13013541379309,14077.881667887077,13774.43389233902,19083.02666666667,18671.693333333333,0.716585189516985,0.7187015196096697,0.9784450684622354,61574.53511904762,737237.4116048535,0.5511012592635379,0.5392223093497366,5005.144998779591,4897.259440994312
2020-05-20 15:30:00,4136001,575.1749540000001,7.777777777777778,94.5,34.91765323333333,42.27283167323103,48.48633400000001,13677.6961012644,13383.956864201893,18739.246666666662,18336.806666666667,0.7036759345672731,0.7058112288399153,0.9785242167330102,66158.73678571428,741821.6132715201,0.5354353533475984,0.5239364597456212,5061.550565402262,4952.849802464774
2020-05-20 15:45:00,4136001,522.234634137931,7.791666666666667,93.25,35.11777689655172,41.787866099411815,47.44648613793103,12444.650710874523,12182.144830157848,17126.277619047618,16765.018095238094,0.6431074644360609,0.6453107260400893,0.9789061270729528,70349.99130952382,746012.8677953297,0.4871658136963994,0.476889599927886,4681.626908173095,4582.873265080247
2020-05-20 16:00:00,4136001,404.0271739999999,7.805555555555555,92.0,34.88353173333334,40.03759697124634,45.30406083333333,9700.0695758041,9504.352440994615,13306.342857142858,13037.86238095238,0.4996654034299081,0.5018469047434488,0.9798231205168175,73609.4569047619,749272.3333905678,0.3797247827678254,0.37206312158914134,3606.2732813387574,3533.509939957765
2020-05-20 16:15:00,4136001,296.182354137931,7.506944444444444,87.75,34.4421722413793,38.321570442210124,41.43351058620691,7162.815388288873,7030.122856263891,9878.44,9695.44,0.3709445007430075,0.37319204728178784,0.9814748077631691,76033.3169047619,751696.1933905678,0.28039989776037866,0.2752054357511799,2715.6246117111277,2665.3171437361098
2020-05-20 16:30:00,4136001,244.076448,7.208333333333334,83.5,34.001508766666674,37.28630047651124,39.39245916666667,5928.515829680221,5825.790437068073,8025.853333333333,7886.786666666667,0.30137816879688856,0.30357426404660753,0.9826726628445741,78005.01357142857,753667.8900572344,0.2320812616825297,0.2280599114138999,2097.3375036531115,2060.9962295985943
2020-05-20 16:45:00,4136001,235.6485999999999,6.909722222222222,79.25,33.72384234482759,36.98485047490889,37.97408410344828,5731.065378584181,5632.638780814759,7874.98,7739.733333333334,0.29571273647065416,0.29791396038568263,0.9828257764887446,79939.9469047619,755602.8233905678,0.22435174705751346,0.22049868000840708,2143.914621415818,2107.0945525185743
2020-05-20 17:00:00,4136001,206.2742293333333,6.611111111111111,75.0,33.62940656666667,36.566948995224536,37.57149436666667,5025.477438939601,4935.423125551909,6788.992380952381,6667.336666666666,0.2549329033025926,0.2566358020420181,0.9820804461900651,81606.78107142857,757269.6575572344,0.19673037537442165,0.193205054826851,1763.51494201278,1731.9135411147572
2020-05-20 17:15:00,4136001,182.1361048275861,6.486111111111112,59.75,33.378233517241384,36.0039973005267,36.39362724137931,4447.8750662868115,4362.456553919861,6023.786666666667,5908.103809523809,0.22619872547173966,0.22741178907089518,0.9807956583550672,83083.80702380952,758746.6835096154,0.1741192040041813,0.17077535932354124,1575.9116003798554,1545.647255603948
2020-05-20 17:30:00,4136001,158.98122966666662,6.361111111111111,44.5,33.276536,35.597091096579575,35.80599556666667,3889.0289244025444,3813.444505104118,5189.380952380952,5088.523809523809,0.19486602404288786,0.19586492393520175,0.9805647063141764,84355.93797619047,760018.8144619963,0.152242275372971,0.14928340203969928,1300.352027978408,1275.0793044196912
2020-05-20 17:45:00,4136001,111.52326629999988,6.236111111111111,29.25,32.67218623333333,34.32059753035498,34.304395666666665,2742.64945920082,2683.1599899965104,3634.966666666666,3556.122380952381,0.1364963390357324,0.1368804914199051,0.9783094886571307,85244.96857142857,760907.8450572344,0.1073654123781883,0.10503660168316736,892.317207465846,872.9623909558704
2020-05-20 18:00:00,4136001,71.7149450344827,6.111111111111111,14.0,32.12889024137931,33.2024672628536,32.75317803448276,1771.8519599297836,1722.0668981894228,2302.1666666666665,2237.480952380952,0.08644847413092152,0.08612400235296716,0.9719022452968735,85804.3388095238,761467.2152953297,0.06936198707887194,0.06741307098020836,530.314706736883,515.4140541915294
2020-05-20 18:15:00,4136001,36.078707733333296,6.041666666666666,22.25,31.585428766666677,32.12939722099511,31.28490096666667,895.3479068066275,866.298740477046,1154.8785714285714,1117.4090476190477,0.0433667517439362,0.04301075249108294,0.9675554428521655,86083.69107142858,761746.5675572344,0.03504982997872881,0.033912653766962064,259.53066462194386,251.11030714200172
2020-05-20 18:30:00,4136001,11.0565051413793,5.972222222222222,30.5,31.0309585862069,31.198862992302256,29.939957137931035,275.4352354640363,265.8361188716251,338.43666666666667,326.64190476190475,0.012708607872274805,0.012572937501146724,0.9651492788268748,86165.35154761905,761828.2280334249,0.010782354099198916,0.010406581282897832,63.001431202630386,60.80578589027965
2020-05-20 18:45:00,4136001,0.3645842063332999,5.902777777777778,38.75,30.5501171,30.555693913863607,28.829000933333337,9.106336095363922,0.0,0.0,0.0,0.0,0.0,0.0,86165.35154761905,761828.2280334249,0.00035648213330843307,0.0,-9.106336095363922,0.0
2020-05-20 19:00:00,4136001,0.0,5.833333333333333,47.0,30.13735451724138,30.13735451724138,28.26681206896552,0.0,0.0,0.0,0.0,0.0,0.0,0.0,86165.35154761905,761828.2280334249,0.0,0.0,0.0,0.0
2020-05-20 19:15:00,4136001,0.0,5.548611111111112,54.75,29.7821186,29.7821186,27.898326600000004,0.0,0.0,0.0,0.0,0.0,0.0,0.0,86165.35154761905,761828.2280334249,0.0,0.0,0.0,0.0
2020-05-20 19:30:00,4136001,0.0,5.263888888888888,62.5,29.3896393,29.3896393,27.706148266666663,0.0,0.0,0.0,0.0,0.0,0.0,0.0,86165.35154761905,761828.2280334249,0.0,0.0,0.0,0.0
2020-05-20 19:45:00,4136001,0.0,4.979166666666666,70.25,29.00532396551724,29.00532396551724,27.35719882758621,0.0,0.0,0.0,0.0,0.0,0.0,0.0,86165.35154761905,761828.2280334249,0.0,0.0,0.0,0.0
2020-05-20 20:00:00,4136001,0.0,4.694444444444444,78.0,28.620362333333336,28.620362333333336,26.8948649,0.0,0.0,0.0,0.0,0.0,0.0,0.0,86165.35154761905,761828.2280334249,0.0,0.0,0.0,0.0
2020-05-20 20:15:00,4136001,0.0,4.451388888888888,80.25,28.3833875,28.3833875,26.593303233333337,0.0,0.0,0.0,0.0,0.0,0.0,0.0,86165.35154761905,761828.2280334249,0.0,0.0,0.0,0.0
2020-05-20 20:30:00,4136001,0.0,4.208333333333333,82.5,28.08839475862069,28.08839475862069,26.90782748275862,0.0,0.0,0.0,0.0,0.0,0.0,0.0,86165.35154761905,761828.2280334249,0.0,0.0,0.0,0.0
2020-05-20 20:45:00,4136001,0.0,3.9652777777777777,84.75,27.42665943333333,27.42665943333333,26.8379731,0.0,0.0,0.0,0.0,0.0,0.0,0.0,86165.35154761905,761828.2280334249,0.0,0.0,0.0,0.0
2020-05-20 21:00:00,4136001,0.0,3.7222222222222223,87.0,27.42772186206897,27.42772186206897,26.25202579310345,0.0,0.0,0.0,0.0,0.0,0.0,0.0,86165.35154761905,761828.2280334249,0.0,0.0,0.0,0.0
2020-05-20 21:15:00,4136001,0.0,3.3888888888888884,85.0,27.547032833333333,27.547032833333333,25.841535366666665,0.0,0.0,0.0,0.0,0.0,0.0,0.0,86165.35154761905,761828.2280334249,0.0,0.0,0.0,0.0
2020-05-20 21:30:00,4136001,0.0,3.0555555555555554,83.0,27.466087551724147,27.466087551724147,26.006621000000003,0.0,0.0,0.0,0.0,0.0,0.0,0.0,86165.35154761905,761828.2280334249,0.0,0.0,0.0,0.0
2020-05-20 21:45:00,4136001,0.0,2.7222222222222223,81.0,27.16962063333333,27.16962063333333,25.819460933333332,0.0,0.0,0.0,0.0,0.0,0.0,0.0,86165.35154761905,761828.2280334249,0.0,0.0,0.0,0.0
2020-05-20 22:00:00,4136001,0.0,2.388888888888889,79.0,26.8102366,26.8102366,25.4684804,0.0,0.0,0.0,0.0,0.0,0.0,0.0,76569.57952380953,596895.3172184066,0.0,0.0,0.0,0.0
2020-05-20 22:15:00,4136001,0.0,2.1736111111111107,82.0,26.517158275862077,26.517158275862077,24.998898206896552,0.0,0.0,0.0,0.0,0.0,0.0,0.0,76569.57952380953,596895.3172184066,0.0,0.0,0.0,0.0
2020-05-20 22:30:00,4136001,0.0,1.9583333333333333,85.0,26.3451751,26.3451751,24.654283666666664,0.0,0.0,0.0,0.0,0.0,0.0,0.0,76569.57952380953,596895.3172184066,0.0,0.0,0.0,0.0
2020-05-20 22:45:00,4136001,0.0,1.7430555555555556,88.0,26.07077975862069,26.07077975862069,24.29676868965517,0.0,0.0,0.0,0.0,0.0,0.0,0.0,76569.57952380953,596895.3172184066,0.0,0.0,0.0,0.0
2020-05-20 23:00:00,4136001,0.0,1.5277777777777777,91.0,25.79210823333333,25.79210823333333,23.75939023333333,0.0,0.0,0.0,0.0,0.0,0.0,0.0,76569.57952380953,596895.3172184066,0.0,0.0,0.0,0.0
2020-05-20 23:15:00,4136001,0.0,1.4791666666666667,91.75,25.69977813333333,25.69977813333333,23.43432723333333,0.0,0.0,0.0,0.0,0.0,0.0,0.0,76569.57952380953,596895.3172184066,0.0,0.0,0.0,0.0
2020-05-20 23:30:00,4136001,0.0,1.4305555555555556,92.5,25.704486655172413,25.704486655172413,23.516461793103456,0.0,0.0,0.0,0.0,0.0,0.0,0.0,76569.57952380953,596895.3172184066,0.0,0.0,0.0,0.0
2020-05-20 23:45:00,4136001,0.0,1.3819444444444444,93.25,25.51383043333333,25.51383043333333,23.45196050000001,0.0,0.0,0.0,0.0,0.0,0.0,0.0,76569.57952380953,596895.3172184066,0.0,0.0,0.0,0.0
2020-05-21 00:00:00,4136001,0.0,1.3333333333333333,94.0,25.318034700000005,25.318034700000005,23.365838666666665,0.0,0.0,0.0,0.0,0.0,0.0,0.0,0.0,596895.3172184066,0.0,0.0,0.0,0.0
2020-05-21 00:15:00,4136001,0.0,1.5,92.25,25.13785744827586,25.13785744827586,23.12234703448275,0.0,0.0,0.0,0.0,0.0,0.0,0.0,0.0,596895.3172184066,0.0,0.0,0.0,0.0
2020-05-21 00:30:00,4136001,0.0,1.6666666666666665,90.5,24.896141400000005,24.896141400000005,22.891414566666665,0.0,0.0,0.0,0.0,0.0,0.0,0.0,0.0,596895.3172184066,0.0,0.0,0.0,0.0
2020-05-21 00:45:00,4136001,0.0,1.8333333333333333,88.75,24.81470562068965,24.81470562068965,22.888990689655177,0.0,0.0,0.0,0.0,0.0,0.0,0.0,0.0,596895.3172184066,0.0,0.0,0.0,0.0
2020-05-21 01:00:00,4136001,0.0,2.0,87.0,24.72378326666667,24.72378326666667,22.647266700000003,0.0,0.0,0.0,0.0,0.0,0.0,0.0,0.0,596895.3172184066,0.0,0.0,0.0,0.0
2020-05-21 01:15:00,4136001,0.0,1.9166666666666667,88.25,24.570636,24.570636,22.4875092,0.0,0.0,0.0,0.0,0.0,0.0,0.0,0.0,596895.3172184066,0.0,0.0,0.0,0.0
2020-05-21 01:30:00,4136001,0.0,1.8333333333333333,89.5,24.436040517241373,24.436040517241373,22.384284862068963,0.0,0.0,0.0,0.0,0.0,0.0,0.0,0.0,596895.3172184066,0.0,0.0,0.0,0.0
2020-05-21 01:45:00,4136001,0.0,1.75,90.75,24.333214466666668,24.333214466666668,22.28466213333333,0.0,0.0,0.0,0.0,0.0,0.0,0.0,0.0,596895.3172184066,0.0,0.0,0.0,0.0
2020-05-21 02:00:00,4136001,0.0,1.6666666666666665,92.0,24.05332268965517,24.05332268965517,22.017030862068964,0.0,0.0,0.0,0.0,0.0,0.0,0.0,0.0,596895.3172184066,0.0,0.0,0.0,0.0
2020-05-21 02:15:00,4136001,0.0,1.611111111111111,93.5,23.892001133333338,23.892001133333338,21.74873963333333,0.0,0.0,0.0,0.0,0.0,0.0,0.0,0.0,596895.3172184066,0.0,0.0,0.0,0.0
2020-05-21 02:30:00,4136001,0.0,1.5555555555555554,95.0,23.998843466666663,23.998843466666663,22.40360516666667,0.0,0.0,0.0,0.0,0.0,0.0,0.0,0.0,596895.3172184066,0.0,0.0,0.0,0.0
2020-05-21 02:45:00,4136001,0.0,1.5,96.5,23.87595310344827,23.87595310344827,22.37518951724138,0.0,0.0,0.0,0.0,0.0,0.0,0.0,0.0,596895.3172184066,0.0,0.0,0.0,0.0
2020-05-21 03:00:00,4136001,0.0,1.4444444444444444,98.0,23.766126166666677,23.766126166666677,22.278221800000004,0.0,0.0,0.0,0.0,0.0,0.0,0.0,0.0,596895.3172184066,0.0,0.0,0.0,0.0
2020-05-21 03:15:00,4136001,0.0,1.6319444444444444,97.25,23.701200533333328,23.701200533333328,22.14907433333333,0.0,0.0,0.0,0.0,0.0,0.0,0.0,0.0,596895.3172184066,0.0,0.0,0.0,0.0
2020-05-21 03:30:00,4136001,0.0,1.8194444444444446,96.5,23.608773103448275,23.608773103448275,21.999887379310348,0.0,0.0,0.0,0.0,0.0,0.0,0.0,0.0,596895.3172184066,0.0,0.0,0.0,0.0
2020-05-21 03:45:00,4136001,0.0,2.006944444444444,95.75,23.428441699999997,23.428441699999997,21.779378366666663,0.0,0.0,0.0,0.0,0.0,0.0,0.0,0.0,596895.3172184066,0.0,0.0,0.0,0.0
2020-05-21 04:00:00,4136001,0.0,2.1944444444444446,95.0,23.419859,23.419859,21.85795237931034,0.0,0.0,0.0,0.0,0.0,0.0,0.0,0.0,596895.3172184066,0.0,0.0,0.0,0.0
2020-05-21 04:15:00,4136001,0.0,1.9791666666666665,96.0,23.54689013333333,23.54689013333333,22.0455058,0.0,0.0,0.0,0.0,0.0,0.0,0.0,0.0,596895.3172184066,0.0,0.0,0.0,0.0
2020-05-21 04:30:00,4136001,0.0,1.7638888888888888,97.0,23.666124566666664,23.666124566666664,22.181261233333338,0.0,0.0,0.0,0.0,0.0,0.0,0.0,0.0,596895.3172184066,0.0,0.0,0.0,0.0
2020-05-21 04:45:00,4136001,0.0,1.5486111111111112,98.0,23.743891206896556,23.743891206896556,22.01769706896552,0.0,0.0,0.0,0.0,0.0,0.0,0.0,0.0,596895.3172184066,0.0,0.0,0.0,0.0
2020-05-21 05:00:00,4136001,0.0,1.3333333333333333,99.0,23.792037733333338,23.792037733333338,22.0929973,0.0,0.0,0.0,0.0,0.0,0.0,0.0,0.0,596895.3172184066,0.0,0.0,0.0,0.0
2020-05-21 05:15:00,4136001,0.0,1.472222222222222,91.5,23.766128827586204,23.766128827586204,21.99099851724138,0.0,0.0,0.0,0.0,0.0,0.0,0.0,0.0,596895.3172184066,0.0,0.0,0.0,0.0
2020-05-21 05:30:00,4136001,0.0,1.611111111111111,84.0,23.6753734,23.6753734,21.821995066666663,0.0,0.0,0.0,0.0,0.0,0.0,0.0,0.0,596895.3172184066,0.0,0.0,0.0,0.0
2020-05-21 05:45:00,4136001,0.4171757465333,1.75,76.5,23.698282,23.709566169503198,21.852598200000003,10.711761791030646,0.0,0.0,0.0,0.0,0.0,0.0,0.0,596895.3172184066,0.0004193290973196573,0.0,-10.711761791030646,0.0
2020-05-21 06:00:00,4136001,9.9153282689655,1.8888888888888888,69.0,23.62991651724138,23.891396693110725,21.697624551724136,254.41024012275366,245.5326455368216,221.89142857142852,214.14857142857144,0.008332227071337302,0.008242900146243879,0.9651051994540447,53.53714285714286,596948.8543612637,0.009959296931796972,0.009611769251783973,-32.51881155132514,-31.38407410825016
2020-05-21 06:15:00,4136001,31.9293617666666,1.972222222222222,68.75,23.748148566666664,24.577698105940932,22.19340626666667,817.0133240738057,790.1276121543707,806.4642857142858,779.9257142857143,0.03028347510653017,0.03002051212136803,0.9670926885434658,248.51857142857145,597143.8357898352,0.031983297086467244,0.030930812767836,-10.549038359519955,-10.201897868656374
2020-05-21 06:30:00,4136001,61.5359128965517,2.055555555555556,68.5,24.054223517241383,25.629643714285717,22.877097275862067,1567.9758592389458,1522.0761760061173,1559.0885714285714,1513.4490476190476,0.05854520873161149,0.058254926907662194,0.970726792149015,626.8808333333334,597522.19805174,0.06138093009351911,0.059584113368804745,-8.887287810374346,-8.62712838706966
2020-05-21 06:45:00,4136001,91.2944973666667,2.138888888888889,68.25,24.3392457,26.642917094566407,23.469086766666663,2316.7920295421536,2257.159101433031,2341.4133333333334,2281.1466666666665,0.08792222253375577,0.087804761277813,0.9742605605731011,1197.1675,598092.4847184066,0.09069454020521252,0.08836011358125,24.6213037911798,23.98756523363545
2020-05-21 07:00:00,4136001,132.36614209999988,2.2222222222222223,68.0,24.7259083,28.018598401990047,25.596747766666667,3340.4660361518872,3273.8203880035644,3229.7457142857143,3165.3090476190478,0.12127991985704042,0.12183749925331067,0.980048996928256,1988.4947619047616,598883.8119803113,0.1307679011999173,0.12815895040139222,-110.72032186617298,-108.51134038451664
2020-05-21 07:15:00,4136001,191.6870813793104,2.25,70.75,25.1307951724138,29.87669963835365,27.652967793103446,4801.128597091971,4709.279736860002,4282.948095238095,4201.012380952381,0.16082863720347648,0.16170327608687765,0.980869318874816,3038.747857142858,599934.0650755494,0.1879478800975522,0.1843523091352516,-518.1805018538753,-508.2673559076211
2020-05-21 07:30:00,4136001,280.4657803333333,2.2777777777777777,73.5,25.6293538,32.54078259086578,30.21505633333333,6948.394660635277,6828.8372372423955,6068.366666666667,5963.951428571429,0.22787274544282046,0.22956144780615573,0.9827935186137009,4529.7357142857145,601425.0529326923,0.27200605443864856,0.2673257873259893,-880.0279939686106,-864.885808670967
2020-05-21 07:45:00,4136001,330.876642413793,2.305555555555556,76.25,26.114782965517243,34.23047201172261,32.13542331034482,8140.171030007065,7995.445253193143,7157.799999999999,7030.54,0.2687819683490813,0.2706160438408675,0.9822207940987455,6287.370714285715,603182.6879326924,0.31866005206525994,0.3129945293870872,-982.3710300070661,-964.9052531931429
2020-05-21 08:00:00,4136001,364.6174746666666,2.3333333333333335,79.0,26.42889406666666,35.33068788177083,33.528763966666666,8929.266944125011,8759.298601534236,8137.653333333334,7982.753333333333,0.3055763615462567,0.30726816517993844,0.980965028411139,8283.059047619048,605178.3762660256,0.34955047735858336,0.3428967939531899,-791.6136107916773,-776.5452682009027
2020-05-21 08:15:00,4136001,452.35134533333337,2.25,83.75,27.0080363,38.207623953709664,36.20038943333332,10944.842089636493,10724.31773089131,10203.871428571429,9998.276666666668,0.38316474997239114,0.38484868541531514,0.9798512982700779,10782.628214285714,607677.9454326923,0.42845339947686406,0.41982061972563356,-740.9706610650646,-726.0410642246406
2020-05-21 08:30:00,4136001,508.7915496551723,2.166666666666667,88.5,27.568994,40.346280530767764,38.0886988275862,12199.252784553273,11947.916021877474,11612.730476190476,11373.47761904762,0.436068702017078,0.43778223550101647,0.9793973641570866,13625.99761904762,610521.3148374542,0.47755931824440295,0.46772033751722353,-586.522308362797,-574.4384028298537
2020-05-21 08:45:00,4136001,527.344807,2.0833333333333335,93.25,27.91441243333333,41.34994891740976,39.03520423333334,12590.02093695311,12328.819419555317,12101.907142857142,11850.83238095238,0.454437735426381,0.45615633723079335,0.9792532896723677,16588.705714285716,613484.0229326923,0.4928565643747547,0.4826314120005996,-488.113794095967,-477.9870386029361
2020-05-21 09:00:00,4136001,571.2185906896551,2.0,98.0,28.497674310344827,43.26547655154584,40.98327006896552,13525.675717854916,13240.870536547398,13120.173333333332,12843.906666666666,0.492674566712462,0.49438125799649485,0.9789433676181107,19799.68238095238,616694.999599359,0.5294842715934592,0.5183351159345233,-405.50238452158374,-396.9638698807321
2020-05-21 09:15:00,4136001,613.0063813333334,2.173611111111111,93.5,28.8905872,44.26668004086871,42.63647043333332,14452.441126713484,14144.1011553436,13883.106666666668,13586.913333333334,0.52132341455013,0.5229807005259056,0.9786651978951877,23196.410714285717,620091.7279326923,0.565763990084693,0.5536935273182071,-569.3344600468154,-557.1878220102662
2020-05-21 09:30:00,4136001,678.7978413333333,2.347222222222222,89.0,29.26914473333333,45.80301006845289,44.30564853333334,15897.003160535469,15550.368485064926,13496.18523809524,13201.900476190476,0.506794159308594,0.5081609773996779,0.9781949671916108,26496.885833333337,623392.20305174,0.6223136880225276,0.6087441176380868,-2400.8179224402284,-2348.46800887445
2020-05-21 09:45:00,4136001,799.0305310344827,2.520833333333333,84.5,29.860123103448277,48.77544608467531,48.23675210344828,18470.090054276727,18052.862322322733,8501.933333333334,8309.88,0.3192554103364162,0.31985976189486837,0.9774106281708472,28574.35583333333,625469.6730517399,0.7230413017920034,0.7067082529779892,-9968.156720943392,-9742.982322322734
2020-05-21 10:00:00,4136001,828.2022053333333,2.694444444444444,80.0,30.530053833333337,49.599872054225195,52.767174,19074.643909753308,18629.513889234386,2450.982857142857,2393.7861904761903,0.0920366588522608,0.09214042572370941,0.9766637834695663,29172.80238095238,626068.119599359,0.7467075321884247,0.7292822035323698,-16623.66105261045,-16235.727698758195
2020-05-21 10:15:00,4136001,869.698526,3.1527777777777777,68.5,30.639095,49.31618135241061,52.03794556666666,20055.572050021274,19566.078778954143,9945.47238095238,9702.73476190476,0.37346162825362617,0.37347283362358047,0.9755931533717279,31598.48607142857,628493.8032898352,0.7851075376794392,0.7659455384205968,-10110.099669068893,-9863.344017049383
2020-05-21 10:30:00,4136001,891.9624448275863,3.611111111111111,57.0,30.81421317241379,48.76114365184209,51.59807182758621,20619.572850592795,20104.3050609524,9307.733333333334,9075.14,0.3495139409038656,0.34931576864679104,0.9750107437542974,33867.27107142857,630762.5882898351,0.8071862536932001,0.787015269561652,-11311.839517259461,-11029.1650609524
2020-05-21 10:45:00,4136001,777.1370330000001,4.069444444444445,45.5,30.956570366666668,45.665324658329396,50.37744846666666,18210.976258671133,17790.776116569697,8134.406666666668,7946.713333333333,0.3054544462290867,0.3058809314510891,0.9769259958316975,35853.94940476191,632749.2666231685,0.7128978766361767,0.6964484680590995,-10076.569592004465,-9844.062783236364
2020-05-21 11:00:00,4136001,862.6964131034482,4.527777777777778,34.0,31.183037068965525,46.596587419214735,50.54957334482759,20133.83379181043,19648.627045007463,9435.158095238095,9207.779523809524,0.35429885782263604,0.35442126313089467,0.9759009261812657,38155.89428571428,635051.2115041208,0.7881712190961218,0.7691770227053225,-10698.675696572334,-10440.847521197938
2020-05-21 11:15:00,4136001,967.9210946666668,5.020833333333333,42.25,31.7292979,48.04005485608825,53.648289866666666,22446.83276935539,21890.961697305655,12296.933333333334,11992.413333333334,0.46176114811684643,0.4616060007298355,0.9752361022260292,41153.99761904762,638049.3148374542,0.878717274196727,0.8569568094462969,-10149.899436022057,-9898.54836397232
2020-05-21 11:30:00,4136001,919.1237226666666,5.513888888888889,50.5,32.08981006666667,46.745374487724895,54.79509786666667,21436.775557307286,20909.569271803834,12625.806666666667,12315.293333333331,0.47411064403330916,0.47403413686665263,0.9754064558779344,44232.82095238096,641128.1381707875,0.8391769644669128,0.8185386287650747,-8810.968890640619,-8594.275938470502
2020-05-21 11:45:00,4136001,908.9151193103448,6.006944444444445,58.75,32.471466241379325,46.22467402364291,54.038198655172415,21247.0386994034,20725.03554879441,12716.126666666669,12403.713333333331,0.4775022430415644,0.47743755546556677,0.9754317221334167,47333.749285714286,644229.066504121,0.8317494108202546,0.8113147601798556,-8530.912032736733,-8321.32221546108
2020-05-21 12:00:00,4136001,925.6855569999996,6.499999999999999,67.0,32.87360940000001,46.20049619815721,54.70988666666667,21641.355755350764,21105.725300094382,12320.38,12015.446666666669,0.46264159199875027,0.4624925883238375,0.9752496811516097,50337.61095238095,647232.9281707875,0.8471855844725293,0.8262174711330743,-9320.975755350764,-9090.278633427713
2020-05-21 12:15:00,4136001,937.3386224137932,6.229166666666667,75.25,33.46413631034482,47.32855405118413,57.893448413793095,21805.74737299074,21260.778541420274,11713.757142857145,11421.007142857145,0.43986234619858816,0.4396117182575293,0.9750080186545003,53192.86273809524,650088.1799565018,0.8536209580344779,0.8322872789751526,-10091.990230133595,-9839.771398563129
2020-05-21 12:30:00,4136001,923.1444756666664,5.958333333333333,83.5,33.841558799999994,47.880711346067464,57.90181983333333,21423.459002093405,20888.628731156332,11634.293333333331,11343.846666666666,0.4368784071200547,0.43664169564083916,0.9750352979467598,56028.8244047619,652924.1416231685,0.8386556665528833,0.8177188777121289,-9789.165668760073,-9544.782064489666
2020-05-21 12:45:00,4136001,914.9018331034484,5.6875,91.75,34.14877648275862,48.46592891190378,57.34146855172413,21177.462722328182,20649.270886078735,11611.833333333334,11322.22,0.43603501347827656,0.4358092527595244,0.9750587762483672,58859.37940476191,655754.6966231685,0.8290257475955445,0.8083488309288994,-9565.629388994848,-9327.050886078736
2020-05-21 13:00:00,4136001,904.509487,5.416666666666667,100.0,34.03666283333334,48.613769795460655,57.12523916666666,20923.244609239835,20405.79207218152,12146.973333333332,11846.566666666668,0.4561300122966742,0.45599214348121575,0.9752690107714077,61821.02107142857,658716.3382898351,0.8190739717846872,0.7988174622110598,-8776.271275906503,-8559.225405514853
2020-05-21 13:15:00,4136001,870.4650123333332,5.965277777777778,98.75,34.20353676666667,47.43198572124033,55.519519900000006,20240.83562327898,19743.805526483153,12063.133333333331,11766.913333333334,0.45298174324383855,0.45292616704904914,0.975444190840412,64762.749404761904,661658.0666231685,0.7923599774233306,0.7729029370320278,-8177.70228994565,-7976.892193149819
2020-05-21 13:30:00,4136001,878.304198275862,6.513888888888888,97.5,34.3404424137931,46.96791992476804,55.405979689655176,20464.76706969758,19959.846161999896,19292.7,18816.69714285714,0.7244586158831375,0.7242829340209649,0.9753273073679236,69466.9236904762,666362.2409088828,0.8011261330866151,0.7813601942454451,-1172.0670696975794,-1143.1490191427547
2020-05-21 13:45:00,4136001,823.5497586666665,7.0625,96.25,34.94132503333332,46.17550651089928,57.3582947,19255.65305592725,18798.667844147134,20291.68476190476,19810.111904761907,0.7619714118058372,0.7625209602266028,0.9762674778958252,74419.45166666668,671314.7688850733,0.7537934255598845,0.7359040064258029,1036.031705977508,1011.4440606147728
2020-05-21 14:00:00,4136001,792.4297686206895,7.611111111111111,95.0,34.928457413793105,45.21174016256924,55.53873186206898,18606.064262985517,18177.426188666028,19733.29333333333,19278.68666666667,0.7410033004754446,0.742065604659246,0.9769624533022704,79239.12333333334,676134.4405517399,0.7283642302989045,0.7115845053304376,1127.2290703478138,1101.2604780006404
2020-05-21 14:15:00,4136001,776.2209313333333,7.444444444444445,92.5,35.249380366666664,45.473575984861256,56.17341613333333,18204.71726932397,17790.770398623732,19320.586666666662,18881.266666666663,0.7255057858456064,0.7267683119700302,0.9772615600354441,83959.44,680854.7572184065,0.7126528584585621,0.6964482442209329,1115.8693973426925,1090.4962680429308
2020-05-21 14:30:00,4136001,761.4740259999999,7.277777777777778,90.0,35.47774553333333,45.66060225973076,55.6046551,17844.30591981839,17440.348682854845,19021.700476190475,18591.08952380952,0.7142823347030001,0.7155989579214015,0.9773621210721959,88607.21238095238,685502.529599359,0.6985439780707924,0.6827304240694791,1177.3945563720845,1150.740840954677
2020-05-21 14:45:00,4136001,697.5825462068966,7.111111111111112,87.5,35.62312793103448,45.09600335481092,52.90307186206896,16387.323429780387,16023.84328244824,17699.147142857142,17306.57,0.6646192415486828,0.6661558722167916,0.9778194316546165,92933.85488095238,689829.172099359,0.6415080614515712,0.6272790480504302,1311.8237130767557,1282.726717551759
2020-05-21 15:00:00,4136001,663.4513303333332,6.944444444444445,85.0,35.5592145,44.71026733218391,51.371613700000005,15611.676494368267,15268.320767341354,17098.91047619048,16722.845238095237,0.6420798030701059,0.6436874294288096,0.9780064794994455,97114.5661904762,694009.8834088828,0.611144118002281,0.5977029073142045,1487.2339818222117,1454.5244707538823
2020-05-21 15:15:00,4136001,605.0661937931035,6.902777777777778,79.5,35.80841389655173,44.187091370665186,51.32030410344827,14270.161262330512,13961.904443066484,15663.113333333333,15324.766666666666,0.5881643007918738,0.5898732854258324,0.9783985048523772,100945.75785714286,697841.0750755494,0.5586283524106679,0.5465611447667443,1392.952071002821,1362.862223600183
2020-05-21 15:30:00,4136001,443.5466976666667,6.861111111111111,74.0,35.614079733333334,41.78044561219704,48.27868333333334,10569.88372173256,10353.835942552525,11706.166666666666,11466.893333333332,0.4395773168416372,0.44137794664590263,0.9795600609365434,103812.4811904762,700707.7984088828,0.41377505272000625,0.4053175158564308,1136.2829449341061,1113.0573907808066
2020-05-21 15:45:00,4136001,440.2719755172414,6.819444444444445,68.5,35.53067965517241,41.675867393566456,46.37265427586206,10496.550527268819,10281.973964172037,11755.599047619047,11515.284285714286,0.44143354817704233,0.4432405870819183,0.9795574210270949,106691.30226190476,703586.6194803114,0.4109043071939252,0.40250436344380647,1259.0485203502285,1233.3103215422489
2020-05-21 16:00:00,4136001,432.1853633333334,6.777777777777777,63.0,35.64163303333333,41.698042272869955,45.98237203333333,10302.777863847126,10092.955357950892,11482.14,11248.299047619048,0.4311649096174412,0.43296392427973734,0.9796343754403838,109503.37702380952,706398.6942422162,0.40331876546671075,0.39510492691136784,1179.362136152873,1155.343689668156
2020-05-21 16:15:00,4136001,360.4990543333334,6.659722222222222,72.25,35.794751166666664,40.904407866759975,45.00151576666666,8623.09686106452,8452.789235734615,9616.770952380954,9426.838095238096,0.3611185875189615,0.36285315655151845,0.9802498304177835,111860.08654761904,708755.4037660257,0.337564958350539,0.330897993178102,993.674091316434,974.0488595034803
2020-05-21 16:30:00,4136001,351.5134220689655,6.541666666666667,81.5,35.93014420689656,40.97012445019666,43.8989605862069,8405.80116256608,8240.34959571298,9457.22,9271.073333333332,0.35512730262235587,0.35685753692109434,0.980316978280439,114177.85488095238,711073.172099359,0.32905856968354197,0.32258170270945313,1051.4188374339192,1030.723737620352
2020-05-21 16:45:00,4136001,278.4560696666667,6.423611111111111,90.75,35.85598156666667,39.895235523753406,42.702622266666665,6689.351507709898,6570.616514756876,7486.26,7353.38,0.28111594321900496,0.2830426403176084,0.9822501489395239,116016.19988095238,712911.517099359,0.26186539470385195,0.2572173229499658,796.908492290102,782.7634852431238
2020-05-21 17:00:00,4136001,238.1099286206896,6.305555555555555,100.0,35.75847879310346,39.25341389688578,41.00935848275862,5735.731533039671,5637.1334370043705,6387.045714285715,6277.251428571429,0.23983943656169196,0.24162083535467174,0.9828098481479923,117585.51273809525,714480.8299565018,0.22453441115833514,0.22067463053452224,651.3141812460435,640.1179915670582
2020-05-21 17:15:00,4136001,187.5920766666666,5.930555555555556,95.0,35.11375726666666,37.97491911623071,39.076770100000005,4543.334293683345,4458.756244672277,4960.467142857143,4868.1238095238095,0.18627010011289594,0.18738139691415825,0.9813841457520178,118802.5436904762,715697.8609088828,0.1778561085802836,0.17454516518583976,417.1328491737977,409.36756485153273
2020-05-21 17:30:00,4136001,135.8204227931034,5.555555555555555,90.0,34.842693551724146,36.998573278598805,37.10937710344828,3303.0149308640575,3237.4920522924394,3534.2761904761905,3464.1657142857143,0.13271531911557785,0.1333409412092347,0.9801627059086658,119668.58511904762,716563.9023374543,0.12930181761065013,0.12673681942816362,231.26125961213302,226.6736619932749
2020-05-21 17:45:00,4136001,88.66798920000001,5.180555555555555,85.0,34.46411540000001,35.93127828905437,35.105866400000004,2165.985362852092,2108.859941812203,2265.373333333333,2205.6266666666666,0.08506685064948068,0.08489788305354255,0.97362612784942,120219.99178571429,717115.3090041209,0.08479097133889574,0.08255470510128021,99.38797048124115,96.76672485446352
2020-05-21 18:00:00,4136001,52.9919840333333,4.805555555555555,80.0,33.8088268,34.72453414462301,33.25552273333333,1301.0245935784433,1261.4853830838615,1334.6133333333337,1294.0533333333333,0.050115957238014756,0.04981005635210867,0.9696091751918156,120543.50511904762,717438.8223374542,0.05093069460083943,0.04938286878386618,33.58873975489041,32.56795024947178
2020-05-21 18:15:00,4136001,27.5458502413793,4.402777777777778,84.0,33.11641393103449,33.61620255920067,31.822438,679.4072793182687,656.7094513882304,691.9300000000001,668.8138095238096,0.02598260741565563,0.025743648026961354,0.9665917210177468,120710.70857142858,717606.0257898351,0.026596487739998776,0.02570794485763282,12.522720681731357,12.104358135579218
2020-05-21 18:30:00,4136001,8.28100051,4.0,88.0,32.4825041,32.640659189954164,30.666963733333336,205.07299414330112,197.90964200041554,184.9919047619048,178.53,0.0069466160399215635,0.006871887836056701,0.9650692565697854,120755.34107142856,717650.6582898352,0.008027911299405015,0.0077474903895249775,-20.08108938139631,-19.379642000415544
2020-05-21 18:45:00,4136001,0.276297903,3.597222222222222,92.0,32.057482166666674,32.0630521274166,29.9940937,6.858624998824856,0.0,0.0,0.0,0.0,0.0,0.0,120755.34107142856,717650.6582898352,0.0002684918770336605,0.0,-6.858624998824856,0.0
2020-05-21 19:00:00,4136001,0.0,3.194444444444444,96.0,31.57672868965517,31.57672868965517,29.450249000000003,0.0,0.0,0.0,0.0,0.0,0.0,0.0,120755.34107142856,717650.6582898352,0.0,0.0,0.0,0.0
2020-05-21 19:15:00,4136001,0.0,2.944444444444444,96.75,31.25591933333333,31.25591933333333,29.043948433333338,0.0,0.0,0.0,0.0,0.0,0.0,0.0,120755.34107142856,717650.6582898352,0.0,0.0,0.0,0.0
2020-05-21 19:30:00,4136001,0.0,2.694444444444444,97.5,30.977107482758623,30.977107482758623,28.795829172413796,0.0,0.0,0.0,0.0,0.0,0.0,0.0,120755.34107142856,717650.6582898352,0.0,0.0,0.0,0.0
2020-05-21 19:45:00,4136001,0.0,2.4444444444444446,98.25,30.550292100000004,30.550292100000004,28.455880800000003,0.0,0.0,0.0,0.0,0.0,0.0,0.0,120755.34107142856,717650.6582898352,0.0,0.0,0.0,0.0
2020-05-21 20:00:00,4136001,0.0,2.1944444444444446,99.0,30.003459666666668,30.003459666666668,28.12197983333333,0.0,0.0,0.0,0.0,0.0,0.0,0.0,120755.34107142856,717650.6582898352,0.0,0.0,0.0,0.0
2020-05-21 20:15:00,4136001,0.0,2.3124999999999996,97.25,29.51438727586207,29.51438727586207,27.67549913793104,0.0,0.0,0.0,0.0,0.0,0.0,0.0,120755.34107142856,717650.6582898352,0.0,0.0,0.0,0.0
2020-05-21 20:30:00,4136001,0.0,2.4305555555555554,95.5,29.050989866666672,29.050989866666672,27.293773466666668,0.0,0.0,0.0,0.0,0.0,0.0,0.0,120755.34107142856,717650.6582898352,0.0,0.0,0.0,0.0
2020-05-21 20:45:00,4136001,0.0,2.548611111111111,93.75,28.75883103448276,28.75883103448276,26.977796827586204,0.0,0.0,0.0,0.0,0.0,0.0,0.0,120755.34107142856,717650.6582898352,0.0,0.0,0.0,0.0
2020-05-21 21:00:00,4136001,0.0,2.6666666666666665,92.0,28.3369395,28.3369395,26.6307382,0.0,0.0,0.0,0.0,0.0,0.0,0.0,120755.34107142856,717650.6582898352,0.0,0.0,0.0,0.0
2020-05-21 21:15:00,4136001,0.0,2.694444444444444,89.5,28.085361966666667,28.085361966666667,26.3725992,0.0,0.0,0.0,0.0,0.0,0.0,0.0,120755.34107142856,717650.6582898352,0.0,0.0,0.0,0.0
2020-05-21 21:30:00,4136001,0.0,2.7222222222222223,87.0,27.94909675862069,27.94909675862069,26.246206344827588,0.0,0.0,0.0,0.0,0.0,0.0,0.0,120755.34107142856,717650.6582898352,0.0,0.0,0.0,0.0
2020-05-21 21:45:00,4136001,0.0,2.75,84.5,27.632276166666667,27.632276166666667,25.878340466666668,0.0,0.0,0.0,0.0,0.0,0.0,0.0,120755.34107142856,717650.6582898352,0.0,0.0,0.0,0.0
2020-05-21 22:00:00,4136001,0.0,2.7777777777777777,82.0,27.514004666666665,27.514004666666665,25.730857066666665,0.0,0.0,0.0,0.0,0.0,0.0,0.0,120755.34107142856,717650.6582898352,0.0,0.0,0.0,0.0
2020-05-21 22:15:00,4136001,0.0,2.5555555555555554,82.0,27.29016837931034,27.29016837931034,25.48178410344828,0.0,0.0,0.0,0.0,0.0,0.0,0.0,120755.34107142856,717650.6582898352,0.0,0.0,0.0,0.0
2020-05-21 22:30:00,4136001,0.0,2.3333333333333335,82.0,26.98126303333333,26.98126303333333,25.008386133333325,0.0,0.0,0.0,0.0,0.0,0.0,0.0,120755.34107142856,717650.6582898352,0.0,0.0,0.0,0.0
2020-05-21 22:45:00,4136001,0.0,2.111111111111111,82.0,26.77157196551724,26.77157196551724,24.67034910344828,0.0,0.0,0.0,0.0,0.0,0.0,0.0,120755.34107142856,717650.6582898352,0.0,0.0,0.0,0.0
2020-05-21 23:00:00,4136001,0.0,1.8888888888888888,82.0,26.574941966666668,26.574941966666668,24.57059333333333,0.0,0.0,0.0,0.0,0.0,0.0,0.0,120755.34107142856,717650.6582898352,0.0,0.0,0.0,0.0
2020-05-21 23:15:00,4136001,0.0,2.0,76.25,26.40247083333333,26.40247083333333,24.3771219,0.0,0.0,0.0,0.0,0.0,0.0,0.0,120755.34107142856,717650.6582898352,0.0,0.0,0.0,0.0
2020-05-21 23:30:00,4136001,0.0,2.111111111111111,70.5,26.296492,26.296492,24.223027758620685,0.0,0.0,0.0,0.0,0.0,0.0,0.0,120755.34107142856,717650.6582898352,0.0,0.0,0.0,0.0
2020-05-21 23:45:00,4136001,0.0,2.2222222222222223,64.75,26.20653593333333,26.20653593333333,24.350091533333337,0.0,0.0,0.0,0.0,0.0,0.0,0.0,120755.34107142856,717650.6582898352,0.0,0.0,0.0,0.0
2020-05-22 00:00:00,4136001,0.0,2.3333333333333335,59.0,25.994852137931037,25.994852137931037,24.166761793103444,0.0,0.0,0.0,0.0,0.0,0.0,0.0,0.0,717650.6582898352,0.0,0.0,0.0,0.0
2020-05-22 00:15:00,4136001,0.0,2.3541666666666665,63.5,25.83828143333333,25.83828143333333,23.9945465,0.0,0.0,0.0,0.0,0.0,0.0,0.0,0.0,717650.6582898352,0.0,0.0,0.0,0.0
2020-05-22 00:30:00,4136001,0.0,2.375,68.0,25.670603366666665,25.670603366666665,24.014672933333337,0.0,0.0,0.0,0.0,0.0,0.0,0.0,0.0,717650.6582898352,0.0,0.0,0.0,0.0
2020-05-22 00:45:00,4136001,0.0,2.3958333333333335,72.5,25.44677924137931,25.44677924137931,23.89589393103448,0.0,0.0,0.0,0.0,0.0,0.0,0.0,0.0,717650.6582898352,0.0,0.0,0.0,0.0
2020-05-22 01:00:00,4136001,0.0,2.4166666666666665,77.0,25.227821766666665,25.227821766666665,23.655807633333332,0.0,0.0,0.0,0.0,0.0,0.0,0.0,0.0,717650.6582898352,0.0,0.0,0.0,0.0
2020-05-22 01:15:00,4136001,0.0,2.006944444444444,82.75,25.062640366666667,25.062640366666667,23.2972891,0.0,0.0,0.0,0.0,0.0,0.0,0.0,0.0,717650.6582898352,0.0,0.0,0.0,0.0
2020-05-22 01:30:00,4136001,0.0,1.597222222222222,88.5,24.878541,24.878541,22.97140606896552,0.0,0.0,0.0,0.0,0.0,0.0,0.0,0.0,717650.6582898352,0.0,0.0,0.0,0.0
2020-05-22 01:45:00,4136001,0.0,1.1875,94.25,24.82188206666667,24.82188206666667,22.935877500000004,0.0,0.0,0.0,0.0,0.0,0.0,0.0,0.0,717650.6582898352,0.0,0.0,0.0,0.0
2020-05-22 02:00:00,4136001,0.0,0.7777777777777777,100.0,24.76963206896552,24.76963206896552,22.937171724137933,0.0,0.0,0.0,0.0,0.0,0.0,0.0,0.0,717650.6582898352,0.0,0.0,0.0,0.0
2020-05-22 02:15:00,4136001,0.0,0.7916666666666666,99.5,24.59553123333333,24.59553123333333,22.7131093,0.0,0.0,0.0,0.0,0.0,0.0,0.0,0.0,717650.6582898352,0.0,0.0,0.0,0.0
2020-05-22 02:30:00,4136001,0.0,0.8055555555555555,99.0,24.56362903333333,24.56362903333333,22.73851293333333,0.0,0.0,0.0,0.0,0.0,0.0,0.0,0.0,717650.6582898352,0.0,0.0,0.0,0.0
2020-05-22 02:45:00,4136001,0.0,0.8194444444444444,98.5,24.40930920689655,24.40930920689655,22.60719044827585,0.0,0.0,0.0,0.0,0.0,0.0,0.0,0.0,717650.6582898352,0.0,0.0,0.0,0.0
2020-05-22 03:00:00,4136001,0.0,0.8333333333333333,98.0,24.281303,24.281303,22.438980066666662,0.0,0.0,0.0,0.0,0.0,0.0,0.0,0.0,717650.6582898352,0.0,0.0,0.0,0.0
2020-05-22 03:15:00,4136001,0.0,0.9513888888888888,92.75,24.142280241379307,24.142280241379307,22.20255896551724,0.0,0.0,0.0,0.0,0.0,0.0,0.0,0.0,717650.6582898352,0.0,0.0,0.0,0.0
2020-05-22 03:30:00,4136001,0.0,1.0694444444444444,87.5,24.0494489,24.0494489,22.219565933333328,0.0,0.0,0.0,0.0,0.0,0.0,0.0,0.0,717650.6582898352,0.0,0.0,0.0,0.0
2020-05-22 03:45:00,4136001,0.0,1.1875,82.25,23.964467366666668,23.964467366666668,22.411711633333333,0.0,0.0,0.0,0.0,0.0,0.0,0.0,0.0,717650.6582898352,0.0,0.0,0.0,0.0
2020-05-22 04:00:00,4136001,0.0,1.3055555555555556,77.0,23.787370000000003,23.787370000000003,22.20228948275863,0.0,0.0,0.0,0.0,0.0,0.0,0.0,0.0,717650.6582898352,0.0,0.0,0.0,0.0
2020-05-22 04:15:00,4136001,0.0,1.2569444444444444,74.5,23.615461266666667,23.615461266666667,21.958758733333333,0.0,0.0,0.0,0.0,0.0,0.0,0.0,0.0,717650.6582898352,0.0,0.0,0.0,0.0
2020-05-22 04:30:00,4136001,0.0,1.2083333333333333,72.0,23.491023,23.491023,21.728594866666665,0.0,0.0,0.0,0.0,0.0,0.0,0.0,0.0,717650.6582898352,0.0,0.0,0.0,0.0
2020-05-22 04:45:00,4136001,0.0,1.159722222222222,69.5,23.501643689655165,23.501643689655165,21.673350482758625,0.0,0.0,0.0,0.0,0.0,0.0,0.0,0.0,717650.6582898352,0.0,0.0,0.0,0.0
2020-05-22 05:00:00,4136001,0.0,1.1111111111111112,67.0,23.441046433333337,23.441046433333337,21.60483603333333,0.0,0.0,0.0,0.0,0.0,0.0,0.0,0.0,717650.6582898352,0.0,0.0,0.0,0.0
2020-05-22 05:15:00,4136001,0.0,1.3124999999999998,69.25,23.344786689655177,23.344786689655177,21.351205724137927,0.0,0.0,0.0,0.0,0.0,0.0,0.0,0.0,717650.6582898352,0.0,0.0,0.0,0.0
2020-05-22 05:30:00,4136001,0.0,1.5138888888888888,71.5,23.21669933333333,23.21669933333333,21.19199323333333,0.0,0.0,0.0,0.0,0.0,0.0,0.0,0.0,717650.6582898352,0.0,0.0,0.0,0.0
2020-05-22 05:45:00,4136001,1.8504192289999,1.715277777777778,73.75,23.207561233333337,23.25793676532816,21.154133166666668,47.59834126869001,46.034892102930115,3.6533333333333338,3.533333333333333,0.0001371860242488815,0.00013600330674994122,0.9671532846715327,0.8833333333333333,717651.5416231685,0.0018633134182301824,0.0018021096928138624,-43.94500793535667,-42.501558769596784
2020-05-22 06:00:00,4136001,15.0464187413793,1.9166666666666667,76.0,23.22434117241379,23.619156673368376,21.23008989655172,386.48373474766913,373.1400608844,368.2266666666667,355.5133333333333,0.013827249750661897,0.013684242149158709,0.9654741644639171,89.76166666666667,717740.4199565018,0.015129525729014255,0.014607166211955373,-18.257068081002444,-17.626727551066665
2020-05-22 06:15:00,4136001,36.444082933333306,1.8194444444444446,69.25,23.41256513333333,24.385834807077043,21.6428325,933.2511615127162,902.9053166427667,917.9580952380952,888.1095238095238,0.034470170122114153,0.034184669432323844,0.9674837320097608,311.7890476190476,717962.4473374542,0.036533613682235906,0.035345676909092454,-15.29306627462097,-14.7957928332429
2020-05-22 06:30:00,4136001,68.2039968275862,1.7222222222222223,62.5,23.731374896551724,25.58575218930828,22.332524862068965,1738.1889425183504,1689.2842640976296,1881.14,1828.2133333333336,0.07063853585461886,0.07037067701254697,0.9718645785711502,768.842380952381,718419.5006707875,0.06804419426574086,0.06612974218428772,142.95105748164974,138.929069235704
2020-05-22 06:45:00,4136001,104.3299106666666,1.6249999999999998,55.75,24.2926026,27.181427483474085,23.7948202,2641.8526123991733,2585.1522141095697,2979.9009523809523,2915.945238095238,0.11189801942863092,0.11223911170265012,0.9785376375565056,1497.8286904761903,719148.4869803113,0.10341955812875996,0.10119993008845447,338.048339981779,330.79302398566824
2020-05-22 07:00:00,4136001,152.2340403333332,1.5277777777777777,49.0,24.837042200000003,29.13137338006582,26.701679566666662,3824.5539143950314,3748.651662357753,3494.7357142857145,3425.3790476190475,0.13123053789510003,0.13184798415513818,0.9801539594587504,2354.1734523809523,720004.8317422161,0.1497182976862412,0.14674698228059319,-329.8182001093169,-323.27261473870567
2020-05-22 07:15:00,4136001,223.51645241379308,1.5416666666666665,46.75,25.161568413793105,31.44983546721252,28.02738165517241,5562.420558015766,5460.194966743185,4939.266666666666,4848.493333333334,0.1854740027477259,0.18662579040237126,0.9816221031462162,3566.2967857142858,721216.9550755494,0.2177498750446571,0.21374809030116207,-623.1538913490995,-611.7016334098516
2020-05-22 07:30:00,4136001,331.57098633333334,1.5555555555555554,44.5,25.86289676666667,35.16623532820801,31.2285116,8125.549571866274,7982.776752432917,7134.977142857143,7009.609523809524,0.2679249490881063,0.26981039837659704,0.9824291491706985,5318.699166666666,722969.3574565018,0.31808767163305046,0.3124986006041463,-990.5724290091312,-973.1672286233934
2020-05-22 07:45:00,4136001,386.9112479310344,1.5694444444444444,42.25,26.55256279310345,37.37979793878792,34.14181817241379,9394.217576343432,9213.991308497578,8471.41,8308.887619047619,0.31810923111739514,0.319821563661544,0.9808151912193623,7395.921071428572,725046.5793612638,0.36775171565251247,0.3606964693089676,-922.8075763434317,-905.1036894499593
2020-05-22 08:00:00,4136001,424.4252026666666,1.5833333333333333,40.0,27.161824433333337,39.0073506032096,35.93253889999999,10234.474281952444,10032.373504598885,9668.13,9477.212857142857,0.36304716695839556,0.3647921567956095,0.9802529400352351,9765.224285714286,727415.8825755494,0.40064491219230547,0.39273335308666607,-566.3442819524444,-555.1606474560285
2020-05-22 08:15:00,4136001,467.4810996666666,1.8680555555555556,37.5,27.541916000000004,39.91650668669622,36.8019186,11229.284652887805,11002.284232741791,11018.011428571428,10795.281904761903,0.4137364552046861,0.4155266140600254,0.979784961628198,12464.044761904765,730114.70305174,0.43958835987033884,0.4307020643077624,-211.2732243163773,-207.00232797988792
2020-05-22 08:30:00,4136001,525.0420731034483,2.1527777777777777,35.0,27.82692844827586,41.04384658807317,38.308498275862064,12551.466656160546,12291.533523014394,12664.146666666667,12401.88,0.4755503462695415,0.4773669877120645,0.9792906167648089,15564.514761904762,733215.1730517399,0.4913472952108258,0.4811717957727302,112.6800105061211,110.34647698560548
2020-05-22 08:45:00,4136001,589.8400813333334,2.4375,32.5,28.181958033333338,42.33613840008199,40.66426703333333,14022.61825183005,13725.576991621034,13796.141904761904,13503.898095238095,0.5180578078159698,0.5197853193301737,0.9788169901744098,18940.489285714288,736591.1475755494,0.5489378841976923,0.5373097276030939,-226.47634706814642,-221.67889638293855
2020-05-22 09:00:00,4136001,650.1507796551723,2.7222222222222223,30.0,28.84968306896552,43.75456109865768,43.654425413793085,15362.191036558655,15029.93444785675,12985.117619047618,12704.272857142856,0.48760310051858885,0.4890065429504582,0.9783717968412703,22116.5575,739767.2157898352,0.6013776095736408,0.5883708924586709,-2377.0734175110374,-2325.661590713893
2020-05-22 09:15:00,4136001,713.910318,2.652777777777778,34.25,29.2417327,45.78850099296558,47.507954666666656,16720.372884573764,16352.232062360528,12854.32,12571.3,0.4826915297142925,0.4838882179657178,0.9779824992687283,25259.3825,742910.0407898352,0.6545458165814745,0.640134353586241,-3866.0528845737645,-3780.932062360529
2020-05-22 09:30:00,4136001,760.7933420000002,2.5833333333333335,38.5,29.783513433333336,47.613214441067115,49.5048544,17676.56293967799,17282.552681928835,12496.496190476191,12217.949523809522,0.4692549168100516,0.47028722743640516,0.9777100186787594,28313.86988095238,745964.5281707875,0.6919774100480717,0.6765532465033797,-5180.0667492018,-5064.603158119313
2020-05-22 09:45:00,4136001,802.9641082758619,2.513888888888889,42.75,30.145207965517237,49.17504819009034,51.53690841379311,18528.231047351495,18110.364728878714,12764.625714285716,12476.745714285717,0.4793234268525263,0.4802486814965137,0.9774470472974531,31433.05630952381,749083.714599359,0.7253173242259344,0.708959276918329,-5763.60533306578,-5633.619014592998
2020-05-22 10:00:00,4136001,843.4504773333334,2.4444444444444446,47.0,30.632145200000004,50.84907898076064,54.14784453333334,19318.171371734254,18872.16138955582,12559.706666666669,12269.733333333334,0.47162852828435364,0.4722804640396167,0.9769124119671583,34500.489642857145,752151.1479326923,0.7562408053135351,0.7387810291468317,-6758.464705067585,-6602.428056222485
2020-05-22 10:15:00,4136001,878.7097734482759,1.888888888888889,43.25,31.01010031034483,54.18282640339008,55.50916799999998,19826.41543317092,19346.440984579807,12763.088571428572,12454.109047619047,0.4792657057255353,0.4793773621982694,0.9757911635510228,37614.01690476191,755264.6751945971,0.7761368343382627,0.7573474646537408,-7063.326861742349,-6892.33193696076
2020-05-22 10:30:00,4136001,904.4473933333333,1.3333333333333335,39.5,31.450413966666662,57.95825081699881,56.60856536666666,20058.22462986615,19561.866928980617,12457.58,12149.306666666667,0.4677935780918926,0.46764506076955836,0.9752541558365804,40651.34357142857,758302.0018612638,0.7852113771722901,0.7657806587974405,-7600.6446298661485,-7412.560262313949
2020-05-22 10:45:00,4136001,931.0419879310344,0.7777777777777779,35.75,31.712303448275865,62.41949302383769,56.49571617241379,20223.606384674164,19717.996410952557,12357.363333333333,12048.417142857144,0.46403035015480987,0.4637616714711087,0.9749990202486948,43663.447857142855,761314.106146978,0.7916855112418932,0.7718925978059329,-7866.243051340831,-7669.579268095413
2020-05-22 11:00:00,4136001,938.9363266666668,0.22222222222222224,32.0,31.70868323333333,67.11352209708396,56.65728056666668,19944.73551430184,19446.352228307303,12502.980952380953,12190.55380952381,0.4694984255793713,0.469232725247641,0.975011787665113,46711.08630952381,764361.744599359,0.7807686637033407,0.7612586505502956,-7441.754561920887,-7255.798418783494
2020-05-22 11:15:00,4136001,948.619885,0.888888888888889,43.75,32.242335166666656,62.76421048841698,57.71978933333334,20572.010800658016,20058.333291586474,12651.853333333333,12335.94,0.47508872030473315,0.4748288580760953,0.9750302722446988,49795.07130952381,767445.729599359,0.8053243609574483,0.785215630909629,-7920.157467324683,-7722.393291586473
2020-05-22 11:30:00,4136001,955.2498431034484,1.5555555555555554,55.5,32.77925151724137,59.581996834397614,59.33700803448276,21026.397442481793,20501.046389043768,12865.693333333333,12544.24,0.48311860883357827,0.48284663792402344,0.9750146902304527,52931.13130952381,770581.7895993589,0.8231120549023994,0.8025463452356143,-8160.704109148461,-7956.806389043768
2020-05-22 11:45:00,4136001,952.8012313333332,2.2222222222222223,67.25,33.20048229999999,56.90200546749584,60.91322110000001,21233.4165764674,20703.256384195676,12922.66619047619,12600.010476190477,0.48525799197998193,0.4849933273148509,0.9750317999761144,56081.13392857143,773731.7922184066,0.8312161509676023,0.810462179847159,-8310.75038599121,-8103.245908005199
2020-05-22 12:00:00,4136001,944.0981024137932,2.888888888888889,79.0,33.58039268965517,54.672843592554926,61.8809381724138,21254.50780904799,20723.43340068837,12874.127619047618,12552.449047619048,0.4834353240136482,0.4831626164961343,0.9750135635635118,59219.24619047619,776869.9044803113,0.8320418010979836,0.8112520415223476,-8380.380190000373,-8170.9843530693215
2020-05-22 12:15:00,4136001,937.828005,2.75,79.25,34.01334813333334,55.420059044084304,62.70936686666667,21041.745311633476,20516.315204363895,12885.256666666666,12563.500952380951,0.48385322997985264,0.4835880209093902,0.9750291575395563,62360.12142857143,780010.7797184066,0.8237128718588168,0.8031440675029906,-8156.48864496681,-7952.8142519829435
2020-05-22 12:30:00,4136001,929.320679,2.611111111111111,79.5,33.95082383333333,55.63352749642246,60.745529,20830.59863989151,20310.1620327514,12825.153333333334,12504.726666666666,0.4815962945754443,0.48132571037853866,0.9750157632943178,65486.303095238094,783136.9613850733,0.8154471967074381,0.7950738709239146,-8005.445306558175,-7805.435366084734
2020-05-22 12:45:00,4136001,919.6886072413791,2.4722222222222223,79.75,34.40181331034483,56.346184754901714,61.769346103448285,20547.725942805322,20035.682785976212,12801.92,12482.9,0.4807238615562703,0.48048556919684193,0.9750803004549318,68607.0280952381,786257.6863850732,0.8043736912431131,0.7843289405353773,-7745.805942805322,-7552.782785976213
2020-05-22 13:00:00,4136001,907.2182727586204,2.3333333333333335,80.0,34.976118482758615,57.12500209502962,63.80456327586207,20196.917118486595,19695.96370623788,13574.155238095238,13237.46923076923,0.5097220044666282,0.5095300721844952,0.975196540674508,71916.3954029304,789567.0536927655,0.7906407171065412,0.7710300922387112,-6622.761880391357,-6458.494475468649
2020-05-22 13:15:00,4136001,893.8536562068966,2.5069444444444446,80.75,34.83037393103448,56.038124241418174,61.95494127586206,19998.65664528533,19503.473576750817,13308.623333333331,12979.090952380951,0.4997510374067234,0.499584704188317,0.9752391834452915,75161.16814102564,792811.8264308608,0.7828794928669145,0.7634947573595936,-6690.033311951998,-6524.382624369866
2020-05-22 13:30:00,4136001,875.7099556666667,2.680555555555556,81.5,34.964687966666666,55.172602023818314,62.98175066666666,19670.165082844644,19185.073118869917,11795.806666666667,11504.906666666668,0.44294338122494104,0.4428411369385219,0.9753386938070083,78037.39480769231,795688.0530975275,0.7700201637441629,0.7510304607112905,-7874.358416177976,-7680.16645220325
2020-05-22 13:45:00,4136001,857.3449146666666,2.8541666666666665,82.25,35.293674633333325,54.55011608802852,63.429100433333325,19312.182150544086,18842.508205602495,12196.110952380952,11899.500476190477,0.4579751750516557,0.4580296453116241,0.9756799132650913,81012.26992673993,798662.9282165751,0.7560063476431429,0.7376202076963201,-7116.071198163134,-6943.007729412018
2020-05-22 14:00:00,4136001,831.9279393103448,3.0277777777777777,83.0,35.30012999999999,53.50025993459515,60.32280748275863,18828.894803675572,18381.08556773073,12374.34,12080.04,0.4646678395904847,0.46497888273723403,0.9762169133868959,84032.27992673992,801682.9382165751,0.737087289241557,0.7195570784001069,-6454.554803675572,-6301.045567730729
2020-05-22 14:15:00,4136001,798.8914876666666,3.3819444444444446,80.75,35.97692966666666,52.57468560426946,62.5950286,18156.741276114004,17742.624409232176,12784.864285714286,12493.268571428573,0.48008340380985187,0.4808846710837925,0.9771921150065285,87155.59706959706,804806.2553594322,0.7107747612493248,0.694563492238488,-5371.876990399718,-5249.355837803603
2020-05-22 14:30:00,4136001,757.962963448276,3.7361111111111107,78.5,35.95554637931035,50.94838513805382,60.3234254137931,17352.49635721942,16963.332795567254,13742.52238095238,13434.319523809523,0.5160443454181012,0.5171071356151107,0.9775730503761059,90514.17695054944,808164.8352403846,0.6792913038645301,0.6640568720128109,-3609.9739762670415,-3529.0132717577308
2020-05-22 14:45:00,4136001,712.892354,4.090277777777778,76.25,36.15517973333333,49.6116915355135,59.44070023333334,16418.037350424598,16053.940413054175,15130.033333333333,14794.5,0.5681466568667112,0.5694625250128318,0.9778233579569113,94212.80195054944,811863.4602403846,0.6427104071413036,0.6284572485047631,-1288.0040170912653,-1259.4404130541752
2020-05-22 15:00:00,4136001,663.9036466666665,4.444444444444445,74.0,36.203579833333336,48.187400170276774,57.10282613333333,15386.439346148503,15049.24150909238,15872.066190476193,15524.225714285714,0.596010672614923,0.5975507637382997,0.9780847388099229,98093.85837912088,815744.516668956,0.6023268485476024,0.5891266983398857,485.62684432768947,474.98420519333376
2020-05-22 15:15:00,4136001,613.6021413793103,4.388888888888889,72.0,36.53600855172413,47.68835572328557,54.92006168965517,14251.955196345649,13944.09309187138,14856.404285714283,14535.485238095238,0.5578716346508722,0.559492657810163,0.9783986056486336,101727.72968864469,819378.3879784798,0.5579156467545762,0.5458638908542329,604.4490893686343,591.3921462238577
2020-05-22 15:30:00,4136001,566.235797,4.333333333333333,70.0,36.4829009,46.84592793147877,53.35857623333335,13200.53230983506,12919.178900001838,13926.50619047619,13629.679523809524,0.5229531065553461,0.5246268354283188,0.9786862072506273,105135.14956959708,822785.8078594322,0.5167560113460583,0.505741980818236,725.9738806411297,710.5006238076858
2020-05-22 15:45:00,4136001,513.7632668965518,4.277777777777778,68.0,36.51623772413792,45.98478300420707,50.82568079310346,12022.458546473194,11770.37036732028,12783.110952380954,12515.073333333334,0.48001756453179084,0.4817239691183046,0.9790318945015731,108263.9179029304,825914.5761927655,0.47063842421112523,0.460770028080653,760.6524059077601,744.7029660130538
2020-05-22 16:00:00,4136001,461.91806466666657,4.222222222222222,66.0,36.49547926666666,45.068568811333826,48.6366159,10852.484840178087,10629.151733298524,11563.253333333334,11325.293333333331,0.43421078983101086,0.4359275499753955,0.9794210164613417,111095.24123626374,828745.8995260989,0.424837926802822,0.416095194100549,710.7684931552467,696.1416000348072
2020-05-22 16:15:00,4136001,407.2016037931034,3.888888888888889,61.75,36.90676475862068,44.79826870809943,48.01077582758621,9578.201378709158,9385.028635440442,10239.534285714286,10033.02380952381,0.3845039230339197,0.38618615513098037,0.9798320440726889,113603.49718864467,831254.1554784798,0.3749540567120438,0.3673919998215088,661.3329070051277,647.9951740833676
2020-05-22 16:30:00,4136001,351.029381,3.555555555555556,57.5,36.86410623333334,43.98149027631793,46.2538929,8286.213986924566,8123.321817581956,8904.044761904763,8729.007142857143,0.3343550640382645,0.33599259511483814,0.9803417858144082,115785.74897435898,833436.4072641941,0.3243771378713864,0.3180004626182014,617.830774980197,605.6853252751871
2020-05-22 16:45:00,4136001,291.662732413793,3.222222222222222,53.25,36.90602689655172,43.10634008562045,44.56530331034482,6910.917577892817,6784.0766694709655,7473.671428571429,7336.501904761904,0.280643230792383,0.28239297708250793,0.9816462999316329,117619.87445054944,835270.5327403846,0.2705389539202512,0.2655735631031891,562.7538506786123,552.4252352909389
2020-05-22 17:00:00,4136001,237.599299,2.888888888888889,49.0,36.88915393333333,42.1974492639857,43.03815289999999,5651.956201864323,5554.665156896642,6015.310476190476,5911.764761904762,0.22588043672934782,0.22755270462646038,0.9827863059279212,119097.81564102563,836748.4739308608,0.22125489144115573,0.21744627742793665,363.35427432615325,357.0996050081203
2020-05-22 17:15:00,4136001,185.47027933333328,2.6666666666666665,56.75,36.57830536666667,40.867627275393154,40.440850833333336,4437.12527754395,4354.193038045321,4665.106666666667,4577.913333333333,0.1751790427820124,0.17621075981546583,0.9813094663073084,120242.29397435898,837892.9522641941,0.17369838628083575,0.17045187073968765,227.9813891227168,223.72029528801158
2020-05-22 17:30:00,4136001,135.99763520689652,2.4444444444444446,64.5,36.5309871724138,39.79075791083414,38.56217789655173,3268.523693825692,3203.7845808481,3353.6280952380957,3287.2033333333334,0.1259318171154371,0.12652939338474414,0.980193163935178,121064.09480769232,838714.7530975274,0.12795160281173193,0.12541728639060873,85.1044014124036,83.4187524852332
2020-05-22 17:45:00,4136001,91.3657824666666,2.2222222222222223,72.25,36.01259269999999,38.285373358374784,36.65240663333333,2209.909913685722,2153.026400098808,2218.042857142857,2160.95,0.08328954776963275,0.083178211053194,0.9742598043320044,121604.33230769233,839254.9905975275,0.08651046833766772,0.08428367195532621,8.132943457134843,7.923599901191665
2020-05-22 18:00:00,4136001,30.4520288965517,2.0,80.0,34.713825862068965,35.50110685732625,34.0462762413793,745.2219567952717,721.1478429821933,778.6442857142857,753.4904761904762,0.029238808538664143,0.02900298010372433,0.9676953777414101,121792.70492673993,839443.3632165751,0.029172908858691397,0.0282304890578271,33.422328919014035,32.342633208282905
2020-05-22 18:15:00,4136001,8.4263664133333,2.618055555555556,83.25,33.565036133333344,33.76142059789859,31.3863639,207.7078932729121,200.41599677355265,235.7995238095238,227.52142857142857,0.00885448882971023,0.008757641502505145,0.964893503157444,121849.5852838828,839500.2435737179,0.008131058652296422,0.00784560566739294,28.091630536611717,27.105431797875923
2020-05-22 18:30:00,4136001,2.4452188362068,3.2361111111111116,86.5,33.05054237931034,33.102419303808205,30.11554696551724,60.43870577035583,58.29548925367654,14.1,13.6,0.0005294679585517961,0.0005234844259809059,0.9645390070921985,121852.98528388278,839503.6435737179,0.00236597008300473,0.002282070434671229,-46.33870577035583,-44.69548925367654
2020-05-22 18:45:00,4136001,0.0613961936666666,3.854166666666667,89.75,32.84936956666666,32.85056491723695,29.884103366666665,1.5191155381370243,0.0,0.0,0.0,0.0,0.0,0.0,121852.98528388278,839503.6435737179,5.946821445046092e-05,0.0,-1.5191155381370243,0.0
2020-05-22 19:00:00,4136001,0.0,4.472222222222222,93.0,32.577243,32.577243,29.541916966666665,0.0,0.0,0.0,0.0,0.0,0.0,0.0,121852.98528388278,839503.6435737179,0.0,0.0,0.0,0.0
2020-05-22 19:15:00,4136001,0.0,4.458333333333333,92.5,32.24653451724138,32.24653451724138,29.283911275862067,0.0,0.0,0.0,0.0,0.0,0.0,0.0,121852.98528388278,839503.6435737179,0.0,0.0,0.0,0.0
2020-05-22 19:30:00,4136001,0.0,4.444444444444445,92.0,31.647290966666663,31.647290966666663,29.4522431,0.0,0.0,0.0,0.0,0.0,0.0,0.0,121852.98528388278,839503.6435737179,0.0,0.0,0.0,0.0
2020-05-22 19:45:00,4136001,0.0,4.430555555555555,91.5,30.91984043333333,30.91984043333333,29.248356266666665,0.0,0.0,0.0,0.0,0.0,0.0,0.0,121852.98528388278,839503.6435737179,0.0,0.0,0.0,0.0
2020-05-22 20:00:00,4136001,0.0,4.416666666666667,91.0,30.412124275862062,30.412124275862062,28.66433403448276,0.0,0.0,0.0,0.0,0.0,0.0,0.0,121852.98528388278,839503.6435737179,0.0,0.0,0.0,0.0
2020-05-22 20:15:00,4136001,0.0,4.4375,80.5,30.164220133333338,30.164220133333338,28.15729573333333,0.0,0.0,0.0,0.0,0.0,0.0,0.0,121852.98528388278,839503.6435737179,0.0,0.0,0.0,0.0
2020-05-22 20:30:00,4136001,0.0,4.458333333333333,70.0,29.98364779310345,29.98364779310345,27.917840413793105,0.0,0.0,0.0,0.0,0.0,0.0,0.0,121852.98528388278,839503.6435737179,0.0,0.0,0.0,0.0
2020-05-22 20:45:00,4136001,0.0,4.479166666666667,59.5,29.9975493,29.9975493,28.12562353333333,0.0,0.0,0.0,0.0,0.0,0.0,0.0,121852.98528388278,839503.6435737179,0.0,0.0,0.0,0.0
2020-05-22 21:00:00,4136001,0.0,4.5,49.0,29.6879445,29.6879445,27.793964533333337,0.0,0.0,0.0,0.0,0.0,0.0,0.0,121852.98528388278,839503.6435737179,0.0,0.0,0.0,0.0
2020-05-22 21:15:00,4136001,0.0,4.479166666666667,58.25,29.530937482758628,29.530937482758628,27.591031793103447,0.0,0.0,0.0,0.0,0.0,0.0,0.0,121852.98528388278,839503.6435737179,0.0,0.0,0.0,0.0
2020-05-22 21:30:00,4136001,0.0,4.458333333333333,67.5,29.26959126666667,29.26959126666667,27.34383643333334,0.0,0.0,0.0,0.0,0.0,0.0,0.0,121852.98528388278,839503.6435737179,0.0,0.0,0.0,0.0
2020-05-22 21:45:00,4136001,0.0,4.4375,76.75,28.94984596551724,28.94984596551724,26.888740275862062,0.0,0.0,0.0,0.0,0.0,0.0,0.0,121852.98528388278,839503.6435737179,0.0,0.0,0.0,0.0
2020-05-22 22:00:00,4136001,0.0,4.416666666666667,86.0,28.6407368,28.6407368,26.4522593,0.0,0.0,0.0,0.0,0.0,0.0,0.0,121852.98528388278,839503.6435737179,0.0,0.0,0.0,0.0
2020-05-22 22:15:00,4136001,0.0,4.270833333333333,86.75,28.326372366666668,28.326372366666668,25.970764066666664,0.0,0.0,0.0,0.0,0.0,0.0,0.0,121852.98528388278,839503.6435737179,0.0,0.0,0.0,0.0
2020-05-22 22:30:00,4136001,0.0,4.125,87.5,28.08963337931035,28.08963337931035,25.651714448275865,0.0,0.0,0.0,0.0,0.0,0.0,0.0,121852.98528388278,839503.6435737179,0.0,0.0,0.0,0.0
2020-05-22 22:45:00,4136001,0.0,3.9791666666666665,88.25,27.973987866666665,27.973987866666665,25.81418643333333,0.0,0.0,0.0,0.0,0.0,0.0,0.0,121852.98528388278,839503.6435737179,0.0,0.0,0.0,0.0
2020-05-22 23:00:00,4136001,0.0,3.8333333333333335,89.0,27.65889544827586,27.65889544827586,25.563916310344823,0.0,0.0,0.0,0.0,0.0,0.0,0.0,121852.98528388278,839503.6435737179,0.0,0.0,0.0,0.0
2020-05-22 23:15:00,4136001,0.0,3.847222222222222,89.0,27.41701873333333,27.41701873333333,25.288167199999997,0.0,0.0,0.0,0.0,0.0,0.0,0.0,121852.98528388278,839503.6435737179,0.0,0.0,0.0,0.0
2020-05-22 23:30:00,4136001,0.0,3.861111111111111,89.0,27.38874326666667,27.38874326666667,25.53173603333333,0.0,0.0,0.0,0.0,0.0,0.0,0.0,121852.98528388278,839503.6435737179,0.0,0.0,0.0,0.0
2020-05-22 23:45:00,4136001,0.0,3.8749999999999996,89.0,27.014191448275856,27.014191448275856,25.30840106896552,0.0,0.0,0.0,0.0,0.0,0.0,0.0,121852.98528388278,839503.6435737179,0.0,0.0,0.0,0.0
2020-05-23 00:00:00,4136001,0.0,3.888888888888889,89.0,26.720194766666665,26.720194766666665,24.93793233333333,0.0,0.0,0.0,0.0,0.0,0.0,0.0,0.0,839503.6435737179,0.0,0.0,0.0,0.0
2020-05-23 00:15:00,4136001,0.0,3.819444444444444,87.25,26.4556884,26.4556884,24.55032033333333,0.0,0.0,0.0,0.0,0.0,0.0,0.0,0.0,839503.6435737179,0.0,0.0,0.0,0.0
2020-05-23 00:30:00,4136001,0.0,3.75,85.5,26.211620310344827,26.211620310344827,24.194504241379303,0.0,0.0,0.0,0.0,0.0,0.0,0.0,0.0,839503.6435737179,0.0,0.0,0.0,0.0
2020-05-23 00:45:00,4136001,0.0,3.6805555555555554,83.75,26.107979466666677,26.107979466666677,24.0992696,0.0,0.0,0.0,0.0,0.0,0.0,0.0,0.0,839503.6435737179,0.0,0.0,0.0,0.0
2020-05-23 01:00:00,4136001,0.0,3.611111111111111,82.0,25.871246482758625,25.871246482758625,23.85640748275862,0.0,0.0,0.0,0.0,0.0,0.0,0.0,0.0,839503.6435737179,0.0,0.0,0.0,0.0
2020-05-23 01:15:00,4136001,0.0,3.645833333333333,74.75,25.814145100000005,25.814145100000005,23.765325833333332,0.0,0.0,0.0,0.0,0.0,0.0,0.0,0.0,839503.6435737179,0.0,0.0,0.0,0.0
2020-05-23 01:30:00,4136001,0.0,3.6805555555555554,67.5,25.837760566666667,25.837760566666667,24.232896966666665,0.0,0.0,0.0,0.0,0.0,0.0,0.0,0.0,839503.6435737179,0.0,0.0,0.0,0.0
2020-05-23 01:45:00,4136001,0.0,3.7152777777777777,60.25,25.81694824137931,25.81694824137931,24.5491331724138,0.0,0.0,0.0,0.0,0.0,0.0,0.0,0.0,839503.6435737179,0.0,0.0,0.0,0.0
2020-05-23 02:00:00,4136001,0.0,3.75,53.0,25.700773966666663,25.700773966666663,24.36268806666667,0.0,0.0,0.0,0.0,0.0,0.0,0.0,0.0,839503.6435737179,0.0,0.0,0.0,0.0
2020-05-23 02:15:00,4136001,0.0,3.555555555555556,39.75,25.590836333333336,25.590836333333336,24.136146066666665,0.0,0.0,0.0,0.0,0.0,0.0,0.0,0.0,839503.6435737179,0.0,0.0,0.0,0.0
2020-05-23 02:30:00,4136001,0.0,3.3611111111111107,26.5,25.44831779310345,25.44831779310345,23.787558793103457,0.0,0.0,0.0,0.0,0.0,0.0,0.0,0.0,839503.6435737179,0.0,0.0,0.0,0.0
2020-05-23 02:45:00,4136001,0.0,3.1666666666666665,13.25,25.415001333333333,25.415001333333333,23.583281600000003,0.0,0.0,0.0,0.0,0.0,0.0,0.0,0.0,839503.6435737179,0.0,0.0,0.0,0.0
2020-05-23 03:00:00,4136001,0.0,2.972222222222222,0.0,25.22627310344828,25.22627310344828,23.231575793103445,0.0,0.0,0.0,0.0,0.0,0.0,0.0,0.0,839503.6435737179,0.0,0.0,0.0,0.0
2020-05-23 03:15:00,4136001,0.0,2.930555555555556,0.25,24.98559566666667,24.98559566666667,22.74414273333333,0.0,0.0,0.0,0.0,0.0,0.0,0.0,0.0,839503.6435737179,0.0,0.0,0.0,0.0
2020-05-23 03:30:00,4136001,0.0,2.888888888888889,0.5,24.79134396666667,24.79134396666667,22.508908,0.0,0.0,0.0,0.0,0.0,0.0,0.0,0.0,839503.6435737179,0.0,0.0,0.0,0.0
2020-05-23 03:45:00,4136001,0.0,2.8472222222222223,0.75,24.651769103448277,24.651769103448277,22.24635051724137,0.0,0.0,0.0,0.0,0.0,0.0,0.0,0.0,839503.6435737179,0.0,0.0,0.0,0.0
2020-05-23 04:00:00,4136001,0.0,2.8055555555555554,1.0,24.4721009,24.4721009,21.9592774,0.0,0.0,0.0,0.0,0.0,0.0,0.0,0.0,839503.6435737179,0.0,0.0,0.0,0.0
2020-05-23 04:15:00,4136001,0.0,3.006944444444444,1.0,24.21784606896552,24.21784606896552,21.940328862068963,0.0,0.0,0.0,0.0,0.0,0.0,0.0,0.0,839503.6435737179,0.0,0.0,0.0,0.0
2020-05-23 04:30:00,4136001,0.0,3.2083333333333335,1.0,24.31587946666667,24.31587946666667,21.950208633333336,0.0,0.0,0.0,0.0,0.0,0.0,0.0,0.0,839503.6435737179,0.0,0.0,0.0,0.0
2020-05-23 04:45:00,4136001,0.0,3.4097222222222223,1.0,24.31637079999999,24.31637079999999,21.891620866666667,0.0,0.0,0.0,0.0,0.0,0.0,0.0,0.0,839503.6435737179,0.0,0.0,0.0,0.0
2020-05-23 05:00:00,4136001,0.0,3.611111111111111,1.0,24.02792989655172,24.02792989655172,21.66462337931035,0.0,0.0,0.0,0.0,0.0,0.0,0.0,0.0,839503.6435737179,0.0,0.0,0.0,0.0
2020-05-23 05:15:00,4136001,0.0,3.611111111111111,2.0,23.813047033333337,23.813047033333337,21.8106323,0.0,0.0,0.0,0.0,0.0,0.0,0.0,0.0,839503.6435737179,0.0,0.0,0.0,0.0
2020-05-23 05:30:00,4136001,0.0,3.611111111111111,3.0,23.84403503448276,23.84403503448276,21.93014427586207,0.0,0.0,0.0,0.0,0.0,0.0,0.0,0.0,839503.6435737179,0.0,0.0,0.0,0.0
2020-05-23 05:45:00,4136001,1.4383581393333,3.611111111111111,4.0,23.707536033333337,23.736476840965796,21.791834533333336,36.92856048070011,0.0,0.0,0.0,0.0,0.0,0.0,0.0,839503.6435737179,0.0014456277346134318,0.0,-36.92856048070011,0.0
2020-05-23 06:00:00,4136001,14.1595838133333,3.611111111111111,5.0,23.836609733333333,24.121510816096578,21.784125766666676,362.97758974433617,350.41547845846264,312.48857142857145,301.6738095238095,0.01173423304858531,0.011611878015591512,0.9653914962223379,75.41845238095237,839579.062026099,0.01420933997824765,0.01371757598193238,-50.489018315764724,-48.74166893465315
2020-05-23 06:15:00,4136001,35.235590241379306,3.6666666666666665,5.0,23.965293,24.668879067120194,22.39798713793104,901.2853114536584,871.7377006443087,830.6933333333334,803.46,0.031193298112240198,0.03092638212489843,0.9672161407338448,276.2834523809524,839779.927026099,0.035282259207424484,0.03412557058697627,-70.59197812032505,-68.27770064430865
2020-05-23 06:30:00,4136001,58.712884,3.7222222222222223,5.0,24.5411042,25.70465719246928,23.30528673333333,1495.5931842257958,1452.1937501762688,1539.1485714285714,1494.4852380952382,0.05779644340582973,0.05752498139714877,0.9709817920359185,649.9047619047619,840153.5483356228,0.05854739417599514,0.05684845371604106,43.55538720277559,42.291487918969324
2020-05-23 06:45:00,4136001,87.42519223333329,3.7777777777777777,5.0,24.972080400000007,26.691694724023083,24.08396803333333,2218.1644470702595,2164.6104109020466,2438.5642857142857,2379.6890476190474,0.09157033008187673,0.09159780552249307,0.9758565979005991,1244.8270238095238,840748.4705975275,0.08683360528754196,0.08473714663934416,220.3998386440262,215.0786367170008
2020-05-23 07:00:00,4136001,164.5789924137931,3.8333333333333335,5.0,25.369075275862077,28.58225357367139,24.992333827586204,4143.928744007268,4062.199582694518,3532.3942857142856,3462.7261904761904,0.13264465186221086,0.1332855317757704,0.9802773729082715,2110.5085714285715,841614.1521451465,0.1622207376788909,0.15902131856310503,-611.534458292982,-599.4733922183277
2020-05-23 07:15:00,4136001,241.8249106666667,3.9652777777777777,4.5,26.0042399,30.643789243693544,27.742071500000005,6037.961176763534,5926.580017301683,4809.708571428571,4720.984761904762,0.18060897720165686,0.18171779398164103,0.98155318389749,3290.754761904762,842794.3983356227,0.23636567534795594,0.23200548120186662,-1228.252605334963,-1205.595255396921
2020-05-23 07:30:00,4136001,314.8570596551724,4.097222222222222,4.0,26.917700241379308,32.855598584711174,32.55195479310345,7790.292530004604,7655.773220341189,6230.953333333333,6123.36,0.2339780242008163,0.23569732313782646,0.9827324443664587,4821.594761904762,844325.2383356227,0.3049634969663184,0.2996975228162532,-1559.3391966712707,-1532.4132203411891
2020-05-23 07:45:00,4136001,379.3576726666666,4.229166666666666,3.5,27.429699566666663,34.46428623704201,35.60990889999999,9323.829826107723,9150.607130821769,7646.271428571428,7504.215238095238,0.28712451941976175,0.28884851517290094,0.9814215082732513,6697.648571428571,846201.2921451465,0.3649962742653249,0.3582151940035924,-1677.5583975362952,-1646.3918927265304
2020-05-23 08:00:00,4136001,434.12700633333327,4.361111111111111,3.0,27.988890533333333,35.9065816938902,38.3060976,10605.968255956137,10396.530880140028,9119.64,8939.553333333333,0.34245086337073066,0.3440968342077716,0.9802528754790029,8932.536904761904,848436.1804784798,0.41518763969293937,0.406988877672344,-1486.3282559561376,-1456.9775468066946
2020-05-23 08:15:00,4136001,483.6398434482758,4.145833333333333,3.0,28.67064903448276,37.73478891075649,40.821387965517246,11725.247937504677,11487.383220444473,10552.950476190475,10338.867619047618,0.39627298903026786,0.39795854270953807,0.9797134595082323,11517.253809523809,851020.8973832417,0.45900363818769535,0.44969204229573195,-1172.2974613142014,-1148.5156013968553
2020-05-23 08:30:00,4136001,533.7677543333334,3.9305555555555554,3.0,29.2585235,39.54603924314992,43.078069000000006,12841.750643710186,12575.91043743445,11903.494761904762,11657.07761904762,0.44698716817146905,0.44869842544279476,0.9792987565596484,14431.523214285717,853935.1667880036,0.5027109275282907,0.49230418623740263,-938.255881805424,-918.8328183868289
2020-05-23 08:45:00,4136001,588.9204568965519,3.7152777777777777,3.0,29.82619924137931,41.50823161225066,45.5783502413793,14050.575504096405,13754.167485623399,13216.06380952381,12937.260476190477,0.4962753422211948,0.49797458633412006,0.978904207988734,17665.838333333333,857169.4819070513,0.5500323156819888,0.5384289483508866,-834.5116945725949,-816.9070094329218
2020-05-23 09:00:00,4136001,645.1150216666666,3.5,3.0,30.426238066666667,43.60799167652908,47.82706210000001,15252.864370118477,14925.735235670489,14370.288571428571,14062.088095238096,0.5396175428166308,0.541270890781518,0.9785529375656903,21181.360357142858,860685.0039308608,0.5970978418523577,0.5842918471587586,-882.5757986899062,-863.6471404323929
2020-05-23 09:15:00,4136001,701.8423813333333,2.951388888888889,2.75,31.15696106666666,46.688742672936826,49.68050939999999,16373.171618793584,16016.581418656777,15256.64,14924.366666666669,0.5729008535574238,0.574461288060924,0.9782210674609002,24912.452023809525,864416.0955975275,0.6409540661105337,0.6269947707440507,-1116.5316187935841,-1092.2147519901082
2020-05-23 09:30:00,4136001,751.9769720689654,2.4027777777777777,2.5,31.65189851724138,49.800250684949006,51.29599096551725,17303.67471587157,16921.193723021832,13195.028095238094,12903.364761904762,0.49548543181697235,0.49666988938293843,0.9778959672364328,28138.293214285717,867641.9367880037,0.6773801024024885,0.6624072704255953,-4108.646620633475,-4017.8289611170694
2020-05-23 09:45:00,4136001,791.6833170000001,1.8541666666666665,2.25,31.959610933333327,52.96892074558039,52.2273416,17961.02682695956,17557.382242172283,12424.32,12145.103809523813,0.4665446345244151,0.46748328648581516,0.977526642063615,31174.569166666668,870678.2127403846,0.7031132052049153,0.6873118904745462,-5536.706826959562,-5412.278432648471
2020-05-23 10:00:00,4136001,829.8047317241377,1.3055555555555556,2.0,32.56005868965518,57.01643156687704,53.39805979310346,18482.70632881392,18060.361777641032,12994.733333333334,12697.793333333331,0.4879641794273034,0.4887571363473656,0.977149204036507,34349.0175,873852.661073718,0.7235351860956712,0.7070018311857911,-5487.972995480588,-5362.568444307701
2020-05-23 10:15:00,4136001,857.7585426666665,1.465277777777778,3.25,32.90432746666666,57.395969772803184,55.08873696666666,19072.0723251518,18623.965226504777,12964.89619047619,12660.28,0.48684376729130413,0.48731319180570176,0.9765045407228207,37514.0875,877017.7310737179,0.7466068633842944,0.7290649922295861,-6107.176134675608,-5963.685226504776
2020-05-23 10:30:00,4136001,896.0065056666665,1.6249999999999998,4.5,33.65044886666667,58.46026488955651,56.9404368,19825.06694426897,19340.84669216819,12704.653333333334,12394.346666666666,0.47707140883037397,0.4770770183976731,0.975575353492526,40612.67416666666,880116.3177403846,0.7760840455771763,0.7571284671038634,-7120.413610935635,-6946.500025501524
2020-05-23 10:45:00,4136001,922.7391144827584,1.784722222222222,5.75,33.529896620689655,58.329711563450076,55.78548137931034,20428.862735855524,19918.108268800257,12212.28,11906.953333333331,0.4585823376498532,0.45831651697657594,0.9749983895991028,43589.4125,883093.0560737179,0.7997206003466637,0.7797262974672248,-8216.582735855523,-8011.154935466926
2020-05-23 11:00:00,4136001,938.062118,1.9444444444444444,7.0,33.776356233333345,58.268839732027864,57.2085926,20773.939018655044,20254.530774896448,12487.858095238094,12175.625714285716,0.4689305483950522,0.4686581204412658,0.974997122919627,46633.31892857143,886136.9625022893,0.8132291649502855,0.7928960961008592,-8286.08092341695,-8078.905060610732
2020-05-23 11:15:00,4136001,948.9915310344828,2.6458333333333335,6.5,34.1564585862069,56.17610081683473,56.55521031034483,21218.905930382567,20688.378565100178,12732.553333333335,12414.206666666669,0.47811907947176374,0.477841459625613,0.9749974213080068,49736.8705952381,889240.5141689561,0.8306481084510694,0.8098797637541663,-8486.352597049232,-8274.17189843351
2020-05-23 11:30:00,4136001,953.267991,3.3472222222222223,6.0,34.1468976,54.050185855559036,56.966335833333325,21521.599704391483,20983.592457371407,12847.410476190476,12526.244761904762,0.48243207074507316,0.48215397418250316,0.9750015215221062,52868.43178571429,892372.0753594323,0.8424975417651784,0.8214363850996832,-8674.189228201007,-8457.347695466646
2020-05-23 11:45:00,4136001,949.7544024137932,4.048611111111111,5.5,34.264609448275856,52.28907976974083,57.88459906896551,21613.182771191983,21072.804812027025,12878.313333333334,12556.326666666668,0.4835925014319417,0.4833118718771134,0.9749977610939735,56007.51345238096,895511.1570260989,0.846082707817263,0.824928745822158,-8734.86943785865,-8516.478145360357
2020-05-23 12:00:00,4136001,939.489804,4.75,5.0,34.852522833333325,51.19431799770974,58.91666463333333,21484.689312615952,20947.52000027051,12813.176666666666,12492.816190476193,0.48114655973500065,0.4808672582614998,0.9749975759700646,59130.7175,898634.3610737179,0.8410526252736721,0.8200242709050894,-8671.512645949286,-8454.703809794317
2020-05-23 12:15:00,4136001,924.7430913333334,5.083333333333333,4.5,35.171084566666664,50.642777578768616,58.82255163333333,21199.569827782976,20669.59309412915,12727.671904761904,12409.48761904762,0.477935777342648,0.4776598163951693,0.9750005902025775,62233.08940476191,901736.7329784798,0.8298911656990791,0.8091443763605071,-8471.897923021072,-8260.105475081531
2020-05-23 12:30:00,4136001,912.4897296551724,5.416666666666667,4.0,35.31690075862069,50.02261759432049,59.86130489655172,20976.486305841438,20452.066451709714,13367.746666666666,13033.548095238097,0.5019711729104666,0.5016808414066356,0.9749996330898524,65491.47642857143,904995.1200022894,0.8211582033995474,0.800628947023281,-7608.739639174772,-7418.518356471617
2020-05-23 12:45:00,4136001,898.5497946666666,5.75,3.5,35.353965233333334,49.32178420840976,58.1058104,20720.378635550707,20202.30382816424,13360.10523809524,13026.060476190476,0.5016842302447834,0.50139263170376,0.9749968465104404,68747.99154761905,908251.635121337,0.8111324578410924,0.7908515884973278,-7360.273397455467,-7176.243351973764
2020-05-23 13:00:00,4136001,887.7546427586208,6.083333333333333,3.0,35.96277151724138,49.29041965954165,58.698997724137925,20474.28969297409,19962.67261379856,12262.02,11955.613333333333,0.46045012036321253,0.4601895134595342,0.9750117299868482,71736.89488095239,911240.5384546703,0.8014989114493674,0.7814708402348233,-8212.269692974089,-8007.059280465228
2020-05-23 13:15:00,4136001,863.0840616666667,6.159722222222222,10.5,36.29276526666667,49.14919191049294,57.50219543333333,19917.76682511203,19422.92907156886,13678.993333333334,13339.151904761904,0.5136587712938745,0.5134439910247348,0.9751559621172345,75071.68285714286,914575.3264308608,0.7797129311063625,0.760341713508274,-6238.773491778697,-6083.7771668069545
2020-05-23 13:30:00,4136001,849.3076746666667,6.236111111111111,18.0,36.44097606666667,48.994485410642234,55.83034573333333,19613.268921138937,19128.816207444153,14127.809523809525,13778.849047619047,0.5305122317290818,0.5303685944390006,0.9752997465316632,78516.39511904762,918020.0386927656,0.7677928722309234,0.7488281936756372,-5485.459397329412,-5349.967159825106
2020-05-23 13:45:00,4136001,845.1140272413794,6.3125,25.5,36.76474110344827,49.16053190307248,56.15993317241379,19502.085262562254,19021.5134548931,13787.26,13447.513333333334,0.5177242841292793,0.5176149851596014,0.9753579270524625,81878.27345238095,921381.9170260988,0.7634404095737817,0.7446276553099667,-5714.825262562254,-5574.000121559764
2020-05-23 14:00:00,4136001,815.1929123333333,6.388888888888888,33.0,37.34248639999999,49.208467656671516,58.3555124,18807.624455008336,18363.75166917942,12771.946666666669,12470.52,0.4795983353427248,0.4800090444031917,0.9763993168360656,84995.90345238095,924499.5470260988,0.736254627324656,0.7188785151371861,-6035.677788341667,-5893.2316691794185
2020-05-23 14:15:00,4136001,790.0291168965516,6.305555555555555,44.25,37.49707644827586,49.09298305177728,58.33965862068965,18236.383514032612,17819.723278916914,13294.570476190476,12990.819523809523,0.49922333970578386,0.5000361545178656,0.9771522552815868,88243.60833333334,927747.2519070512,0.7138924844013549,0.697581651161359,-4941.813037842136,-4828.903755107391
2020-05-23 14:30:00,4136001,745.2246323333333,6.222222222222221,55.5,37.63767076666666,48.66823074791789,56.476443666666654,17234.49721339077,16847.73221342455,14374.414761904762,14051.833809523809,0.5397724850611715,0.5408761879233571,0.977558672285159,91756.56678571428,931260.2103594324,0.6746720381049429,0.6595315017977902,-2860.082451486007,-2795.898403900743
2020-05-23 14:45:00,4136001,703.4089543333332,6.138888888888889,66.75,37.5318053,48.032013604722096,54.73202106666666,16313.17126221529,15951.683324631927,15014.742857142855,14682.027142857143,0.5638173935284817,0.5651332758172538,0.9778407317760069,95427.07357142855,934930.7171451466,0.6386052559097785,0.624454230754822,-1298.4284050724345,-1269.6561817747843
2020-05-23 15:00:00,4136001,649.4585644827587,6.055555555555555,78.0,37.63801317241379,47.41607045158812,55.34070865517241,15102.851022546494,14773.571407444691,15510.773333333334,15172.6,0.5824437937843716,0.5840161618851392,0.9781975194875303,99220.22357142858,938723.8671451464,0.5912253287354274,0.5783351500271948,407.92231078684017,399.02859255530893
2020-05-23 15:15:00,4136001,603.796347,5.784722222222222,82.25,37.9939015,47.34529882837728,55.50677996666667,14045.364122219911,13743.431547817221,14523.606666666668,14211.393333333332,0.5453747781992382,0.5470178736388877,0.9785030440097292,102773.0719047619,942276.71547848,0.5498283077792097,0.5380086728446749,478.24254444675717,467.96178551611047
2020-05-23 15:30:00,4136001,554.7324962068965,5.513888888888889,86.5,37.99130351724138,46.83659565160949,53.36105868965516,12932.887331269807,12658.7447332389,13541.646666666667,13254.6,0.5085012777326055,0.5101894612210673,0.9788026763854912,106086.7219047619,945590.36547848,0.5062786193489844,0.4955468676155373,608.7593353968605,595.8552667611002
2020-05-23 15:45:00,4136001,507.7070613333333,5.243055555555555,90.75,37.81119796666668,46.15306794133636,50.44492493333334,11872.008440413334,11624.204475984849,12455.34857142857,12195.368571428571,0.4677097858982494,0.46941805266469605,0.9791270393992529,109135.56404761905,948639.207621337,0.4647488134826124,0.45504812980954584,583.3401310152367,571.1640954437225
2020-05-23 16:00:00,4136001,441.9189286666667,4.972222222222221,95.0,37.853689633333325,45.34257166462746,49.362306666666655,10370.244592055837,10158.54563950776,10972.588095238096,10748.592857142858,0.4120307672918764,0.413729482494404,0.9795859248382387,111822.71226190476,951326.3558356228,0.40595985876123847,0.3976725636918285,602.3435031822592,590.0472176350977
2020-05-23 16:15:00,4136001,392.3041048275861,4.430555555555555,94.25,37.979447931034485,45.072913346956845,48.62139141379311,9216.772911496671,9032.383636610131,9792.950476190475,9597.034285714286,0.36773429055513557,0.3694042635423688,0.9799941610087257,114221.97083333333,953725.6144070514,0.36080535962014765,0.35358714568839816,576.177564693804,564.6506491041546
2020-05-23 16:30:00,4136001,336.58061266666664,3.888888888888889,93.5,38.01695633333334,44.53983642377261,46.89483423333333,7925.94146742749,7771.809222511965,8560.9,8394.42,0.321469662862842,0.3231138334663703,0.9805534464834306,116320.57583333334,955824.2194070512,0.3102736922069873,0.30423993824670054,634.9585325725093,622.6107774880347
2020-05-23 16:45:00,4136001,277.961291,3.3472222222222223,92.75,38.271593066666654,44.07514857350453,45.333284500000005,6558.747192870938,6441.921152694519,7446.186666666667,7313.553333333333,0.2796111527230925,0.28150965210152507,0.9821877506876002,118148.96416666669,957652.6077403846,0.25675267930596746,0.2521793365705429,887.4394737957291,871.6321806388141
2020-05-23 17:00:00,4136001,224.0962596551724,2.8055555555555554,92.0,38.68598265517242,43.757181108559436,44.41159051724138,5295.034097281831,5203.816721335381,6008.685714285714,5905.174285714285,0.2256316708313616,0.22729902729958446,0.9827730333231892,119625.25773809524,959128.9013118132,0.20728260314276106,0.20371175264573813,713.6516170038831,701.3575643789045
2020-05-23 17:15:00,4136001,174.20704633333332,3.458333333333333,91.0,38.21357223333335,41.79402740409346,42.65903836666667,4151.177316930147,4071.418139591109,4623.875714285714,4535.034285714286,0.17363078262695641,0.17456028087212283,0.9807863718531734,120759.0163095238,960262.6598832418,0.16250449469290063,0.15938219375968327,472.69839735556707,463.6161461231768
2020-05-23 17:30:00,4136001,128.51433234482752,4.111111111111112,90.0,37.20869589655173,39.62801691207936,39.7458832413793,3090.80943362732,3028.7400722306397,3336.122380952381,3269.1266666666666,0.12527446145544785,0.12583359533521118,0.9799180885364916,121576.29797619049,961079.9415499084,0.12099469303688862,0.11856488832376745,245.31294732506103,240.38659443602683
2020-05-23 17:45:00,4136001,87.9022486666666,4.763888888888888,89.0,36.82153546666666,38.348013693056636,37.669591033333326,2125.573061791585,2068.707734822966,2248.7604761904763,2188.599523809524,0.08444302259578274,0.08424248275172887,0.9732470607617275,122123.44785714286,961627.0914308608,0.08320896699125406,0.08098288255325761,123.18741439889118,119.89178898655791
2020-05-23 18:00:00,4136001,54.1260664482758,5.416666666666667,88.0,36.05550541379311,36.92780301972825,35.59737096551724,1316.682442510185,1276.8517111892236,1362.1666666666667,1320.96,0.051150610227468446,0.05084573436351011,0.9697491741098739,122453.68785714284,961957.3314308608,0.05154364621296477,0.04998440834563412,45.48422415648179,44.10828881077646
2020-05-23 18:15:00,4136001,23.2463271333333,5.527777777777778,87.25,35.323333666666656,35.69343917746642,33.78148493333333,568.4271967470669,549.3360199830688,600.8461904761905,580.6661904761904,0.022562326657805127,0.02235071377999617,0.9664140335415845,122598.85440476188,962102.4979784798,0.022251994392134152,0.021504639654847085,32.4189937291236,31.330170493121614
2020-05-23 18:30:00,4136001,3.8204958,5.638888888888889,86.5,34.50162689999999,34.56172593728173,32.10442206666666,93.86187526893701,90.66911854686663,57.03285714285714,55.09285714285714,0.0021416362015464394,0.0021206068159615164,0.9659845202013877,122612.62761904762,962116.2711927656,0.003674373664863457,0.0035493880816937413,-36.82901812607987,-35.576261404009486
2020-05-23 18:45:00,4136001,0.1720098631034,5.750000000000001,85.75,34.227281482758606,34.22995534974296,31.297140241379303,4.231766554843946,0.0,0.0,0.0,0.0,0.0,0.0,122612.62761904762,962116.2711927656,0.00016565928967876087,0.0,-4.231766554843946,0.0
2020-05-23 19:00:00,4136001,0.0,5.861111111111112,85.0,33.81844083333333,33.81844083333333,30.73789153333333,0.0,0.0,0.0,0.0,0.0,0.0,0.0,122612.62761904762,962116.2711927656,0.0,0.0,0.0,0.0
2020-05-23 19:15:00,4136001,0.0,5.750000000000001,81.0,33.62455463333333,33.62455463333333,30.704173833333336,0.0,0.0,0.0,0.0,0.0,0.0,0.0,122612.62761904762,962116.2711927656,0.0,0.0,0.0,0.0
2020-05-23 19:30:00,4136001,0.0,5.638888888888889,77.0,33.44275720689656,33.44275720689656,31.280739517241383,0.0,0.0,0.0,0.0,0.0,0.0,0.0,122612.62761904762,962116.2711927656,0.0,0.0,0.0,0.0
2020-05-23 19:45:00,4136001,0.0,5.527777777777778,73.0,33.057945833333335,33.057945833333335,31.0951711,0.0,0.0,0.0,0.0,0.0,0.0,0.0,122612.62761904762,962116.2711927656,0.0,0.0,0.0,0.0
2020-05-23 20:00:00,4136001,0.0,5.416666666666667,69.0,32.32888055172415,32.32888055172415,30.570153655172412,0.0,0.0,0.0,0.0,0.0,0.0,0.0,122612.62761904762,962116.2711927656,0.0,0.0,0.0,0.0
2020-05-23 20:15:00,4136001,0.0,5.340277777777778,68.0,31.585262033333336,31.585262033333336,30.234904000000004,0.0,0.0,0.0,0.0,0.0,0.0,0.0,122612.62761904762,962116.2711927656,0.0,0.0,0.0,0.0
2020-05-23 20:30:00,4136001,0.0,5.263888888888888,67.0,30.911041166666667,30.911041166666667,29.6288493,0.0,0.0,0.0,0.0,0.0,0.0,0.0,122612.62761904762,962116.2711927656,0.0,0.0,0.0,0.0
2020-05-23 20:45:00,4136001,0.0,5.1875,66.0,30.352885379310347,30.352885379310347,29.1147734137931,0.0,0.0,0.0,0.0,0.0,0.0,0.0,122612.62761904762,962116.2711927656,0.0,0.0,0.0,0.0
2020-05-23 21:00:00,4136001,0.0,5.111111111111111,65.0,29.79706316666667,29.79706316666667,28.539672933333332,0.0,0.0,0.0,0.0,0.0,0.0,0.0,122612.62761904762,962116.2711927656,0.0,0.0,0.0,0.0
2020-05-23 21:15:00,4136001,0.0,5.131944444444445,55.0,29.37549027586207,29.37549027586207,28.162750379310346,0.0,0.0,0.0,0.0,0.0,0.0,0.0,122612.62761904762,962116.2711927656,0.0,0.0,0.0,0.0
2020-05-23 21:30:00,4136001,0.0,5.152777777777778,45.0,28.98020023333333,28.98020023333333,27.7605824,0.0,0.0,0.0,0.0,0.0,0.0,0.0,122612.62761904762,962116.2711927656,0.0,0.0,0.0,0.0
2020-05-23 21:45:00,4136001,0.0,5.173611111111111,35.0,28.529278600000005,28.529278600000005,27.30584423333333,0.0,0.0,0.0,0.0,0.0,0.0,0.0,122612.62761904762,962116.2711927656,0.0,0.0,0.0,0.0
2020-05-23 22:00:00,4136001,0.0,5.194444444444444,25.0,28.255185,28.255185,26.978490551724136,0.0,0.0,0.0,0.0,0.0,0.0,0.0,122612.62761904762,962116.2711927656,0.0,0.0,0.0,0.0
2020-05-23 22:15:00,4136001,0.0,5.222222222222222,26.25,27.946787566666668,27.946787566666668,26.5799976,0.0,0.0,0.0,0.0,0.0,0.0,0.0,122612.62761904762,962116.2711927656,0.0,0.0,0.0,0.0
2020-05-23 22:30:00,4136001,0.0,5.249999999999999,27.5,27.5781544137931,27.5781544137931,25.918446448275866,0.0,0.0,0.0,0.0,0.0,0.0,0.0,122612.62761904762,962116.2711927656,0.0,0.0,0.0,0.0
2020-05-23 22:45:00,4136001,0.0,5.277777777777778,28.75,27.3795706,27.3795706,25.46783153333333,0.0,0.0,0.0,0.0,0.0,0.0,0.0,122612.62761904762,962116.2711927656,0.0,0.0,0.0,0.0
2020-05-23 23:00:00,4136001,0.0,5.305555555555556,30.0,27.4245355,27.4245355,25.86614666666667,0.0,0.0,0.0,0.0,0.0,0.0,0.0,122612.62761904762,962116.2711927656,0.0,0.0,0.0,0.0
2020-05-23 23:15:00,4136001,0.0,5.256944444444445,35.25,27.187055793103443,27.187055793103443,25.807518137931037,0.0,0.0,0.0,0.0,0.0,0.0,0.0,122612.62761904762,962116.2711927656,0.0,0.0,0.0,0.0
2020-05-23 23:30:00,4136001,0.0,5.208333333333333,40.5,26.945311366666665,26.945311366666665,25.5226807,0.0,0.0,0.0,0.0,0.0,0.0,0.0,122612.62761904762,962116.2711927656,0.0,0.0,0.0,0.0
2020-05-23 23:45:00,4136001,0.0,5.159722222222222,45.75,26.75863146666667,26.75863146666667,25.31033193333333,0.0,0.0,0.0,0.0,0.0,0.0,0.0,122612.62761904762,962116.2711927656,0.0,0.0,0.0,0.0
2020-05-24 00:00:00,4136001,0.0,5.111111111111111,51.0,26.402938222222225,26.402938222222225,24.86921185185185,0.0,0.0,0.0,0.0,0.0,0.0,0.0,0.0,962116.2711927656,0.0,0.0,0.0,0.0
2020-05-24 00:15:00,4136001,0.0,5.090277777777778,44.0,26.13339755172414,26.13339755172414,24.372671103448276,0.0,0.0,0.0,0.0,0.0,0.0,0.0,0.0,962116.2711927656,0.0,0.0,0.0,0.0
2020-05-24 00:30:00,4136001,0.0,5.069444444444445,37.0,25.986046366666663,25.986046366666663,23.951500466666666,0.0,0.0,0.0,0.0,0.0,0.0,0.0,0.0,962116.2711927656,0.0,0.0,0.0,0.0
2020-05-24 00:45:00,4136001,0.0,5.048611111111112,30.0,25.982040896551723,25.982040896551723,23.87191668965517,0.0,0.0,0.0,0.0,0.0,0.0,0.0,0.0,962116.2711927656,0.0,0.0,0.0,0.0
2020-05-24 01:00:00,4136001,0.0,5.027777777777778,23.0,25.891755433333337,25.891755433333337,23.89785863333333,0.0,0.0,0.0,0.0,0.0,0.0,0.0,0.0,962116.2711927656,0.0,0.0,0.0,0.0
2020-05-24 01:15:00,4136001,0.0,5.097222222222222,29.25,25.795194586206904,25.795194586206904,24.100080862068964,0.0,0.0,0.0,0.0,0.0,0.0,0.0,0.0,962116.2711927656,0.0,0.0,0.0,0.0
2020-05-24 01:30:00,4136001,0.0,5.166666666666667,35.5,25.6424488,25.6424488,24.4022807,0.0,0.0,0.0,0.0,0.0,0.0,0.0,0.0,962116.2711927656,0.0,0.0,0.0,0.0
2020-05-24 01:45:00,4136001,0.0,5.236111111111112,41.75,25.72024116666667,25.72024116666667,25.170368466666677,0.0,0.0,0.0,0.0,0.0,0.0,0.0,0.0,962116.2711927656,0.0,0.0,0.0,0.0
2020-05-24 02:00:00,4136001,0.0,5.305555555555556,48.0,25.841424655172418,25.841424655172418,25.445594482758622,0.0,0.0,0.0,0.0,0.0,0.0,0.0,0.0,962116.2711927656,0.0,0.0,0.0,0.0
2020-05-24 02:15:00,4136001,0.0,5.381944444444445,58.0,25.82490973333333,25.82490973333333,25.21114903333334,0.0,0.0,0.0,0.0,0.0,0.0,0.0,0.0,962116.2711927656,0.0,0.0,0.0,0.0
2020-05-24 02:30:00,4136001,0.0,5.458333333333333,68.0,25.820132517241383,25.820132517241383,25.46969706896552,0.0,0.0,0.0,0.0,0.0,0.0,0.0,0.0,962116.2711927656,0.0,0.0,0.0,0.0
2020-05-24 02:45:00,4136001,0.0,5.534722222222222,78.0,25.820789566666665,25.820789566666665,25.576496966666667,0.0,0.0,0.0,0.0,0.0,0.0,0.0,0.0,962116.2711927656,0.0,0.0,0.0,0.0
2020-05-24 03:00:00,4136001,0.0,5.611111111111111,88.0,25.818536137931037,25.818536137931037,25.57257344827586,0.0,0.0,0.0,0.0,0.0,0.0,0.0,0.0,962116.2711927656,0.0,0.0,0.0,0.0
2020-05-24 03:15:00,4136001,0.0,5.562499999999999,88.25,25.8033478,25.8033478,25.36029543333333,0.0,0.0,0.0,0.0,0.0,0.0,0.0,0.0,962116.2711927656,0.0,0.0,0.0,0.0
2020-05-24 03:30:00,4136001,0.0,5.513888888888889,88.5,25.6260894,25.6260894,24.39922586666666,0.0,0.0,0.0,0.0,0.0,0.0,0.0,0.0,962116.2711927656,0.0,0.0,0.0,0.0
2020-05-24 03:45:00,4136001,0.0,5.465277777777778,88.75,25.460413517241378,25.460413517241378,23.8510911724138,0.0,0.0,0.0,0.0,0.0,0.0,0.0,0.0,962116.2711927656,0.0,0.0,0.0,0.0
2020-05-24 04:00:00,4136001,0.0,5.416666666666667,89.0,25.295731566666667,25.295731566666667,23.51264653333334,0.0,0.0,0.0,0.0,0.0,0.0,0.0,0.0,962116.2711927656,0.0,0.0,0.0,0.0
2020-05-24 04:15:00,4136001,0.0,5.305555555555556,90.0,25.30538189655173,25.30538189655173,23.366563655172417,0.0,0.0,0.0,0.0,0.0,0.0,0.0,0.0,962116.2711927656,0.0,0.0,0.0,0.0
2020-05-24 04:30:00,4136001,0.0,5.194444444444444,91.0,25.317015466666664,25.317015466666664,23.4218121,0.0,0.0,0.0,0.0,0.0,0.0,0.0,0.0,962116.2711927656,0.0,0.0,0.0,0.0
2020-05-24 04:45:00,4136001,0.0,5.083333333333333,92.0,25.217163,25.217163,23.224318466666663,0.0,0.0,0.0,0.0,0.0,0.0,0.0,0.0,962116.2711927656,0.0,0.0,0.0,0.0
2020-05-24 05:00:00,4136001,0.0,4.972222222222221,93.0,25.227784068965512,25.227784068965512,23.253832551724145,0.0,0.0,0.0,0.0,0.0,0.0,0.0,0.0,962116.2711927656,0.0,0.0,0.0,0.0
2020-05-24 05:15:00,4136001,0.0,4.881944444444444,93.25,25.201992766666663,25.201992766666663,23.33053903333333,0.0,0.0,0.0,0.0,0.0,0.0,0.0,0.0,962116.2711927656,0.0,0.0,0.0,0.0
2020-05-24 05:30:00,4136001,0.0,4.791666666666667,93.5,25.03676106896552,25.03676106896552,23.232833448275866,0.0,0.0,0.0,0.0,0.0,0.0,0.0,0.0,962116.2711927656,0.0,0.0,0.0,0.0
2020-05-24 05:45:00,4136001,1.3345879423333,4.701388888888889,93.75,24.86051013333333,24.883859439064572,23.04596746666667,34.10788686567526,0.0,0.0,0.0,0.0,0.0,0.0,0.0,962116.2711927656,0.0013352079415022613,0.0,-34.10788686567526,0.0
2020-05-24 06:00:00,4136001,12.17407527,4.611111111111112,94.0,25.047056000000005,25.262373921294664,23.39000346666667,310.66037351696787,299.7385685696917,252.2580952380952,243.3895238095238,0.009472523313041053,0.009368428320676074,0.964843263324411,60.84738095238095,962177.118573718,0.012161298630533094,0.01173374705694624,-58.40227827887267,-56.349044760167914
2020-05-24 06:15:00,4136001,35.0899675172413,4.555555555555556,94.0,25.28124058620689,25.906061945132127,24.041390206896548,893.1245415739927,863.9605032996299,832.7733333333333,805.58,0.03127140402385635,0.031007984108948398,0.9673460565500017,262.2423809523809,962378.513573718,0.03496279278034812,0.03382111972204462,-60.35120824065939,-58.38050329962982
2020-05-24 06:30:00,4136001,65.33801489999989,4.500000000000001,94.0,25.47712886666667,26.648480872762043,24.976963266666665,1658.0539393779457,1610.160802207172,1659.775238095238,1611.8323809523808,0.0623260856006459,0.06204184917060985,0.971114849744429,665.2004761904763,962781.471668956,0.06490718102869233,0.063032327352013,1.7212987172922567,1.6715787452087625
2020-05-24 06:45:00,4136001,97.212624275862,4.444444444444445,94.0,25.85121734482759,27.605957855222208,26.208415034482755,2457.4110231769982,2397.645752767551,2584.9333333333334,2522.0666666666666,0.0970666223398929,0.09707813391805711,0.9756795790993965,1295.7171428571428,963411.9883356228,0.0961992962684282,0.09385968889283818,127.52231015633515,124.42091389911548
2020-05-24 07:00:00,4136001,154.0659488,4.388888888888889,94.0,26.308291633333333,29.10847245485278,27.890579166666665,3870.9372043674553,3794.0164526275785,3495.963809523809,3426.494285714286,0.13127665399996677,0.13189091134441155,0.9801286490379929,2152.340714285714,964268.6119070512,0.15153404597249776,0.14852285976228533,-374.9733948436465,-367.5221669132925
2020-05-24 07:15:00,4136001,209.9217168965517,4.097222222222222,94.0,26.727254896551724,30.68617459285633,29.838664206896556,5240.482944469646,5139.512612616771,4573.21380952381,4485.1,0.1717283815425145,0.1726382352181589,0.9807326284766501,3273.6157142857146,965389.8869070512,0.20514711076412787,0.2011944651640936,-667.2691349458364,-654.4126126167703
2020-05-24 07:30:00,4136001,277.260079,3.8055555555555554,94.0,27.275140500000003,32.708416592494615,32.053650966666666,6864.225923813392,6745.8854945686335,5993.366666666667,5890.04,0.22505642651435345,0.22671648591210108,0.9827598289219748,4746.125714285715,966862.3969070512,0.26871113422640014,0.2640785083017668,-870.8592571467252,-855.8454945686335
2020-05-24 07:45:00,4136001,345.086497,3.513888888888889,94.0,27.691247533333332,34.7288022799429,33.9516184,8472.187869294525,8319.716755808022,7596.593333333333,7459.88,0.2852590612871053,0.2871419852710618,0.9820033365833282,6611.095714285714,968727.3669070512,0.33165738380483556,0.325688657498846,-875.5945359611915,-859.8367558080217
2020-05-24 08:00:00,4136001,404.5691006896551,3.222222222222222,94.0,28.09962306896552,36.70015667206193,36.22155120689655,9851.046413182043,9658.236273339444,9199.762857142858,9019.7,0.34545955029305453,0.3471817997808807,0.9804274458006216,8866.020714285714,970982.2919070512,0.3856350132386785,0.3780871510408864,-651.283556039185,-638.5362733394431
2020-05-24 08:15:00,4136001,455.819775,2.826388888888889,93.75,28.69885456666667,38.98069689452998,38.32156473333334,10992.755902808292,10771.686947413173,10670.965714285714,10456.368095238096,0.4007045696822033,0.40248131251329217,0.979889578432407,11480.112738095238,973596.3839308608,0.43032906254876857,0.42167496368812574,-321.7901885225783,-315.31885217507624
2020-05-24 08:30:00,4136001,504.4863772413792,2.4305555555555554,93.5,29.10136686206897,41.22115970870871,40.631425517241375,12050.929385091506,11803.66360569911,12011.170952380951,11764.720952380952,0.4510305080832465,0.4528417790134323,0.9794816008383308,14421.292976190476,976537.564168956,0.4717529608569781,0.46207334530041533,-39.75843271055419,-38.94265331815768
2020-05-24 08:45:00,4136001,556.928267,2.0347222222222223,93.25,29.76086726666667,44.071351419040276,43.5098734,13141.440514164155,12867.036996581992,13275.366666666669,12998.166666666666,0.49850221900897623,0.5003189570811871,0.979119220812482,17670.834642857142,979787.1058356228,0.5144427682193836,0.5037008023715792,133.92615250251401,131.12967008467422
2020-05-24 09:00:00,4136001,613.7585389655172,1.6388888888888888,93.0,30.223874862068968,47.17384832148673,45.577474655172416,14287.854535497367,13984.28853664689,14532.946666666669,14224.173333333332,0.54572550378313,0.5475097950333021,0.9787535631681942,21226.87797619048,983343.149168956,0.5593209839693626,0.547437406014754,245.09213116930187,239.8847966864414
2020-05-24 09:15:00,4136001,671.353908,1.4305555555555556,93.25,30.7511668,50.05126477326434,48.79332576666667,15431.24531264982,15097.68521682184,15767.413333333334,15426.586666666668,0.5920808616483952,0.5937924901503454,0.9783841103507995,25083.524642857144,987199.7958356228,0.604080849976505,0.5910231049842176,336.16802068351353,328.9014498448287
2020-05-24 09:30:00,4136001,720.4940260000001,1.2222222222222223,93.5,31.119518999999997,52.717061745803356,50.53276903333334,16364.487602812207,16005.6451489858,14688.032857142856,14365.951904761903,0.551549132766889,0.5529670651862931,0.9780718796374204,28675.01261904762,990791.2838118132,0.6406141163755024,0.6265666529256527,-1676.4547456693508,-1639.6932442238958
2020-05-24 09:45:00,4136001,774.2790772413792,1.0138888888888888,93.75,31.453297551724138,55.69876732599623,51.94088962068965,17350.200383511004,16963.18343253656,14305.61380952381,13986.51,0.537188946068011,0.5383617763842794,0.9776938051192624,32171.64011904762,994287.9113118132,0.6792014242908986,0.6640510249573912,-3044.586573987195,-2976.6734325365596
2020-05-24 10:00:00,4136001,810.6055340000001,0.8055555555555555,94.0,32.016924233333334,58.58544386624058,54.5020254,17925.1141883295,17520.950783922817,13620.240000000002,13313.14,0.5114525296301785,0.5124427537428998,0.977452673374331,35499.92511904762,997616.1963118132,0.7017073473607163,0.6858857226041424,-4304.874188329497,-4207.810783922818
2020-05-24 10:15:00,4136001,844.4396041379309,1.3611111111111112,94.0,32.350063862068964,56.96211877719374,54.18066510344827,18813.363422878927,18382.59112529855,13316.653333333334,13011.740000000002,0.5000525712866647,0.5008414150671171,0.9771028556724464,38752.86011904762,1000869.1313118133,0.7364792884274389,0.7196160158660618,-5496.710089545593,-5370.851125298548
2020-05-24 10:30:00,4136001,875.9719593333332,1.9166666666666667,94.0,32.85800903333334,55.84336613995452,55.97336833333334,19616.012240128148,19149.060912311557,11444.566666666666,11172.133333333337,0.4297539964191443,0.4300321915428049,0.9761953998549534,41545.89345238095,1003662.1646451466,0.7679002638531277,0.7496207051208282,-8171.445573461482,-7976.9275789782205
2020-05-24 10:45:00,4136001,897.621417,2.4722222222222223,94.0,33.199514866666654,54.617348724934374,56.135431966666665,20213.26678120316,19714.117817073922,11811.56142857143,11519.885238095238,0.4435349870138193,0.44341768464927916,0.9753058736357545,44425.86476190476,1006542.1359546704,0.791280750878965,0.7717407640271647,-8401.705352631732,-8194.232578978685
2020-05-24 11:00:00,4136001,915.0036986206896,3.0277777777777777,94.0,33.41826031034483,53.435842866037014,55.3901491724138,20715.158136640566,20197.26552732864,12767.568095238095,12448.370476190476,0.47943391596147233,0.47915647596516375,0.9749993407776169,47537.95738095239,1009654.228573718,0.8109280930374072,0.790654356129522,-7947.590041402471,-7748.8950511381645
2020-05-24 11:15:00,4136001,924.7903596666664,3.4791666666666665,91.0,33.41838490000001,52.36997790510614,55.189324933333324,21037.44151466198,20512.45997001403,10237.78,9982.3,0.3844380479930786,0.38423371951979385,0.9750453711644516,50033.53238095238,1012149.803573718,0.8235443928229391,0.8029931481704455,-10799.661514661979,-10530.159970014032
2020-05-24 11:30:00,4136001,928.4057110344828,3.9305555555555554,88.0,33.95821510344827,51.85174331072364,58.21003693103448,21168.846804471905,20640.94418482426,9841.49142857143,9596.067142857142,0.36955704792841954,0.3693670367612355,0.9750622873072082,52432.54916666667,1014548.8203594324,0.8286884636708516,0.8080228688519969,-11327.355375900475,-11044.877041967118
2020-05-24 11:45:00,4136001,926.2770653333332,4.381944444444445,85.0,34.242837333333334,51.09266343426259,57.99468810000002,21192.155564824578,20663.210445018805,9953.2,9704.773333333334,0.3737518074509034,0.3735513012996179,0.975040522980884,54858.7425,1016975.0136927656,0.8296009224828568,0.8088945173231085,-11238.955564824577,-10958.43711168547
2020-05-24 12:00:00,4136001,912.8928013333332,4.833333333333333,82.0,34.49443766666667,50.21770327695488,56.83340373333333,20967.554720953616,20443.713832648067,9972.22,9723.08,0.3744660259311626,0.3742559523945902,0.975016596103977,57289.5125,1019405.7836927656,0.8208085621825647,0.8003019703522437,-10995.334720953617,-10720.633832648067
2020-05-24 12:15:00,4136001,906.127996551724,5.180555555555555,76.75,34.92356531034483,49.91699621216867,57.05526503448276,20840.020872601814,20324.782023390402,10834.233333333334,10566.372857142856,0.4068354188279307,0.406715561016298,0.9752764715370899,59931.10571428572,1022047.3769070512,0.8158160451204468,0.7956461939084126,-10005.78753926848,-9758.409166247546
2020-05-24 12:30:00,4136001,897.2975103333333,5.527777777777778,71.5,35.02100123333334,49.3069033242955,56.94017953333333,20692.86557582043,20181.698604003726,10942.450952380952,10672.144285714288,0.41089908988016316,0.41078686216121685,0.9752974294476643,62599.14178571429,1024715.41297848,0.8100554149861198,0.7900449639461236,-9750.414623439478,-9509.554318289438
2020-05-24 12:45:00,4136001,891.6655068965517,5.874999999999999,66.25,35.59846348275862,49.277461824348734,59.70246931034482,20565.666565133237,20056.912266446172,10821.66,10553.953333333337,0.4063632786057894,0.4062375148918581,0.9752619591941843,65237.63011904762,1027353.9013118132,0.8050760056814734,0.785160002601142,-9744.006565133237,-9502.958933112835
2020-05-24 13:00:00,4136001,882.2624380000002,6.222222222222221,61.0,35.69947006666667,48.758416751095325,57.66288356666667,20395.582784190727,19893.369570359162,11060.38,10788.033333333333,0.41532743400050465,0.4152476056590352,0.9753763734458792,67934.63845238095,1030050.9096451465,0.7984178032566345,0.7787578614350816,-9335.202784190727,-9105.33623702583
2020-05-24 13:15:00,4136001,868.2732336666668,6.145833333333333,60.25,35.65648383333333,48.608536545124,56.96130673333333,20085.486637595135,19592.937953408084,11624.798571428571,11339.728095238095,0.43652187008440585,0.43648316564082834,0.9754773835917362,70769.57047619048,1032885.841668956,0.7862785921939768,0.7669969838875742,-8460.688066166564,-8253.209858169988
2020-05-24 13:30:00,4136001,851.252400689655,6.069444444444445,59.5,36.1507882413793,48.948689477035245,58.84478144827585,19662.162327432186,19190.78047633939,11846.63380952381,11562.621904761903,0.4448519871517206,0.4450626831359216,0.9760259404208491,73660.22595238095,1035776.4971451464,0.7697068830468657,0.7512538843742177,-7815.528517908377,-7628.158571577487
2020-05-24 13:45:00,4136001,825.7116973333331,5.993055555555555,58.75,36.4210002,48.933205334421835,56.72288319999999,19073.531546282225,18632.817634811337,12139.844285714284,11859.340476190477,0.4558623100066546,0.45648382659490405,0.9768939532565593,76625.06107142857,1038741.332264194,0.7466639869360825,0.7294115339522935,-6933.687260567942,-6773.477158620861
2020-05-24 14:00:00,4136001,801.1764662068966,5.916666666666667,58.0,36.75481344827588,48.992120095700606,57.15047062068965,18501.9568397974,18083.14955121544,12454.586666666666,12172.666666666666,0.4676811756742142,0.46854422225418435,0.9773641624932823,79668.22773809524,1041784.4989308608,0.724288778226557,0.7078938951346816,-6047.370173130734,-5910.482884548774
2020-05-24 14:15:00,4136001,770.3641123333332,5.9375,53.5,37.07135226666667,48.812470381863214,57.42612313333333,17804.533474450367,17405.977714191806,12737.953333333331,12452.813333333334,0.4783218544346132,0.47932748820936555,0.9776149281962097,82781.43107142857,1044897.702264194,0.6969870219005819,0.6813849173690274,-5066.580141117036,-4953.164380858472
2020-05-24 14:30:00,4136001,729.8151716666666,5.958333333333334,49.0,37.2610419,48.36004838873343,56.47695933333333,16901.111019088064,16526.283438174534,13827.324285714289,13520.666190476191,0.5192287348787814,0.520430748500064,0.9778223111788213,86161.59761904762,1048277.8688118132,0.6616211007668061,0.6469478738764742,-3073.786733373776,-3005.617247698343
2020-05-24 14:45:00,4136001,686.9518420689656,5.979166666666666,44.5,37.33837655172415,47.76292743861615,55.58946293103448,15950.39257600982,15600.208802629435,14126.843809523809,13816.695238095235,0.5304759682701171,0.5318253511520147,0.9780454448558791,89615.77142857143,1051732.0426213369,0.6244037023296073,0.6106951968146187,-1823.5487664860102,-1783.5135645341998
2020-05-24 15:00:00,4136001,640.5311346666665,6.0,40.0,37.3177489,47.01688782590349,52.49230353333333,14921.374166297248,14597.163790685281,16127.50761904762,15777.090476190477,0.6056027330202611,0.6072839082042197,0.9782720832546203,93560.04404761906,1055676.3152403843,0.5841211261028478,0.5714293909056677,1206.1334527503714,1179.9266855051956
2020-05-24 15:15:00,4136001,590.6654517241377,5.236111111111112,43.25,37.8558788275862,47.56837495065021,53.01968789655172,13726.452842343453,13432.788068392361,15019.2,14697.878095238097,0.5639847633390878,0.5657434027811062,0.9786059240996922,97234.51357142856,1059350.7847641942,0.5373440141845157,0.5258480355604761,1292.7471576565476,1265.0900268457353
2020-05-24 15:30:00,4136001,540.8719786666665,4.472222222222222,46.5,37.629669266666674,47.35933249146729,52.48177703333332,12580.857145041626,12315.82669627579,13904.126666666669,13611.22,0.5221127348684818,0.5239163006323401,0.9789338321141108,100637.31857142858,1062753.589764194,0.4924978330413633,0.4821227910070773,1323.2695216250431,1295.3933037242095
2020-05-24 15:45:00,4136001,488.5721723333333,3.708333333333333,49.75,37.87520046666667,47.575829322684406,51.82158226666667,11353.538714909735,11118.503117930884,12651.28619047619,12389.385238095238,0.475067423569217,0.4768860455603378,0.979298472231376,103734.66488095238,1065850.936073718,0.44445248443569135,0.43525163898731195,1297.7474755664553,1270.8821201643532
2020-05-24 16:00:00,4136001,438.4419389655172,2.944444444444444,53.0,37.89913620689654,47.61207238247291,49.538368068965525,10186.97854866064,9979.603950005781,11414.186666666666,11181.83,0.42861319949851995,0.43040543080632887,0.9796431692023027,106530.12238095238,1068646.393573718,0.39878561552791697,0.3906676042280596,1227.2081180060268,1202.2260499942186
2020-05-24 16:15:00,4136001,385.321908,3.0763888888888884,50.75,38.77518216666667,47.144013311804315,49.99135630000001,8971.189783708838,8792.463891088491,10114.771904761905,9913.263333333332,0.37981898096676237,0.3815763945329089,0.9800777938122653,109008.4382142857,1071124.709407051,0.35119161415967265,0.3441951024109803,1143.5821210530667,1120.799442244841
2020-05-24 16:30:00,4136001,331.4760710344827,3.2083333333333335,48.5,38.987169,46.048114170614184,47.90914286206896,7754.651873090065,7604.7021038928815,8793.273333333334,8623.24,0.3301954950913439,0.33192145893349906,0.9806632494080701,111164.24821428572,1073280.5194070514,0.30356828628264104,0.29769826204317407,1038.6214602432692,1018.5378961071183
2020-05-24 16:45:00,4136001,273.803273,3.3402777777777777,46.25,38.97873133333332,44.7011467782364,45.854651066666655,6443.121321947527,6329.6521920909645,7271.121428571429,7143.070476190476,0.27303729213956984,0.27494751088012703,0.9823891054992172,112950.01583333334,1075066.287026099,0.2522263191210619,0.24778438802470013,828.000106623902,813.4182840995118
2020-05-24 17:00:00,4136001,220.9424236666666,3.4722222222222223,44.0,38.56486116666667,43.09701344700854,43.506722933333336,5235.417903687566,5144.83008511876,5576.665238095238,5480.172857142857,0.20940890490362074,0.21094008399982128,0.9826971179311205,114320.05904761906,1076436.330240385,0.20494883161822533,0.20140262615458052,341.2473344076725,335.34277202409703
2020-05-24 17:15:00,4136001,170.9687255172413,3.298611111111111,52.75,38.470518758620685,42.06513059603969,41.95445324137931,4069.275354548147,3990.5893927045604,4233.003333333333,4151.151428571428,0.15895316549240768,0.1597840531430538,0.9806633970454615,115357.84690476191,1077474.1180975274,0.15929831100208053,0.1562180228109047,163.72797878518622,160.56203586686797
2020-05-24 17:30:00,4136001,124.8783890666666,3.125,61.5,39.18163776666668,41.874433218239005,40.44253733333333,2974.6994355973043,2914.59908651351,3085.905714285714,3023.558571428571,0.11587859566143117,0.1163813105282304,0.9797961607937286,116113.73654761905,1078230.007740385,0.11644938091983967,0.11409665635206537,111.20627868840984,108.95948491506124
2020-05-24 17:45:00,4136001,85.3814388965517,2.951388888888889,70.25,37.96452296551725,39.8540153892307,38.272174689655166,2051.478335168043,1996.4007589436856,2097.5066666666667,2041.1933333333327,0.07876330303892078,0.07856859708941556,0.9731522506086588,116624.0348809524,1078740.306073718,0.08030841006725555,0.07815230999975281,46.02833149862363,44.79257438964714
2020-05-24 18:00:00,4136001,51.4484753666666,2.7777777777777777,79.0,37.2827514,38.45203493106061,36.2624694,1243.533885483912,1205.7059642783515,1264.0933333333332,1225.64,0.04746786642687484,0.04717672440141452,0.9695803052517221,116930.44488095236,1079046.716073718,0.048680128615537756,0.04719929396274619,20.559447849421304,19.93403572164857
2020-05-24 18:15:00,4136001,26.5587502,2.1944444444444446,76.75,35.638953733333324,36.30275653763225,34.168562566666665,647.7701572629103,626.0921588121244,674.7090476190476,652.1295238095238,0.025335944826899562,0.025101444811516917,0.9665344285967354,117093.47726190476,1079209.7484546704,0.025358001850182433,0.024509381828621037,26.938890356137335,26.037364997399436
2020-05-24 18:30:00,4136001,9.4392373896551,1.611111111111111,74.5,34.93608875862069,35.198144210859866,32.78154768965517,231.28919600968945,223.22426910929832,244.0395238095238,235.53,0.009163908402651138,0.009065903444947261,0.9651305506719247,117152.35976190477,1079268.6309546705,0.009054186573094127,0.00873847207317668,12.750327799834366,12.305730890701682
2020-05-24 18:45:00,4136001,0.6638190729999001,1.027777777777778,72.25,34.5740123,34.594737216422104,32.09254563333334,16.306456473663143,0.0,0.0,0.0,0.0,0.0,0.0,117152.35976190477,1079268.6309546705,0.0006383423947411682,0.0,-16.306456473663143,0.0
2020-05-24 19:00:00,4136001,0.0,0.4444444444444445,70.0,34.27799579310344,34.27799579310344,31.822861206896548,0.0,0.0,0.0,0.0,0.0,0.0,0.0,117152.35976190477,1079268.6309546705,0.0,0.0,0.0,0.0
2020-05-24 19:15:00,4136001,0.0,1.0138888888888888,71.5,33.65466803333334,33.65466803333334,31.721485366666663,0.0,0.0,0.0,0.0,0.0,0.0,0.0,117152.35976190477,1079268.6309546705,0.0,0.0,0.0,0.0
2020-05-24 19:30:00,4136001,0.0,1.5833333333333335,73.0,32.58645563333333,32.58645563333333,31.16104836666667,0.0,0.0,0.0,0.0,0.0,0.0,0.0,117152.35976190477,1079268.6309546705,0.0,0.0,0.0,0.0
2020-05-24 19:45:00,4136001,0.0,2.152777777777778,74.5,32.134470724137934,32.134470724137934,30.82447768965517,0.0,0.0,0.0,0.0,0.0,0.0,0.0,117152.35976190477,1079268.6309546705,0.0,0.0,0.0,0.0
2020-05-24 20:00:00,4136001,0.0,2.7222222222222223,76.0,31.5436025,31.5436025,30.237124566666665,0.0,0.0,0.0,0.0,0.0,0.0,0.0,117152.35976190477,1079268.6309546705,0.0,0.0,0.0,0.0
2020-05-24 20:15:00,4136001,0.0,3.083333333333333,76.5,31.09390031034483,31.09390031034483,29.804957827586204,0.0,0.0,0.0,0.0,0.0,0.0,0.0,117152.35976190477,1079268.6309546705,0.0,0.0,0.0,0.0
2020-05-24 20:30:00,4136001,0.0,3.4444444444444446,77.0,30.6486756,30.6486756,29.33413483333333,0.0,0.0,0.0,0.0,0.0,0.0,0.0,117152.35976190477,1079268.6309546705,0.0,0.0,0.0,0.0
2020-05-24 20:45:00,4136001,0.0,3.8055555555555554,77.5,30.32377653333333,30.32377653333333,29.057456500000004,0.0,0.0,0.0,0.0,0.0,0.0,0.0,117152.35976190477,1079268.6309546705,0.0,0.0,0.0,0.0
2020-05-24 21:00:00,4136001,0.0,4.166666666666667,78.0,29.870062379310344,29.870062379310344,28.62210596551724,0.0,0.0,0.0,0.0,0.0,0.0,0.0,117152.35976190477,1079268.6309546705,0.0,0.0,0.0,0.0
2020-05-24 21:15:00,4136001,0.0,4.423611111111112,76.25,29.49351593333333,29.49351593333333,28.2586864,0.0,0.0,0.0,0.0,0.0,0.0,0.0,117152.35976190477,1079268.6309546705,0.0,0.0,0.0,0.0
2020-05-24 21:30:00,4136001,0.0,4.680555555555556,74.5,29.129352766666663,29.129352766666663,27.972218800000004,0.0,0.0,0.0,0.0,0.0,0.0,0.0,117152.35976190477,1079268.6309546705,0.0,0.0,0.0,0.0
2020-05-24 21:45:00,4136001,0.0,4.937499999999999,72.75,28.813397620689656,28.813397620689656,27.683126379310345,0.0,0.0,0.0,0.0,0.0,0.0,0.0,117152.35976190477,1079268.6309546705,0.0,0.0,0.0,0.0
2020-05-24 22:00:00,4136001,0.0,5.194444444444444,71.0,28.480264433333332,28.480264433333332,27.3468169,0.0,0.0,0.0,0.0,0.0,0.0,0.0,117152.35976190477,1079268.6309546705,0.0,0.0,0.0,0.0
2020-05-24 22:15:00,4136001,0.0,5.298611111111111,58.5,28.15289306896552,28.15289306896552,27.024714,0.0,0.0,0.0,0.0,0.0,0.0,0.0,117152.35976190477,1079268.6309546705,0.0,0.0,0.0,0.0
2020-05-24 22:30:00,4136001,0.0,5.402777777777778,46.0,27.8130096,27.8130096,26.48564356666667,0.0,0.0,0.0,0.0,0.0,0.0,0.0,117152.35976190477,1079268.6309546705,0.0,0.0,0.0,0.0
2020-05-24 22:45:00,4136001,0.0,5.506944444444444,33.5,27.5779439,27.5779439,26.06936233333333,0.0,0.0,0.0,0.0,0.0,0.0,0.0,117152.35976190477,1079268.6309546705,0.0,0.0,0.0,0.0
2020-05-24 23:00:00,4136001,0.0,5.611111111111111,21.0,27.270795068965523,27.270795068965523,25.918397,0.0,0.0,0.0,0.0,0.0,0.0,0.0,117152.35976190477,1079268.6309546705,0.0,0.0,0.0,0.0
2020-05-24 23:15:00,4136001,0.0,5.576388888888888,20.0,27.093005166666664,27.093005166666664,25.6847971,0.0,0.0,0.0,0.0,0.0,0.0,0.0,117152.35976190477,1079268.6309546705,0.0,0.0,0.0,0.0
2020-05-24 23:30:00,4136001,0.0,5.541666666666666,19.0,26.94672872413793,26.94672872413793,25.54129548275862,0.0,0.0,0.0,0.0,0.0,0.0,0.0,117152.35976190477,1079268.6309546705,0.0,0.0,0.0,0.0
2020-05-24 23:45:00,4136001,0.0,5.506944444444444,18.0,26.781771833333337,26.781771833333337,25.295773199999992,0.0,0.0,0.0,0.0,0.0,0.0,0.0,117152.35976190477,1079268.6309546705,0.0,0.0,0.0,0.0
2020-05-25 00:00:00,4136001,0.0,5.472222222222222,17.0,26.598948266666667,26.598948266666667,25.094320600000003,0.0,0.0,0.0,0.0,0.0,0.0,0.0,0.0,1079268.6309546705,0.0,0.0,0.0,0.0
2020-05-25 00:15:00,4136001,0.0,5.486111111111111,18.0,26.496553517241377,26.496553517241377,25.05504517241379,0.0,0.0,0.0,0.0,0.0,0.0,0.0,0.0,1079268.6309546705,0.0,0.0,0.0,0.0
2020-05-25 00:30:00,4136001,0.0,5.5,19.0,26.37586873333333,26.37586873333333,24.945605333333333,0.0,0.0,0.0,0.0,0.0,0.0,0.0,0.0,1079268.6309546705,0.0,0.0,0.0,0.0
2020-05-25 00:45:00,4136001,0.0,5.513888888888889,20.0,26.233414866666667,26.233414866666667,24.790601666666664,0.0,0.0,0.0,0.0,0.0,0.0,0.0,0.0,1079268.6309546705,0.0,0.0,0.0,0.0
2020-05-25 01:00:00,4136001,0.0,5.527777777777778,21.0,26.08462213793104,26.08462213793104,24.53372089655172,0.0,0.0,0.0,0.0,0.0,0.0,0.0,0.0,1079268.6309546705,0.0,0.0,0.0,0.0
2020-05-25 01:15:00,4136001,0.0,5.611111111111111,30.75,25.9386293,25.9386293,24.3438151,0.0,0.0,0.0,0.0,0.0,0.0,0.0,0.0,1079268.6309546705,0.0,0.0,0.0,0.0
2020-05-25 01:30:00,4136001,0.0,5.694444444444445,40.5,25.74798262068965,25.74798262068965,24.061103586206897,0.0,0.0,0.0,0.0,0.0,0.0,0.0,0.0,1079268.6309546705,0.0,0.0,0.0,0.0
2020-05-25 01:45:00,4136001,0.0,5.777777777777778,50.25,25.6685404,25.6685404,23.945862000000005,0.0,0.0,0.0,0.0,0.0,0.0,0.0,0.0,1079268.6309546705,0.0,0.0,0.0,0.0
2020-05-25 02:00:00,4136001,0.0,5.861111111111112,60.0,25.6219767,25.6219767,24.035473733333333,0.0,0.0,0.0,0.0,0.0,0.0,0.0,0.0,1079268.6309546705,0.0,0.0,0.0,0.0
2020-05-25 02:15:00,4136001,0.0,5.708333333333333,65.75,25.496240931034485,25.496240931034485,23.91696686206896,0.0,0.0,0.0,0.0,0.0,0.0,0.0,0.0,1079268.6309546705,0.0,0.0,0.0,0.0
2020-05-25 02:30:00,4136001,0.0,5.555555555555555,71.5,25.4765594,25.4765594,23.853684533333336,0.0,0.0,0.0,0.0,0.0,0.0,0.0,0.0,1079268.6309546705,0.0,0.0,0.0,0.0
2020-05-25 02:45:00,4136001,0.0,5.402777777777778,77.25,25.58928316666666,25.58928316666666,24.110228533333338,0.0,0.0,0.0,0.0,0.0,0.0,0.0,0.0,1079268.6309546705,0.0,0.0,0.0,0.0
2020-05-25 03:00:00,4136001,0.0,5.249999999999999,83.0,25.491499137931037,25.491499137931037,24.09814568965517,0.0,0.0,0.0,0.0,0.0,0.0,0.0,0.0,1079268.6309546705,0.0,0.0,0.0,0.0
2020-05-25 03:15:00,4136001,0.0,5.013888888888889,86.0,25.484710600000003,25.484710600000003,24.117967733333337,0.0,0.0,0.0,0.0,0.0,0.0,0.0,0.0,1079268.6309546705,0.0,0.0,0.0,0.0
2020-05-25 03:30:00,4136001,0.0,4.777777777777778,89.0,25.51680758620689,25.51680758620689,24.24836575862069,0.0,0.0,0.0,0.0,0.0,0.0,0.0,0.0,1079268.6309546705,0.0,0.0,0.0,0.0
2020-05-25 03:45:00,4136001,0.0,4.541666666666667,92.0,25.50256333333333,25.50256333333333,24.087815366666668,0.0,0.0,0.0,0.0,0.0,0.0,0.0,0.0,1079268.6309546705,0.0,0.0,0.0,0.0
2020-05-25 04:00:00,4136001,0.0,4.305555555555555,95.0,25.385007633333338,25.385007633333338,23.88479713333333,0.0,0.0,0.0,0.0,0.0,0.0,0.0,0.0,1079268.6309546705,0.0,0.0,0.0,0.0
2020-05-25 04:15:00,4136001,0.0,4.006944444444445,93.75,25.25344955172413,25.25344955172413,23.613887517241377,0.0,0.0,0.0,0.0,0.0,0.0,0.0,0.0,1079268.6309546705,0.0,0.0,0.0,0.0
2020-05-25 04:30:00,4136001,0.0,3.708333333333333,92.5,25.22475063333333,25.22475063333333,23.563341266666665,0.0,0.0,0.0,0.0,0.0,0.0,0.0,0.0,1079268.6309546705,0.0,0.0,0.0,0.0
2020-05-25 04:45:00,4136001,0.0,3.4097222222222223,91.25,25.20791424137931,25.20791424137931,23.592037965517243,0.0,0.0,0.0,0.0,0.0,0.0,0.0,0.0,1079268.6309546705,0.0,0.0,0.0,0.0
2020-05-25 05:00:00,4136001,0.0,3.1111111111111107,90.0,25.1196219,25.1196219,23.583761666666664,0.0,0.0,0.0,0.0,0.0,0.0,0.0,0.0,1079268.6309546705,0.0,0.0,0.0,0.0
2020-05-25 05:15:00,4136001,0.0,3.138888888888889,91.0,25.25614423333333,25.25614423333333,24.012706633333337,0.0,0.0,0.0,0.0,0.0,0.0,0.0,0.0,1079268.6309546705,0.0,0.0,0.0,0.0
2020-05-25 05:30:00,4136001,0.0,3.1666666666666665,92.0,25.23564296551724,25.23564296551724,24.11748327586207,0.0,0.0,0.0,0.0,0.0,0.0,0.0,0.0,1079268.6309546705,0.0,0.0,0.0,0.0
2020-05-25 05:45:00,4136001,1.8656662596666,3.194444444444444,93.0,25.09642653333333,25.13624865200284,23.864661666666677,47.63247100784835,0.0,0.0,0.0,0.0,0.0,0.0,0.0,1079268.6309546705,0.001864649481614733,0.0,-47.63247100784835,0.0
2020-05-25 06:00:00,4136001,13.5406322366666,3.222222222222222,94.0,25.07477113333333,25.362624709793078,23.767200733333333,345.3937295362439,333.4498587083923,291.28761904761905,281.214761904762,0.01093811780202526,0.010824378545078783,0.9654195493245101,70.30369047619048,1079338.9346451466,0.013520991565325656,0.013053429583417197,-54.106110488624836,-52.23509680363031
2020-05-25 06:15:00,4136001,40.9569667586206,3.1527777777777777,94.25,25.33059148275862,26.21015696667617,24.42353882758621,1041.1812296814044,1007.9847070515272,946.8542857142857,916.665238095238,0.03555524863142993,0.03528382176330413,0.9681164799330515,299.47,1079568.1009546702,0.04075870932399312,0.03945917819735867,-94.32694396711872,-91.31946895628914
2020-05-25 06:30:00,4136001,82.7299857,3.083333333333333,94.5,25.7025726,27.49753865988284,25.900403833333336,2092.2249164287637,2034.8737814452647,2020.8719047619047,1965.4766666666667,0.0758855972985082,0.07565414886976944,0.9725884466181618,790.8391666666666,1080059.470121337,0.08190350034953078,0.07965839817754021,-71.35301166685895,-69.39711477859805
2020-05-25 06:45:00,4136001,107.661149,3.013888888888889,94.75,26.17526551724137,28.53547924079722,27.515106241379307,2711.310893881033,2650.5890817453896,2623.713333333333,2564.9533333333334,0.09852284698050555,0.09872890612998612,0.9776042606280667,1432.0775,1080700.7084546704,0.10613861397068049,0.10376156123489488,-87.59756054769969,-85.63574841205627
2020-05-25 07:00:00,4136001,157.2406776666666,2.944444444444444,95.0,26.657475766666664,30.14087580358883,28.97328396666667,3934.11541802591,3856.2205062902995,3539.42,3469.34,0.13290847389059565,0.13354010723769089,0.9802001457865979,2299.4125,1081568.0434546703,0.15400725848604072,0.15095793722021136,-394.69541802590993,-386.8805062902993
2020-05-25 07:15:00,4136001,215.982752,2.875,96.0,27.24854133333333,32.08415651300421,31.0637054,5360.938316662237,5258.297363923068,4747.360000000001,4656.466666666666,0.1782677310432947,0.17923439559553103,0.9808539202139012,3463.5291666666667,1082732.160121337,0.2098625295228905,0.2058444847885327,-613.5783166622368,-601.8306972564014
2020-05-25 07:30:00,4136001,277.5579717241379,2.8055555555555554,97.0,27.645486655172416,33.926499819330324,32.8367784137931,6837.055055066082,6719.686753850095,6050.516666666666,5946.650476190476,0.2272024615378453,0.22889550816453325,0.9828335006416218,4950.191785714286,1084218.8227403846,0.26764748698634105,0.2630529165727185,-786.5383883994155,-773.0362776596185
2020-05-25 07:45:00,4136001,343.50056533333327,2.736111111111111,98.0,28.04843343333333,35.90616110880704,34.35977076666667,8391.927816726684,8242.092793727328,7533.073809523809,7398.573333333334,0.282873844790679,0.28478219959394396,0.9821453393938034,6799.835119047619,1086068.466073718,0.32851547530736674,0.3226499429918704,-858.8540072028745,-843.5194603939944
2020-05-25 08:00:00,4136001,385.2337089655172,2.6666666666666665,99.0,28.199119758620693,37.1083174682765,35.124880137931044,9364.173210896679,9183.828473062918,8678.880000000001,8511.733333333334,0.32589992029191583,0.3276293998604811,0.9807409865481874,8927.768452380953,1088196.3994070513,0.36657558077497276,0.3595156967337216,-685.2932108966779,-672.0951397295848
2020-05-25 08:15:00,4136001,429.1123916666667,2.548611111111111,98.75,28.42741916666666,38.54024286705355,36.41876936666667,10367.981021601177,10161.678955229996,10058.633333333331,9858.486666666668,0.3777109260156772,0.3794679583632658,0.9801020019286917,11392.39011904762,1090661.021073718,0.4058712476649512,0.3977952223617145,-309.347688267846,-303.1922885633285
2020-05-25 08:30:00,4136001,476.43663033333326,2.4305555555555554,98.5,28.85279133333333,40.29871638638638,38.169011266666665,11425.797099343321,11193.614056921684,11352.16,11121.473333333332,0.42628404115981267,0.4280822120560258,0.9796790508003175,14172.758452380953,1093441.3894070513,0.4472811547991122,0.43819197717446406,-73.6370993433211,-72.14072358835256
2020-05-25 08:45:00,4136001,518.5651593103447,2.3124999999999996,98.25,29.553459206896548,42.257940356166955,40.76789162068967,12332.300716399785,12077.965885831754,12397.271904761905,12141.597142857145,0.46552895368977476,0.4673483096191161,0.9793765302665861,17208.157738095237,1096476.7886927656,0.4827676929496882,0.4728113480458702,64.9711883621203,63.63125702539037
2020-05-25 09:00:00,4136001,593.0232706666668,2.1944444444444446,98.0,29.62859079999999,44.45046709759226,41.979558366666666,13970.176104200173,13674.969959479648,14098.064285714285,13800.155714285713,0.5293952707013567,0.5311887200397041,0.9788688315366496,20658.196666666667,1099926.827621337,0.5468849522098326,0.5353286341546153,127.88818151411215,125.18575480606523
2020-05-25 09:15:00,4136001,641.2408689655173,1.875,97.25,30.05585455172413,47.00868651379993,44.41280589655172,14938.445016236787,14617.756138544477,15274.666666666666,14946.76,0.5735777714580971,0.5753232410937034,0.9785326466480447,24394.886666666665,1103663.517621337,0.5847893919059224,0.5722355113934029,336.22165042987945,329.0038614555233
2020-05-25 09:30:00,4136001,710.9859429999999,1.5555555555555554,96.5,30.467728699999995,50.41682923310886,46.11891973333335,16315.640285803001,15957.5617796472,15880.72,15532.186666666666,0.5963356311157929,0.5978571927520794,0.9780530521705985,28277.93333333333,1107546.5642880036,0.6387019097985125,0.6246843523056254,-434.9202858030021,-425.37511298053323
2020-05-25 09:45:00,4136001,746.7538503333334,1.2361111111111112,95.75,30.640335000000007,52.96147833682062,47.74636040000001,16942.273801154024,16566.937513055225,15692.093333333334,15344.453333333331,0.5892525264258335,0.5906310547934409,0.9778461679639936,32114.046666666665,1111382.677621337,0.6632324838972019,0.64853934284812,-1250.18046782069,-1222.4841797218942
2020-05-25 10:00:00,4136001,755.505955862069,0.9166666666666666,95.0,31.24525617241379,55.405983894258014,49.34420779310346,16952.130703702154,16576.67128478996,15370.668571428572,15030.235714285714,0.5771827312120951,0.5785363467096006,0.9778517859804964,35871.60559523809,1115140.2365499083,0.6636183481582366,0.6489203869559586,-1581.462132273582,-1546.4355705042472
2020-05-25 10:15:00,4136001,814.0237236666667,1.472222222222222,92.0,31.5482981,54.75969598042962,50.3546928,18318.91545253623,17901.07623220541,17254.90380952381,16861.33380952381,0.6479374961018569,0.6490180625405156,0.977190831989294,40086.939047619046,1119355.5700022895,0.7171233295179577,0.7007663430105857,-1064.011643012418,-1039.7424226816001
2020-05-25 10:30:00,4136001,845.634558275862,2.0277777777777777,89.0,31.9778925862069,53.73334816315216,51.87954624137931,19118.974124427343,18674.64796319594,17729.48238095238,17317.448095238095,0.6657583576186451,0.6665745864404299,0.9767599371001968,44416.30107142857,1123684.932026099,0.7484429095489271,0.7310490492540983,-1389.4917434749623,-1357.1998679578464
2020-05-25 10:45:00,4136001,813.8235590000002,2.5833333333333335,86.0,32.2193849,51.2918845250293,52.1838337,18602.781948976757,18159.096454865266,17857.63333333333,17431.72,0.670570543657199,0.6709730836808734,0.9761495084268353,48774.23107142857,1128042.8620260989,0.7282357388520946,0.7108669584993254,-745.1486156434257,-727.3764548652653
2020-05-25 11:00:00,4136001,901.3854026666666,3.138888888888889,83.0,32.46989949999999,51.867046103543494,52.15331013333333,20551.33950635765,20045.856599644583,18091.753333333338,17646.766666666666,0.6793619648243019,0.67925055286169,0.975403894886915,53185.92273809523,1132454.5536927655,0.8045151499846408,0.7847272107905493,-2459.5861730243123,-2399.0899329779168
2020-05-25 11:15:00,4136001,910.1380644827584,3.847222222222222,86.25,33.09682786206896,50.83312454886149,53.99734386206896,20847.050331819133,20329.823113753722,16905.486190476193,16486.051428571427,0.6348165433756746,0.6345728800571623,0.9751894292078357,57307.435595238094,1136576.0665499084,0.816091224576987,0.7958435354767556,-3941.5641413429403,-3843.771685182295
2020-05-25 11:30:00,4136001,830.6483269999999,4.555555555555555,89.5,33.35838830000001,48.14913486339032,53.1043416,19254.11373611996,18779.28738884092,16681.492857142857,16270.11,0.6264053878487801,0.6262609701467792,0.9753389663223873,61374.9630952381,1140643.5940499085,0.7537331664169098,0.7351453274159687,-2572.6208789771044,-2509.177388840919
2020-05-25 11:45:00,4136001,917.2781244827586,5.263888888888888,92.75,33.84070462068965,48.876818455338594,55.51189951724139,21193.955695291344,20667.485259182507,17365.29714285714,16933.932857142856,0.6520828672251,0.6518125089206346,0.9751594065931825,65608.44630952382,1144877.077264194,0.8296713914774454,0.8090618617804857,-3828.6585524342045,-3733.5524020396515
2020-05-25 12:00:00,4136001,906.96158,5.972222222222222,96.0,33.85287566666668,47.62602038952165,55.435443033333335,21071.50481092125,20547.965817224493,17528.093333333334,17092.593333333334,0.6581960137947056,0.657919588943019,0.9751541715508893,69881.59464285715,1149150.2255975276,0.8248778551936289,0.8043830815120177,-3543.411477587917,-3455.3724838911585
2020-05-25 12:15:00,4136001,907.7990237931032,5.701388888888888,90.0,34.03098175862068,48.21589560358499,55.33183975862069,21036.245025396503,20513.58385865644,17673.04666666667,17233.946666666667,0.6636391446801864,0.663360491043055,0.9751542556141045,74190.08130952381,1153458.7122641942,0.8234975543314349,0.803037144594106,-3363.1983587298346,-3279.637191989772
2020-05-25 12:30:00,4136001,900.1118993333333,5.430555555555555,84.0,34.60776683333333,49.09182668261056,57.03127543333334,20777.550440175943,20261.269380173486,17576.486666666668,17139.745714285717,0.6600132279370827,0.6597345549045257,0.9751519765773659,78475.01773809524,1157743.6486927655,0.8133705398385571,0.793159889613368,-3201.063773509275,-3121.5236658877693
2020-05-25 12:45:00,4136001,897.8923863333333,5.159722222222223,78.0,34.84495056666667,49.73722384001465,57.04478966666666,20667.103738807702,20153.65985811754,17534.542857142857,17098.922857142858,0.6584381993411637,0.658163221820825,0.9751564666641682,82749.74845238095,1162018.3794070513,0.809046926553443,0.7889473422633603,-3132.5608816648455,-3054.737000974681
2020-05-25 13:00:00,4136001,884.0314858620691,4.888888888888889,72.0,35.04155441379311,50.16871878514952,57.14433331034482,20309.085450953084,19804.595274578976,17218.210952380952,16790.5,0.6465596455937107,0.6462915628259118,0.9751593848185599,86947.37345238095,1166216.0044070513,0.7950317264025478,0.7752826492299462,-3090.8744985721314,-3014.0952745789764
2020-05-25 13:15:00,4136001,864.7803196551723,4.951388888888889,62.25,35.411487586206896,50.10177203272106,56.247193379310346,19872.739031150235,19379.37592700177,17334.63857142857,16904.286666666667,0.6509316096913128,0.6506713825232854,0.9751738749562842,91173.44511904762,1170442.076073718,0.7779502458857012,0.7586367558035533,-2538.1004597216634,-2475.089260335102
2020-05-25 13:30:00,4136001,853.7382513793102,5.013888888888889,52.5,35.661075896551715,50.059225004896604,57.11944141379311,19622.702776542577,19140.067070875954,17633.840952380953,17200.122857142855,0.662166934076894,0.6620585618141535,0.975404218717333,95473.47583333332,1174742.1067880036,0.7681621756329058,0.7492686267714211,-1988.861824161624,-1939.9442137330989
2020-05-25 13:45:00,4136001,828.360965,5.076388888888888,42.75,36.27135023333333,50.1415158325631,58.391761133333326,19032.454593572285,18580.26452867452,17802.39619047619,17379.430952380953,0.6684963381774256,0.6689603997045538,0.9762411063336793,99818.33357142856,1179086.964526099,0.745055963733501,0.7273542583156987,-1230.0584030960963,-1200.8335762935676
2020-05-25 14:00:00,4136001,798.3531075862069,5.138888888888888,33.0,36.14197313793103,49.414676505947774,57.50238355172414,18402.28530573299,17978.462298025963,17425.5,17024.173333333332,0.654343539840023,0.6552860003823121,0.9769690013677274,104074.3769047619,1183343.0078594324,0.7203869761492655,0.7037957446868648,-976.7853057329885,-954.2889646926305
2020-05-25 14:15:00,4136001,765.7678813333334,4.840277777777778,49.75,36.43180633333333,49.61027522862797,56.28563356666668,17635.880943434866,17237.600683038094,18164.61571428572,17754.39476190476,0.6820980141929601,0.6833933198951556,0.9774164805447364,108512.9755952381,1187781.6065499084,0.6903848480499067,0.6747935284023525,528.7347708508532,516.7940788666674
2020-05-25 14:30:00,4136001,732.1732966666667,4.541666666666667,66.5,36.685085066666666,49.74445002995333,54.934546733333335,16852.148756381805,16476.198874635153,18134.31333333333,17729.76,0.680960131938909,0.6824450909102372,0.9776912791845441,112945.4155952381,1192214.0465499084,0.6597043944561286,0.6449872332994775,1282.1645769515271,1253.5611253648458
2020-05-25 14:45:00,4136001,688.5375613793103,4.243055555555555,83.25,37.17701862068966,49.922403624702994,56.5918145862069,15835.282079874383,15486.969936346712,17105.266666666666,16729.02,0.6423184838641197,0.6439251052884628,0.9780040455376318,117127.6705952381,1196396.3015499085,0.6198975173174548,0.606262279755205,1269.9845867922832,1242.0500636532888
2020-05-25 15:00:00,4136001,644.6519870000001,3.944444444444444,100.0,37.03174523333334,49.433668800089784,53.85171913333333,14858.176049098363,14534.96759072156,16266.488095238095,15912.64476190476,0.6108215776306958,0.6125015962517487,0.9782470972676074,121105.83178571428,1200374.4627403845,0.5816471344332889,0.5689946208933866,1408.312046139732,1377.6771711831989
2020-05-25 15:15:00,4136001,594.3967366666667,3.638888888888889,86.0,37.24053739999999,49.154683254212586,52.91991370000001,13716.818874512592,13422.764746333589,15189.50238095238,14863.87761904762,0.5703797742596102,0.5721329737689396,0.9785625128632857,124821.8011904762,1204090.4321451464,0.536966877060583,0.5254556565407551,1472.6835064397874,1441.1128727140313
2020-05-25 15:30:00,4136001,542.1353327586205,3.333333333333333,72.0,37.39873517241379,48.74047853556485,51.745568724137925,12533.734048383241,12269.301603084605,14008.324761904762,13712.781904761903,0.5260254691075383,0.5278255708835028,0.978902341131712,128249.99666666667,1207518.627621337,0.49065312383571114,0.4803014916063654,1474.5907135215202,1443.4803016772985
2020-05-25 15:45:00,4136001,494.97979466666646,3.0277777777777777,58.0,37.53265566666666,48.36135386545613,50.829609366666666,11462.710832870094,11224.84663762169,12828.86,12562.646666666667,0.48173548331537563,0.4835551381691869,0.9792488706453003,131390.65833333333,1210659.2892880037,0.44872620210883124,0.43941462664402775,1366.1491671299063,1337.8000290449781
2020-05-25 16:00:00,4136001,474.8157786206896,2.7222222222222223,44.0,37.87244606896552,48.757722974529244,50.33469896551724,10976.523310648297,10750.452188675712,12306.346666666666,12052.886666666667,0.46211462743480153,0.4639337101553614,0.9794041231841348,134403.88,1213672.5109546704,0.4296936116910666,0.42084369499611324,1329.823356018369,1302.4344779909552
2020-05-25 16:15:00,4136001,442.9608533333333,2.3819444444444446,56.5,38.03672389999999,48.76411636432967,50.68892626666666,10239.829742340055,10031.980103174168,11316.370476190476,11086.669047619049,0.42494011164853823,0.42674254282596574,0.9797018461833928,137175.54726190475,1216444.1782165752,0.4008545602795089,0.392717952756867,1076.540733850421,1054.6889444448807
2020-05-25 16:30:00,4136001,218.3944863333333,2.0416666666666665,69.0,37.39374793333332,42.99863658554257,46.0385316,5177.237703682885,5082.054788898076,5662.079047619048,5557.982380952381,0.21261627195047914,0.21393508943417985,0.9816151159686759,138565.04285714286,1217833.6738118131,0.20267127436613366,0.19894518649043164,484.84134393616296,475.927592054305
2020-05-25 16:45:00,4136001,256.4901431034483,1.7013888888888888,81.5,37.130947827586205,44.13170233058036,42.81054062068965,6050.633935829763,5945.954410181799,6778.63,6661.355714285714,0.25454378637432357,0.2564055862020209,0.982699411870203,140230.3817857143,1219499.0127403846,0.23686177082911578,0.23276392288830688,727.9960641702373,715.4013041039152
2020-05-25 17:00:00,4136001,191.2531276666666,1.3611111111111112,94.0,36.98203236666667,42.556300150597494,41.7511568,4542.4716346947,4459.124451465924,5132.866666666667,5038.686666666667,0.1927438606750754,0.19394661745570915,0.9816515787149482,141490.05345238093,1220758.6844070512,0.1778223384104404,0.1745595792313926,590.395031971967,579.5622152007436
2020-05-25 17:15:00,4136001,77.6011656206896,1.1111111111111112,95.25,36.69451575862069,39.074919612016075,39.069836827586215,1870.7176972234772,1822.258477173724,2158.733333333333,2102.813333333333,0.08106242064239107,0.080940443437132,0.9740959204471757,142015.75678571427,1221284.3877403846,0.0732322449490498,0.0713352310500577,288.0156361098559,280.554856159609
2020-05-25 17:30:00,4136001,29.6054164,0.8611111111111112,96.5,36.00379930000001,36.962213557041125,35.96322700000001,720.0836916325475,696.419485555714,857.6552380952381,829.47,0.03220574241528656,0.031927546089586915,0.9671368670727942,142223.1242857143,1221491.7552403845,0.02818883114631229,0.02726245784128847,137.57154646269066,133.05051444428602
2020-05-25 17:45:00,4136001,14.76777235,0.6111111111111112,97.75,35.52824183333334,36.034334100297016,34.22728683333333,360.59225475386825,348.2717513426863,452.7009523809524,437.23333333333335,0.016999336815006864,0.01682976768527339,0.9658325899994951,142332.4326190476,1221601.063573718,0.014115962213891886,0.013633656345378206,92.10869762708415,88.96158199064706
2020-05-25 18:00:00,4136001,8.4153075896551,0.3611111111111111,99.0,35.27715700000001,35.58350238003842,33.420349275862065,205.86853131452204,198.63083604226253,242.07142857142856,233.5609523809524,0.009090004617690158,0.0089901118447571,0.9648431198977083,142390.82285714286,1221659.4538118131,0.008059053878039618,0.007775722687111471,36.20289725690651,34.93011633868986
2020-05-25 18:15:00,4136001,3.5430156366666004,0.42361111111111105,99.0,34.82022003333333,34.94722122113391,32.71644093333334,86.90518831634766,83.76144265376425,13.453333333333331,12.966666666666669,0.0005051850309019029,0.0004991064747710108,0.9638255698711599,142394.06452380953,1221662.6954784798,0.003402042995355164,0.0032789760287243786,-73.45185498301433,-70.79477598709758
2020-05-25 18:30:00,4136001,2.8885420862068,0.4861111111111111,99.0,34.42703462068965,34.529013158596335,32.08817193103449,70.97530763419432,0.0,0.0,0.0,0.0,0.0,0.0,142394.06452380953,1221662.6954784798,0.0027784422640123045,0.0,-70.97530763419432,0.0
2020-05-25 18:45:00,4136001,0.6920051126666,0.5486111111111112,99.0,34.163541566666666,34.18760921687679,31.61218263333333,17.027623185780396,0.0,0.0,0.0,0.0,0.0,0.0,142394.06452380953,1221662.6954784798,0.0006665736224615539,0.0,-17.027623185780396,0.0
2020-05-25 19:00:00,4136001,0.0,0.6111111111111112,99.0,33.94068846666667,33.94068846666667,31.27500096666667,0.0,0.0,0.0,0.0,0.0,0.0,0.0,142394.06452380953,1221662.6954784798,0.0,0.0,0.0,0.0
2020-05-25 19:15:00,4136001,0.0,0.9166666666666666,99.0,33.98035275862069,33.98035275862069,31.38765320689655,0.0,0.0,0.0,0.0,0.0,0.0,0.0,142394.06452380953,1221662.6954784798,0.0,0.0,0.0,0.0
2020-05-25 19:30:00,4136001,0.0,1.2222222222222223,99.0,33.921566000000006,33.921566000000006,31.59614653333333,0.0,0.0,0.0,0.0,0.0,0.0,0.0,142394.06452380953,1221662.6954784798,0.0,0.0,0.0,0.0
2020-05-25 19:45:00,4136001,0.0,1.5277777777777777,99.0,33.827981900000005,33.827981900000005,31.6019428,0.0,0.0,0.0,0.0,0.0,0.0,0.0,142394.06452380953,1221662.6954784798,0.0,0.0,0.0,0.0
2020-05-25 20:00:00,4136001,0.0,1.8333333333333333,99.0,33.81912886206898,33.81912886206898,31.76890503448276,0.0,0.0,0.0,0.0,0.0,0.0,0.0,142394.06452380953,1221662.6954784798,0.0,0.0,0.0,0.0
2020-05-25 20:15:00,4136001,0.0,2.2152777777777777,98.25,33.83254853333333,33.83254853333333,31.55258583333333,0.0,0.0,0.0,0.0,0.0,0.0,0.0,142394.06452380953,1221662.6954784798,0.0,0.0,0.0,0.0
2020-05-25 20:30:00,4136001,0.0,2.597222222222222,97.5,33.42381403448276,33.42381403448276,30.88576741379311,0.0,0.0,0.0,0.0,0.0,0.0,0.0,142394.06452380953,1221662.6954784798,0.0,0.0,0.0,0.0
2020-05-25 20:45:00,4136001,0.0,2.9791666666666665,96.75,33.11771426666667,33.11771426666667,30.938583566666665,0.0,0.0,0.0,0.0,0.0,0.0,0.0,142394.06452380953,1221662.6954784798,0.0,0.0,0.0,0.0
2020-05-25 21:00:00,4136001,0.0,3.3611111111111107,96.0,32.3061685,32.3061685,30.91641446666667,0.0,0.0,0.0,0.0,0.0,0.0,0.0,142394.06452380953,1221662.6954784798,0.0,0.0,0.0,0.0
2020-05-25 21:15:00,4136001,0.0,3.569444444444444,95.75,31.464322724137933,31.464322724137933,30.363739931034484,0.0,0.0,0.0,0.0,0.0,0.0,0.0,142394.06452380953,1221662.6954784798,0.0,0.0,0.0,0.0
2020-05-25 21:30:00,4136001,0.0,3.7777777777777777,95.5,30.9443297,30.9443297,30.07848716666668,0.0,0.0,0.0,0.0,0.0,0.0,0.0,142394.06452380953,1221662.6954784798,0.0,0.0,0.0,0.0
2020-05-25 21:45:00,4136001,0.0,3.9861111111111107,95.25,30.527473166666667,30.527473166666667,29.7056731,0.0,0.0,0.0,0.0,0.0,0.0,0.0,142394.06452380953,1221662.6954784798,0.0,0.0,0.0,0.0
2020-05-25 22:00:00,4136001,0.0,4.194444444444445,95.0,30.17515310344828,30.17515310344828,29.125274620689652,0.0,0.0,0.0,0.0,0.0,0.0,0.0,142394.06452380953,1221662.6954784798,0.0,0.0,0.0,0.0
2020-05-25 22:15:00,4136001,0.0,4.118055555555555,94.5,29.845425366666664,29.845425366666664,28.7142355,0.0,0.0,0.0,0.0,0.0,0.0,0.0,142394.06452380953,1221662.6954784798,0.0,0.0,0.0,0.0
2020-05-25 22:30:00,4136001,0.0,4.041666666666667,94.0,29.52575586206897,29.52575586206897,28.399838344827582,0.0,0.0,0.0,0.0,0.0,0.0,0.0,142394.06452380953,1221662.6954784798,0.0,0.0,0.0,0.0
2020-05-25 22:45:00,4136001,0.0,3.9652777777777777,93.5,28.848941000000007,28.848941000000007,27.76683043333333,0.0,0.0,0.0,0.0,0.0,0.0,0.0,142394.06452380953,1221662.6954784798,0.0,0.0,0.0,0.0
2020-05-25 23:00:00,4136001,0.0,3.888888888888889,93.0,28.36594346666667,28.36594346666667,27.074339833333333,0.0,0.0,0.0,0.0,0.0,0.0,0.0,142394.06452380953,1221662.6954784798,0.0,0.0,0.0,0.0
2020-05-25 23:15:00,4136001,0.0,3.770833333333333,92.0,28.17704706896552,28.17704706896552,26.731218758620688,0.0,0.0,0.0,0.0,0.0,0.0,0.0,142394.06452380953,1221662.6954784798,0.0,0.0,0.0,0.0
2020-05-25 23:30:00,4136001,0.0,3.6527777777777777,91.0,28.059218566666665,28.059218566666665,26.648860599999995,0.0,0.0,0.0,0.0,0.0,0.0,0.0,142394.06452380953,1221662.6954784798,0.0,0.0,0.0,0.0
2020-05-25 23:45:00,4136001,0.0,3.534722222222222,90.0,28.20533268965517,28.20533268965517,27.197260379310347,0.0,0.0,0.0,0.0,0.0,0.0,0.0,142394.06452380953,1221662.6954784798,0.0,0.0,0.0,0.0
2020-05-26 00:00:00,4136001,0.0,3.416666666666667,89.0,28.342236633333336,28.342236633333336,27.489857900000004,0.0,0.0,0.0,0.0,0.0,0.0,0.0,0.0,1221662.6954784798,0.0,0.0,0.0,0.0
2020-05-26 00:15:00,4136001,0.0,3.458333333333333,89.25,28.330767,28.330767,27.96586293333333,0.0,0.0,0.0,0.0,0.0,0.0,0.0,0.0,1221662.6954784798,0.0,0.0,0.0,0.0
2020-05-26 00:30:00,4136001,0.0,3.5,89.5,26.956657689655177,26.956657689655177,27.15537851724138,0.0,0.0,0.0,0.0,0.0,0.0,0.0,0.0,1221662.6954784798,0.0,0.0,0.0,0.0
2020-05-26 00:45:00,4136001,0.0,3.5416666666666665,89.75,25.448591033333333,25.448591033333333,25.536963900000003,0.0,0.0,0.0,0.0,0.0,0.0,0.0,0.0,1221662.6954784798,0.0,0.0,0.0,0.0
2020-05-26 01:00:00,4136001,0.0,3.5833333333333335,90.0,24.655147172413795,24.655147172413795,24.86020213793104,0.0,0.0,0.0,0.0,0.0,0.0,0.0,0.0,1221662.6954784798,0.0,0.0,0.0,0.0
2020-05-26 01:15:00,4136001,0.0,3.4444444444444446,89.75,24.426945133333337,24.426945133333337,24.16675193333333,0.0,0.0,0.0,0.0,0.0,0.0,0.0,0.0,1221662.6954784798,0.0,0.0,0.0,0.0
2020-05-26 01:30:00,4136001,0.0,3.3055555555555554,89.5,24.272991933333333,24.272991933333333,23.955192066666665,0.0,0.0,0.0,0.0,0.0,0.0,0.0,0.0,1221662.6954784798,0.0,0.0,0.0,0.0
2020-05-26 01:45:00,4136001,0.0,3.1666666666666665,89.25,23.917083586206896,23.917083586206896,23.412220999999995,0.0,0.0,0.0,0.0,0.0,0.0,0.0,0.0,1221662.6954784798,0.0,0.0,0.0,0.0
2020-05-26 02:00:00,4136001,0.0,3.0277777777777777,89.0,23.91446419999999,23.91446419999999,23.141306566666668,0.0,0.0,0.0,0.0,0.0,0.0,0.0,0.0,1221662.6954784798,0.0,0.0,0.0,0.0
2020-05-26 02:15:00,4136001,0.0,3.0694444444444446,89.25,24.3156373,24.3156373,23.46102403333333,0.0,0.0,0.0,0.0,0.0,0.0,0.0,0.0,1221662.6954784798,0.0,0.0,0.0,0.0
2020-05-26 02:30:00,4136001,0.0,3.1111111111111107,89.5,24.750189344827582,24.750189344827582,23.78225075862069,0.0,0.0,0.0,0.0,0.0,0.0,0.0,0.0,1221662.6954784798,0.0,0.0,0.0,0.0
2020-05-26 02:45:00,4136001,0.0,3.1527777777777777,89.75,25.1728576,25.1728576,24.225251233333328,0.0,0.0,0.0,0.0,0.0,0.0,0.0,0.0,1221662.6954784798,0.0,0.0,0.0,0.0
2020-05-26 03:00:00,4136001,0.0,3.194444444444444,90.0,25.45304903448275,25.45304903448275,24.545279551724136,0.0,0.0,0.0,0.0,0.0,0.0,0.0,0.0,1221662.6954784798,0.0,0.0,0.0,0.0
2020-05-26 03:15:00,4136001,0.0,3.5,88.25,25.338595533333336,25.338595533333336,24.509605933333336,0.0,0.0,0.0,0.0,0.0,0.0,0.0,0.0,1221662.6954784798,0.0,0.0,0.0,0.0
2020-05-26 03:30:00,4136001,0.0,3.8055555555555554,86.5,24.867053066666667,24.867053066666667,23.70800986666667,0.0,0.0,0.0,0.0,0.0,0.0,0.0,0.0,1221662.6954784798,0.0,0.0,0.0,0.0
2020-05-26 03:45:00,4136001,0.0,4.111111111111112,84.75,24.683298068965517,24.683298068965517,22.94825379310345,0.0,0.0,0.0,0.0,0.0,0.0,0.0,0.0,1221662.6954784798,0.0,0.0,0.0,0.0
2020-05-26 04:00:00,4136001,0.0,4.416666666666667,83.0,24.555170766666667,24.555170766666667,22.6975231,0.0,0.0,0.0,0.0,0.0,0.0,0.0,0.0,1221662.6954784798,0.0,0.0,0.0,0.0
2020-05-26 04:15:00,4136001,0.0,4.215277777777778,83.25,24.32685389655173,24.32685389655173,22.39847658620689,0.0,0.0,0.0,0.0,0.0,0.0,0.0,0.0,1221662.6954784798,0.0,0.0,0.0,0.0
2020-05-26 04:30:00,4136001,0.0,4.013888888888888,83.5,24.26740726666667,24.26740726666667,22.15573523333333,0.0,0.0,0.0,0.0,0.0,0.0,0.0,0.0,1221662.6954784798,0.0,0.0,0.0,0.0
2020-05-26 04:45:00,4136001,0.0,3.8125,83.75,24.230326533333333,24.230326533333333,21.9190888,0.0,0.0,0.0,0.0,0.0,0.0,0.0,0.0,1221662.6954784798,0.0,0.0,0.0,0.0
2020-05-26 05:00:00,4136001,0.0,3.611111111111111,84.0,24.10113010344827,24.10113010344827,21.67725248275863,0.0,0.0,0.0,0.0,0.0,0.0,0.0,0.0,1221662.6954784798,0.0,0.0,0.0,0.0
2020-05-26 05:15:00,4136001,0.0,3.7361111111111107,84.75,23.95265703333333,23.95265703333333,21.39651183333333,0.0,0.0,0.0,0.0,0.0,0.0,0.0,0.0,1221662.6954784798,0.0,0.0,0.0,0.0
2020-05-26 05:30:00,4136001,0.0,3.861111111111111,85.5,23.605529633333333,23.605529633333333,21.3432689,0.0,0.0,0.0,0.0,0.0,0.0,0.0,0.0,1221662.6954784798,0.0,0.0,0.0,0.0
2020-05-26 05:45:00,4136001,1.4217668682758,3.9861111111111107,86.25,23.60175417241379,23.628957212082323,21.20069506896552,36.51821445218995,0.0,0.0,0.0,0.0,0.0,0.0,0.0,1221662.6954784798,0.0014295640811191994,0.0,-36.51821445218995,0.0
2020-05-26 06:00:00,4136001,13.06554796,4.111111111111112,87.0,23.248244166666662,23.494207042419674,21.408766666666665,335.76971299073864,324.1284985881126,309.00666666666666,298.2933333333333,0.011603484324744352,0.011481758409847867,0.965329766348083,74.57333333333334,1221737.268811813,0.013144244000420382,0.012688529989748,-26.76304632407198,-25.835165254779326
2020-05-26 06:15:00,4136001,34.5209819310344,4.138888888888889,89.5,23.36390234482759,24.011454059909834,21.92561724137931,885.3254348387069,856.389291952312,884.875238095238,855.9538095238096,0.033227878431724846,0.03294694769446626,0.9673158120757407,288.56178571428575,1221951.257264194,0.0346574842371778,0.033524732509387825,-0.45019674346883676,-0.4354824285023824
2020-05-26 06:30:00,4136001,59.6383301333333,4.166666666666667,92.0,23.820372633333328,24.935107776012455,23.0798798,1523.8565863829772,1479.558437589159,1625.334761904762,1578.0866666666666,0.061032814067303834,0.06074292594471479,0.9709302376682546,683.0834523809524,1222345.7789308608,0.05965381038884232,0.05791968829865567,101.4781755217848,98.5282290775076
2020-05-26 06:45:00,4136001,95.5279817666666,4.194444444444445,94.5,24.676736466666668,26.455987384280128,24.9631765,2426.0503297705677,2365.9672100652047,2508.930476190476,2446.794761904762,0.09421264520403952,0.09418080525211776,0.9752341825031118,1294.7821428571428,1222957.477621337,0.09497163162147457,0.09261958152535543,82.88014641990821,80.82755183955715
2020-05-26 07:00:00,4136001,160.99217917241378,4.222222222222222,97.0,25.71168996551724,28.69966656485677,27.316039000000004,4051.685032816726,3971.4850419021427,3577.6657142857143,3506.848571428571,0.13434463561160362,0.13498386848648863,0.9802057686456371,2171.494285714285,1223834.1897641942,0.15860970964246335,0.15547015235475212,-474.0193185310118,-464.63647047357153
2020-05-26 07:15:00,4136001,229.912392,4.159722222222222,88.5,26.53708303333333,30.838329785122305,30.19405516666666,5735.955393503492,5627.6289548073255,4856.986666666667,4765.26,0.18238431312860237,0.18342201439336556,0.9811144907404866,3362.8092857142856,1225025.504764194,0.22454317453527076,0.22030256233342438,-878.9687268368252,-862.3689548073253
2020-05-26 07:30:00,4136001,294.0933110344827,4.097222222222222,80.0,27.06469403448276,32.61100824541124,33.83034337931035,7283.899373234343,7159.1623052980785,6254.0,6146.9,0.23484344771510166,0.23660341309279634,0.9828749600255836,4899.534285714286,1226562.2297641942,0.28513992457366777,0.2802568919670416,-1029.8993732343433,-1012.2623052980789
2020-05-26 07:45:00,4136001,359.16004666666663,4.034722222222222,71.5,27.74542343333334,34.57388574934963,37.048123366666665,8823.391612037734,8663.098149316149,7769.71380952381,7628.562380952381,0.2917598942737781,0.2936348234597346,0.9818331238406219,6806.674880952381,1228469.3703594322,0.3454058176565956,0.3391308729424995,-1053.6778025139247,-1034.5357683637676
2020-05-26 08:00:00,4136001,414.4524720689655,3.9722222222222223,63.0,28.37274386206897,36.31701206350591,39.79584986206896,10107.927043681275,9909.682598882064,9283.019047619047,9100.953333333331,0.34858589676172314,0.35030936261610374,0.9803872303448076,9081.913214285714,1230744.6086927657,0.3956910175643482,0.38793042078222995,-824.9079960622275,-808.7292655487327
2020-05-26 08:15:00,4136001,467.0698486666666,3.6666666666666665,68.0,29.114463266666668,38.44093788061768,42.41866956666666,11289.827874134573,11062.24928492951,10807.656190476191,10589.797142857144,0.4058374226880221,0.40761719695461834,0.9798421559883607,11729.3625,1233392.05797848,0.4419584213793139,0.4330494924615193,-482.1716836583819,-472.45214207236677
2020-05-26 08:30:00,4136001,514.8884359999997,3.3611111111111107,73.0,29.479894833333333,40.20897247450857,43.39231353333332,12352.661278133082,12098.7846870652,12149.12,11899.426666666666,0.45621062160289355,0.4580268042721974,0.979447619800172,14704.219166666666,1236366.9146451466,0.48356473979773273,0.47362633341417887,-203.5412781330815,-199.35802039853297
2020-05-26 08:45:00,4136001,568.5772948275861,3.0555555555555554,78.0,29.250902965517245,41.63820786372173,41.69375503448275,13557.673240842194,13273.292589127705,13557.96,13273.573333333334,0.5091138583919794,0.5109197733173132,0.979024376331936,18022.6125,1239685.30797848,0.5307368659558502,0.5196043291887925,0.28675915780513606,0.280744205629162
2020-05-26 09:00:00,4136001,625.9876306666667,2.75,83.0,29.43369843333333,43.72239121275964,42.97400699999999,14793.305925822815,14477.40402088283,14912.540952380952,14594.092857142858,0.5599796180763973,0.5617485530906962,0.9786456180569784,21671.13571428572,1243333.8311927656,0.5791076894039074,0.5667412026182357,119.23502655813718,116.68883626002753
2020-05-26 09:15:00,4136001,680.9812241379309,2.1944444444444446,83.5,30.01162086206897,47.0318963966336,45.39386427586206,15862.627381820877,15518.629454259406,16030.836190476191,15683.190476190475,0.6019726320318924,0.6036695561748369,0.9783139375791108,25591.93333333333,1247254.6288118132,0.6209679930248925,0.6075016423667804,168.208808655314,164.56102193106926
2020-05-26 09:30:00,4136001,729.6872236666668,1.6388888888888888,84.0,31.118697033333337,51.27023593603057,48.9055509,16681.166034996957,16314.720766368875,17000.400952380955,16626.942857142858,0.6383806799162522,0.639996002749173,0.9780323948662051,29748.66904761905,1251411.364526099,0.6530110015657451,0.6386659137353249,319.2349173839975,312.2220907739829
2020-05-26 09:45:00,4136001,773.3682055172414,1.0833333333333333,84.5,31.27024368965517,55.132267926533956,48.96429320689655,17374.555735702677,16987.134723457406,16240.486666666668,15878.353333333333,0.6098452000913238,0.6111816676633826,0.9777018176384696,33718.25738095238,1255380.9528594322,0.6801548536192084,0.6649886366591272,-1134.0690690360098,-1108.7813901240734
2020-05-26 10:00:00,4136001,809.9763006666665,0.5277777777777778,85.0,31.42967723333333,59.740627973167875,49.56611956666666,17815.59286165943,17412.009055821825,15844.86,15485.92,0.5949890551587953,0.5960763192636934,0.9773465969405851,37589.73738095238,1259252.4328594322,0.6974199593524928,0.6816210239116001,-1970.7328616594277,-1926.0890558218252
2020-05-26 10:15:00,4136001,840.9387246666668,1.2291666666666665,80.5,31.98654983333333,57.158703531355236,51.735156,18718.474980037463,18287.90051951177,16322.097142857145,15946.645714285714,0.6129097484760765,0.6138103439752742,0.9769973536313785,41576.39880952381,1263239.0942880036,0.7327647281283015,0.7159092002157671,-2396.3778371803182,-2341.254805226057
2020-05-26 10:30:00,4136001,870.8299762068966,1.9305555555555554,76.0,31.98130951724137,54.774922295854026,51.08637396551724,19595.937263932774,19124.46011273309,17038.53476190476,16628.588571428572,0.6398126395106049,0.6400593487637455,0.9759400561019627,45733.54595238096,1267396.2414308607,0.7671143967090536,0.7486576673608569,-2557.4025020280133,-2495.8715413045175
2020-05-26 10:45:00,4136001,892.1483193333332,2.631944444444444,71.5,32.71930446666667,53.46573361225898,52.434899833333326,20195.000646339602,19701.136001402487,18309.7,17861.94,0.6875460624606967,0.6875328976327486,0.9755452028159936,50199.03095238096,1271861.7264308608,0.7905656937302643,0.7712325700294573,-1885.3006463396014,-1839.196001402488
2020-05-26 11:00:00,4136001,912.0311520689652,3.333333333333333,67.0,32.877126724137945,51.95727634901169,52.64238758620688,20785.650989823254,20273.626658705383,17949.176666666666,17507.024761904762,0.6740080799564209,0.6738716770675898,0.9753664520120846,54575.787142857145,1276238.482621337,0.8136876488480429,0.7936436351029705,-2836.474323156588,-2766.601896800621
2020-05-26 11:15:00,4136001,922.3363586666668,3.6875,61.0,33.28965223333333,51.654655143715466,53.12096660000001,21049.032189967416,20529.53877845693,17690.132380952382,17253.537142857145,0.6642807289541761,0.6641145578947656,0.9753198433627701,58889.17142857143,1280551.8669070513,0.8239981283995857,0.8036617255218997,-3358.8998090150344,-3276.001635599783
2020-05-26 11:30:00,4136001,927.9103813793104,4.041666666666667,55.0,33.292132034482755,50.917934701009685,53.4798983448276,21246.0906699696,20722.390546256538,15942.34,15549.373333333337,0.5986495187474214,0.5985187333649122,0.9753507536116616,62776.51476190477,1284439.2102403846,0.8317122986873986,0.8112112173128416,-5303.750669969599,-5173.017212923201
2020-05-26 11:45:00,4136001,920.6189096666668,4.395833333333333,49.0,33.788357466666675,50.50636554160501,54.01042590000001,21117.85582348067,20597.21211371854,16026.385714285714,15631.268095238096,0.6018055125607467,0.6016709857492178,0.9753458062165935,66684.33178571428,1288347.027264194,0.8266923399287794,0.8063109067809175,-5091.4701091949555,-4965.9440184804425
2020-05-26 12:00:00,4136001,918.7599279310344,4.75,43.0,34.13226224137932,50.113475111983504,53.987062379310345,21112.09720560681,20591.40690511425,16173.673333333332,15774.78,0.6073362980201152,0.6071949745055202,0.9753368746164035,70628.02678571429,1292290.7222641942,0.8264669095950993,0.8060836525783618,-4938.423872273477,-4816.62690511425
2020-05-26 12:15:00,4136001,884.1375929999998,4.673611111111112,39.0,34.20905173333334,49.72908671819312,53.7587892,20351.239957220158,19847.565965020167,16186.07142857143,15785.48142857143,0.6078018578907284,0.607606888563821,0.9752509432713312,74574.39714285714,1296237.092621337,0.7966819321675537,0.7769648058336335,-4165.168528648728,-4062.0845364487377
2020-05-26 12:30:00,4136001,905.2871096666664,4.597222222222222,35.0,34.99182436666668,51.03021766397674,55.36570216666665,20717.70585641505,20204.45038751741,16263.636666666667,15860.725238095238,0.610714503867244,0.6105031358018495,0.9752262401805113,78539.57845238096,1300202.273930861,0.8110278276146037,0.7909356190063578,-4454.069189748383,-4343.725149422171
2020-05-26 12:45:00,4136001,897.6051606896552,4.520833333333333,31.0,35.052430241379305,51.103307092193475,56.085830103448274,20535.199104432966,20027.318727926286,16108.409523809523,15710.013333333332,0.6048855819920383,0.6047020082317924,0.9752678133811207,82467.08178571428,1304129.777264194,0.8038833080615763,0.7840015160667952,-4426.789580623443,-4317.305394592953
2020-05-26 13:00:00,4136001,880.1019616666666,4.444444444444445,27.0,35.18206683333334,51.06838383092659,56.01871870000001,20137.90565413856,19640.03923002177,15916.179999999998,15522.686666666666,0.5976671867051722,0.597491523483931,0.9752771498353667,86347.75345238096,1308010.4489308607,0.7883306186783543,0.7688408389125767,-4221.725654138563,-4117.352563355105
2020-05-26 13:15:00,4136001,736.7161268965517,4.5,27.5,35.11403779310345,48.32156964854539,54.24776093103447,17063.82041441708,16650.823949227208,15654.226666666666,15275.346666666666,0.5878305982912829,0.5879710354014224,0.9757969519627074,90166.5901190476,1311829.2855975274,0.6679906210380536,0.6518232119486087,-1409.5937477504158,-1375.4772825605414
2020-05-26 13:30:00,4136001,740.6371426666668,4.555555555555555,28.0,34.84871736666668,48.03670067625833,49.844618366666666,17176.197390046458,16760.87598104344,15843.439047619046,15460.34380952381,0.5949356970909695,0.5950918532791194,0.9758199443350776,94031.67607142858,1315694.3715499083,0.6723897980053418,0.6561313752610467,-1332.7583424274126,-1300.5321715196278
2020-05-26 13:45:00,4136001,855.4158268965517,4.611111111111112,28.5,35.276455896551724,50.405847953441565,52.93590996551725,19630.963864093766,19150.778854981258,17481.529523809524,17053.92095238095,0.6564474999527931,0.6564310309177123,0.9755394074159142,98295.1563095238,1319957.8517880037,0.7684855691561466,0.7496879567422688,-2149.4343402842424,-2096.8579026003063
2020-05-26 14:00:00,4136001,820.5244800000002,4.666666666666667,29.0,35.58944219999999,50.00484065397048,53.72626433333332,18863.862211244123,18413.683849765835,16922.141904761906,16518.301904761905,0.6354419807544744,0.6358142493230581,0.976135408728232,102424.73178571428,1324087.4272641942,0.7384561444996721,0.7208331904390618,-1941.720306482217,-1895.38194500393
2020-05-26 14:15:00,4136001,655.9813148275863,4.805555555555555,23.75,35.85149303448277,47.186922701453334,52.710907793103445,15269.893844040975,14925.379167193465,15888.286666666669,15529.82,0.5966197664032429,0.5977660961975583,0.9774383057036147,106307.18678571428,1327969.882264194,0.5977644879248767,0.5842779082870803,618.392822625694,604.4408328065347
2020-05-26 14:30:00,4136001,753.5172576666665,4.944444444444445,18.5,35.536838,48.34740001405417,51.79687606666668,17450.979445817044,17057.127429058342,17724.273333333334,17324.253333333334,0.6655627530931943,0.6668365302755732,0.977430950624774,110638.25011904762,1332300.9455975275,0.6831465823377194,0.6677286133904226,273.29388751629085,267.1259042749916
2020-05-26 14:45:00,4136001,724.3150323333335,5.083333333333333,13.25,35.52243240000001,47.64080336090571,52.3770518,16826.97009731817,16451.500076337914,17139.95380952381,16757.5,0.6436210179574932,0.6450213432628699,0.9776864153909622,114827.62511904762,1336490.3205975275,0.6587187354597053,0.6440203592224668,312.98371220563786,305.9999236620861
2020-05-26 15:00:00,4136001,660.2756279310345,5.222222222222222,8.0,35.69397924137931,46.56808378569806,51.18871013793104,15411.607790469761,15073.707968774048,15908.048095238097,15559.263809523807,0.5973618262077663,0.5988994326480922,0.978074979178703,118717.44107142858,1340380.1365499084,0.6033121076715506,0.5900844771491113,496.4403047683354,485.5558407497592
2020-05-26 15:15:00,4136001,608.282797,5.055555555555555,11.0,35.67794563333332,45.8874588424639,49.94267583333334,14240.337910159888,13932.914349933792,14816.986666666666,14497.114285714286,0.5563914668290201,0.5580157022232892,0.9784117791188955,122341.71964285716,1344004.415121337,0.5574608694523346,0.5454262810700251,576.6487565067782,564.1999357804943
2020-05-26 15:30:00,4136001,543.5938762068964,4.888888888888889,14.0,35.71428710344828,45.016030365031035,48.47235203448275,12774.32672492432,12504.408765130958,13146.726666666667,12868.94,0.49367166878286955,0.4953448285943176,0.9788702789895989,125558.95464285716,1347221.650121337,0.5000715100772879,0.4895051385841048,372.39994174234744,364.53123486904224
2020-05-26 15:45:00,4136001,501.4666836666666,4.722222222222222,17.0,35.899236233333326,44.65083629732402,47.2197897,11803.06022076917,11556.892376787748,12448.647142857142,12189.014761904762,0.4674581410964696,0.46917348499327227,0.9791437271879496,128606.20833333331,1350268.903811813,0.46204972482948403,0.4524130897157075,645.5869220879722,632.1223851170143
2020-05-26 16:00:00,4136001,452.3626286206896,4.555555555555555,20.0,35.93234362068964,43.98723373145691,46.234041620689645,10677.967581400813,10459.476742835332,11201.34,10972.14,0.4206206115492608,0.42233414777074535,0.9795381623984273,131349.24333333335,1353011.9388118132,0.4180061687767005,0.40945299443473604,523.3724185991869,512.6632571646678
2020-05-26 16:15:00,4136001,401.5102666666665,4.270833333333333,16.25,35.85735566666667,43.263586087080164,45.09171560000001,9507.29205223083,9316.489554651984,9993.772857142856,9793.207142857143,0.3752753555249489,0.3769552514478441,0.9799309312756331,133797.54511904763,1355460.2405975277,0.37217819738621377,0.3647089275651589,486.48080491202563,476.7175882051597
2020-05-26 16:30:00,4136001,368.75262,3.9861111111111107,12.5,36.129733133333325,43.185174059383264,44.49659299999999,8734.58390928121,8561.822921906627,9170.422857142858,8989.041428571429,0.34435780632823826,0.3460017053201689,0.9802210398149579,136044.80547619046,1357707.5009546704,0.3419292976817855,0.33516629171683804,435.8389478616482,427.2185066648017
2020-05-26 16:45:00,4136001,313.30764034482763,3.7013888888888884,8.75,36.31928237931035,42.545896188518434,44.1855354137931,7441.733305287639,7301.434931962265,7735.673333333333,7589.833333333333,0.2904816431080545,0.29214408424931954,0.9811470839427036,137942.2638095238,1359604.9592880036,0.29131858701458757,0.28582638214767137,293.9400280456939,288.39840137106785
2020-05-26 17:00:00,4136001,154.43009216666658,3.416666666666667,5.0,35.64510623333332,38.837789552884004,40.69924506666666,3726.5609957610604,3653.907055507086,3714.170952380952,3641.758571428571,0.13947053275670376,0.1401767570092154,0.980503756590428,138852.70345238096,1360515.398930861,0.14588220770252733,0.14303805267203312,-12.390043380108636,-12.14848407851514
2020-05-26 17:15:00,4136001,115.3053336896551,3.173611111111111,20.5,35.023723517241386,37.492392011373056,37.51514403448276,2798.290648200696,2741.120280910404,2846.9161904761904,2788.752380952381,0.10690431939996349,0.1073432675989516,0.9795695392374439,139549.89154761905,1361212.587026099,0.1095435759718417,0.1073055502411589,48.625542275494354,47.63210004197708
2020-05-26 17:30:00,4136001,90.57324793333328,2.930555555555556,36.0,34.622871999999994,36.63360011484811,36.126862733333326,2206.02727307538,2149.1805857471477,2279.8514285714286,2221.102380952381,0.08561051643170997,0.08549356653953533,0.9742311946810234,140105.16714285716,1361767.862621337,0.08635847614309572,0.0841331213837208,73.82415549604866,71.92179520523314
2020-05-26 17:45:00,4136001,52.2844154827586,2.6875,51.5,34.1636985862069,35.36889458650099,34.68681917241379,1280.2103873693204,1241.7708094915238,1326.4066666666668,1286.58,0.049807789362375385,0.0495223965278319,0.9699740150079663,140426.81214285715,1362089.507621337,0.05011588911212842,0.04861111017778523,46.19627929734634,44.80919050847615
2020-05-26 18:00:00,4136001,31.3217537333333,2.4444444444444446,67.0,33.8638795,34.61464061537232,33.452122066666675,769.342957214895,743.9672582877864,778.3666666666667,752.6933333333333,0.029228383688281307,0.02897229687791578,0.9670164018671576,140614.9854761905,1362277.6809546703,0.030117164110976515,0.029123791673039204,9.023709451771651,8.72607504554685
2020-05-26 18:15:00,4136001,27.1783938333333,2.1597222222222223,67.25,33.747506566666665,34.43085294502692,32.907039433333324,668.0817592706371,645.6244352444202,629.3885714285715,608.2319047619047,0.02363411929433455,0.0234117595240852,0.9663853656912679,140767.04345238095,1362429.7389308608,0.026153132091236528,0.025274004119961644,-38.69318784206564,-37.39253048251544
2020-05-26 18:30:00,4136001,18.1047242413793,1.875,67.5,33.429941000000014,33.90858539501335,32.58182196551724,446.0048258396173,430.7196228364762,406.7533333333334,392.8133333333333,0.015273961491782858,0.015119975170415164,0.965728615213151,140865.2467857143,1362527.942264194,0.017459574313549317,0.016861210524035084,-39.25149250628391,-37.90628950314294
2020-05-26 18:45:00,4136001,2.7898978513333,1.590277777777778,67.75,32.90912056666667,32.98688233522171,31.7251761,68.99110598853282,66.61957682796874,23.03761904761905,22.24571428571429,0.0008650837678749527,0.0008562709539259105,0.9656255813472788,140870.8082142857,1362533.5036927655,0.0027007675078697525,0.002607930194870571,-45.95348694091378,-44.37386254225446
2020-05-26 19:00:00,4136001,0.0,1.3055555555555556,68.0,32.57301940000001,32.57301940000001,31.0817933,0.0,0.0,0.0,0.0,0.0,0.0,0.0,140870.8082142857,1362533.5036927655,0.0,0.0,0.0,0.0
2020-05-26 19:15:00,4136001,0.0,1.340277777777778,56.0,32.22199196551724,32.22199196551724,30.624296,0.0,0.0,0.0,0.0,0.0,0.0,0.0,140870.8082142857,1362533.5036927655,0.0,0.0,0.0,0.0
2020-05-26 19:30:00,4136001,0.0,1.375,44.0,32.0799193,32.0799193,30.424236099999995,0.0,0.0,0.0,0.0,0.0,0.0,0.0,140870.8082142857,1362533.5036927655,0.0,0.0,0.0,0.0
2020-05-26 19:45:00,4136001,0.0,1.4097222222222223,32.0,31.80501475862069,31.80501475862069,30.09996089655173,0.0,0.0,0.0,0.0,0.0,0.0,0.0,140870.8082142857,1362533.5036927655,0.0,0.0,0.0,0.0
2020-05-26 20:00:00,4136001,0.0,1.4444444444444444,20.0,31.45492246666667,31.45492246666667,30.05427043333334,0.0,0.0,0.0,0.0,0.0,0.0,0.0,140870.8082142857,1362533.5036927655,0.0,0.0,0.0,0.0
2020-05-26 20:15:00,4136001,0.0,1.7152777777777777,21.25,31.126100566666665,31.126100566666665,29.75645233333333,0.0,0.0,0.0,0.0,0.0,0.0,0.0,140870.8082142857,1362533.5036927655,0.0,0.0,0.0,0.0
2020-05-26 20:30:00,4136001,0.0,1.9861111111111112,22.5,30.858330896551724,30.858330896551724,29.46983806896552,0.0,0.0,0.0,0.0,0.0,0.0,0.0,140870.8082142857,1362533.5036927655,0.0,0.0,0.0,0.0
2020-05-26 20:45:00,4136001,0.0,2.256944444444444,23.75,30.67841600000001,30.67841600000001,29.306706600000005,0.0,0.0,0.0,0.0,0.0,0.0,0.0,140870.8082142857,1362533.5036927655,0.0,0.0,0.0,0.0
2020-05-26 21:00:00,4136001,0.0,2.5277777777777777,25.0,30.486038333333337,30.486038333333337,29.092833533333337,0.0,0.0,0.0,0.0,0.0,0.0,0.0,140870.8082142857,1362533.5036927655,0.0,0.0,0.0,0.0
2020-05-26 21:15:00,4136001,0.0,2.520833333333333,36.0,30.262353379310344,30.262353379310344,28.856250758620693,0.0,0.0,0.0,0.0,0.0,0.0,0.0,140870.8082142857,1362533.5036927655,0.0,0.0,0.0,0.0
2020-05-26 21:30:00,4136001,0.0,2.513888888888889,47.0,30.00443303333333,30.00443303333333,28.625546266666667,0.0,0.0,0.0,0.0,0.0,0.0,0.0,140870.8082142857,1362533.5036927655,0.0,0.0,0.0,0.0
2020-05-26 21:45:00,4136001,0.0,2.5069444444444446,58.0,29.73663531034483,29.73663531034483,28.47653510344828,0.0,0.0,0.0,0.0,0.0,0.0,0.0,140870.8082142857,1362533.5036927655,0.0,0.0,0.0,0.0
2020-05-26 22:00:00,4136001,0.0,2.5,69.0,29.409286366666677,29.409286366666677,28.10703326666667,0.0,0.0,0.0,0.0,0.0,0.0,0.0,140870.8082142857,1362533.5036927655,0.0,0.0,0.0,0.0
2020-05-26 22:15:00,4136001,0.0,2.5,57.5,29.19312466666667,29.19312466666667,27.9139822,0.0,0.0,0.0,0.0,0.0,0.0,0.0,140870.8082142857,1362533.5036927655,0.0,0.0,0.0,0.0
2020-05-26 22:30:00,4136001,0.0,2.5,46.0,28.909453172413787,28.909453172413787,27.65186386206896,0.0,0.0,0.0,0.0,0.0,0.0,0.0,140870.8082142857,1362533.5036927655,0.0,0.0,0.0,0.0
2020-05-26 22:45:00,4136001,0.0,2.5,34.5,28.72979013333333,28.72979013333333,27.43372276666667,0.0,0.0,0.0,0.0,0.0,0.0,0.0,140870.8082142857,1362533.5036927655,0.0,0.0,0.0,0.0
2020-05-26 23:00:00,4136001,0.0,2.5,23.0,28.394730206896547,28.394730206896547,27.17892455172414,0.0,0.0,0.0,0.0,0.0,0.0,0.0,140870.8082142857,1362533.5036927655,0.0,0.0,0.0,0.0
2020-05-26 23:15:00,4136001,0.0,2.5,23.5,28.08758353333333,28.08758353333333,26.901304100000004,0.0,0.0,0.0,0.0,0.0,0.0,0.0,140870.8082142857,1362533.5036927655,0.0,0.0,0.0,0.0
2020-05-26 23:30:00,4136001,0.0,2.5,24.0,27.919102966666667,27.919102966666667,26.765421533333345,0.0,0.0,0.0,0.0,0.0,0.0,0.0,140870.8082142857,1362533.5036927655,0.0,0.0,0.0,0.0
2020-05-26 23:45:00,4136001,0.0,2.5,24.5,27.749124413793112,27.749124413793112,26.54149862068965,0.0,0.0,0.0,0.0,0.0,0.0,0.0,140870.8082142857,1362533.5036927655,0.0,0.0,0.0,0.0
2020-05-27 00:00:00,4136001,0.0,2.5,25.0,27.54517020000001,27.54517020000001,26.29030273333333,0.0,0.0,0.0,0.0,0.0,0.0,0.0,0.0,1362533.5036927655,0.0,0.0,0.0,0.0
2020-05-27 00:15:00,4136001,0.0,2.513888888888889,29.75,27.3088651724138,27.3088651724138,25.93619079310345,0.0,0.0,0.0,0.0,0.0,0.0,0.0,0.0,1362533.5036927655,0.0,0.0,0.0,0.0
2020-05-27 00:30:00,4136001,0.0,2.5277777777777777,34.5,27.243481233333338,27.243481233333338,25.818330900000003,0.0,0.0,0.0,0.0,0.0,0.0,0.0,0.0,1362533.5036927655,0.0,0.0,0.0,0.0
2020-05-27 00:45:00,4136001,0.0,2.5416666666666665,39.25,27.037514333333338,27.037514333333338,25.7874807,0.0,0.0,0.0,0.0,0.0,0.0,0.0,0.0,1362533.5036927655,0.0,0.0,0.0,0.0
2020-05-27 01:00:00,4136001,0.0,2.5555555555555554,44.0,26.721017896551725,26.721017896551725,25.61978475862069,0.0,0.0,0.0,0.0,0.0,0.0,0.0,0.0,1362533.5036927655,0.0,0.0,0.0,0.0
2020-05-27 01:15:00,4136001,0.0,2.423611111111111,34.25,26.4405285,26.4405285,25.53565873333333,0.0,0.0,0.0,0.0,0.0,0.0,0.0,0.0,1362533.5036927655,0.0,0.0,0.0,0.0
2020-05-27 01:30:00,4136001,0.0,2.2916666666666665,24.5,26.336817137931032,26.336817137931032,25.409315517241385,0.0,0.0,0.0,0.0,0.0,0.0,0.0,0.0,1362533.5036927655,0.0,0.0,0.0,0.0
2020-05-27 01:45:00,4136001,0.0,2.159722222222222,14.75,26.302457966666665,26.302457966666665,25.441988166666675,0.0,0.0,0.0,0.0,0.0,0.0,0.0,0.0,1362533.5036927655,0.0,0.0,0.0,0.0
2020-05-27 02:00:00,4136001,0.0,2.0277777777777777,5.0,26.29570036666667,26.29570036666667,25.482374166666677,0.0,0.0,0.0,0.0,0.0,0.0,0.0,0.0,1362533.5036927655,0.0,0.0,0.0,0.0
2020-05-27 02:15:00,4136001,0.0,1.8888888888888888,3.75,26.32174162068965,26.32174162068965,25.656483517241384,0.0,0.0,0.0,0.0,0.0,0.0,0.0,0.0,1362533.5036927655,0.0,0.0,0.0,0.0
2020-05-27 02:30:00,4136001,0.0,1.75,2.5,26.358147999999996,26.358147999999996,25.897240100000005,0.0,0.0,0.0,0.0,0.0,0.0,0.0,0.0,1362533.5036927655,0.0,0.0,0.0,0.0
2020-05-27 02:45:00,4136001,0.0,1.611111111111111,1.25,26.346510068965515,26.346510068965515,25.92935379310345,0.0,0.0,0.0,0.0,0.0,0.0,0.0,0.0,1362533.5036927655,0.0,0.0,0.0,0.0
2020-05-27 03:00:00,4136001,0.0,1.472222222222222,0.0,26.33055106666666,26.33055106666666,25.81833503333333,0.0,0.0,0.0,0.0,0.0,0.0,0.0,0.0,1362533.5036927655,0.0,0.0,0.0,0.0
2020-05-27 03:15:00,4136001,0.0,1.5208333333333333,1.75,26.293633066666665,26.293633066666665,25.58749793333333,0.0,0.0,0.0,0.0,0.0,0.0,0.0,0.0,1362533.5036927655,0.0,0.0,0.0,0.0
2020-05-27 03:30:00,4136001,0.0,1.5694444444444444,3.5,26.139750413793102,26.139750413793102,25.26662448275862,0.0,0.0,0.0,0.0,0.0,0.0,0.0,0.0,1362533.5036927655,0.0,0.0,0.0,0.0
2020-05-27 03:45:00,4136001,0.0,1.6180555555555556,5.25,25.990677766666664,25.990677766666664,24.988451099999995,0.0,0.0,0.0,0.0,0.0,0.0,0.0,0.0,1362533.5036927655,0.0,0.0,0.0,0.0
2020-05-27 04:00:00,4136001,0.0,1.6666666666666665,7.0,25.853110586206896,25.853110586206896,24.63523813793103,0.0,0.0,0.0,0.0,0.0,0.0,0.0,0.0,1362533.5036927655,0.0,0.0,0.0,0.0
2020-05-27 04:15:00,4136001,0.0,1.7430555555555556,8.5,25.729985533333338,25.729985533333338,24.491960533333337,0.0,0.0,0.0,0.0,0.0,0.0,0.0,0.0,1362533.5036927655,0.0,0.0,0.0,0.0
2020-05-27 04:30:00,4136001,0.0,1.8194444444444444,10.0,25.6414103,25.6414103,24.403943,0.0,0.0,0.0,0.0,0.0,0.0,0.0,0.0,1362533.5036927655,0.0,0.0,0.0,0.0
2020-05-27 04:45:00,4136001,0.0,1.895833333333333,11.5,25.632463206896556,25.632463206896556,24.421985482758625,0.0,0.0,0.0,0.0,0.0,0.0,0.0,0.0,1362533.5036927655,0.0,0.0,0.0,0.0
2020-05-27 05:00:00,4136001,0.0,1.972222222222222,13.0,25.662893466666667,25.662893466666667,24.5508331,0.0,0.0,0.0,0.0,0.0,0.0,0.0,0.0,1362533.5036927655,0.0,0.0,0.0,0.0
2020-05-27 05:15:00,4136001,0.0,2.256944444444444,11.5,25.65468393103448,25.65468393103448,24.54721051724137,0.0,0.0,0.0,0.0,0.0,0.0,0.0,0.0,1362533.5036927655,0.0,0.0,0.0,0.0
2020-05-27 05:30:00,4136001,0.0089570142666666,2.5416666666666665,10.0,25.67775883333333,25.677970158431044,24.7202515,0.2281864323611826,0.0,0.0,0.0,0.0,0.0,0.0,0.0,1362533.5036927655,8.932723913140834e-06,0.0,-0.2281864323611826,0.0
2020-05-27 05:45:00,4136001,1.0940335161666,2.826388888888889,8.5,25.8521579,25.876835811603602,25.229091366666665,27.84906614653882,0.0,0.0,0.0,0.0,0.0,0.0,0.0,1362533.5036927655,0.0010901963651023222,0.0,-27.84906614653882,0.0
2020-05-27 06:00:00,4136001,13.587657275862,3.1111111111111107,7.0,25.866408896551725,26.160005639763956,25.49740079310345,345.48616857000167,333.6355397058774,253.4819047619048,244.78714285714284,0.009518478485397629,0.009422224776917457,0.9656986879874959,61.19678571428571,1362594.70047848,0.013524610239577281,0.013060698363902033,-92.00426380809688,-88.84839684873458
2020-05-27 06:15:00,4136001,31.1494365,3.222222222222222,11.0,25.87323526666667,26.535425668452383,25.523671366666665,790.8253266918026,764.5160285790477,706.7104761904762,683.1995238095237,0.02653762788054888,0.026297375775871823,0.966731846812731,231.99666666666667,1362765.5003594323,0.030958125922560288,0.02992820624697779,-84.11485050132637,-81.31650476952393
2020-05-27 06:30:00,4136001,56.5350018275862,3.333333333333333,15.0,25.858954275862068,27.041694899870148,25.846911,1432.3922678458641,1389.6052258276416,1387.1057142857144,1345.6714285714286,0.0520870943857013,0.05179691436357499,0.9701289632884093,568.4145238095239,1363101.9182165752,0.05607329292800407,0.054398325536411885,-45.28655356014974,-43.93379725621298
2020-05-27 06:45:00,4136001,92.4335526333333,3.4444444444444446,19.0,26.015494833333324,27.918986444398673,26.7628153,2333.6456825180935,2270.9527086384533,2176.08,2117.62,0.08171380391811295,0.08151037427541807,0.9731351788537186,1097.8195238095238,1363631.3232165752,0.09135430348475607,0.08890008646069499,-157.56568251809358,-153.33270863845337
2020-05-27 07:00:00,4136001,144.7626058666667,3.555555555555556,23.0,26.345866766666663,29.281037201919435,28.121514933333337,3634.6363364072677,3561.767941352521,3139.4133333333334,3076.473333333334,0.11788785593264467,0.11841807918717386,0.9799516682522426,1866.9378571428567,1364400.4415499084,0.1422836694620187,0.1394311192543559,-495.22300307393425,-485.2946080191873
2020-05-27 07:15:00,4136001,203.2806665517241,3.458333333333333,22.5,26.68681624137931,30.86481781473712,29.731587344827584,5070.98521472278,4973.02035733834,4176.7814285714285,4096.091428571429,0.15684198129806873,0.15766471104786936,0.9806812969795267,2890.9607142857144,1365424.4644070512,0.19851185025338736,0.19467685877229748,-894.2037861513518,-876.9289287669108
2020-05-27 07:30:00,4136001,271.7896166666667,3.3611111111111107,22.0,27.12697023333333,32.790433802132384,31.624971533333333,6726.514013418629,6609.812333984645,5534.891428571429,5438.863809523809,0.20784025996393968,0.20935003671447752,0.9826504963490486,4250.676666666666,1366784.1803594322,0.26332018059967227,0.25875170616498905,-1191.6225848471995,-1170.9485244608359
2020-05-27 07:45:00,4136001,338.8386143333332,3.263888888888889,21.5,27.6012014,34.76102420683219,33.841401999999995,8317.68105349484,8170.03552065102,6972.373333333333,6848.608095238095,0.26181902660006967,0.26361321158116907,0.9822491951910343,5962.828690476191,1368496.3323832415,0.32560896666646466,0.3198291454551192,-1345.307720161507,-1321.427425412925
2020-05-27 08:00:00,4136001,398.0809603448276,3.1666666666666665,21.0,27.946249172413797,36.47777425481473,35.547710517241384,9702.109190403251,9512.842155316488,8480.7,8315.26,0.31845807915533464,0.32006684617514614,0.980492176353367,8041.64369047619,1370575.1473832417,0.3798046267529165,0.37239546507404536,-1221.4091904032502,-1197.5821553164878
2020-05-27 08:15:00,4136001,444.8523619999999,2.7291666666666665,20.5,28.348582066666665,38.535846324982344,36.97313136666667,10748.4814983599,10533.286339539845,9805.046666666669,9608.74,0.36818851362447486,0.36985483406615954,0.979979017607939,10443.828690476192,1372977.3323832415,0.42076654916265027,0.4123423894906966,-943.4348316932319,-924.5463395398456
2020-05-27 08:30:00,4136001,498.7673606896552,2.2916666666666665,20.0,28.668387482758625,40.93064588938813,38.95141403448275,11929.122012458636,11684.743088024996,11243.5,11013.166666666666,0.4222037582962497,0.42391332578912105,0.979514089622152,13197.120357142858,1375730.6240499085,0.4669846158723287,0.4574180108837344,-685.6220124586362,-671.5764213583298
2020-05-27 08:45:00,4136001,552.8661323333331,1.8541666666666665,19.5,29.114828566666667,43.786523181762085,40.6182475,13061.679686648813,12789.076813656622,12507.23761904762,12246.20619047619,0.46965826732477817,0.47137486897538566,0.9791295698920841,16258.671904761904,1378792.1755975275,0.5113204026873679,0.5006489259603297,-554.4420676011923,-542.8706231804317
2020-05-27 09:00:00,4136001,610.3561627586208,1.4166666666666665,19.0,29.509938137931037,47.104523400502984,42.32373655172415,14212.973211495555,13910.95105679148,13738.513333333332,13446.573333333334,0.5158938019955058,0.5175788031478056,0.9787502480860375,19620.31523809524,1382153.8189308608,0.5563896344292643,0.5445664927301421,-474.4598781622226,-464.37772345814665
2020-05-27 09:15:00,4136001,669.3973010000001,1.583333333333333,19.25,30.09863990000001,48.781232727239754,44.7662934,15473.141131093778,15138.870599854605,14144.46,13838.893333333332,0.5311374724125915,0.5326797891772783,0.9783967244655033,23080.038571428573,1385613.5422641942,0.6057209289917314,0.5926353728657117,-1328.6811310937792,-1299.9772665212731
2020-05-27 09:30:00,4136001,718.648328,1.75,19.5,30.5813742,50.02006308287801,46.6188518,16520.611122891416,16159.126037420438,12426.693333333333,12154.786666666669,0.4666337553722848,0.46785599420002716,0.9781191456670696,26118.73523809524,1388652.2389308608,0.6467258219961407,0.6325749084916985,-4093.9177895580833,-4004.339370753769
2020-05-27 09:45:00,4136001,763.9972810344829,1.9166666666666667,19.75,30.935180586206897,50.98234093872547,48.113867379310335,17487.992806342172,17099.670148188885,10937.68380952381,10694.81142857143,0.4107200792846529,0.4116593545338049,0.97779489833662,28792.438095238096,1391325.9417880038,0.684595529706094,0.6693940163706747,-6550.308996818361,-6404.858719617456
2020-05-27 10:00:00,4136001,798.0560399999999,2.0833333333333335,20.0,31.31298023333333,51.64561819511677,49.45657856666668,18213.514849327796,17804.73831588678,10630.061428571427,10391.48476190476,0.3991685761607024,0.39998385556434146,0.977556416934203,31390.309285714287,1393923.8129784798,0.7129972538394126,0.6969950407471827,-7583.453420756368,-7413.253553982022
2020-05-27 10:15:00,4136001,836.5737737931033,2.5069444444444446,24.5,31.92247924137931,51.771195625342855,51.56761858620689,19081.8455814861,18647.41603885424,10853.013333333332,10605.926666666666,0.40754062508761874,0.40823804655114576,0.9772333582316923,34041.79095238095,1396575.2946451465,0.7469894531801174,0.7299830118948617,-8228.832248152768,-8041.489372187574
2020-05-27 10:30:00,4136001,866.850341,2.930555555555556,29.0,32.06901443333333,51.31311124763015,51.58849673333333,19813.014240849127,19338.548232456436,11017.02,10753.193333333333,0.4136992261506603,0.4139065617324782,0.9760528104091063,36730.08928571428,1399263.5929784798,0.7756122231688835,0.7570384902116436,-8795.994240849126,-8585.354899123104
2020-05-27 10:45:00,4136001,886.4955837931035,3.3541666666666665,33.5,32.310293586206896,50.80110202951093,54.26625848275863,20308.411200025734,19814.08485467202,10394.0,10141.0,0.3903042525664801,0.39034232087296816,0.9756590340581105,39265.33928571429,1401798.8429784798,0.7950053317684765,0.7756541340642795,-9914.411200025734,-9673.084854672019
2020-05-27 11:00:00,4136001,908.3214753333332,3.7777777777777777,38.0,32.85389013333333,50.720166202045625,56.9974366,20815.92460544713,20306.101649869375,10247.499523809523,9996.518095238096,0.3848030250448179,0.38478099535981275,0.9755080321801153,41764.46880952381,1404297.972502289,0.8148727580914907,0.7949149207230133,-10568.425081637606,-10309.58355463128
2020-05-27 11:15:00,4136001,922.354443,4.097222222222222,33.5,33.18971146666667,50.58442043413485,57.36328196666667,21150.310430121943,20630.090791133774,9572.166666666668,9336.726666666667,0.35944365559698954,0.35938463232651596,0.9754036877753207,44098.65047619048,1406632.154168956,0.8279628275639829,0.8075979953467909,-11578.143763455275,-11293.364124467107
2020-05-27 11:30:00,4136001,929.8871575862069,4.416666666666667,29.0,33.38143824137932,50.22416886239375,57.823421,21357.27109705175,20830.322554923197,9698.58,9459.286666666669,0.36419059244335317,0.36410215080064984,0.9753269722646685,46463.47214285714,1408996.9758356228,0.8360646348425035,0.8154363889185046,-11658.691097051751,-11371.035888256529
2020-05-27 11:45:00,4136001,926.0495819999998,4.736111111111112,24.5,33.659670966666674,49.794344405119496,59.5346814,21309.80281780383,20784.032394604186,9723.566666666668,9483.66,0.36512886474058825,0.3650403170072116,0.9753272975965608,48834.38714285714,1411367.8908356228,0.8342064129107,0.8136242863419137,-11586.236151137162,-11300.372394604186
2020-05-27 12:00:00,4136001,919.5128537931032,5.055555555555555,20.0,33.98225544827586,49.41550240687108,59.85890772413794,21194.977217768424,20671.622377953085,9824.152857142855,9581.570952380953,0.3689059686363279,0.3688090566178283,0.9753076007377544,51229.77988095238,1413763.283573718,0.8297113806133656,0.8092238159308313,-11370.82436062557,-11090.051425572132
2020-05-27 12:15:00,4136001,909.2761316666666,4.902777777777778,20.25,34.103615266666665,49.63750322543777,59.78954180000001,20938.392420643573,20421.57586188175,9953.925714285717,9708.235714285714,0.37377905868929706,0.3736845735426608,0.9753172761127409,53656.83880952381,1416190.3425022897,0.8196669571596623,0.7994353439765806,-10984.466706357856,-10713.340147596035
2020-05-27 12:30:00,4136001,900.3745003333333,4.75,20.5,34.4032065,50.06461718591639,61.01963693333333,20694.115151592323,20181.87191777309,11058.553333333331,10784.82,0.4152588409883802,0.4151239196328966,0.975246912947625,56353.043809523806,1418886.5475022893,0.8101043316340703,0.7900517485916261,-9635.561818258991,-9397.05191777309
2020-05-27 12:45:00,4136001,894.425374137931,4.597222222222222,20.75,35.2097264137931,51.055689282743955,62.2064442413793,20466.80460303485,19960.692955737693,10980.62,10709.086666666666,0.41233237269737766,0.41220882988821855,0.9752715845431921,59030.31547619047,1421563.819168956,0.8012058955973712,0.7813933433445955,-9486.184603034848,-9251.606289071027
2020-05-27 13:00:00,4136001,881.3539596666666,4.444444444444445,21.0,34.87108163333334,50.779997872803854,59.03612156666667,20192.52413815785,19694.16577726839,10824.0,10556.86,0.4064511477563576,0.4063493968574108,0.975319660014782,61669.53047619048,1424203.034168956,0.7904687468450909,0.7709597094252648,-9368.524138157849,-9137.30577726839
2020-05-27 13:15:00,4136001,871.650222413793,4.25,21.0,34.894239724137925,51.01501321061458,58.56227693103449,19949.272063775883,19460.34859893505,10753.62,10490.066666666668,0.4038083140738842,0.40377842113981144,0.975491663892407,64292.04714285714,1426825.5508356227,0.7809462542092731,0.7618065609291466,-9195.652063775882,-8970.28193226838
2020-05-27 13:30:00,4136001,855.688654333333,4.055555555555555,21.0,35.0906768,51.31533842937681,59.08446826666667,19557.704356415892,19084.170866703047,10375.480476190476,10124.268095238096,0.38960882742713404,0.38969828472886137,0.9757878797489081,66823.11416666667,1429356.6178594322,0.7656177082174943,0.7470804801997669,-9182.223880225416,-8959.902771464951
2020-05-27 13:45:00,4136001,831.5519148275862,3.861111111111111,21.0,35.51851879310345,51.693424741899136,58.420965896551714,18973.907427290258,18522.911431005923,11227.38,10960.513333333334,0.4215984374812245,0.42188661990853427,0.9762307264324656,69563.2425,1432096.7461927657,0.742764040997857,0.7251090793112516,-7746.527427290259,-7562.398097672589
2020-05-27 14:00:00,4136001,804.0098256666665,3.6666666666666665,21.0,35.476049966666665,51.53055926512246,56.9033244,18358.846753577465,17932.523689013822,11949.614761904762,11672.124761904764,0.44871901655788105,0.449277612570826,0.976778330889408,72481.2736904762,1435014.7773832418,0.7186865043483055,0.7019974041500812,-6409.231991672703,-6260.398927109058
2020-05-27 14:15:00,4136001,770.7152826666666,3.8055555555555554,18.0,35.65742886666667,50.76060900906656,57.16079906666667,17659.230463093263,17261.424372904872,11604.84,11343.42,0.43577240738441325,0.4366252726000241,0.9774731922197979,75317.1286904762,1437850.6323832418,0.6912989024503137,0.6757261449561508,-6054.390463093263,-5918.004372904872
2020-05-27 14:30:00,4136001,727.426555862069,3.944444444444444,15.0,35.912321000000006,49.90667567222142,56.77182734482759,16730.836884755958,16358.589420731381,12582.698095238096,12302.743333333334,0.4724918775573964,0.4735510685176777,0.9777508162569115,78392.81452380952,1440926.318216575,0.6549554466531986,0.640383222577075,-4148.138789517861,-4055.8460873980475
2020-05-27 14:45:00,4136001,695.3102462068966,4.083333333333333,12.0,36.235972448275874,49.372383674553916,57.29486737931035,16030.120347571254,15620.961883396474,13353.623076923075,13012.780476190475,0.5014408191353629,0.5008814645583904,0.974475646139689,81646.00964285714,1444179.5133356228,0.6275247738332845,0.6115076094498522,-2676.4972706481785,-2608.1814072059988
2020-05-27 15:00:00,4136001,645.6942672413793,4.222222222222222,9.0,36.51302789655173,48.496960102219504,55.280168379310346,14944.000174811164,14619.599590582797,12614.21476190476,12340.388571428572,0.4736753573560032,0.47500009027173656,0.9782922523799777,84731.10678571429,1447264.61047848,0.5850068574989691,0.5723076762803991,-2329.7854129064053,-2279.211019154225
2020-05-27 15:15:00,4136001,602.6225323333332,4.541666666666667,18.5,36.57019083333334,47.31883138150659,52.36386706666666,14019.688888975441,13718.85175743753,14801.120476190476,14483.51523809524,0.5557956767948766,0.5574922544558817,0.9785418111685433,88351.98559523809,1450885.4892880036,0.5488232095899566,0.5370464575234891,781.4315872150346,764.6634806577113
2020-05-27 15:30:00,4136001,546.8141826666665,4.861111111111111,28.0,36.45769750000001,45.8450654427754,50.0452634,12803.682091166016,12533.055406147387,14171.606666666668,13872.066666666666,0.5321568546949664,0.5339566806006514,0.9788633704670511,91820.00226190477,1454353.5059546705,0.5012206729757689,0.4906265572968247,1367.9245755006523,1339.011260519279
2020-05-27 15:45:00,4136001,492.5972475862069,5.180555555555555,37.5,36.80793193103448,44.958792319653774,50.016385896551725,11578.7990847763,11338.547575175684,12817.921428571428,12551.959047619048,0.48132472990517994,0.4831437556601982,0.9792507402674864,94957.99202380952,1457491.495716575,0.45327066293898216,0.44386563222453257,1239.1223437951285,1213.411472443364
2020-05-27 16:00:00,4136001,441.205682,5.5,47.0,36.71518786666668,43.76095091361654,48.349578,10424.810517257603,10212.510081291388,11513.823333333334,11279.345238095237,0.43235464790255584,0.434158938779761,0.9796350796386404,97777.82833333334,1460311.3320260989,0.4080959294287572,0.39978508832614557,1089.0128160757304,1066.8351568038488
2020-05-27 16:15:00,4136001,383.355916,5.3125,40.25,36.964430766666666,43.214374373758574,46.67871173333333,9079.34601476221,8898.304505048556,9868.545714285714,9671.76761904762,0.3705729612211301,0.3722808617851365,0.9800600715713118,100195.77023809524,1462729.273930861,0.3554255633103234,0.34833840301618935,789.199699523504,773.4631139990634
2020-05-27 16:30:00,4136001,331.4189710344827,5.125000000000001,33.5,36.57648327586207,42.095074084861864,44.791317793103445,7887.183351318285,7734.272771311462,8713.986666666668,8545.046666666667,0.3272182078898987,0.3289116800941216,0.9806127773127952,102332.03190476193,1464865.5355975274,0.30875644358263005,0.3027705136547842,826.803315348383,810.7738953552052
2020-05-27 16:45:00,4136001,277.3934323333332,4.937500000000001,26.75,36.52530409999999,41.24508686121201,42.988296433333325,6625.563497378017,6508.7187428795805,7252.44,7124.54,0.2723357873276162,0.2742342450204414,0.9823645559287634,104113.1669047619,1466646.6705975274,0.25936831072139427,0.254794235383816,626.8765026219826,615.8212571204194
2020-05-27 17:00:00,4136001,224.7577820689655,4.75,20.0,36.38729220689656,40.29680311434073,41.35595913793104,5390.1349842004565,5297.042277758201,5874.993333333334,5773.526666666667,0.22061139905712146,0.2222317127195186,0.9827290584159527,105556.54857142858,1468090.0522641942,0.21100547990606602,0.2073612165886945,484.85834913287727,476.4843889084659
2020-05-27 17:15:00,4136001,178.7798223333333,4.680555555555556,20.25,36.1450072,39.280670136654095,39.7874309,4306.05524596157,4223.160881128251,4622.20619047619,4533.225714285714,0.17356809047353924,0.17449066624152496,0.9807493494397079,106689.855,1469223.3586927657,0.16856743965400547,0.1653224067773831,316.1509445146203,310.064833157463
2020-05-27 17:30:00,4136001,131.2430646666667,4.611111111111112,20.5,35.660515200000006,37.981757942601114,37.96012950000001,3178.5133079754373,3115.3681136496025,3346.4,3279.919523809524,0.12566039549629296,0.12624902861654375,0.9801337329098505,107509.8348809524,1470043.338573718,0.12442800187807544,0.12195608195927198,167.88669202456276,164.5514101599215
2020-05-27 17:45:00,4136001,98.4507385172413,4.541666666666667,20.75,35.27785006896551,37.03386074438229,36.45135282758619,2393.867129072176,2333.5646362312414,2421.537619047619,2360.538095238096,0.09093096310024965,0.09086065660233644,0.9748095906792008,108099.96940476193,1470633.4730975274,0.093711768607249,0.09135113079785638,27.67048997544316,26.973459006854682
2020-05-27 18:00:00,4136001,68.8152109333333,4.472222222222222,21.0,34.87930386666667,36.11721016156383,35.163087999999995,1679.7134747724551,1631.592939226515,1682.72,1634.513333333333,0.06318768249746656,0.06291487309251007,0.9713519381319132,108508.59773809524,1471042.1014308608,0.06575507828430045,0.06387132273347093,3.0065252275448984,2.920394106818094
2020-05-27 18:15:00,4136001,42.457622413793096,4.666666666666667,18.5,34.3074077586207,35.05332522899654,33.987224655172405,1040.9654240780299,1007.6649126677797,1037.4066666666668,1004.22,0.03895557375801587,0.03865393604842245,0.9680099735879854,108759.65273809525,1471293.1564308607,0.040750261267489915,0.03944665933324642,-3.5587574113631035,-3.444912667779704
2020-05-27 18:30:00,4136001,17.0757014,4.861111111111111,16.0,33.31375693333333,33.60690202174535,32.678836133333334,421.18151119495485,406.76049840086256,425.1295238095238,410.5733333333333,0.015964004332732325,0.01580358424434317,0.9657605749284252,108862.29607142856,1471395.799764194,0.016487825844390482,0.0159232921667983,3.9480126145689383,3.812834932470764
2020-05-27 18:45:00,4136001,2.77697229,5.055555555555555,13.5,32.73957140000001,32.786180535448146,31.609019900000003,68.72842041231202,66.27867981400965,17.60809523809524,16.980476190476192,0.0006612001588439638,0.0006536040317245492,0.9643562214349461,108866.5411904762,1471400.044883242,0.0026904842596324925,0.002594585234449389,-51.12032517421678,-49.29820362353345
2020-05-27 19:00:00,4136001,0.1495296034482,5.249999999999999,11.0,32.29425027586207,32.29670520286007,30.93356203448276,3.708247836448753,0.0,0.0,0.0,0.0,0.0,0.0,108866.5411904762,1471400.044883242,0.00014516530970635165,0.0,-3.708247836448753,0.0
2020-05-27 19:15:00,4136001,0.0,5.131944444444445,14.25,31.97675153333334,31.97675153333334,30.48778893333333,0.0,0.0,0.0,0.0,0.0,0.0,0.0,108866.5411904762,1471400.044883242,0.0,0.0,0.0,0.0
2020-05-27 19:30:00,4136001,0.0,5.013888888888889,17.5,31.72019262068965,31.72019262068965,30.12918627586207,0.0,0.0,0.0,0.0,0.0,0.0,0.0,108866.5411904762,1471400.044883242,0.0,0.0,0.0,0.0
2020-05-27 19:45:00,4136001,0.0,4.895833333333333,20.75,31.482985366666675,31.482985366666675,29.89566446666667,0.0,0.0,0.0,0.0,0.0,0.0,0.0,108866.5411904762,1471400.044883242,0.0,0.0,0.0,0.0
2020-05-27 20:00:00,4136001,0.0,4.777777777777778,24.0,31.1700011,31.1700011,29.667542366666662,0.0,0.0,0.0,0.0,0.0,0.0,0.0,108866.5411904762,1471400.044883242,0.0,0.0,0.0,0.0
2020-05-27 20:15:00,4136001,0.0,4.708333333333333,18.5,30.763200344827585,30.763200344827585,29.45844158620689,0.0,0.0,0.0,0.0,0.0,0.0,0.0,108866.5411904762,1471400.044883242,0.0,0.0,0.0,0.0
2020-05-27 20:30:00,4136001,0.0,4.638888888888888,13.0,30.48431633333333,30.48431633333333,29.160376966666668,0.0,0.0,0.0,0.0,0.0,0.0,0.0,108866.5411904762,1471400.044883242,0.0,0.0,0.0,0.0
2020-05-27 20:45:00,4136001,0.0,4.569444444444444,7.5,30.26717013793104,30.26717013793104,28.934176793103447,0.0,0.0,0.0,0.0,0.0,0.0,0.0,108866.5411904762,1471400.044883242,0.0,0.0,0.0,0.0
2020-05-27 21:00:00,4136001,0.0,4.5,2.0,29.83689053333333,29.83689053333333,28.655800300000003,0.0,0.0,0.0,0.0,0.0,0.0,0.0,108866.5411904762,1471400.044883242,0.0,0.0,0.0,0.0
2020-05-27 21:15:00,4136001,0.0,4.444444444444445,2.5,29.4307483,29.4307483,28.27520563333333,0.0,0.0,0.0,0.0,0.0,0.0,0.0,108866.5411904762,1471400.044883242,0.0,0.0,0.0,0.0
2020-05-27 21:30:00,4136001,0.0,4.388888888888889,3.0,29.027173344827585,29.027173344827585,27.961456172413797,0.0,0.0,0.0,0.0,0.0,0.0,0.0,108866.5411904762,1471400.044883242,0.0,0.0,0.0,0.0
2020-05-27 21:45:00,4136001,0.0,4.333333333333333,3.5,28.65424503333333,28.65424503333333,27.580540966666664,0.0,0.0,0.0,0.0,0.0,0.0,0.0,108866.5411904762,1471400.044883242,0.0,0.0,0.0,0.0
2020-05-27 22:00:00,4136001,0.0,4.277777777777778,4.0,28.21444182758621,28.21444182758621,27.12730151724138,0.0,0.0,0.0,0.0,0.0,0.0,0.0,108866.5411904762,1471400.044883242,0.0,0.0,0.0,0.0
2020-05-27 22:15:00,4136001,0.0,4.076388888888889,4.5,27.881787100000004,27.881787100000004,26.8362142,0.0,0.0,0.0,0.0,0.0,0.0,0.0,108866.5411904762,1471400.044883242,0.0,0.0,0.0,0.0
2020-05-27 22:30:00,4136001,0.0,3.8749999999999996,5.0,27.65537803333333,27.65537803333333,26.557822666666667,0.0,0.0,0.0,0.0,0.0,0.0,0.0,108866.5411904762,1471400.044883242,0.0,0.0,0.0,0.0
2020-05-27 22:45:00,4136001,0.0,3.6736111111111107,5.5,27.54581510344828,27.54581510344828,26.455545448275863,0.0,0.0,0.0,0.0,0.0,0.0,0.0,108866.5411904762,1471400.044883242,0.0,0.0,0.0,0.0
2020-05-27 23:00:00,4136001,0.0,3.4722222222222223,6.0,27.433627633333337,27.433627633333337,26.35103059999999,0.0,0.0,0.0,0.0,0.0,0.0,0.0,108866.5411904762,1471400.044883242,0.0,0.0,0.0,0.0
2020-05-27 23:15:00,4136001,0.0,3.256944444444444,4.5,27.2775927,27.2775927,26.15223796666667,0.0,0.0,0.0,0.0,0.0,0.0,0.0,108866.5411904762,1471400.044883242,0.0,0.0,0.0,0.0
2020-05-27 23:30:00,4136001,0.0,3.0416666666666665,3.0,27.151248275862077,27.151248275862077,26.12445275862069,0.0,0.0,0.0,0.0,0.0,0.0,0.0,108866.5411904762,1471400.044883242,0.0,0.0,0.0,0.0
2020-05-27 23:45:00,4136001,0.0,2.826388888888889,1.5,27.031506266666668,27.031506266666668,26.02319926666667,0.0,0.0,0.0,0.0,0.0,0.0,0.0,108866.5411904762,1471400.044883242,0.0,0.0,0.0,0.0
2020-05-28 00:00:00,4136001,0.0,2.611111111111111,0.0,26.95437820689655,26.95437820689655,25.935048896551727,0.0,0.0,0.0,0.0,0.0,0.0,0.0,0.0,1471400.044883242,0.0,0.0,0.0,0.0
2020-05-28 00:15:00,4136001,0.0,2.4722222222222223,0.25,26.77435536666667,26.77435536666667,25.772069266666666,0.0,0.0,0.0,0.0,0.0,0.0,0.0,0.0,1471400.044883242,0.0,0.0,0.0,0.0
2020-05-28 00:30:00,4136001,0.0,2.3333333333333335,0.5,26.6561134,26.6561134,25.659902,0.0,0.0,0.0,0.0,0.0,0.0,0.0,0.0,1471400.044883242,0.0,0.0,0.0,0.0
2020-05-28 00:45:00,4136001,0.0,2.1944444444444446,0.75,26.550078275862067,26.550078275862067,25.492629448275864,0.0,0.0,0.0,0.0,0.0,0.0,0.0,0.0,1471400.044883242,0.0,0.0,0.0,0.0
2020-05-28 01:00:00,4136001,0.0,2.055555555555556,1.0,26.52567636666667,26.52567636666667,25.465288200000003,0.0,0.0,0.0,0.0,0.0,0.0,0.0,0.0,1471400.044883242,0.0,0.0,0.0,0.0
2020-05-28 01:15:00,4136001,0.0,1.9791666666666665,0.75,26.47003672413793,26.47003672413793,25.33668044827586,0.0,0.0,0.0,0.0,0.0,0.0,0.0,0.0,1471400.044883242,0.0,0.0,0.0,0.0
2020-05-28 01:30:00,4136001,0.0,1.9027777777777777,0.5,26.33213006666666,26.33213006666666,25.194514000000005,0.0,0.0,0.0,0.0,0.0,0.0,0.0,0.0,1471400.044883242,0.0,0.0,0.0,0.0
2020-05-28 01:45:00,4136001,0.0,1.8263888888888888,0.25,26.23442876666667,26.23442876666667,25.040356366666668,0.0,0.0,0.0,0.0,0.0,0.0,0.0,0.0,1471400.044883242,0.0,0.0,0.0,0.0
2020-05-28 02:00:00,4136001,0.0,1.75,0.0,26.130086,26.130086,24.88745427586207,0.0,0.0,0.0,0.0,0.0,0.0,0.0,0.0,1471400.044883242,0.0,0.0,0.0,0.0
2020-05-28 02:15:00,4136001,0.0,1.6249999999999998,1.0,26.052109866666665,26.052109866666665,24.724460933333333,0.0,0.0,0.0,0.0,0.0,0.0,0.0,0.0,1471400.044883242,0.0,0.0,0.0,0.0
2020-05-28 02:30:00,4136001,0.0,1.5,2.0,25.994292206896557,25.994292206896557,24.62203037931035,0.0,0.0,0.0,0.0,0.0,0.0,0.0,0.0,1471400.044883242,0.0,0.0,0.0,0.0
2020-05-28 02:45:00,4136001,0.0,1.375,3.0,25.821884333333333,25.821884333333333,24.59615866666667,0.0,0.0,0.0,0.0,0.0,0.0,0.0,0.0,1471400.044883242,0.0,0.0,0.0,0.0
2020-05-28 03:00:00,4136001,0.0,1.25,4.0,25.6450083,25.6450083,24.3678171,0.0,0.0,0.0,0.0,0.0,0.0,0.0,0.0,1471400.044883242,0.0,0.0,0.0,0.0
2020-05-28 03:15:00,4136001,0.0,1.326388888888889,5.0,25.4630914137931,25.4630914137931,24.147175793103443,0.0,0.0,0.0,0.0,0.0,0.0,0.0,0.0,1471400.044883242,0.0,0.0,0.0,0.0
2020-05-28 03:30:00,4136001,0.0,1.4027777777777777,6.0,25.396689766666665,25.396689766666665,24.162099200000004,0.0,0.0,0.0,0.0,0.0,0.0,0.0,0.0,1471400.044883242,0.0,0.0,0.0,0.0
2020-05-28 03:45:00,4136001,0.0,1.4791666666666665,7.0,25.322547366666665,25.322547366666665,24.118665499999995,0.0,0.0,0.0,0.0,0.0,0.0,0.0,0.0,1471400.044883242,0.0,0.0,0.0,0.0
2020-05-28 04:00:00,4136001,0.0,1.5555555555555554,8.0,25.22778513793103,25.22778513793103,24.03553620689655,0.0,0.0,0.0,0.0,0.0,0.0,0.0,0.0,1471400.044883242,0.0,0.0,0.0,0.0
2020-05-28 04:15:00,4136001,0.0,1.5069444444444444,8.75,25.1873179,25.1873179,23.98497623333333,0.0,0.0,0.0,0.0,0.0,0.0,0.0,0.0,1471400.044883242,0.0,0.0,0.0,0.0
2020-05-28 04:30:00,4136001,0.0,1.4583333333333333,9.5,25.09606627586207,25.09606627586207,23.83145458620689,0.0,0.0,0.0,0.0,0.0,0.0,0.0,0.0,1471400.044883242,0.0,0.0,0.0,0.0
2020-05-28 04:45:00,4136001,0.0,1.4097222222222223,10.25,25.066149966666664,25.066149966666664,23.70861533333333,0.0,0.0,0.0,0.0,0.0,0.0,0.0,0.0,1471400.044883242,0.0,0.0,0.0,0.0
2020-05-28 05:00:00,4136001,0.0,1.3611111111111112,11.0,24.957902033333333,24.957902033333333,23.6192252,0.0,0.0,0.0,0.0,0.0,0.0,0.0,0.0,1471400.044883242,0.0,0.0,0.0,0.0
2020-05-28 05:15:00,4136001,0.0,1.4722222222222223,10.5,24.824542758620687,24.824542758620687,23.394589137931035,0.0,0.0,0.0,0.0,0.0,0.0,0.0,0.0,1471400.044883242,0.0,0.0,0.0,0.0
2020-05-28 05:30:00,4136001,0.0,1.5833333333333333,10.0,24.733798100000005,24.733798100000005,23.3999888,0.0,0.0,0.0,0.0,0.0,0.0,0.0,0.0,1471400.044883242,0.0,0.0,0.0,0.0
2020-05-28 05:45:00,4136001,0.7518960316205999,1.6944444444444442,9.5,24.625941517241376,24.646490739204225,23.330337000000004,19.234343797600097,0.0,0.0,0.0,0.0,0.0,0.0,0.0,1471400.044883242,0.0007529592404619338,0.0,-19.234343797600097,0.0
2020-05-28 06:00:00,4136001,11.3989684833333,1.8055555555555556,9.0,24.53575763333334,24.84095089928604,23.220302499999995,291.3719018059795,281.19699080418735,252.4495238095238,243.6338095238095,0.009479711631829904,0.009377831244714176,0.9650792992092714,60.908452380952376,1471460.9533356228,0.011406220466078665,0.011007907254029647,-38.92237799645571,-37.56318128037785
2020-05-28 06:15:00,4136001,27.5119194,1.8819444444444444,8.0,24.444755166666667,25.171190427079896,23.262477733333338,702.3107360354471,678.9098705911539,655.3085714285714,633.4738095238096,0.02460743911601274,0.024383358349449203,0.9666801826547726,219.2769047619048,1471619.3217880037,0.027493080291072506,0.026577015877516298,-47.00216460687568,-45.436061067344326
2020-05-28 06:30:00,4136001,50.2204798965517,1.9583333333333333,7.0,24.534789137931035,25.842784447126288,23.769572344827584,1278.5573864331527,1239.133634259614,1224.6,1186.84,0.04598485546400919,0.04568325412729252,0.9691654417769068,515.9869047619047,1471916.0317880036,0.05005117973901557,0.048507873723218395,-53.957386433152806,-52.29363425961401
2020-05-28 06:45:00,4136001,84.5067319333333,2.034722222222222,6.0,24.850560400000003,27.021993095659624,24.952828933333333,2141.2647633642605,2082.61228927459,2105.275238095238,2047.6085714285712,0.07905502003573989,0.07881552923881385,0.9726084905084235,1027.8890476190477,1472427.9339308608,0.08382324381930947,0.08152719864061812,-35.98952526902258,-35.00371784601862
2020-05-28 07:00:00,4136001,123.6372101724137,2.111111111111111,5.0,25.183908448275865,28.318726150416172,26.435457310344827,3116.3862362651503,3048.936018853757,2811.9,2751.04,0.1055894292660848,0.10589166141547877,0.978356271560155,1715.6490476190477,1473115.6939308608,0.12199593800215895,0.11935549104927606,-304.4862362651502,-297.89601885375714
2020-05-28 07:15:00,4136001,193.3547477,2.0833333333333335,5.5,25.478246866666662,30.404482476857744,27.74035556666666,4832.470733906549,4738.239900809911,4147.82,4066.939523809524,0.15575445303831995,0.15654261045003584,0.9805004855103462,2732.3839285714284,1474132.4288118132,0.1891748183169524,0.18548600120610337,-684.6507339065492,-671.300377000387
2020-05-28 07:30:00,4136001,313.0934316666667,2.055555555555556,6.0,26.05972793333333,34.075432789110764,30.890153033333327,7707.631493041862,7574.423066938591,6509.301904761905,6396.80380952381,0.2444302688731634,0.24622258605448852,0.9827173333048516,4331.584880952381,1475731.629764194,0.3017275980834552,0.2965129405730511,-1198.3295882799575,-1177.6192574147808
2020-05-28 07:45:00,4136001,373.6760334482758,2.0277777777777777,6.5,26.61136382758621,36.22484552165042,33.25964879310344,9116.9647858399,8947.787486753014,7862.16619047619,7716.273333333333,0.2952315661465518,0.2970109497508655,0.9814436818545524,6260.653214285714,1477660.6980975275,0.35689821044587594,0.3502754937073014,-1254.7985953637099,-1231.514153419681
2020-05-28 08:00:00,4136001,421.6330299999999,2.0,7.0,27.2177164,38.1182600918304,35.41308373333333,10205.4487962485,10004.196073844621,9085.473333333332,8906.306666666667,0.34116787363665124,0.3428171200742585,0.9802798753467993,8487.229880952382,1479887.2747641942,0.3995086629966138,0.391630302362287,-1119.9754629151685,-1097.8894071779541
2020-05-28 08:15:00,4136001,463.0431651724139,1.7013888888888888,7.75,27.694369551724133,40.33287286588077,36.99113927586206,11102.981931305998,10879.040934994968,10636.22,10421.693333333333,0.3993998361778571,0.4011466288491936,0.9798305538371088,11092.653214285714,1482492.6980975275,0.43464403724039924,0.4258775077312573,-466.7619313059986,-457.34760166163505
2020-05-28 08:30:00,4136001,514.4629306666667,1.4027777777777777,8.5,27.86624953333333,42.73726935315315,38.409922400000006,12209.545941225164,11958.27139417865,12014.546666666669,11767.285238095235,0.4511572692571127,0.45294048222190236,0.9794198286933756,14034.474523809524,1485434.5194070511,0.4779622603728778,0.4681257151763026,-194.99927455849502,-190.98615608341424
2020-05-28 08:45:00,4136001,576.7309066666667,1.1041666666666667,9.25,28.353888033333337,46.07083470921589,40.10097536666666,13490.879050691814,13207.059511620853,13722.342857142858,13433.65380952381,0.5152865857531383,0.5170815112724104,0.9789621167008827,17392.887976190475,1488792.9328594322,0.5281221002423885,0.5170115291298044,231.46380645104364,226.5942979029569
2020-05-28 09:00:00,4136001,635.3010537931034,0.8055555555555555,10.0,28.817779586206896,49.640495213643916,42.35615389655172,14629.226152609675,14315.983044254868,14996.16238095238,14675.06238095238,0.5631196795712128,0.5648651916710914,0.9785878552230235,21061.65357142857,1492461.6984546704,0.5726845234922558,0.5604221195637059,366.93622834270536,359.0793366975122
2020-05-28 09:15:00,4136001,689.092685,1.2777777777777777,15.0,29.13839216666667,49.56200464443786,43.758472733333335,15873.425280333053,15528.322495462988,16001.473333333332,15653.586666666666,0.600870029760355,0.6025300610839972,0.9782590853092279,24975.05023809524,1496375.095121337,0.6213906940823274,0.6078810920126438,128.04805300027874,125.26417120367842
2020-05-28 09:30:00,4136001,730.3585513793101,1.7499999999999996,20.0,29.812256862068967,49.567695092507435,45.42635168965517,16823.570342022533,16452.730852951496,17047.4,16671.626666666667,0.6401455373486448,0.6417159496888208,0.9779571469354075,29142.956904761904,1500543.0017880036,0.6585856465853409,0.6440685399472106,223.82965797746874,218.89581371517124
2020-05-28 09:45:00,4136001,795.4705493333331,2.222222222222222,25.0,29.88314706666666,49.67097167694858,47.08923636666668,18315.00947503952,17902.580081972636,15596.063333333334,15244.860952380952,0.5856465116698243,0.5867975944717551,0.9774813442696298,32954.17214285714,1504354.2170260989,0.7169704237635356,0.7008252136219469,-2718.946141706185,-2657.7191295916837
2020-05-28 10:00:00,4136001,819.0595527586207,2.694444444444444,30.0,30.26816117241379,49.12746471279189,48.527451137931045,18903.61243913714,18473.852902250965,13857.900952380953,13542.851904761905,0.5203769168134847,0.5212847099638753,0.9772657454616228,36339.88511904762,1507739.9300022894,0.7400122309311858,0.7231886045116839,-5045.711486756189,-4931.00099748906
2020-05-28 10:15:00,4136001,850.2744063333334,3.0486111111111107,29.25,30.916080633333333,49.45976759333189,50.25051286666668,19595.169691512394,19144.238247954145,13712.165238095238,13396.615714285716,0.5149044068041979,0.5156558593587972,0.9769876224264815,39689.03904761904,1511089.0839308607,0.7670843488554471,0.7494319141888489,-5883.004453417156,-5747.622533668429
2020-05-28 10:30:00,4136001,892.8550653333334,3.4027777777777777,28.5,31.428188,49.92337319592612,51.578083333333325,20534.175190815513,20034.230952332382,13940.739523809523,13601.325238095238,0.5234875813031041,0.5235354363855804,0.975653064521104,43089.370357142856,1514489.4152403846,0.8038432253206308,0.7842721061786018,-6593.43566700599,-6432.905714237144
2020-05-28 10:45:00,4136001,944.926685862069,3.7569444444444446,27.75,31.867666034482763,50.50619231017819,53.97435779310345,21675.46278322924,21138.808862090926,13776.766666666666,13435.673333333332,0.5173302498187542,0.5171592457769827,0.9752414088453265,46448.28869047619,1517848.333573718,0.8485207587875999,0.8275125802345245,-7898.696116562573,-7703.135528757593
2020-05-28 11:00:00,4136001,950.091591,4.111111111111112,27.0,32.250002933333334,50.135763306074296,54.97252803333333,21829.900772424226,21285.4300645441,13565.814285714288,13227.46238095238,0.5094087940390026,0.5091448935056532,0.9750584891083011,49755.154285714285,1521155.199168956,0.8545664815981298,0.8332523023896692,-8264.086486709937,-8057.96768359172
2020-05-28 11:15:00,4136001,929.5386206896552,3.458333333333333,25.0,32.65010024137931,51.75478877677455,55.2399158275862,21203.88737126167,20675.045357972904,13402.76380952381,13068.488095238095,0.5032860988071254,0.5030257344833836,0.9750591953244611,53022.27630952381,1524422.3211927656,0.8300601828640309,0.809357813974277,-7801.123561737859,-7606.557262734808
2020-05-28 11:30:00,4136001,939.5630633333332,2.8055555555555554,23.0,33.2425792,54.50447246393603,55.32797343333333,21168.57473850908,20639.363702544983,13763.02,13418.946666666669,0.5168140498515987,0.5165154112550288,0.9750001574266889,56377.01297619048,1527777.0578594322,0.8286778132123344,0.8079609983380303,-7405.5547385090795,-7220.417035878314
2020-05-28 11:45:00,4136001,937.4205993333331,2.1527777777777777,21.0,33.30460926666666,56.902358777889646,55.940555800000006,20890.6214577355,20368.36704406032,13773.36,13429.033333333336,0.5172023263545368,0.5169036622042981,0.9750005324287854,59734.27130952381,1531134.3161927655,0.8177968861904678,0.7973523994543088,-7117.261457735498,-6939.333710726984
2020-05-28 12:00:00,4136001,932.5944065517242,1.5,19.0,33.82084693103447,60.269922556437876,57.21688717241379,20462.165144958642,19950.581838712187,13967.489047619049,13618.281904761903,0.5244920505062007,0.5241881239529738,0.9749985740696412,63138.841785714285,1534538.886668956,0.8010242765691384,0.7809975274500759,-6494.676097339594,-6332.299933950284
2020-05-28 12:15:00,4136001,920.8775076666668,1.625,27.75,33.921571300000004,59.42004859936777,54.12072936666668,20285.052382671736,19777.945370226636,14028.457619047618,13677.759523809524,0.526781476396279,0.5264775068401689,0.9750009512976022,66558.28166666666,1537958.3265499084,0.7940909133948615,0.7742393959767718,-6256.594763624118,-6100.185846417113
2020-05-28 12:30:00,4136001,916.4318455172416,1.7500000000000002,36.5,34.537515655172406,59.32604271812187,56.04204586206897,20195.92632247384,19691.225176314278,13821.926666666666,13476.513333333332,0.5190260493228818,0.5187312387150018,0.9750097550317394,69927.41,1541327.4548832418,0.7906019308073533,0.7708445948840977,-6373.9996558071725,-6214.711842980945
2020-05-28 12:45:00,4136001,911.2355296666668,1.875,45.25,34.8263913,58.91721825747962,56.65080976666667,20119.477838898354,19616.501348267546,13813.906190476191,13468.565714285714,0.5187248730707411,0.5184253229212475,0.9750005196626739,73294.55142857143,1544694.5963118132,0.7876092322919692,0.7679194107757896,-6305.571648422163,-6147.935633981831
2020-05-28 13:00:00,4136001,908.015837,2.0,54.0,34.803477833333346,58.27855117873149,55.043299133333335,20107.645361618786,19604.921571981457,13773.71476190476,13429.349523809526,0.517215647990103,0.5169158328506163,0.9749983759611695,76651.8888095238,1548051.9336927657,0.7871460309891871,0.7674661018587378,-6333.930599714027,-6175.572048171931
2020-05-28 13:15:00,4136001,866.1959731034484,1.875,53.75,35.44179665517242,58.341888475488304,56.94153217241378,19175.955450832138,18705.176676665775,13694.47,13358.264285714286,0.5142399343509799,0.514179655272675,0.9754495271240352,79991.45488095238,1551391.4997641942,0.7506735349709195,0.7322441447119113,-5481.485450832139,-5346.912390951489
2020-05-28 13:30:00,4136001,873.1674043333335,1.7500000000000002,53.5,35.42169006666666,59.03995905052746,57.171374533333335,19268.00784465948,18788.602149737228,1948.2133333333336,1899.74,0.07315720116477945,0.07312384583918868,0.9751190834679294,80466.38988095238,1551866.434764194,0.7542770735822855,0.7355099686724301,-17319.79451132615,-16888.862149737226
2020-05-28 13:45:00,4136001,849.437732413793,1.625,53.25,35.62051265517242,59.14087074499086,58.288988,18735.611306139,18283.45209171917,6171.892857142857,6022.942380952381,0.23176024904055612,0.23183209816242117,0.9758663217852053,81972.12547619047,1553372.1703594322,0.7334355571007632,0.7157350593744047,-12563.718448996142,-12260.509710766788
2020-05-28 14:00:00,4136001,825.664062,1.5,53.0,35.9137401,59.33019109262621,55.18969333333333,18195.275414154235,17768.15266526409,11072.336190476191,10812.42,0.4157763999411774,0.41618628508562255,0.9765256233187937,84675.23047619048,1556075.2753594322,0.7122832418929042,0.6955628367689993,-7122.939223678044,-6955.7326652640895
2020-05-28 14:15:00,4136001,792.9243776666665,1.8125,57.0,35.93972580000001,57.142329654981395,54.244008533333336,17651.049121561915,17247.75584316011,11196.253333333332,10940.44,0.4204296025410456,0.42111396716018695,0.9771518805695716,87410.34047619047,1558810.3853594323,0.6909786307129346,0.6751910684345316,-6454.795788228583,-6307.31584316011
2020-05-28 14:30:00,4136001,756.161510689655,2.125,61.0,36.14210455172413,55.26848650922141,53.37273834482759,16977.463797479482,16595.274261560047,12015.805238095238,11745.310476190476,0.4512045297709408,0.45209464063206556,0.9774884199148653,90346.6680952381,1561746.71297848,0.6646100527492457,0.6496486303213954,-4961.658559384245,-4849.963785369571
2020-05-28 14:45:00,4136001,716.6423916666665,2.4375,65.0,36.35511349999999,53.55212331862538,52.16838669999999,16215.857277868825,15852.393307465012,12799.89087912088,12512.992747252749,0.4806476662024034,0.4816438842352091,0.9775858923659952,93474.91628205129,1564874.9611652931,0.6347957438977814,0.6205673637684483,-3415.9663987479453,-3339.4005602122634
2020-05-28 15:00:00,4136001,678.660646551724,2.75,69.0,36.45796251724138,51.94896106898125,52.2840965862069,15467.595827298903,15127.650117658322,16618.490952380955,16253.250952380951,0.6240396084233077,0.6256120400831438,0.9780220718567907,97538.22902014652,1568938.2739033883,0.6055038491798357,0.5921961290921246,1150.895125082052,1125.6008347226289
2020-05-28 15:15:00,4136001,634.0104356666667,2.7430555555555554,69.0,36.6095683,51.097096107293154,52.34130329999999,14505.14353966871,14190.306325908034,15936.966666666667,15591.051428571427,0.5984477451424131,0.6001229858473894,0.9782947881281105,101435.99187728936,1572836.0367605311,0.5678271105761875,0.5555023028345286,1431.823126997957,1400.7451026633935
2020-05-28 15:30:00,4136001,576.7240336666666,2.736111111111111,69.0,36.39649043333333,49.589308314304766,49.668291966666665,13283.375818139186,13000.13344737189,14512.293333333331,14202.846666666668,0.5449499521350951,0.5466888996025605,0.9786769286177607,104986.70354395604,1576386.7484271978,0.5199990533622699,0.5089110764287293,1228.9175151941454,1202.7132192947774
2020-05-28 15:45:00,4136001,518.1575251724137,2.7291666666666665,69.0,36.59087493103448,48.45685134764669,49.00247848275863,11994.403106252983,11743.568682644915,13171.858095238094,12896.4,0.4946153770226713,0.4964018052367761,0.9790873775555115,108210.80354395603,1579610.848427198,0.4695401490018784,0.4597208331432732,1177.4549889851114,1152.831317355085
2020-05-28 16:00:00,4136001,451.6247826666666,2.7222222222222223,69.0,36.38811346666667,46.741730675897905,46.913487800000006,10533.438986517007,10318.223242969985,11621.94380952381,11384.488095238095,0.4364146711512239,0.4382060452663361,0.9795683305497376,111056.92556776556,1582456.9704510074,0.4123483651014683,0.40392339960735896,1088.5048230068023,1066.2648522681102
2020-05-28 16:15:00,4136001,389.3451389655172,3.6527777777777777,64.75,36.4456671724138,44.234906723589496,45.08533996551724,9180.593773745464,8997.552342090752,10047.572857142855,9847.245714285717,0.3772955949696359,0.37903527722322017,0.9800621358306723,113518.736996337,1584918.7818795787,0.35938906924037833,0.35222361879392255,866.9790833973912,849.6933721949645
2020-05-28 16:30:00,4136001,331.14196600000014,4.583333333333333,60.5,36.29604069999999,42.17256183575864,43.55533243333334,7877.969240880177,7725.811268779212,8557.681904761905,8392.395714285714,0.32134882042907326,0.32303591566893175,0.980685635161992,115616.83592490845,1587016.8808081502,0.3083957424498014,0.3024392745656376,679.7126638817281,666.5844455065026
2020-05-28 16:45:00,4136001,246.0547723333333,5.513888888888889,56.25,36.0796324,40.003012330372854,41.75067123333333,5908.265274061075,5804.3565378428075,6287.973333333333,6177.386666666667,0.23611917760483214,0.2377768906810369,0.9824129873324315,117161.1825915751,1588561.2274748168,0.23128852120027696,0.2272208470480645,379.70805927225865,373.03012882385974
2020-05-28 17:00:00,4136001,224.9348289655172,6.444444444444444,52.0,36.11797693103448,39.3741267423477,40.40012637931034,5415.587564898377,5321.669503608698,5765.273809523809,5665.291428571429,0.21649133010075947,0.2180655758456074,0.9826578261058101,118577.50544871794,1589977.5503319595,0.21200186200424262,0.208325288847473,349.68624462543175,343.6219249627311
2020-05-28 17:15:00,4136001,181.62613714285712,6.194444444444445,64.0,35.92730935714287,38.62325914403402,39.34080710714285,4386.811618896277,4302.474051949056,4618.219743589743,4529.433296703297,0.17341839572922418,0.17434469039290645,0.9807747461541463,119709.86377289378,1591109.9086561354,0.17172877740834908,0.16842724807003545,231.40812469346656,226.9592447542409
2020-05-28 17:30:00,4136001,137.97016034482752,5.944444444444444,76.0,35.61566613793104,37.7169478976756,37.97406434482759,3345.1668725923314,3279.1025983264676,3525.307619047619,3455.6857142857143,0.13237854101590327,0.13301453327303484,0.9802508284991273,120573.7852014652,1591973.830084707,0.13095192298267103,0.12836573099731718,180.14074645528763,176.5831159592467
2020-05-28 17:45:00,4136001,100.7002154999999,5.694444444444445,88.0,35.353067933333335,36.92773901230128,36.5165201,2449.655961612901,2389.073065199486,2494.286666666667,2432.6,0.0936627566980826,0.0936344275471435,0.9752688143303495,121181.9352014652,1592581.980084707,0.09589571194413392,0.09352409728712022,44.63070505376572,43.52693480051403
2020-05-28 18:00:00,4136001,67.1790305666666,5.444444444444445,100.0,34.86090699999999,35.94026160422021,35.0129935,1640.9905145059709,1593.6475804647087,1656.14,1608.36,0.06218957906921786,0.061908192012547776,0.9711497820232587,121584.0252014652,1592984.0700847069,0.06423920589179764,0.06238589079916652,15.14948549402925,14.712419535291247
2020-05-28 18:15:00,4136001,40.7689018275862,5.013888888888889,97.5,34.393154724137936,35.08071525753175,33.77010365517242,999.4476923913775,967.2548165868308,996.874761904762,964.764761904762,0.03743356348351221,0.037135244675905864,0.9677893339995425,121825.2163919414,1593225.2612751832,0.03912498306484155,0.037864741303066385,-2.572930486615519,-2.490054682068717
2020-05-28 18:30:00,4136001,17.6701960233333,4.583333333333333,95.0,33.86342440000001,34.17700374380362,32.70471503333333,434.8157042980312,419.90762553625984,434.06619047619046,419.1838095238096,0.01629958437927544,0.016135014405078005,0.9657140286921352,121930.01234432234,1593330.057227564,0.017021558203093805,0.016437957546927378,-0.7495138218407646,-0.7238160124502429
2020-05-28 18:45:00,4136001,3.0869890448275,4.152777777777778,92.5,33.303918310344834,33.36172168165515,31.744157379310344,76.21960948316666,73.43161026177903,23.69333333333333,22.826666666666668,0.0008897064419352641,0.0008786326836071676,0.963421496904896,121935.719010989,1593335.7638942308,0.002983738871918836,0.0028745981703573705,-52.526276149833336,-50.60494359511236
2020-05-28 19:00:00,4136001,0.0486061466666666,3.7222222222222223,90.0,32.856109499999995,32.857072760932745,31.145240266666665,1.2026212670735863,0.0,0.0,0.0,0.0,0.0,0.0,121935.719010989,1593335.7638942308,4.707853854271232e-05,0.0,-1.2026212670735863,0.0
2020-05-28 19:15:00,4136001,0.0,3.486111111111111,91.75,32.498491433333335,32.498491433333335,30.71850893333333,0.0,0.0,0.0,0.0,0.0,0.0,0.0,121935.719010989,1593335.7638942308,0.0,0.0,0.0,0.0
2020-05-28 19:30:00,4136001,0.0,3.2499999999999996,93.5,32.20801506896552,32.20801506896552,30.300052,0.0,0.0,0.0,0.0,0.0,0.0,0.0,121935.719010989,1593335.7638942308,0.0,0.0,0.0,0.0
2020-05-28 19:45:00,4136001,0.0,3.013888888888889,95.25,31.99126903333333,31.99126903333333,30.080726266666662,0.0,0.0,0.0,0.0,0.0,0.0,0.0,121935.719010989,1593335.7638942308,0.0,0.0,0.0,0.0
2020-05-28 20:00:00,4136001,0.0,2.7777777777777777,97.0,31.82494913793104,31.82494913793104,30.073990482758617,0.0,0.0,0.0,0.0,0.0,0.0,0.0,121935.719010989,1593335.7638942308,0.0,0.0,0.0,0.0
2020-05-28 20:15:00,4136001,0.0,2.694444444444444,96.75,31.52625613333333,31.52625613333333,29.97868233333333,0.0,0.0,0.0,0.0,0.0,0.0,0.0,121935.719010989,1593335.7638942308,0.0,0.0,0.0,0.0
2020-05-28 20:30:00,4136001,0.0,2.611111111111111,96.5,30.8956166,30.8956166,29.62035006666667,0.0,0.0,0.0,0.0,0.0,0.0,0.0,121935.719010989,1593335.7638942308,0.0,0.0,0.0,0.0
2020-05-28 20:45:00,4136001,0.0,2.5277777777777777,96.25,30.473426862068965,30.473426862068965,29.36722851724138,0.0,0.0,0.0,0.0,0.0,0.0,0.0,121935.719010989,1593335.7638942308,0.0,0.0,0.0,0.0
2020-05-28 21:00:00,4136001,0.0,2.4444444444444446,96.0,30.115943400000003,30.115943400000003,28.953561433333338,0.0,0.0,0.0,0.0,0.0,0.0,0.0,121935.719010989,1593335.7638942308,0.0,0.0,0.0,0.0
2020-05-28 21:15:00,4136001,0.0,2.326388888888889,96.25,29.71401663414634,29.71401663414634,28.57717970731707,0.0,0.0,0.0,0.0,0.0,0.0,0.0,121935.719010989,1593335.7638942308,0.0,0.0,0.0,0.0
2020-05-28 21:30:00,4136001,0.0,2.2083333333333335,96.5,29.253361999999992,29.253361999999992,28.184445299999997,0.0,0.0,0.0,0.0,0.0,0.0,0.0,121935.719010989,1593335.7638942308,0.0,0.0,0.0,0.0
2020-05-28 21:45:00,4136001,0.0,2.0902777777777777,96.75,28.92670510344827,28.92670510344827,27.78877189655172,0.0,0.0,0.0,0.0,0.0,0.0,0.0,121935.719010989,1593335.7638942308,0.0,0.0,0.0,0.0
2020-05-28 22:00:00,4136001,0.0,1.972222222222222,97.0,28.64024146666668,28.64024146666668,27.478933666666663,0.0,0.0,0.0,0.0,0.0,0.0,0.0,121935.719010989,1593335.7638942308,0.0,0.0,0.0,0.0
2020-05-28 22:15:00,4136001,0.0,2.1666666666666665,97.5,28.329109766666665,28.329109766666665,27.1190949,0.0,0.0,0.0,0.0,0.0,0.0,0.0,121935.719010989,1593335.7638942308,0.0,0.0,0.0,0.0
2020-05-28 22:30:00,4136001,0.0,2.361111111111111,98.0,28.081277724137937,28.081277724137937,26.83140824137931,0.0,0.0,0.0,0.0,0.0,0.0,0.0,121935.719010989,1593335.7638942308,0.0,0.0,0.0,0.0
2020-05-28 22:45:00,4136001,0.0,2.5555555555555554,98.5,27.772994866666664,27.772994866666664,26.534714800000003,0.0,0.0,0.0,0.0,0.0,0.0,0.0,121935.719010989,1593335.7638942308,0.0,0.0,0.0,0.0
2020-05-28 23:00:00,4136001,0.0,2.75,99.0,27.59085896551724,27.59085896551724,26.317582896551727,0.0,0.0,0.0,0.0,0.0,0.0,0.0,121935.719010989,1593335.7638942308,0.0,0.0,0.0,0.0
2020-05-28 23:15:00,4136001,0.0,2.6666666666666665,98.5,27.44111243333333,27.44111243333333,26.10953556666668,0.0,0.0,0.0,0.0,0.0,0.0,0.0,121935.719010989,1593335.7638942308,0.0,0.0,0.0,0.0
2020-05-28 23:30:00,4136001,0.0,2.5833333333333335,98.0,27.3101562,27.3101562,25.97653576666666,0.0,0.0,0.0,0.0,0.0,0.0,0.0,121935.719010989,1593335.7638942308,0.0,0.0,0.0,0.0
2020-05-28 23:45:00,4136001,0.0,2.5,97.5,27.138604379310344,27.138604379310344,25.851081517241376,0.0,0.0,0.0,0.0,0.0,0.0,0.0,121935.719010989,1593335.7638942308,0.0,0.0,0.0,0.0
2020-05-29 00:00:00,4136001,0.0,2.4166666666666665,97.0,26.99076313333333,26.99076313333333,25.72206513333333,0.0,0.0,0.0,0.0,0.0,0.0,0.0,0.0,1593335.7638942308,0.0,0.0,0.0,0.0
2020-05-29 00:15:00,4136001,0.0,2.2430555555555554,97.5,26.80260293103448,26.80260293103448,25.374184413793103,0.0,0.0,0.0,0.0,0.0,0.0,0.0,0.0,1593335.7638942308,0.0,0.0,0.0,0.0
2020-05-29 00:30:00,4136001,0.0,2.069444444444444,98.0,26.68132143333333,26.68132143333333,25.323287766666667,0.0,0.0,0.0,0.0,0.0,0.0,0.0,0.0,1593335.7638942308,0.0,0.0,0.0,0.0
2020-05-29 00:45:00,4136001,0.0,1.8958333333333333,98.5,26.4969411,26.4969411,25.2111663,0.0,0.0,0.0,0.0,0.0,0.0,0.0,0.0,1593335.7638942308,0.0,0.0,0.0,0.0
2020-05-29 01:00:00,4136001,0.0,1.7222222222222223,99.0,26.38262417241379,26.38262417241379,24.972103793103447,0.0,0.0,0.0,0.0,0.0,0.0,0.0,0.0,1593335.7638942308,0.0,0.0,0.0,0.0
2020-05-29 01:15:00,4136001,0.0,1.7152777777777777,98.75,26.30350463333333,26.30350463333333,24.84053763333333,0.0,0.0,0.0,0.0,0.0,0.0,0.0,0.0,1593335.7638942308,0.0,0.0,0.0,0.0
2020-05-29 01:30:00,4136001,0.0,1.7083333333333335,98.5,26.22506880000001,26.22506880000001,24.94512823333333,0.0,0.0,0.0,0.0,0.0,0.0,0.0,0.0,1593335.7638942308,0.0,0.0,0.0,0.0
2020-05-29 01:45:00,4136001,0.0,1.7013888888888888,98.25,26.097451068965515,26.097451068965515,24.802712379310343,0.0,0.0,0.0,0.0,0.0,0.0,0.0,0.0,1593335.7638942308,0.0,0.0,0.0,0.0
2020-05-29 02:00:00,4136001,0.0,1.6944444444444442,98.0,25.955143300000003,25.955143300000003,24.5328807,0.0,0.0,0.0,0.0,0.0,0.0,0.0,0.0,1593335.7638942308,0.0,0.0,0.0,0.0
2020-05-29 02:15:00,4136001,0.0,1.7430555555555556,98.0,25.833975034482755,25.833975034482755,24.36486489655173,0.0,0.0,0.0,0.0,0.0,0.0,0.0,0.0,1593335.7638942308,0.0,0.0,0.0,0.0
2020-05-29 02:30:00,4136001,0.0,1.7916666666666665,98.0,25.68029873333333,25.68029873333333,24.188002566666665,0.0,0.0,0.0,0.0,0.0,0.0,0.0,0.0,1593335.7638942308,0.0,0.0,0.0,0.0
2020-05-29 02:45:00,4136001,0.0,1.8402777777777777,98.0,25.56937136666667,25.56937136666667,24.0352417,0.0,0.0,0.0,0.0,0.0,0.0,0.0,0.0,1593335.7638942308,0.0,0.0,0.0,0.0
2020-05-29 03:00:00,4136001,0.0,1.8888888888888888,98.0,25.465695000000004,25.465695000000004,24.06939603448276,0.0,0.0,0.0,0.0,0.0,0.0,0.0,0.0,1593335.7638942308,0.0,0.0,0.0,0.0
2020-05-29 03:15:00,4136001,0.0,1.923611111111111,97.5,25.375859299999995,25.375859299999995,24.17657473333333,0.0,0.0,0.0,0.0,0.0,0.0,0.0,0.0,1593335.7638942308,0.0,0.0,0.0,0.0
2020-05-29 03:30:00,4136001,0.0,1.9583333333333333,97.0,25.32109213793104,25.32109213793104,24.17932855172414,0.0,0.0,0.0,0.0,0.0,0.0,0.0,0.0,1593335.7638942308,0.0,0.0,0.0,0.0
2020-05-29 03:45:00,4136001,0.0,1.9930555555555554,96.5,25.334724766666668,25.334724766666668,24.2521799,0.0,0.0,0.0,0.0,0.0,0.0,0.0,0.0,1593335.7638942308,0.0,0.0,0.0,0.0
2020-05-29 04:00:00,4136001,0.0,2.0277777777777777,96.0,25.3367522,25.3367522,24.25311673333333,0.0,0.0,0.0,0.0,0.0,0.0,0.0,0.0,1593335.7638942308,0.0,0.0,0.0,0.0
2020-05-29 04:15:00,4136001,0.0,2.0,96.25,25.283853448275863,25.283853448275863,24.245465517241385,0.0,0.0,0.0,0.0,0.0,0.0,0.0,0.0,1593335.7638942308,0.0,0.0,0.0,0.0
2020-05-29 04:30:00,4136001,0.0,1.972222222222222,96.5,25.236387966666666,25.236387966666666,24.3584523,0.0,0.0,0.0,0.0,0.0,0.0,0.0,0.0,1593335.7638942308,0.0,0.0,0.0,0.0
2020-05-29 04:45:00,4136001,0.0,1.9444444444444444,96.75,25.27124972413793,25.27124972413793,24.652820586206897,0.0,0.0,0.0,0.0,0.0,0.0,0.0,0.0,1593335.7638942308,0.0,0.0,0.0,0.0
2020-05-29 05:00:00,4136001,0.0,1.9166666666666667,97.0,25.226778066666668,25.226778066666668,24.49097596666667,0.0,0.0,0.0,0.0,0.0,0.0,0.0,0.0,1593335.7638942308,0.0,0.0,0.0,0.0
2020-05-29 05:15:00,4136001,0.0,1.8680555555555556,97.5,24.964557866666667,24.964557866666667,23.727933766666663,0.0,0.0,0.0,0.0,0.0,0.0,0.0,0.0,1593335.7638942308,0.0,0.0,0.0,0.0
2020-05-29 05:30:00,4136001,0.0,1.8194444444444446,98.0,24.767082344827585,24.767082344827585,23.24329237931035,0.0,0.0,0.0,0.0,0.0,0.0,0.0,0.0,1593335.7638942308,0.0,0.0,0.0,0.0
2020-05-29 05:45:00,4136001,0.9392253286666,1.7708333333333333,98.5,24.619948399999995,24.645255919802395,23.00487673333333,24.026555825803097,0.0,0.0,0.0,0.0,0.0,0.0,0.0,1593335.7638942308,0.0009405580671678645,0.0,-24.026555825803097,0.0
2020-05-29 06:00:00,4136001,16.1589714206896,1.7222222222222223,99.0,24.4827584137931,24.922099670473077,23.04052841379311,412.90954802181733,398.71602613369356,372.9657142857143,360.1452380952381,0.014005205344160967,0.013862531120150175,0.9656255905049359,90.03630952380952,1593425.8002037546,0.016164006577483552,0.015608378396308223,-39.943833736103045,-38.570788038455476
2020-05-29 06:15:00,4136001,44.439674,1.6041666666666667,98.75,24.557709733333336,25.793088814575952,23.65191146666667,1131.610178246467,1096.012308935859,1103.28,1068.5733333333333,0.041429177965320974,0.04113099250136053,0.9685422860319531,357.1796428571429,1593692.943537088,0.04429869556650879,0.04290515987221997,-28.330178246467085,-27.438975602525716
2020-05-29 06:30:00,4136001,70.5033599333333,1.486111111111111,98.5,24.89217619999999,26.89710609999525,24.824798566666665,1787.341513944875,1736.8177135952892,1823.5266666666669,1771.98,0.0684751022386356,0.068206171555121,0.9717324305649492,800.1746428571429,1594135.938537088,0.06996835051653455,0.06799051531005243,36.18515272179184,35.16228640471081
2020-05-29 06:45:00,4136001,87.852315137931,1.3680555555555556,98.25,25.17763658620689,27.7346420475452,25.749839931034483,2219.6391933992177,2159.244903189224,2239.4328571428573,2178.5,0.08409276192803156,0.08385373691172085,0.9727909426047283,1344.7996428571428,1594680.563537088,0.08689133659812949,0.08452710523347912,19.793663743639627,19.255096810776195
2020-05-29 07:00:00,4136001,99.3941285333333,1.25,98.0,25.373830933333338,28.336398102732243,26.47309786666667,2505.138247125408,2437.7471875751985,2366.1066666666666,2302.4557142857143,0.08884947989473725,0.08862497852494955,0.9730988660495925,1920.413571428572,1595256.177465659,0.09806765500588796,0.09542952388237222,-139.03158045874125,-135.2914732894842
2020-05-29 07:15:00,4136001,112.0997714827586,1.0694444444444444,97.75,25.4577804137931,28.926750597384576,26.799945689655168,2818.6102685621013,2750.832665714339,2647.7314285714288,2584.062857142857,0.09942474853043584,0.09946446040220648,0.9759535386627473,2566.429285714286,1595902.193179945,0.11033902010421222,0.10768575712328593,-170.87883999067253,-166.76980857148192
2020-05-29 07:30:00,4136001,149.2939266666666,0.888888888888889,97.5,25.65482773333333,30.458364627370223,27.552905166666665,3730.4468043594356,3656.4337137310963,3350.76,3284.28,0.12582411750333453,0.12641686989415954,0.98015972495792,3387.4992857142856,1596723.263179945,0.14603432391307244,0.1431369627610529,-379.6868043594354,-372.1537137310961
2020-05-29 07:45:00,4136001,178.0584679310345,0.7083333333333333,97.25,25.90209655172414,31.86820370304042,28.66828651724138,4423.543367231325,4337.293076900721,4007.246666666667,3929.113333333333,0.15047579517826173,0.15123747337602378,0.9805019905604345,4369.777619047619,1597705.5415132784,0.17316670061582795,0.16979029465260212,-416.29670056465784,-408.17974356738796
2020-05-29 08:00:00,4136001,218.879112,0.5277777777777778,97.0,26.17342826666667,33.82386909155307,29.33909613333333,5393.920486747725,5293.0963541785895,5020.969047619048,4927.11619047619,0.18854200224075277,0.18965210225828355,0.981307820013875,5601.556666666666,1598937.3205608977,0.21115366947534644,0.20720674708078252,-372.9514391286766,-365.9801637023993
2020-05-29 08:15:00,4136001,376.8298110344826,0.6875,96.25,26.85397320689655,39.54077771946225,32.288299758620695,9066.232582069624,8892.515953391276,8687.83380952381,8521.36761904762,0.32623614406849977,0.32800023798745753,0.9808391603562091,7731.898571428572,1601067.6624656594,0.35491221695320513,0.3481118008765424,-378.3987725458137,-371.14833434365573
2020-05-29 08:30:00,4136001,517.6104069999999,0.8472222222222221,95.5,27.773820866666664,44.582082175320664,36.704646766666656,12186.67265518369,11935.798853700628,11963.52,11717.24,0.44924117102791383,0.4510141658441551,0.9794140854865457,10661.208571428571,1603996.9724656593,0.47706684890129925,0.4672459915326141,-223.1526551836887,-218.55885370062788
2020-05-29 08:45:00,4136001,617.9401333333332,1.0069444444444444,94.75,28.271382566666663,47.65014017806088,39.75964049999999,14355.125423036237,14049.105979145213,14357.653333333334,14051.58,0.5391430780137867,0.5408664184135866,0.9786822173354234,14174.103571428572,1607509.8674656593,0.5619544107667347,0.5499747887706092,2.5279102970962413,2.4740208547864313
2020-05-29 09:00:00,4136001,706.4269782758623,1.1666666666666667,94.0,28.4639881724138,49.88384803523557,41.57562144827586,16249.493607481794,15893.47306784519,16293.415714285717,15936.432857142858,0.6118327344736606,0.6134172357650498,0.9780903609529913,18158.211785714284,1611493.975679945,0.6361124919742335,0.6221754968817848,43.92210680392236,42.95978929766716
2020-05-29 09:15:00,4136001,791.07714,1.1458333333333333,94.25,29.08187056666668,53.17253337595484,44.60174056666665,17930.81593759697,17529.964726950348,15399.982857142855,15055.709523809524,0.57828350958185,0.5795168718975505,0.9776445638591312,21922.139166666668,1615257.9030608975,0.7019305514815803,0.686238587862609,-2530.8330804541147,-2474.255203140823
2020-05-29 09:30:00,4136001,786.0884686206897,1.125,94.5,29.04403168965517,53.08711071154505,45.56511927586208,17824.60242680676,17423.429741898253,14398.516666666666,14074.45380952381,0.5406775337357457,0.5417468656965695,0.9774933165238416,25440.75261904762,1618776.5165132785,0.6977726532318168,0.682068104987209,-3426.085760140093,-3348.975932374444
2020-05-29 09:45:00,4136001,775.009372,1.1041666666666667,94.75,29.62591830000001,53.43390146565549,46.888681133333336,17545.920738441117,17152.046165944907,13548.22,13244.086666666666,0.5087481124404692,0.509784787230983,0.9775517866307653,28751.774285714288,1622087.538179945,0.6868632115263698,0.671444359598548,-3997.700738441117,-3907.9594992782404
2020-05-29 10:00:00,4136001,747.5488296551724,1.0833333333333333,95.0,29.86575410344828,52.93112990274395,46.87890162068965,16962.62836060306,16585.638707870272,12696.673333333332,12414.493333333332,0.47677175249638504,0.47785249385616047,0.9777752807690833,31855.39761904762,1625191.1615132785,0.6640292957762012,0.6492714311164718,-4265.955027269727,-4171.14537453694
2020-05-29 10:15:00,4136001,713.5236940000002,1.2638888888888888,96.0,29.9178681,51.12528952963294,45.68471990000002,16322.224045489114,15962.696192267178,13185.05238095238,12894.626666666669,0.4951108345774012,0.49633354697338844,0.9779731087981667,35079.05428571429,1628414.818179945,0.6389596416319873,0.624885347123397,-3137.171664536734,-3068.069525600509
2020-05-29 10:30:00,4136001,707.5077343333332,1.4444444444444444,97.0,30.44296473333333,50.72701674977064,47.2638366,16213.39824230311,15858.020148815725,11856.645238095238,11596.761904761905,0.44522792549554335,0.44637678301114136,0.9780812086290368,37978.24476190476,1631314.0086561355,0.6346994810061894,0.6207876354987562,-4356.753004207872,-4261.258244053821
2020-05-29 10:45:00,4136001,706.74245,1.6249999999999998,98.0,30.793403310344825,50.36262524029083,47.35266403448278,16222.175335470853,15863.815184674706,11977.514761904762,11712.92238095238,0.44976668719927076,0.4508479742023354,0.9779092419243819,40906.47535714286,1634242.2392513736,0.6350430743969799,0.6210144914728795,-4244.6605735660905,-4150.892803722327
2020-05-29 11:00:00,4136001,713.380371,1.8055555555555556,99.0,31.1520284,50.251904464257024,47.61166263333334,16382.609295392309,16013.003660341425,10582.933333333332,10344.173333333334,0.39739887287161385,0.39816276762110253,0.9774391473063551,43492.518690476194,1636828.282584707,0.641323519099327,0.6268547136559571,-5799.675962058976,-5668.8303270080905
2020-05-29 11:15:00,4136001,773.3386589655173,2.361111111111111,97.5,31.570711344827583,50.36387438165668,48.41205858620688,17750.68917839707,17347.39077797617,11047.166666666666,10796.173333333334,0.41483126119017383,0.4155609264845856,0.9772798455109154,46191.56202380952,1639527.3259180402,0.6948792005635964,0.6790914377755399,-6703.522511730405,-6551.217444642834
2020-05-29 11:30:00,4136001,748.4819603333333,2.9166666666666665,96.0,31.9604165,48.61185054523544,49.44556586666666,17314.140022076084,16928.141088054912,10791.01523809524,10550.441904761905,0.4052125396323129,0.4061023547322927,0.9777061446003666,48829.1725,1642164.9363942307,0.6777897836005513,0.6626792361736118,-6523.124783980844,-6377.699183293007
2020-05-29 11:45:00,4136001,819.6058627586209,3.4722222222222223,94.5,32.55079382758621,49.363221781609205,52.048067379310346,18896.477061470214,18460.371763308984,11843.967619047618,11570.62476190476,0.4447518692489873,0.4453707251269242,0.9769213437646297,51721.82869047619,1645057.5925847068,0.7397329051270392,0.7226608637036204,-7052.509442422595,-6889.747001404223
2020-05-29 12:00:00,4136001,767.3453496666666,4.027777777777778,93.0,33.23828616666666,47.84048121265461,53.1420321,17810.97540221402,17410.809649280032,10938.149047619048,10692.39761904762,0.41073754940270435,0.411566443379908,0.9775326312064726,54394.928095238094,1647730.6919894689,0.6972392014959491,0.681574071218635,-6872.82635459497,-6718.412030232412
2020-05-29 12:15:00,4136001,765.8345263333333,4.402777777777778,90.5,33.35098180000001,47.24619229321117,52.71200683333333,17822.412314765887,17421.303123520476,11684.646666666667,11421.673333333332,0.4387692210637625,0.43963736092951616,0.9774941133578706,57250.34642857143,1650586.110322802,0.6976869177829668,0.6819848550996467,-6137.765648099219,-5999.629790187144
2020-05-29 12:30:00,4136001,682.6072096551725,4.777777777777778,88.0,33.444806241379304,45.27918921043569,51.32947096551723,16022.751963281913,15669.51442798235,12515.521428571428,12239.604285714286,0.46996933198560104,0.4711207517456308,0.9779540034003492,60310.2475,1653646.0113942306,0.6272363266111534,0.6134082766875064,-3507.230534710485,-3429.910142268065
2020-05-29 12:45:00,4136001,642.3758776666665,5.152777777777778,85.5,33.535686299999995,44.19841146668049,49.74276826666664,15149.34709323727,14819.727973719868,13116.263333333334,12830.88,0.49252774261899135,0.49387984203160923,0.9782420247229965,63517.9675,1656853.7313942309,0.5930454920038077,0.5801420228506505,-2033.083759903935,-1988.8479737198686
2020-05-29 13:00:00,4136001,629.6979582758622,5.527777777777778,83.0,34.05683744827586,44.08227859261374,50.4980903448276,14857.832120580428,14536.235421556687,14079.005238095238,13774.26619047619,0.5286795859471157,0.5301921933845315,0.9783550725022475,66961.53404761905,1660297.2979418498,0.5816336707997819,0.5690442521650689,-778.8268824851893,-761.9692310804967
2020-05-29 13:15:00,4136001,608.4145303333332,5.972222222222222,83.75,34.39466233333333,43.63406294583649,50.26856289999999,14383.510540276953,14074.571585136266,14592.581428571428,14279.151904761904,0.5479648438997566,0.5496260028204738,0.9785213106163761,70531.32202380952,1663867.0859180402,0.5630655917117617,0.5509716807647784,209.07088829447457,204.58031962563837
2020-05-29 13:30:00,4136001,567.4552231034484,6.416666666666667,84.5,34.22270603448277,42.459826416300864,48.8906311724138,13483.277984802826,13197.809429102806,14218.86238095238,13917.82,0.5339313501965808,0.5357177951180567,0.9788279559301695,74010.77702380953,1667346.5409180403,0.5278245443258104,0.5166494198122061,735.5843961495539,720.0105708971932
2020-05-29 13:45:00,4136001,570.4880843333333,6.861111111111111,85.25,34.6315206,42.56267706230131,47.54902343333334,13549.346245366454,13262.122378496913,14363.55761904762,14059.07380952381,0.5393647893686696,0.5411548663971882,0.9788016438824299,77525.54547619048,1670861.309370421,0.5304108923611843,0.5191670533762738,814.2113736811662,796.9514310268969
2020-05-29 14:00:00,4136001,595.2845136666665,7.305555555555555,86.0,34.91430986666667,42.854612836743584,48.02034716666666,14120.515157240327,13818.159068461928,15103.166190476191,14779.769047619047,0.5671377709602793,0.5688955085311189,0.9785874604848702,81220.48773809524,1674556.251632326,0.5527702155897564,0.5409340015056538,982.6510332358648,961.6099791571196
2020-05-29 14:15:00,4136001,566.2095441379311,7.138888888888888,82.5,35.13401651724138,42.803115042744984,48.17732937931035,13433.818399582029,13149.134929436812,14378.91,14074.198571428573,0.5399412853829793,0.5417370411989392,0.9788084473321395,84739.03738095237,1678074.8012751832,0.5258883695275799,0.5147439784473209,945.0916004179708,925.063641991761
2020-05-29 14:30:00,4136001,563.4546516666668,6.972222222222222,79.0,35.50521643333333,43.25669052422158,49.7864919,13342.342095338056,13060.359102428285,14172.260476190477,13872.73761904762,0.5321814058434666,0.5339825065655046,0.978865555170535,88207.22178571428,1681542.985679945,0.5223073828670212,0.5112687062997958,829.9183808524213,812.3785166193356
2020-05-29 14:45:00,4136001,519.0474620689655,6.805555555555555,75.5,35.610545172413794,42.86487727680185,48.46977710344827,12311.580969602648,12054.182632848055,13368.42619047619,13088.93238095238,0.501996689654028,0.5038126657460109,0.9790929907872832,91479.45488095238,1684815.2187751832,0.4819565852261753,0.4718803144587221,1056.8452208735416,1034.7497481043247
2020-05-29 15:00:00,4136001,513.5671423333333,6.638888888888888,72.0,35.63542780000001,42.92937954454387,46.97482506666668,12178.205319582916,11924.188058359614,13224.851428571428,12949.002857142856,0.496605325392661,0.49842656821298076,0.97914165063264,94716.7055952381,1688052.4694894687,0.47673538146732886,0.4667914683249017,1046.6461089885124,1024.8147987832417
2020-05-29 15:15:00,4136001,594.327020333333,6.388888888888888,66.0,36.10386876666665,44.75491709757397,48.93551656666667,13982.400512247814,13684.229934273493,14729.595238095237,14415.490952380953,0.5531098383694003,0.5548738975323593,0.9786752941518777,98320.57833333334,1691656.3422275642,0.5473634962712004,0.5356911307212172,747.1947258474229,731.2610181074597
2020-05-29 15:30:00,4136001,569.7870562068968,6.138888888888889,60.0,36.55113175862069,45.05668566527686,51.36411586206897,13387.493235612843,13102.839022364313,14596.163809523809,14285.81,0.5480993655968922,0.5498822829060503,0.9787373029260396,101892.03083333334,1695227.794727564,0.5240748966769561,0.5129316509048468,1208.6705739109657,1182.9709776356867
2020-05-29 15:45:00,4136001,542.9974348275861,5.888888888888888,54.0,36.71613210344827,45.03410751441007,50.76182420689655,12759.307511335355,12490.7703313224,13833.683516483516,13542.534615384617,0.5194675298385929,0.5212724970192033,0.978953624264139,105277.66448717949,1698613.4283814102,0.4994835588700472,0.48897124021618316,1074.3760051481604,1051.7642840622175
2020-05-29 16:00:00,4136001,495.1415585501567,5.520833333333333,50.625,36.97194377899686,44.86107436732837,49.93720648981191,11643.548567061349,11402.33598852427,14028.923576423575,13738.29458041958,0.5267989735239825,0.5288075920873188,0.9792835854853175,107019.4213053613,1782821.6406071014,0.4558053852832785,0.44636273198372556,2385.3750093622257,2335.9585918953107
2020-05-29 16:15:00,4136001,447.2856822727273,5.152777777777778,47.25,37.22775545454546,44.65220034246524,49.11258877272727,10527.73544753525,10313.016899710905,14224.163636363635,13934.054545454544,0.5341304172093722,0.5363426871554342,0.9796044886486376,108761.17812354313,1867029.8528327923,0.4121250909193678,0.40371958894934057,3696.428188828386,3621.0376457436396
2020-05-29 16:30:00,4136001,399.52725931034473,4.666666666666667,46.5,37.406764620689664,44.42586615460296,48.7054024137931,9412.888197154383,9224.282959684504,12724.846666666666,12469.88,0.47782968705564743,0.479984409841969,0.9799630853443159,111878.64812354311,1870147.3228327923,0.3684826070524323,0.3610993525028187,3311.958469512283,3245.597040315495
2020-05-29 16:45:00,4136001,345.9329543333333,4.180555555555555,45.75,37.3985575,43.853132634496376,47.04768986666667,8170.447546057946,8011.0499320459685,11092.120952380952,10875.724285714286,0.4165193359338119,0.418622962120128,0.980490956815593,114597.5791949717,1872866.2539042209,0.3198452748505753,0.3136053995711869,2921.673406323006,2864.674353668318
2020-05-29 17:00:00,4136001,274.62375758620686,3.6944444444444446,45.0,37.25479141379311,42.717766500051454,44.60627572413792,6518.084657556971,6403.380878285352,8883.21238095238,8726.887619047619,0.3335727889875814,0.3359110114600748,0.982402226221681,116779.3010997336,1875047.9758089827,0.2551608791370903,0.25067061570895877,2365.127723395409,2323.5067407622664
2020-05-29 17:15:00,4136001,218.2872136666667,3.7013888888888884,58.75,37.10092476666666,41.43912149080173,42.44847923333334,5209.479049524234,5117.61583771276,7004.706666666667,6881.1866666666665,0.26303317298256434,0.2648672097255488,0.9823661423842635,118499.59776640029,1876768.2724756496,0.20393341356524697,0.20033728078734628,1795.2276171424328,1763.5708289539061
2020-05-29 17:30:00,4136001,161.6158465517241,3.708333333333333,72.5,36.82863758620689,40.037529605500524,40.3558444137931,3880.148431731451,3804.6402644324535,5123.64,5023.933333333333,0.19239739086200888,0.19337873949752493,0.9805398765981477,119755.5810997336,1878024.2558089828,0.15189463424276575,0.1489387459163223,1243.4915682685491,1219.29306890088
2020-05-29 17:45:00,4136001,110.90714053333328,3.7152777777777777,86.25,36.5074798,38.70747266949334,38.23906853333332,2677.783085769753,2616.5656592328305,3407.806666666667,3329.9,0.1279662722651916,0.1281728522113102,0.977138765696802,120588.0560997336,1878856.7308089824,0.10482611414248398,0.10242965978597889,730.0235808969137,713.3343407671696
2020-05-29 18:00:00,4136001,65.72767986666659,3.7222222222222223,100.0,35.970144433333324,37.27271438709207,36.18240556666666,1596.589365608737,1550.2694524158037,2004.1114285714289,1945.9685714285715,0.07525622601390343,0.0749032529846448,0.970988211376898,121074.54824259074,1879343.22295184,0.0625010516973473,0.060687784396782296,407.52206296269196,395.6991190127678
2020-05-29 18:15:00,4136001,24.6554272068965,3.5208333333333335,100.0,35.319178103448266,35.821504333915264,34.34450782758621,602.5603635517996,582.3261009234351,778.6838095238095,752.5352380952381,0.02924029269403597,0.028966211554756625,0.9664195259889093,121262.68205211456,1879531.356761364,0.02358819195740065,0.02279608929040654,176.1234459720099,170.20913717180304
2020-05-29 18:30:00,4136001,10.6390969,3.319444444444444,100.0,34.86204663333333,35.085065119865135,33.104230699999995,260.81222655777884,251.715530562752,338.1823809523809,326.38714285714286,0.012699059210003048,0.012563131332802895,0.9651216658241609,121344.27883782884,1879612.953547078,0.01020991295978778,0.009853808203670072,77.37015439460208,74.67161229439085
2020-05-29 18:45:00,4136001,0.3823935377241,3.1180555555555554,100.0,34.235506172413785,34.2437603095402,32.04101141379311,9.407061736327794,0.0,0.0,0.0,0.0,0.0,0.0,121344.27883782884,1879612.953547078,0.00036825452089754525,0.0,-9.407061736327794,0.0
2020-05-29 19:00:00,4136001,0.0,2.9166666666666665,100.0,33.905494999999995,33.905494999999995,31.55852056666667,0.0,0.0,0.0,0.0,0.0,0.0,0.0,121344.27883782884,1879612.953547078,0.0,0.0,0.0,0.0
2020-05-29 19:15:00,4136001,0.0,2.993055555555556,97.25,33.650812724137936,33.650812724137936,31.391802551724137,0.0,0.0,0.0,0.0,0.0,0.0,0.0,121344.27883782884,1879612.953547078,0.0,0.0,0.0,0.0
2020-05-29 19:30:00,4136001,0.0,3.0694444444444446,94.5,33.35302726666668,33.35302726666668,31.184542700000005,0.0,0.0,0.0,0.0,0.0,0.0,0.0,121344.27883782884,1879612.953547078,0.0,0.0,0.0,0.0
2020-05-29 19:45:00,4136001,0.0,3.145833333333333,91.75,32.924453103448286,32.924453103448286,30.91584524137931,0.0,0.0,0.0,0.0,0.0,0.0,0.0,121344.27883782884,1879612.953547078,0.0,0.0,0.0,0.0
2020-05-29 20:00:00,4136001,0.0,3.222222222222222,89.0,32.6156241,32.6156241,30.895663566666663,0.0,0.0,0.0,0.0,0.0,0.0,0.0,121344.27883782884,1879612.953547078,0.0,0.0,0.0,0.0
2020-05-29 20:15:00,4136001,0.0,3.1597222222222223,91.75,32.25608534482759,32.25608534482759,30.546981241379303,0.0,0.0,0.0,0.0,0.0,0.0,0.0,121344.27883782884,1879612.953547078,0.0,0.0,0.0,0.0
2020-05-29 20:30:00,4136001,0.0,3.0972222222222223,94.5,31.889839700000003,31.889839700000003,30.27932726666667,0.0,0.0,0.0,0.0,0.0,0.0,0.0,121344.27883782884,1879612.953547078,0.0,0.0,0.0,0.0
2020-05-29 20:45:00,4136001,0.0,3.0347222222222223,97.25,31.234285433333337,31.234285433333337,29.93442583333333,0.0,0.0,0.0,0.0,0.0,0.0,0.0,121344.27883782884,1879612.953547078,0.0,0.0,0.0,0.0
2020-05-29 21:00:00,4136001,0.0,2.972222222222222,100.0,30.585795517241376,30.585795517241376,29.47653296551724,0.0,0.0,0.0,0.0,0.0,0.0,0.0,121344.27883782884,1879612.953547078,0.0,0.0,0.0,0.0
2020-05-29 21:15:00,4136001,0.0,2.930555555555556,99.0,30.055038433333326,30.055038433333326,28.956928566666665,0.0,0.0,0.0,0.0,0.0,0.0,0.0,121344.27883782884,1879612.953547078,0.0,0.0,0.0,0.0
2020-05-29 21:30:00,4136001,0.0,2.888888888888889,98.0,29.67125813793103,29.67125813793103,28.56394379310344,0.0,0.0,0.0,0.0,0.0,0.0,0.0,121344.27883782884,1879612.953547078,0.0,0.0,0.0,0.0
2020-05-29 21:45:00,4136001,0.0,2.8472222222222223,97.0,29.299063166666663,29.299063166666663,28.2344615,0.0,0.0,0.0,0.0,0.0,0.0,0.0,121344.27883782884,1879612.953547078,0.0,0.0,0.0,0.0
2020-05-29 22:00:00,4136001,0.0,2.8055555555555554,96.0,28.879126000000003,28.879126000000003,27.775134200000004,0.0,0.0,0.0,0.0,0.0,0.0,0.0,121344.27883782884,1879612.953547078,0.0,0.0,0.0,0.0
2020-05-29 22:15:00,4136001,0.0,2.7430555555555554,94.0,28.595756827586204,28.595756827586204,27.47134503448276,0.0,0.0,0.0,0.0,0.0,0.0,0.0,121344.27883782884,1879612.953547078,0.0,0.0,0.0,0.0
2020-05-29 22:30:00,4136001,0.0,2.680555555555556,92.0,28.2120383,28.2120383,27.139359599999995,0.0,0.0,0.0,0.0,0.0,0.0,0.0,121344.27883782884,1879612.953547078,0.0,0.0,0.0,0.0
2020-05-29 22:45:00,4136001,0.0,2.618055555555556,90.0,27.93107882758621,27.93107882758621,26.773745758620684,0.0,0.0,0.0,0.0,0.0,0.0,0.0,121344.27883782884,1879612.953547078,0.0,0.0,0.0,0.0
2020-05-29 23:00:00,4136001,0.0,2.5555555555555554,88.0,27.75027870000001,27.75027870000001,26.60153193333333,0.0,0.0,0.0,0.0,0.0,0.0,0.0,121344.27883782884,1879612.953547078,0.0,0.0,0.0,0.0
2020-05-29 23:15:00,4136001,0.0,2.7222222222222223,86.75,27.6048168,27.6048168,26.344863033333333,0.0,0.0,0.0,0.0,0.0,0.0,0.0,121344.27883782884,1879612.953547078,0.0,0.0,0.0,0.0
2020-05-29 23:30:00,4136001,0.0,2.888888888888889,85.5,27.425482586206897,27.425482586206897,26.055791413793106,0.0,0.0,0.0,0.0,0.0,0.0,0.0,121344.27883782884,1879612.953547078,0.0,0.0,0.0,0.0
2020-05-29 23:45:00,4136001,0.0,3.0555555555555554,84.25,27.23922823333333,27.23922823333333,25.907132866666668,0.0,0.0,0.0,0.0,0.0,0.0,0.0,121344.27883782884,1879612.953547078,0.0,0.0,0.0,0.0
2020-05-30 00:00:00,4136001,0.0,3.222222222222222,83.0,27.099090413793107,27.099090413793107,25.72224062068966,0.0,0.0,0.0,0.0,0.0,0.0,0.0,0.0,1879612.953547078,0.0,0.0,0.0,0.0
2020-05-30 00:15:00,4136001,0.0,3.263888888888889,80.5,26.999725266666665,26.999725266666665,25.630884,0.0,0.0,0.0,0.0,0.0,0.0,0.0,0.0,1879612.953547078,0.0,0.0,0.0,0.0
2020-05-30 00:30:00,4136001,0.0,3.3055555555555554,78.0,26.9552894,26.9552894,25.73499136666667,0.0,0.0,0.0,0.0,0.0,0.0,0.0,0.0,1879612.953547078,0.0,0.0,0.0,0.0
2020-05-30 00:45:00,4136001,0.0,3.3472222222222223,75.5,27.073268344827586,27.073268344827586,26.24371324137931,0.0,0.0,0.0,0.0,0.0,0.0,0.0,0.0,1879612.953547078,0.0,0.0,0.0,0.0
2020-05-30 01:00:00,4136001,0.0,3.3888888888888884,73.0,26.929974633333337,26.929974633333337,26.3968119,0.0,0.0,0.0,0.0,0.0,0.0,0.0,0.0,1879612.953547078,0.0,0.0,0.0,0.0
2020-05-30 01:15:00,4136001,0.0,3.236111111111111,69.0,26.07999410344828,26.07999410344828,25.75550365517241,0.0,0.0,0.0,0.0,0.0,0.0,0.0,0.0,1879612.953547078,0.0,0.0,0.0,0.0
2020-05-30 01:30:00,4136001,0.0,3.083333333333333,65.0,24.709818500000004,24.709818500000004,24.303867566666668,0.0,0.0,0.0,0.0,0.0,0.0,0.0,0.0,1879612.953547078,0.0,0.0,0.0,0.0
2020-05-30 01:45:00,4136001,0.0,2.930555555555556,61.0,24.5050355,24.5050355,23.77980353333333,0.0,0.0,0.0,0.0,0.0,0.0,0.0,0.0,1879612.953547078,0.0,0.0,0.0,0.0
2020-05-30 02:00:00,4136001,0.0,2.7777777777777777,57.0,24.03427651724138,24.03427651724138,23.420100793103448,0.0,0.0,0.0,0.0,0.0,0.0,0.0,0.0,1879612.953547078,0.0,0.0,0.0,0.0
2020-05-30 02:15:00,4136001,0.0,2.701388888888889,54.75,23.56101483333333,23.56101483333333,23.014751166666667,0.0,0.0,0.0,0.0,0.0,0.0,0.0,0.0,1879612.953547078,0.0,0.0,0.0,0.0
2020-05-30 02:30:00,4136001,0.0,2.6249999999999996,52.5,23.44592420689656,23.44592420689656,22.82608775862069,0.0,0.0,0.0,0.0,0.0,0.0,0.0,0.0,1879612.953547078,0.0,0.0,0.0,0.0
2020-05-30 02:45:00,4136001,0.0,2.548611111111111,50.25,23.590169300000007,23.590169300000007,23.091042100000003,0.0,0.0,0.0,0.0,0.0,0.0,0.0,0.0,1879612.953547078,0.0,0.0,0.0,0.0
2020-05-30 03:00:00,4136001,0.0,2.4722222222222223,48.0,23.707537586206893,23.707537586206893,23.256745620689657,0.0,0.0,0.0,0.0,0.0,0.0,0.0,0.0,1879612.953547078,0.0,0.0,0.0,0.0
2020-05-30 03:15:00,4136001,0.0,2.5277777777777777,56.0,23.60865073333333,23.60865073333333,22.961358666666666,0.0,0.0,0.0,0.0,0.0,0.0,0.0,0.0,1879612.953547078,0.0,0.0,0.0,0.0
2020-05-30 03:30:00,4136001,0.0,2.5833333333333335,64.0,23.66515603333333,23.66515603333333,22.8551992,0.0,0.0,0.0,0.0,0.0,0.0,0.0,0.0,1879612.953547078,0.0,0.0,0.0,0.0
2020-05-30 03:45:00,4136001,0.0,2.638888888888889,72.0,23.861258344827583,23.861258344827583,22.988277000000004,0.0,0.0,0.0,0.0,0.0,0.0,0.0,0.0,1879612.953547078,0.0,0.0,0.0,0.0
2020-05-30 04:00:00,4136001,0.0,2.694444444444444,80.0,24.001286,24.001286,22.884807400000003,0.0,0.0,0.0,0.0,0.0,0.0,0.0,0.0,1879612.953547078,0.0,0.0,0.0,0.0
2020-05-30 04:15:00,4136001,0.0,2.576388888888889,82.0,23.873749600000004,23.873749600000004,22.91910083333333,0.0,0.0,0.0,0.0,0.0,0.0,0.0,0.0,1879612.953547078,0.0,0.0,0.0,0.0
2020-05-30 04:30:00,4136001,0.0,2.458333333333333,84.0,23.773719482758622,23.773719482758622,22.59231772413793,0.0,0.0,0.0,0.0,0.0,0.0,0.0,0.0,1879612.953547078,0.0,0.0,0.0,0.0
2020-05-30 04:45:00,4136001,0.0,2.340277777777778,86.0,23.838063233333333,23.838063233333333,22.527732333333336,0.0,0.0,0.0,0.0,0.0,0.0,0.0,0.0,1879612.953547078,0.0,0.0,0.0,0.0
2020-05-30 05:00:00,4136001,0.0,2.2222222222222223,88.0,23.980964448275863,23.980964448275863,22.819694655172416,0.0,0.0,0.0,0.0,0.0,0.0,0.0,0.0,1879612.953547078,0.0,0.0,0.0,0.0
2020-05-30 05:15:00,4136001,0.0,2.263888888888889,86.25,23.8346821,23.8346821,22.318359466666664,0.0,0.0,0.0,0.0,0.0,0.0,0.0,0.0,1879612.953547078,0.0,0.0,0.0,0.0
2020-05-30 05:30:00,4136001,0.0,2.305555555555556,84.5,23.58334133333333,23.58334133333333,21.981009,0.0,0.0,0.0,0.0,0.0,0.0,0.0,0.0,1879612.953547078,0.0,0.0,0.0,0.0
2020-05-30 05:45:00,4136001,0.45009486,2.347222222222222,82.75,23.67274648275862,23.683709699419197,22.420285000000007,11.558210301542784,0.0,0.0,0.0,0.0,0.0,0.0,0.0,1879612.953547078,0.00045246468199423704,0.0,-11.558210301542784,0.0
2020-05-30 06:00:00,4136001,7.324902536666601,2.388888888888889,81.0,23.99907926666667,24.176266072101274,22.900317399999995,187.73116599315756,181.18839971931706,140.78666666666666,135.88,0.0052866687227881,0.005230225279579816,0.9651482147930676,33.97,1879646.923547078,0.007349037619618616,0.007092910539022002,-46.9444993264909,-45.308399719317066
2020-05-30 06:15:00,4136001,15.087458775862,2.5,84.0,24.31754710344827,24.675919045867793,23.531919379310345,385.9087494694634,372.5240259878789,442.4480952380952,427.10238095238094,0.016614332606442905,0.016439812112348188,0.9653163513395706,140.74559523809523,1879753.699142316,0.015107017008004047,0.014583050537791305,56.53934576863185,54.57835496450207
2020-05-30 06:30:00,4136001,17.809343366666603,2.611111111111111,87.0,24.369366633333332,24.784890276979308,23.945122266666665,455.3311240925397,439.65942436821643,560.7490476190476,541.4490476190476,0.021056642092391567,0.02084118705079157,0.9655817516196449,276.10785714285714,1879889.0614042208,0.01782466721834174,0.01721117339472368,105.41792352650788,101.7896232508312
2020-05-30 06:45:00,4136001,35.7170422333333,2.7222222222222223,90.0,24.441856,25.260678609659177,24.456810500000003,911.440479701222,882.3539704161509,1147.0585714285714,1110.452857142857,0.04307310355699471,0.04274299827207981,0.9680873189935498,553.7210714285715,1880166.6746185063,0.03567979955769121,0.03454116149603253,235.61809172734945,228.09888672670616
2020-05-30 07:00:00,4136001,98.5079377241379,2.833333333333333,93.0,25.03589275862069,27.255539845690045,25.97868603448276,2493.682040196283,2435.9188759887934,3081.572857142857,3010.191904761905,0.11571589289362089,0.11586680745269526,0.9768361951217552,1306.2690476190476,1880919.222594697,0.09761918340952372,0.09535795169265192,587.890816946574,574.2730287731115
2020-05-30 07:15:00,4136001,111.4509436,2.8680555555555554,92.75,25.66914373333333,28.167063688507866,27.293509933333336,2810.947651133825,2753.0444995200332,3450.6266666666666,3379.5466666666666,0.12957420261875102,0.13008382697615323,0.9794008431318756,2151.155714285714,1881764.1092613635,0.11003905465389802,0.10777234290546225,639.6790155328417,626.5021671466334
2020-05-30 07:30:00,4136001,103.9657008965517,2.9027777777777777,92.5,26.014155068965515,28.331972500613084,27.832418275862068,2620.4075680960455,2559.147370324301,3217.1109523809523,3141.9009523809523,0.12080547293558636,0.12093648651073562,0.9766218818333455,2936.6309523809523,1882549.5844994588,0.10258005747097458,0.10018192876587594,596.7033842849069,582.7535820566513
2020-05-30 07:45:00,4136001,139.2150568333333,2.9374999999999996,92.25,26.21130173333333,29.298623501550512,27.5272562,3495.100731109293,3421.7190166600944,4497.111428571428,4402.691904761905,0.16887066719614652,0.16946622386287258,0.9790044064263898,4037.303928571429,1883650.2574756488,0.13682132437303945,0.13394867945430003,1002.0106974621353,980.9728881018104
2020-05-30 08:00:00,4136001,266.9899673333333,2.972222222222222,92.0,27.117775466666664,33.007693122376644,30.8955617,6601.8005602932835,6484.2035333370595,7634.821428571428,7498.823333333334,0.2866945613966825,0.28864097266045763,0.9821871282111255,5912.009761904762,1885524.9633089828,0.2584380724326985,0.253834548183091,1033.020868278145,1014.6197999962742
2020-05-30 08:15:00,4136001,207.90720206896552,3.0763888888888884,82.0,26.78126465517241,31.296814463913584,30.040735758620688,5177.220215429593,5084.110890639996,6387.034761904762,6272.167619047619,0.2398390252897214,0.24142515189067412,0.9820155757500706,7480.051666666667,1887093.0052137447,0.20267058976040683,0.1990256758911723,1209.8145464751688,1188.0567284076233
2020-05-30 08:30:00,4136001,148.2772239999999,3.1805555555555554,72.0,26.109615,29.28098114265854,28.208099366666666,3722.8806841373935,3650.065001822104,4802.913333333334,4708.973333333333,0.18035380976604276,0.18125545605583773,0.9804410378700704,8657.295,1888270.248547078,0.1457381360006809,0.14288764931775705,1080.0326491959404,1058.9083315112293
2020-05-30 08:45:00,4136001,215.4493851724138,3.284722222222222,62.0,25.788373344827583,30.327255425670558,28.674119586206896,5386.377050102263,5289.236686856907,7078.620476190476,6950.961428571429,0.2658087044603911,0.26755294510670086,0.9819655470937537,10395.035357142857,1890007.9889042208,0.2108583695479453,0.20705565421244498,1692.2434260882137,1661.7247417145218
2020-05-30 09:00:00,4136001,323.6861666666666,3.3888888888888884,52.0,26.10651663333334,32.82478493276602,31.08028253333333,8009.764214797252,7857.033709965093,10182.483333333334,9988.323333333334,0.38236160733955243,0.38446556666630066,0.9809319599508306,12892.11619047619,1892505.069737554,0.3135550681071541,0.30757618751086685,2172.7191185360816,2131.2896233682404
2020-05-30 09:15:00,4136001,318.0073086206897,3.6736111111111107,51.75,26.519904689655178,32.86387374098807,31.456435586206897,7867.968089219389,7719.174173652782,10001.450476190475,9812.309523809525,0.3755636571762738,0.3776905307807651,0.9810886478085132,15345.193571428572,1894958.1471185065,0.30800423132587157,0.30217945483079983,2133.4823869710863,2093.135350156743
2020-05-30 09:30:00,4136001,386.1781230000001,3.958333333333333,51.5,26.940843566666672,34.356650057305174,32.851707000000005,9495.709729211605,9306.37108019634,12089.877142857142,11848.812380952382,0.45398599787025484,0.45607858439693444,0.9800606111165336,18307.396666666667,1897920.350213745,0.37172478877320825,0.3643128236522349,2594.1674136455367,2542.4413007560415
2020-05-30 09:45:00,4136001,594.2283216666666,4.243055555555555,51.25,27.548072166666667,38.547717160265016,35.87183746666666,14356.968800756482,14041.221682001002,17444.22,17060.57619047619,0.6550464930445684,0.656687201027569,0.9780073967466696,22572.540714285715,1902185.4942613635,0.5620265727444307,0.5496661453122333,3087.2511992435193,3019.3545084751877
2020-05-30 10:00:00,4136001,569.1819124137933,4.527777777777778,51.0,27.910501413793103,38.07991203401453,37.94116517241379,13779.03724646421,13484.24447692033,16845.880476190476,16485.474761904763,0.6325782940238391,0.6345506832910608,0.9786057063152561,26693.909404761904,1906306.86295184,0.5394025150308949,0.5278623792100344,3066.843229726266,3001.2302849844327
2020-05-30 10:15:00,4136001,507.9887003333332,4.826388888888888,46.75,28.476782166666663,37.233320849421816,38.0192168,12341.585106614404,12087.0548271928,14549.608571428573,14249.540476190476,0.5463511736200002,0.5484862144610482,0.9793762083862965,30256.294523809524,1909869.2480708875,0.4831311452970994,0.47316714923440206,2208.0234648141686,2162.4856489976755
2020-05-30 10:30:00,4136001,707.6214027586209,5.125000000000001,42.5,29.42414586206897,41.20703492640368,41.107080931034496,16904.343044910584,16520.086728326096,20916.294285714284,20440.841428571428,0.7854260734699108,0.7867986868972379,0.9772687814271389,35366.50488095238,1914979.4584280304,0.6617476236019019,0.6467052937297356,4011.951240803701,3920.754700245332
2020-05-30 10:45:00,4136001,936.9564706666664,5.423611111111111,38.25,30.913739966666665,46.00221326537702,49.52102430000001,21923.838693482616,21397.260257307553,19676.33380952381,19203.737142857142,0.7388644180079617,0.7391806849203509,0.9759814673179655,40167.43916666666,1919780.392713745,0.8582438321974013,0.8376300746646135,-2247.5048839588053,-2193.5231144504105
2020-05-30 11:00:00,4136001,762.5164443333335,5.722222222222222,34.0,31.278098466666663,43.16641222303295,47.35640383333333,18063.065995075907,17648.09160256223,15049.711428571429,14703.96476190476,0.5651304955233583,0.5659776877227338,0.9770263590562753,43843.43035714285,1923456.3839042208,0.7071076921149307,0.6908628538877365,-3013.3545665044785,-2944.126840657469
2020-05-30 11:15:00,4136001,987.074708275862,6.041666666666666,34.75,31.905789172413787,46.78818206010112,51.048263137931045,23017.2827695005,22450.77909003233,20881.36619047619,20367.431904761903,0.7841144913931862,0.7839730440712848,0.9753878993823359,48935.28833333333,1928548.2418804115,0.9010484544725191,0.8788717592496508,-2135.9165790243096,-2083.347185270428
2020-05-30 11:30:00,4136001,832.8051736666665,6.361111111111111,35.5,32.40038546666666,44.55635063476864,51.640188566666666,19609.840309276573,19136.417217658956,19438.78,18969.486666666668,0.7299440541374103,0.7301640322685624,0.9758578813416618,53677.66,1933290.613547078,0.7676586537199677,0.7491257474127601,-171.06030927657412,-166.93055099228877
2020-05-30 11:45:00,4136001,1035.9709579310345,6.680555555555555,36.25,32.96299803448276,47.617088959315275,54.69868941379311,24069.734577722702,23483.61349917475,18423.81857142857,17975.180952380953,0.6918313196980819,0.6918917119676512,0.9756490427156422,58171.45523809524,1937784.4087851727,0.9422483686718615,0.9193037188950772,-5645.916006294134,-5508.432546793796
2020-05-30 12:00:00,4136001,617.7821153333331,7.0,37.0,33.16402170000001,41.640724709513364,50.691745966666666,14730.798779214154,14415.973041520332,14204.161428571428,13900.590952380951,0.5333793159238213,0.5350546231987144,0.9786280606766514,61646.60297619048,1941259.5565232683,0.5766607468864418,0.5643363883938278,-526.6373506427262,-515.3820891393807
2020-05-30 12:15:00,4136001,696.5329063333335,7.076388888888889,38.75,33.14692303333333,42.636148963422,47.62712613333333,16537.737818238045,16166.393040963098,19192.15523809524,18761.207142857143,0.7206830676683298,0.722147040579959,0.9775456122623116,66336.90476190476,1945949.8583089823,0.6473962739572537,0.6328593870018828,2654.4174198571964,2594.814101894046
2020-05-30 12:30:00,4136001,996.0414413793102,7.152777777777778,40.5,34.255510931034486,47.729186161055594,56.78703055172414,23130.60400477821,22562.288977921842,19932.439523809524,19442.702857142856,0.7484814229523805,0.7483788341682902,0.9754301691932052,71197.58047619047,1950810.5340232684,0.9054845959983642,0.8832369926765254,-3198.1644809686877,-3119.586120778986
2020-05-30 12:45:00,4136001,884.460836,7.229166666666666,42.25,34.49277953333333,46.373109107865716,57.07707833333335,20661.974242743956,20170.211212851133,17585.426666666666,17166.886666666665,0.6603489331533559,0.660779250924946,0.9761996107382855,75489.30214285714,1955102.255689935,0.8088461242021514,0.7895952715933111,-3076.5475760772897,-3003.324546184467
2020-05-30 13:00:00,4136001,843.8060293103448,7.305555555555555,44.0,35.01506744827586,46.270316605409974,54.8516855862069,19721.09619238884,19246.29894512213,19048.171904761904,18589.575714285715,0.7152763611743238,0.715540689119224,0.975924398794325,80136.69607142857,1959749.6496185064,0.7720139437224052,0.7534272438881241,-672.9242876269345,-656.7232308364146
2020-05-30 13:15:00,4136001,940.9397846666666,7.381944444444444,44.25,35.57238653333333,48.03640328554933,57.65958873333334,21821.466571613608,21281.985697939414,20771.914285714283,20258.38095238095,0.7800044717780166,0.7797755091293868,0.9752775152896471,85201.2913095238,1964814.2448566016,0.8542363112786694,0.8331174671340542,-1049.5522858993245,-1023.604745558463
2020-05-30 13:30:00,4136001,816.7053623333334,7.458333333333334,44.5,35.86465056666667,46.60865322842203,56.2409188,19059.475755897114,18602.8599223094,19014.211904761905,18558.680476190475,0.7140011319635139,0.71435148500306,0.9760425816829491,89840.96142857142,1969453.9149756497,0.7461137504755183,0.7282387912432726,-45.263851135208824,-44.179446118923806
2020-05-30 13:45:00,4136001,850.0879662068967,7.534722222222222,44.75,36.170828896551726,47.2776453748388,55.448996655172415,19780.416522915762,19300.171281085797,19174.22476190476,18708.697142857145,0.7200097618084407,0.7201258518146461,0.9757211764841455,94518.13571428572,1974131.0892613635,0.7743361332125959,0.755536162892378,-606.1917610110031,-591.474138228652
2020-05-30 14:00:00,4136001,824.2602380000001,7.611111111111111,45.0,35.8791038,46.57544740238775,52.71295663333334,19238.58079078949,18785.98489131941,19405.666666666668,18949.14,0.7287006180380596,0.7293808585096928,0.9764745692838861,99255.42071428572,1978868.374261364,0.7531251043566055,0.7354075118934982,167.0858758771792,163.15510868058846
2020-05-30 14:15:00,4136001,793.4317486206895,7.715277777777777,41.25,35.94459365517242,46.146551270276596,51.34990072413794,18553.802710917607,18131.25963804487,19942.599047619045,19488.42761904762,0.7488629224085,0.7501388489284982,0.9772260662972287,104127.5276190476,1983740.4811661253,0.7263183680139991,0.7097772416537432,1388.7963367014381,1357.167981002749
2020-05-30 14:30:00,4136001,750.4877179999999,7.819444444444444,37.5,36.025648866666685,45.58782913041135,50.678597200000006,17592.434475916572,17198.028662801953,20084.4,19634.126666666667,0.7541876784920352,0.7557470240982646,0.9775809417591098,109036.05928571428,1988649.012832792,0.6886840663893745,0.673244418195418,2491.965524083429,2436.098003864714
2020-05-30 14:45:00,4136001,726.6899831034483,7.923611111111111,33.75,36.46223937931035,45.63790758984033,49.67382806896551,17030.86530023773,16652.00308042814,19536.640952380956,19102.036190476192,0.7336188228380542,0.7352660625174942,0.977754376355481,113811.56833333331,1993424.5218804115,0.666700540232442,0.6518693709308335,2505.7756521432275,2450.0331100480507
2020-05-30 15:00:00,4136001,680.8359306666665,8.027777777777777,30.0,37.038291233333325,45.558325405109905,49.66475023333333,15961.756062256281,15610.836755301532,20499.79380952381,20049.105714285717,0.7697860978057675,0.7717201909024528,0.9780149937396584,118823.84476190477,1998436.7983089827,0.6248485442261218,0.6111112450695452,4538.037747267528,4438.268958984185
2020-05-30 15:15:00,4136001,624.3103806666666,7.923611111111111,24.5,37.428121,45.31107665727032,49.058924533333325,14652.323767285732,14335.387210250947,19083.07285714285,18670.297142857144,0.7165869240118169,0.7186477781412882,0.9783695363228043,123491.41904761904,2003104.372594697,0.5735887166680654,0.5611817267665276,4430.7490898571195,4334.909932606197
2020-05-30 15:30:00,4136001,575.5358613793102,7.819444444444444,19.0,36.87117151724138,44.20423976441358,48.76117779310345,13572.69576292844,13283.330050533901,17498.95619047619,17125.88380952381,0.6571018873020387,0.6592009893709015,0.9786803065913483,127772.89,2007385.8435470776,0.531324946679524,0.5199972617159484,3926.2604275477497,3842.5537589899086
2020-05-30 15:45:00,4136001,523.6087176666666,7.715277777777777,13.5,36.61823533333333,43.35080427051121,46.94166666666667,12393.773745990491,12133.805403016819,16600.78,16252.566666666668,0.6233745458842189,0.6255857008982652,0.9790242787788688,131836.03166666668,2011448.9852137447,0.4851741532977291,0.4749972755144576,4207.006254009508,4118.761263649849
2020-05-30 16:00:00,4136001,469.2858168965516,7.611111111111111,8.0,36.55245013793103,42.6423257789452,45.959262,11141.928006791693,10912.797858081138,14930.849523809524,14623.801428571427,0.5606671217599636,0.5628920806245931,0.9794353231710987,135491.9820238095,2015104.9355708875,0.43616864383604204,0.42719897663265366,3788.9215170178304,3711.0035704902893
2020-05-30 16:15:00,4136001,414.8623726666666,7.486111111111111,7.0,36.42646713333333,41.87049800619819,43.91818623333333,9882.508148746629,9683.227756201555,13214.600476190475,12948.128571428571,0.49622039270965707,0.4983929156427392,0.9798350388842991,138729.01416666666,2018341.9677137448,0.386866633342988,0.3790654827246645,3332.0923274438464,3264.900815227016
2020-05-30 16:30:00,4136001,361.5315610344827,7.361111111111111,6.0,36.28947668965519,41.08750669674852,42.77483834482759,8641.030397430924,8470.496212013493,11642.917142857144,11413.139523809525,0.4372022390933535,0.43930888178392785,0.9802646006814034,141582.29904761905,2021195.252594697,0.33826699539756994,0.331591161167097,3001.88674542622,2942.6433117960314
2020-05-30 16:45:00,4136001,312.63366733333334,7.236111111111111,5.0,36.38166093333334,40.57836765637963,41.71702763333334,7488.577508460876,7347.907688361316,10083.87619047619,9894.454761904764,0.3786588185007441,0.380852424369835,0.9812154150850912,144055.91273809524,2023668.8662851728,0.2931523784874095,0.28764563274070526,2595.2986820153146,2546.5470735434483
2020-05-30 17:00:00,4136001,252.56509366666657,7.111111111111112,4.0,35.91564846666666,39.3453754311787,40.487598766666665,6081.562761194063,5976.518848613955,8212.71523809524,8070.860952380952,0.3083950050554266,0.3106595597668272,0.9827274803031905,146073.62797619047,2025686.5815232685,0.23807252930883,0.23396041685707397,2131.1524769011767,2094.342103766997
2020-05-30 17:15:00,4136001,201.1415051724137,6.979166666666666,10.0,35.45489910344828,38.22020592829672,38.62065175862069,4866.449629698967,4778.489663179766,6502.986666666667,6385.446666666667,0.2441931258786915,0.24578543256850655,0.981925228202836,147669.98964285714,2027282.943189935,0.1905049766959862,0.18706164271598222,1636.5370369676994,1606.9570034869012
2020-05-30 17:30:00,4136001,152.82240964285708,6.847222222222221,16.0,35.16447003571429,37.29187881476151,37.38918960714285,3711.905925879669,3639.338927387353,4823.068571428571,4728.778571428571,0.18111065748011443,0.1820177894158157,0.9804502053819916,148852.1842857143,2028465.137832792,0.14530851148481774,0.14246775992904104,1111.1626455489018,1089.439644041218
2020-05-30 17:45:00,4136001,98.7987890689655,6.715277777777778,22.0,34.806607931034485,36.19946436594042,35.957243862068964,2410.753559140814,2352.4902874784116,3007.509523809524,2934.82380952381,0.11293474665932719,0.11296577627085787,0.9758319254817702,149585.89023809525,2029198.8437851733,0.09437281499866174,0.09209200577327897,596.75596466871,582.3335220453982
2020-05-30 18:00:00,4136001,48.9493161,6.583333333333333,28.0,34.11661996666666,34.81559634964538,34.23459079999999,1201.3161894636453,1163.9424050651028,1488.4942857142858,1442.1861904761904,0.05589432842362815,0.05551191250581014,0.9688893026446027,149946.4367857143,2029559.390332792,0.047027449186284806,0.04556439244725397,287.17809625064046,278.24378541108763
2020-05-30 18:15:00,4136001,27.5617622068965,6.520833333333334,28.75,33.7702291724138,34.16621727926192,33.27685844827586,678.2507565962414,655.5530676587088,811.8066666666666,784.6395238095238,0.030484086421187127,0.030201953729658816,0.9665349596490838,150142.59666666668,2029755.5502137449,0.026551213802945447,0.025662676361664073,133.55591007042517,129.08645615081502
2020-05-30 18:30:00,4136001,10.4004473599999,6.458333333333333,29.5,33.38554473333334,33.53589453253825,32.382025000000006,256.6081815101515,247.6531774019565,296.4866666666667,286.14,0.011133346818285594,0.011013958356630618,0.9651024216940615,150214.13166666665,2029827.0852137443,0.0100453388729752,0.00969478087304586,39.87848515651518,38.48682259804349
2020-05-30 18:45:00,4136001,0.559735022931,6.395833333333333,30.25,32.99551386206897,33.00365575847147,31.721315551724143,13.840672277184298,0.0,0.0,0.0,0.0,0.0,0.0,150214.13166666665,2029827.0852137443,0.0005418153171730005,0.0,-13.840672277184298,0.0
2020-05-30 19:00:00,4136001,0.0,6.333333333333333,31.0,32.823653166666666,32.823653166666666,31.564240400000003,0.0,0.0,0.0,0.0,0.0,0.0,0.0,150214.13166666665,2029827.0852137443,0.0,0.0,0.0,0.0
2020-05-30 19:15:00,4136001,0.0,6.243055555555555,35.0,32.647284103448285,32.647284103448285,31.33284772413793,0.0,0.0,0.0,0.0,0.0,0.0,0.0,150214.13166666665,2029827.0852137443,0.0,0.0,0.0,0.0
2020-05-30 19:30:00,4136001,0.0,6.152777777777777,39.0,32.1994953,32.1994953,30.375280733333337,0.0,0.0,0.0,0.0,0.0,0.0,0.0,150214.13166666665,2029827.0852137443,0.0,0.0,0.0,0.0
2020-05-30 19:45:00,4136001,0.0,6.0625,43.0,31.74300303448276,31.74300303448276,29.323392827586208,0.0,0.0,0.0,0.0,0.0,0.0,0.0,150214.13166666665,2029827.0852137443,0.0,0.0,0.0,0.0
2020-05-30 20:00:00,4136001,0.0,5.972222222222222,47.0,30.889555900000005,30.889555900000005,28.18157963333333,0.0,0.0,0.0,0.0,0.0,0.0,0.0,150214.13166666665,2029827.0852137443,0.0,0.0,0.0,0.0
2020-05-30 20:15:00,4136001,0.0,5.902777777777778,40.5,29.999992586206904,29.999992586206904,27.5773935862069,0.0,0.0,0.0,0.0,0.0,0.0,0.0,150214.13166666665,2029827.0852137443,0.0,0.0,0.0,0.0
2020-05-30 20:30:00,4136001,0.0,5.833333333333333,34.0,30.71953423333333,30.71953423333333,27.718881000000003,0.0,0.0,0.0,0.0,0.0,0.0,0.0,150214.13166666665,2029827.0852137443,0.0,0.0,0.0,0.0
2020-05-30 20:45:00,4136001,0.0,5.763888888888888,27.5,30.1452219,30.1452219,27.410910966666663,0.0,0.0,0.0,0.0,0.0,0.0,0.0,150214.13166666665,2029827.0852137443,0.0,0.0,0.0,0.0
2020-05-30 21:00:00,4136001,0.0,5.694444444444445,21.0,30.08647,30.08647,27.061780275862077,0.0,0.0,0.0,0.0,0.0,0.0,0.0,150214.13166666665,2029827.0852137443,0.0,0.0,0.0,0.0
2020-05-30 21:15:00,4136001,0.0,5.576388888888888,15.75,29.662378933333336,29.662378933333336,26.671178166666664,0.0,0.0,0.0,0.0,0.0,0.0,0.0,150214.13166666665,2029827.0852137443,0.0,0.0,0.0,0.0
2020-05-30 21:30:00,4136001,0.0,5.458333333333333,10.5,29.786013103448276,29.786013103448276,26.178995000000004,0.0,0.0,0.0,0.0,0.0,0.0,0.0,150214.13166666665,2029827.0852137443,0.0,0.0,0.0,0.0
2020-05-30 21:45:00,4136001,0.0,5.340277777777778,5.25,29.67955723333333,29.67955723333333,25.69806613333333,0.0,0.0,0.0,0.0,0.0,0.0,0.0,150214.13166666665,2029827.0852137443,0.0,0.0,0.0,0.0
2020-05-30 22:00:00,4136001,0.0,5.222222222222222,0.0,29.0949584,29.0949584,25.20096026666667,0.0,0.0,0.0,0.0,0.0,0.0,0.0,150214.13166666665,2029827.0852137443,0.0,0.0,0.0,0.0
2020-05-30 22:15:00,4136001,0.0,5.118055555555555,0.0,28.566172620689656,28.566172620689656,24.988610620689656,0.0,0.0,0.0,0.0,0.0,0.0,0.0,150214.13166666665,2029827.0852137443,0.0,0.0,0.0,0.0
2020-05-30 22:30:00,4136001,0.0,5.013888888888889,0.0,28.682131833333337,28.682131833333337,25.62156166666667,0.0,0.0,0.0,0.0,0.0,0.0,0.0,150214.13166666665,2029827.0852137443,0.0,0.0,0.0,0.0
2020-05-30 22:45:00,4136001,0.0,4.909722222222222,0.0,28.516374379310346,28.516374379310346,25.832993172413797,0.0,0.0,0.0,0.0,0.0,0.0,0.0,150214.13166666665,2029827.0852137443,0.0,0.0,0.0,0.0
2020-05-30 23:00:00,4136001,0.0,4.805555555555555,0.0,28.16349693333333,28.16349693333333,25.648109866666665,0.0,0.0,0.0,0.0,0.0,0.0,0.0,150214.13166666665,2029827.0852137443,0.0,0.0,0.0,0.0
2020-05-30 23:15:00,4136001,0.0,4.652777777777778,0.0,27.89965086206897,27.89965086206897,25.263016103448276,0.0,0.0,0.0,0.0,0.0,0.0,0.0,150214.13166666665,2029827.0852137443,0.0,0.0,0.0,0.0
2020-05-30 23:30:00,4136001,0.0,4.5,0.0,27.798886966666664,27.798886966666664,25.04084273333333,0.0,0.0,0.0,0.0,0.0,0.0,0.0,150214.13166666665,2029827.0852137443,0.0,0.0,0.0,0.0
2020-05-30 23:45:00,4136001,0.0,4.347222222222222,0.0,27.731472633333336,27.731472633333336,24.89477639999999,0.0,0.0,0.0,0.0,0.0,0.0,0.0,150214.13166666665,2029827.0852137443,0.0,0.0,0.0,0.0
2020-05-31 00:00:00,4136001,0.0,4.194444444444445,0.0,27.2400891724138,27.2400891724138,24.326188655172416,0.0,0.0,0.0,0.0,0.0,0.0,0.0,0.0,2029827.0852137443,0.0,0.0,0.0,0.0
2020-05-31 00:15:00,4136001,0.0,4.159722222222222,2.75,27.18077793333333,27.18077793333333,24.19800923333333,0.0,0.0,0.0,0.0,0.0,0.0,0.0,0.0,2029827.0852137443,0.0,0.0,0.0,0.0
2020-05-31 00:30:00,4136001,0.0,4.125,5.5,27.63067831034482,27.63067831034482,24.354256344827583,0.0,0.0,0.0,0.0,0.0,0.0,0.0,0.0,2029827.0852137443,0.0,0.0,0.0,0.0
2020-05-31 00:45:00,4136001,0.0,4.090277777777778,8.25,27.532306,27.532306,24.118866000000004,0.0,0.0,0.0,0.0,0.0,0.0,0.0,0.0,2029827.0852137443,0.0,0.0,0.0,0.0
2020-05-31 01:00:00,4136001,0.0,4.055555555555555,11.0,27.24455036666667,27.24455036666667,24.198669433333336,0.0,0.0,0.0,0.0,0.0,0.0,0.0,0.0,2029827.0852137443,0.0,0.0,0.0,0.0
2020-05-31 01:15:00,4136001,0.0,4.013888888888888,25.5,27.009202586206893,27.009202586206893,24.199347137931035,0.0,0.0,0.0,0.0,0.0,0.0,0.0,0.0,2029827.0852137443,0.0,0.0,0.0,0.0
2020-05-31 01:30:00,4136001,0.0,3.9722222222222223,40.0,27.197297200000005,27.197297200000005,24.45462746666667,0.0,0.0,0.0,0.0,0.0,0.0,0.0,0.0,2029827.0852137443,0.0,0.0,0.0,0.0
2020-05-31 01:45:00,4136001,0.0,3.9305555555555554,54.5,27.05856948275862,27.05856948275862,24.34783824137931,0.0,0.0,0.0,0.0,0.0,0.0,0.0,0.0,2029827.0852137443,0.0,0.0,0.0,0.0
2020-05-31 02:00:00,4136001,0.0,3.888888888888889,69.0,26.798573966666662,26.798573966666662,24.09575603333333,0.0,0.0,0.0,0.0,0.0,0.0,0.0,0.0,2029827.0852137443,0.0,0.0,0.0,0.0
2020-05-31 02:15:00,4136001,0.0,3.798611111111111,73.75,26.526500793103448,26.526500793103448,23.984698137931037,0.0,0.0,0.0,0.0,0.0,0.0,0.0,0.0,2029827.0852137443,0.0,0.0,0.0,0.0
2020-05-31 02:30:00,4136001,0.0,3.708333333333333,78.5,26.085212233333333,26.085212233333333,23.59523426666667,0.0,0.0,0.0,0.0,0.0,0.0,0.0,0.0,2029827.0852137443,0.0,0.0,0.0,0.0
2020-05-31 02:45:00,4136001,0.0,3.6180555555555554,83.25,26.013380900000005,26.013380900000005,23.499401866666663,0.0,0.0,0.0,0.0,0.0,0.0,0.0,0.0,2029827.0852137443,0.0,0.0,0.0,0.0
2020-05-31 03:00:00,4136001,0.0,3.5277777777777777,88.0,25.99326727586207,25.99326727586207,23.6857364137931,0.0,0.0,0.0,0.0,0.0,0.0,0.0,0.0,2029827.0852137443,0.0,0.0,0.0,0.0
2020-05-31 03:15:00,4136001,0.0,3.4652777777777777,86.0,26.08363966666667,26.08363966666667,23.89557200000001,0.0,0.0,0.0,0.0,0.0,0.0,0.0,0.0,2029827.0852137443,0.0,0.0,0.0,0.0
2020-05-31 03:30:00,4136001,0.0,3.4027777777777777,84.0,26.013526655172413,26.013526655172413,24.03578572413793,0.0,0.0,0.0,0.0,0.0,0.0,0.0,0.0,2029827.0852137443,0.0,0.0,0.0,0.0
2020-05-31 03:45:00,4136001,0.0,3.3402777777777777,82.0,25.885065966666662,25.885065966666662,23.88434239999999,0.0,0.0,0.0,0.0,0.0,0.0,0.0,0.0,2029827.0852137443,0.0,0.0,0.0,0.0
2020-05-31 04:00:00,4136001,0.0,3.2777777777777777,80.0,25.601646766666672,25.601646766666672,23.5670493,0.0,0.0,0.0,0.0,0.0,0.0,0.0,0.0,2029827.0852137443,0.0,0.0,0.0,0.0
2020-05-31 04:15:00,4136001,0.0,3.513888888888889,81.75,25.317720620689656,25.317720620689656,23.214291310344823,0.0,0.0,0.0,0.0,0.0,0.0,0.0,0.0,2029827.0852137443,0.0,0.0,0.0,0.0
2020-05-31 04:30:00,4136001,0.0,3.75,83.5,25.169656433333337,25.169656433333337,23.081614133333336,0.0,0.0,0.0,0.0,0.0,0.0,0.0,0.0,2029827.0852137443,0.0,0.0,0.0,0.0
2020-05-31 04:45:00,4136001,0.0,3.9861111111111107,85.25,25.6225405862069,25.6225405862069,23.55671224137932,0.0,0.0,0.0,0.0,0.0,0.0,0.0,0.0,2029827.0852137443,0.0,0.0,0.0,0.0
2020-05-31 05:00:00,4136001,0.0,4.222222222222222,87.0,25.85061973333333,25.85061973333333,24.0697113,0.0,0.0,0.0,0.0,0.0,0.0,0.0,0.0,2029827.0852137443,0.0,0.0,0.0,0.0
2020-05-31 05:15:00,4136001,0.0,4.298611111111111,88.25,25.946306103448272,25.946306103448272,24.6745931724138,0.0,0.0,0.0,0.0,0.0,0.0,0.0,0.0,2029827.0852137443,0.0,0.0,0.0,0.0
2020-05-31 05:30:00,4136001,0.1694370140344,4.375,89.5,26.212676827586204,26.215761707222697,25.184758551724144,4.307219950990911,0.0,0.0,0.0,0.0,0.0,0.0,0.0,2029827.0852137443,0.0001686130339006033,0.0,-4.307219950990911,0.0
2020-05-31 05:45:00,4136001,2.1765761446666,4.451388888888888,90.75,26.250502333333337,26.28975705436975,25.325603066666677,55.31379235714006,0.0,0.0,0.0,0.0,0.0,0.0,0.0,2029827.0852137443,0.002165347126918773,0.0,-55.31379235714006,0.0
2020-05-31 06:00:00,4136001,15.4248861724137,4.527777777777778,92.0,26.293774862068965,26.569366896594847,25.354828896551727,391.55521477351584,377.973988351858,399.2766666666666,385.42761904761903,0.014993205787047232,0.014835687934877214,0.965314658292794,96.35690476190476,2029923.4421185064,0.015328056949442781,0.014796398056443843,7.721451893150743,7.453630695761035
2020-05-31 06:15:00,4136001,41.0410586333333,4.784722222222222,90.5,26.47503153333333,27.185976206727002,25.98855486666666,1039.2267868060403,1005.880849251763,1216.1480952380953,1177.125238095238,0.04566747867250849,0.04530931835087668,0.9679127424565694,390.6382142857143,2030217.7234280305,0.040682199522647886,0.03937681930913146,176.92130843205496,171.244388843475
2020-05-31 06:30:00,4136001,71.17869575862069,5.041666666666666,89.0,26.623247000000003,27.819829260378597,27.165574689655177,1797.7510545959367,1746.9518101497704,2194.340476190476,2132.3347619047618,0.08239950158128706,0.08207676756138572,0.9717428927012456,923.7219047619049,2030750.8071185064,0.07037584868255771,0.06838723077509377,396.5894215945391,385.3829517549914
2020-05-31 06:45:00,4136001,95.3332493666666,5.298611111111111,87.5,26.876637733333336,28.433289557910495,28.5874726,2401.8436616182057,2337.4516608560825,2906.94,2829.0066666666667,0.1091582686122382,0.10889271551442323,0.9731905944624473,1630.9735714285714,2031458.058785173,0.0940240227683776,0.09150329461170807,505.09633838179434,491.55500581058413
2020-05-31 07:00:00,4136001,94.35344783333328,5.555555555555555,86.0,27.106279366666666,28.60395314179894,29.493136633333325,2375.512985444275,2311.9687598449577,2908.8014285714285,2830.991904761905,0.10922816696583423,0.10896913031035863,0.9732503143579184,2338.721547619048,2032165.8067613635,0.09299326621429926,0.09050572557623636,533.2884431271536,519.0231449169473
2020-05-31 07:15:00,4136001,83.8950156206896,5.618055555555556,86.5,27.146846344827587,28.469537852780597,29.54309482758621,2113.3559330824205,2055.371141416165,2648.2019047619046,2575.542380952381,0.09944241534377758,0.09913649447664359,0.9725626948312098,2982.6071428571427,2032809.6923566016,0.0827307078912672,0.08046080021202447,534.8459716794841,520.171239536216
2020-05-31 07:30:00,4136001,90.3087209666666,5.680555555555555,87.0,27.3117461,28.72602408867225,29.563504100000003,2272.553476535569,2211.5653268790365,2901.537619047619,2823.669523809524,0.10895540424243845,0.10868728086994166,0.9731631619294139,3688.524523809524,2033515.609737554,0.08896275108771068,0.08657527214245593,628.9841425120499,612.1041969304874
2020-05-31 07:45:00,4136001,111.0246576551724,5.743055555555555,87.5,27.38396910344828,29.111105690469202,29.679152862068968,2789.486443272448,2728.7246294221945,3692.642857142858,3612.208095238095,0.13866213299519864,0.13903931479847761,0.9782175625922843,4591.576547619047,2034418.6617613635,0.1091989212476981,0.10682030258063005,903.1564138704098,883.4834658159007
2020-05-31 08:00:00,4136001,178.7927566666666,5.805555555555555,88.0,27.74403266666667,30.50701762519961,31.240413499999995,4466.6530224282205,4382.367921628152,5785.796190476191,5676.619047619048,0.2172619643665382,0.21850159291581867,0.9811301436720401,6010.73130952381,2035837.8165232684,0.17485429721778117,0.17155482175095524,1319.143168047971,1294.251125990896
2020-05-31 08:15:00,4136001,301.327223,5.819444444444444,88.0,28.15140893333333,32.80116162216907,33.575649966666674,7457.209143594995,7318.963066233493,9557.34,9380.160476190476,0.35888690063726414,0.3610564648887759,0.9814614187828911,8355.771428571428,2038182.856642316,0.29192441352887044,0.2865125490794086,2100.130856405005,2061.1974099569834
2020-05-31 08:30:00,4136001,382.7413824137931,5.833333333333333,88.0,28.85903086206897,34.756432748259925,38.49397013793104,9395.56902259538,9215.856419762835,10737.986190476193,10532.596666666666,0.40322125015807153,0.405415464716059,0.9808726217219675,10988.920595238094,2040816.0058089828,0.3678046201838082,0.36076948208114445,1342.4171678808125,1316.7402469038316
2020-05-31 08:45:00,4136001,289.32719266666663,5.847222222222222,88.0,28.908792066666667,33.36032207153883,37.432584800000015,7143.7031518331,7017.414866354067,8889.230952380953,8732.084761904762,0.33379879187606964,0.3361110572942889,0.9823217338689912,13171.941785714283,2042999.026999459,0.2796517186076766,0.27470796110213613,1745.527800547853,1714.6698955506945
2020-05-31 09:00:00,4136001,293.54441413793097,5.861111111111112,88.0,29.230036206896543,33.7398597456572,37.51293513793103,7236.445487605847,7109.302442496571,8839.047619047618,8683.747142857143,0.3319143615885998,0.3342504697383752,0.9824301799375068,15342.878571428571,2045169.963785173,0.28328226610318447,0.2783050476608562,1602.6021314417712,1574.444700360572
2020-05-31 09:15:00,4136001,441.7368036666665,5.791666666666667,88.5,29.5595477,36.395991307005595,39.40730686666668,10769.789589479458,10552.489074863604,13065.369047619048,12801.750952380951,0.49061661541621865,0.4927586212395336,0.9798231420576569,18543.31630952381,2048370.4015232683,0.42160068856838745,0.41309411136674906,2295.5794581395894,2249.261877517347
2020-05-31 09:30:00,4136001,758.1236731034483,5.722222222222222,89.0,30.568175344827587,42.38800186655269,47.62321131034483,18019.30632738979,17621.5823349013,20546.40523809524,20092.902857142857,0.7715363997866823,0.7734060087104068,0.9779278965981094,23566.542023809525,2053393.6272375544,0.705394649731446,0.6898251060834332,2527.098910705452,2471.3205222415563
2020-05-31 09:45:00,4136001,604.0004026666667,5.652777777777778,89.5,31.156837966666668,40.644003641160765,51.43617453333332,14463.693050055106,14154.807054003313,17054.25857142857,16690.04857142857,0.6404030830091317,0.6424250364711562,0.9786440437457558,27739.054166666665,2057566.1393804112,0.5662044646723471,0.5541126268938467,2590.5655213734644,2535.2415174252583
2020-05-31 10:00:00,4136001,451.743708,5.583333333333334,90.0,31.05239956666667,38.201374214553994,45.03242686666668,10930.428516752514,10702.915307610076,14979.090952380951,14667.30619047619,0.5624786317389237,0.56456664425056,0.9791853348847447,31405.880714285715,2061232.9659280304,0.42788915704648717,0.4189827875361157,4048.6624356284374,3964.390882866115
2020-05-31 10:15:00,4136001,612.6659689655172,5.534722222222222,88.25,31.72263420689655,41.46953742394332,47.4245668275862,14619.522758071453,14308.032347283417,17273.492857142857,16905.455714285712,0.6486355319241462,0.6507163809219472,0.978693530839366,35632.24464285714,2065459.3298566013,0.5723046685485008,0.5601108767775853,2653.9700990714045,2597.423367002295
2020-05-31 10:30:00,4136001,715.8687563333334,5.486111111111111,86.5,32.271562833333334,43.7208832065174,50.19941723333333,16917.482146758724,16548.513431802825,19492.67047619048,19067.53714285714,0.7319676910462016,0.7339381423601598,0.9781900928427112,40399.12892857143,2070226.214142316,0.6622619748192885,0.6478181026346771,2575.188329431756,2519.0237110543167
2020-05-31 10:45:00,4136001,745.7961268965519,5.4375,84.75,33.31406296551724,45.30580034376304,57.16649144827586,17503.949444376292,17095.99259083951,22226.36,21708.34,0.8346202450522909,0.8355866105807602,0.9766934396815313,45826.21392857143,2075653.299142316,0.6852201778968993,0.6692500524893134,4722.410555623708,4612.347409160491
2020-05-31 11:00:00,4136001,480.8237753333333,5.388888888888888,83.0,32.96100906666666,40.73378267373639,51.62610166666666,11509.633576951685,11270.682797326099,14805.55238095238,14498.175238095238,0.5559620988918115,0.5580565398738875,0.9792390628226348,49450.75773809524,2079277.84295184,0.45056306819149283,0.4412089566383284,3295.9188040006957,3227.4924407691396
2020-05-31 11:15:00,4136001,703.0249227586206,5.5,79.75,33.08877037931034,44.31561360445599,51.79495462068965,16571.232875716327,16207.242057482523,19397.63333333333,18971.56,0.7283989589883881,0.7302438379825232,0.9780347774384849,54193.64773809524,2084020.73295184,0.6487074917093885,0.6344584872766695,2826.4004576170046,2764.3179425174785
2020-05-31 11:30:00,4136001,732.8439533333335,5.611111111111111,76.5,33.533041833333336,45.09574226459451,54.255354633333326,17215.689513074834,16832.206276207733,20858.606190476192,20393.97619047619,0.7832598324756942,0.7849947734955655,0.9777247820033083,59292.14178571429,2089119.2269994589,0.6739357805079207,0.6589237140813362,3642.9166774013574,3561.769914268458
2020-05-31 11:45:00,4136001,450.5056720689655,5.722222222222222,73.25,33.543277241379315,40.56706383428492,50.77153675862069,10791.573887311748,10558.48947794043,15409.959047619048,15077.123333333331,0.5786581247028113,0.5803411215877442,0.9784012590002864,63061.42261904762,2092888.507832792,0.42245346984974547,0.4133290067700305,4618.3851603073,4518.633855392902
2020-05-31 12:00:00,4136001,813.1542149999999,5.833333333333333,70.0,33.67513840000001,46.20447915500771,55.049168900000005,19010.184586705716,18554.053803865663,23350.121904761905,22789.858571428573,0.8768185373652386,0.8772158847389937,0.9760059782292153,68758.88726190476,2098585.9724756493,0.7441841685929034,0.7263281974502119,4339.937318056189,4235.80476756291
2020-05-31 12:15:00,4136001,899.8097250000001,6.083333333333333,70.5,34.73891906666667,48.2475472756443,60.83309920000001,20848.200468338975,20341.228777440054,23893.896666666667,23312.861904761903,0.8972377794289056,0.8973470685431186,0.975682712200085,74587.10273809524,2104414.18795184,0.8161362485159122,0.7962900284768077,3045.6961983276924,2971.6331273218493
2020-05-31 12:30:00,4136001,319.4593531034483,6.333333333333333,71.0,34.07653389655172,38.75246119607527,52.36313072413794,7711.676431160872,7559.351052285434,11050.38,10832.106666666668,0.4149519248100424,0.41694405445323124,0.9802474364380835,77295.1294047619,2107122.2146185064,0.3018859436743344,0.29592292238345796,3338.703568839127,3272.7556143812344
2020-05-31 12:45:00,4136001,860.170252,6.583333333333334,71.5,34.74858209999999,47.03146446470083,54.45613010000001,20036.655286744568,19550.601646978434,24836.429047619047,24233.94142857143,0.9326307365644957,0.9328008027934271,0.9757417776165622,83353.61476190476,2113180.69997565,0.784367010637877,0.765339661263591,4799.773760874479,4683.339781592997
2020-05-31 13:00:00,4136001,863.2760117241379,6.833333333333334,72.0,35.2726524137931,47.306050960268394,61.08201006896552,20084.77916087507,19603.74830244191,22783.87619047619,22238.201904761903,0.855555490387823,0.8559817911001304,0.9760499802073898,88913.16523809524,2118740.25045184,0.7862508968829545,0.7674201723406502,2699.0970296011183,2634.4536023199944
2020-05-31 13:15:00,4136001,960.3939863333336,6.715277777777778,71.0,35.98741463333332,49.526962602646876,64.1427207,22126.358548921748,21576.330691601463,26057.342857142856,25409.596666666668,0.9784771721883444,0.9780535386364956,0.9751415102442563,95265.56440476191,2125092.6496185064,0.8661717967869151,0.8446400740497735,3930.984308221108,3833.2659750652056
2020-05-31 13:30:00,4136001,837.395707586207,6.597222222222222,70.0,35.82564268965517,47.76711445559039,63.02653303448275,19443.2030754222,18975.57632048797,23157.680952380957,22600.71761904762,0.869592202741203,0.8699355654090948,0.975949088577625,100915.7438095238,2130742.8290232685,0.761135371909266,0.7428293724990397,3714.4778769587574,3625.1412985596507
2020-05-31 13:45:00,4136001,899.0759116666666,6.479166666666666,69.0,36.074380533333326,49.044783558062534,62.14148253333333,20757.958166873446,20247.896516910605,24824.87380952381,24214.88047619048,0.9321968267542216,0.9320671181084426,0.9754281396145783,106969.46392857144,2136796.549142316,0.8126035688734956,0.7926363874304406,4066.915642650365,3966.9839592798744
2020-05-31 14:00:00,4136001,918.7809383333334,6.361111111111111,68.0,36.7613546,50.17225721762273,62.75171296666667,21107.06147665556,20584.641992220157,25219.500476190475,24595.294285714288,0.9470154207677037,0.9467098169844558,0.9752490660524583,113118.2875,2142945.3727137446,0.8262697779078316,0.805818829211985,4112.438999534916,4010.6522934941313
2020-05-31 14:15:00,4136001,665.5635313793103,6.347222222222222,68.25,36.608745586206894,46.3370731661135,61.79855031034483,15550.744064981453,15193.551470913631,17066.12,16674.12,0.64084849055319,0.6418119218335839,0.9770305142586598,117286.8175,2147113.9027137444,0.6087588203163614,0.5947759432731897,1515.3759350185464,1480.5685290863676
2020-05-31 14:30:00,4136001,300.5127816666666,6.333333333333333,68.5,31.554353833333337,35.95296012236534,40.07902133333333,7340.273076449184,7198.947424062021,8829.581904761904,8659.581904761904,0.33155891531774223,0.333320313430068,0.9807465402287828,119451.71297619048,2149278.7981899357,0.2873467636112423,0.2818143442576638,1489.30882831272,1460.6344806998832
2020-05-31 14:45:00,4136001,269.7951396551723,6.319444444444445,68.75,29.09773824137931,33.05222911210371,32.461152137931045,6669.935668742149,6545.205391209786,8906.72380952381,8740.164761904762,0.3344556647385283,0.3364220686297246,0.9812996281033269,121636.75416666668,2151463.8393804114,0.26110533054383045,0.2562225637584571,2236.7881407816612,2194.9593706949754
2020-05-31 15:00:00,4136001,409.4698046666666,6.305555555555555,69.0,28.258013866666666,34.26813869664856,30.5615907,10072.130716022979,9866.55526014554,13323.649047619048,13051.709047619048,0.5003152667874781,0.502379883739901,0.9795896755439835,124899.68142857144,2154726.766642316,0.3942897128997056,0.386242131929753,3251.5183315960694,3185.1537874735077
2020-05-31 15:15:00,4136001,286.445456,6.041666666666666,67.25,28.61687723333333,32.93569300415881,34.26511020000001,7084.979401216041,6942.868635212799,9228.886666666667,9043.773333333333,0.3465531761068008,0.34810841853686936,0.9799419648307162,127160.62476190476,2156987.709975649,0.27735288319499085,0.27178972930956347,2143.9072654506263,2100.904698120534
2020-05-31 15:30:00,4136001,182.4975713793103,5.777777777777778,65.5,28.31004703448276,31.13858967830344,31.66338493103449,4547.430484682627,4464.548631590119,5909.113333333334,5801.413333333334,0.22189263641497872,0.22330511240279222,0.9817739153195009,128610.9780952381,2158438.063308982,0.17801646054737238,0.17477191746291323,1361.6828486507065,1336.864701743215
2020-05-31 15:45:00,4136001,185.8628973333333,5.513888888888889,63.75,28.09238476666667,31.05599630032422,32.0827222,4632.855435177591,4547.532115878181,5928.320476190476,5819.138571428572,0.22261388228151657,0.22398738343879665,0.9815829955211759,130065.76273809525,2159892.84795184,0.18136055725886047,0.178020439063542,1295.4650410128852,1271.6064555503908
2020-05-31 16:00:00,4136001,150.62582379310342,5.249999999999999,62.0,28.06294406896552,30.535868445801892,31.57601393103448,3762.5344127446815,3689.1259082679653,4808.720476190476,4714.900476190476,0.1805718733173612,0.18148360068644642,0.9804896124728952,131244.48785714287,2161071.5730708875,0.14729044481286677,0.1444167511555281,1046.1860634457944,1025.7745679225109
2020-05-31 16:15:00,4136001,143.7750286666666,5.458333333333333,60.25,29.37561533333333,31.68210492452073,32.16830666666668,3574.566755359307,3504.6250765406216,4573.73619047619,4484.244285714286,0.17174799742736863,0.17260529749009562,0.9804335228279559,132365.54892857143,2162192.634142316,0.13993214935836004,0.13719417015230462,999.169435116883,979.6192091736643
2020-05-31 16:30:00,4136001,125.89434775862073,5.666666666666666,58.5,29.412227,31.386730572123916,31.889497931034484,3133.812949375489,3071.7354498601803,3995.166666666667,3916.026666666666,0.15002218007618331,0.15073374792102354,0.980191064202578,133344.5555952381,2163171.640808983,0.12267813463987039,0.1202480113470417,861.3537172911779,844.2912168064859
2020-05-31 16:45:00,4136001,94.9052116,5.874999999999999,56.75,29.63631283333334,31.09224919292527,31.64319953333333,2365.274564531221,2307.270905510842,2951.513333333333,2879.133333333333,0.11083203824385865,0.11082216620018324,0.9754769869468093,134064.33892857144,2163891.424142316,0.09259246680490199,0.09032182053281824,586.2387688021117,571.8624278224911
2020-05-31 17:00:00,4136001,66.09004076666659,6.083333333333333,55.0,29.727227400000004,30.719421376379927,31.1070222,1649.6463791854287,1602.5670041625729,2059.465714285714,2000.690476190476,0.07733483031562226,0.07700958128632622,0.971460929071294,134564.51154761904,2164391.596761364,0.06457805359895982,0.06273505594686134,409.81933510028534,398.12347202790306
2020-05-31 17:15:00,4136001,40.0000306551724,6.319444444444445,47.0,29.63297568965517,30.21927148526048,30.42649889655172,1000.4685603232607,968.3462918638158,1244.7428571428572,1204.777619047619,0.046741238261940335,0.046373700025131276,0.9678927757119465,134865.70595238096,2164692.791166126,0.03916494657754006,0.037907468853545345,244.27429681959654,236.4313271838032
2020-05-31 17:30:00,4136001,54.7341133666666,6.555555555555555,39.0,29.6294576,30.41316483606338,30.210314766666663,1367.908547354919,1327.4521699455788,1797.7485714285715,1744.5795238095238,0.06750711107118396,0.0671514860734905,0.9704246475485739,135301.85083333333,2165128.936047078,0.053548974255428414,0.051965244468411775,429.84002407365256,417.127353863945
2020-05-31 17:45:00,4136001,48.5714671724138,6.791666666666666,31.0,29.26658268965517,29.946331722926654,29.935880482758616,1216.2093237450997,1178.845578617015,1565.68,1517.58,0.05879272293229619,0.05841393346912523,0.9692785243472484,135681.24583333332,2165508.331047078,0.047610464816797794,0.046147801081112355,349.47067625490035,338.7344213829849
2020-05-31 18:00:00,4136001,34.425974,7.027777777777778,23.0,29.2769705,29.74810740981251,29.4960744,862.7093446815768,834.4046084354005,1100.9133333333334,1064.7933333333333,0.04134030745691157,0.04098549462413936,0.9671908778771564,135947.44416666665,2165774.5293804114,0.03377214111104235,0.03266410680898025,238.20398865175662,230.38872489793278
2020-05-31 18:15:00,4136001,18.5542837166666,7.048611111111111,20.25,29.359654766666665,29.6130853108588,29.106293833333336,465.22333653936835,449.3311463882686,569.75,550.2871428571428,0.02139463612658765,0.02118137861053266,0.9658396539835767,136085.01595238096,2165912.1011661254,0.018211913741999153,0.01758978846695121,104.52666346063165,100.95599646887422
2020-05-31 18:30:00,4136001,1.8831484467931,7.069444444444445,17.5,29.01673524137932,29.04240695355699,28.52748068965517,47.32718668956064,45.671719262007635,27.022857142857145,26.07761904761905,0.001014733120969177,0.001003766723389088,0.9650207936843589,136091.53535714286,2165918.620570888,0.0018526986372895142,0.0017878927094150572,-20.304329546703496,-19.594100214388586
2020-05-31 18:45:00,4136001,0.0,7.090277777777777,14.75,28.521704166666662,28.521704166666662,27.120938133333333,0.0,0.0,0.0,0.0,0.0,0.0,0.0,136091.53535714286,2165918.620570888,0.0,0.0,0.0,0.0
2020-05-31 19:00:00,4136001,0.0079401902413793,7.111111111111112,12.0,25.673301827586208,25.673409652005564,24.197520241379312,0.20228580317967457,0.0,0.0,0.0,0.0,0.0,0.0,136091.53535714286,2165918.620570888,7.91880223839008e-06,0.0,-0.20228580317967457,0.0
2020-05-31 19:15:00,4136001,0.6869619313333,6.868055555555555,9.75,25.302272400000003,25.311816520472835,23.84010223333333,17.52655495874409,0.0,0.0,0.0,0.0,0.0,0.0,136091.53535714286,2165918.620570888,0.0006861051070167974,0.0,-17.52655495874409,0.0
2020-05-31 19:30:00,4136001,0.6716413406666,6.625,7.5,25.5190387,25.528590592777736,23.86186216666667,17.120801767106812,0.0,0.0,0.0,0.0,0.0,0.0,136091.53535714286,2165918.620570888,0.0006702212474890121,0.0,-17.120801767106812,0.0
2020-05-31 19:45:00,4136001,1.2282454462068,6.381944444444445,5.25,25.92626117241379,25.944151933073734,23.717881793103448,31.25703685443932,0.0,0.0,0.0,0.0,0.0,0.0,136091.53535714286,2165918.620570888,0.0012236068449574993,0.0,-31.25703685443932,0.0
2020-05-31 20:00:00,4136001,1.2794913646666002,6.138888888888889,3.0,25.868222133333337,25.887321870080115,23.557260200000005,32.56859984430199,0.0,0.0,0.0,0.0,0.0,0.0,136091.53535714286,2165918.620570888,0.0012749500819848108,0.0,-32.56859984430199,0.0
2020-05-31 20:15:00,4136001,0.8855208968964999,6.013888888888888,5.25,25.86443365517241,25.87782325064979,24.36525755172413,22.541203646783625,0.0,0.0,0.0,0.0,0.0,0.0,136091.53535714286,2165918.620570888,0.000882411573567572,0.0,-22.541203646783625,0.0
2020-05-31 20:30:00,4136001,0.2469506195333,5.888888888888889,7.5,26.0712495,26.07503244453942,24.731907466666662,6.281226836914938,0.0,0.0,0.0,0.0,0.0,0.0,136091.53535714286,2165918.620570888,0.0002458886998205104,0.0,-6.281226836914938,0.0
2020-05-31 20:45:00,4136001,0.0,5.763888888888888,9.75,25.991104689655177,25.991104689655177,24.672519,0.0,0.0,0.0,0.0,0.0,0.0,0.0,136091.53535714286,2165918.620570888,0.0,0.0,0.0,0.0
2020-05-31 21:00:00,4136001,0.0,5.638888888888889,12.0,25.90679843333333,25.90679843333333,24.3962097,0.0,0.0,0.0,0.0,0.0,0.0,0.0,136091.53535714286,2165918.620570888,0.0,0.0,0.0,0.0
2020-05-31 21:15:00,4136001,0.0,5.458333333333333,26.0,25.56336389655172,25.56336389655172,24.169891448275862,0.0,0.0,0.0,0.0,0.0,0.0,0.0,136091.53535714286,2165918.620570888,0.0,0.0,0.0,0.0
2020-05-31 21:30:00,4136001,0.0,5.277777777777778,40.0,25.33227123333334,25.33227123333334,24.059310066666672,0.0,0.0,0.0,0.0,0.0,0.0,0.0,136091.53535714286,2165918.620570888,0.0,0.0,0.0,0.0
2020-05-31 21:45:00,4136001,0.0038386379999999,5.097222222222222,54.0,25.28147476666667,25.28153888824021,24.49779563333333,0.09794757914010256,0.0,0.0,0.0,0.0,0.0,0.0,136091.53535714286,2165918.620570888,3.834315096500394e-06,0.0,-0.09794757914010256,0.0
2020-05-31 22:00:00,4136001,0.0542706253448275,4.916666666666666,68.0,25.27859720689655,25.279522852902772,25.041368,1.3847930660926433,0.0,0.0,0.0,0.0,0.0,0.0,136091.53535714286,2165918.620570888,5.420994582472669e-05,0.0,-1.3847930660926433,0.0
2020-05-31 22:15:00,4136001,0.0,4.8125,68.5,25.172681666666666,25.172681666666666,25.05172213333333,0.0,0.0,0.0,0.0,0.0,0.0,0.0,136091.53535714286,2165918.620570888,0.0,0.0,0.0,0.0
2020-05-31 22:30:00,4136001,0.0,4.708333333333333,69.0,25.16554944827586,25.16554944827586,24.985311379310343,0.0,0.0,0.0,0.0,0.0,0.0,0.0,136091.53535714286,2165918.620570888,0.0,0.0,0.0,0.0
2020-05-31 22:45:00,4136001,0.0,4.604166666666666,69.5,25.097927966666663,25.097927966666663,24.7690255,0.0,0.0,0.0,0.0,0.0,0.0,0.0,136091.53535714286,2165918.620570888,0.0,0.0,0.0,0.0
2020-05-31 23:00:00,4136001,0.0,4.5,70.0,24.955934655172417,24.955934655172417,24.54141020689656,0.0,0.0,0.0,0.0,0.0,0.0,0.0,136091.53535714286,2165918.620570888,0.0,0.0,0.0,0.0
2020-05-31 23:15:00,4136001,0.0,4.5,67.75,24.791358266666663,24.791358266666663,24.301851366666664,0.0,0.0,0.0,0.0,0.0,0.0,0.0,136091.53535714286,2165918.620570888,0.0,0.0,0.0,0.0
2020-05-31 23:30:00,4136001,0.0,4.5,65.5,24.71377466666667,24.71377466666667,24.23908893333333,0.0,0.0,0.0,0.0,0.0,0.0,0.0,136091.53535714286,2165918.620570888,0.0,0.0,0.0,0.0
2020-05-31 23:45:00,4136001,0.0,4.5,63.25,24.88328603448276,24.88328603448276,24.51085468965517,0.0,0.0,0.0,0.0,0.0,0.0,0.0,136091.53535714286,2165918.620570888,0.0,0.0,0.0,0.0
2020-06-01 00:00:00,4136001,0.0,4.5,61.0,25.14487823333333,25.14487823333333,24.373991933333336,0.0,0.0,0.0,0.0,0.0,0.0,0.0,0.0,2165918.620570888,0.0,0.0,0.0,0.0
2020-06-01 00:15:00,4136001,0.0,4.347222222222222,67.0,25.005375275862065,25.005375275862065,23.899509793103448,0.0,0.0,0.0,0.0,0.0,0.0,0.0,0.0,2165918.620570888,0.0,0.0,0.0,0.0
2020-06-01 00:30:00,4136001,0.0,4.194444444444445,73.0,24.77038563333333,24.77038563333333,23.57786976666667,0.0,0.0,0.0,0.0,0.0,0.0,0.0,0.0,2165918.620570888,0.0,0.0,0.0,0.0
2020-06-01 00:45:00,4136001,0.0,4.041666666666667,79.0,24.599648379310345,24.599648379310345,23.444983448275863,0.0,0.0,0.0,0.0,0.0,0.0,0.0,0.0,2165918.620570888,0.0,0.0,0.0,0.0
2020-06-01 01:00:00,4136001,0.0,3.888888888888889,85.0,24.555659099999996,24.555659099999996,23.400925566666665,0.0,0.0,0.0,0.0,0.0,0.0,0.0,0.0,2165918.620570888,0.0,0.0,0.0,0.0
2020-06-01 01:15:00,4136001,0.0,3.909722222222222,86.0,24.64996943333334,24.64996943333334,23.3517333,0.0,0.0,0.0,0.0,0.0,0.0,0.0,0.0,2165918.620570888,0.0,0.0,0.0,0.0
2020-06-01 01:30:00,4136001,0.0,3.9305555555555554,87.0,24.90393048275861,24.90393048275861,23.57673272413793,0.0,0.0,0.0,0.0,0.0,0.0,0.0,0.0,2165918.620570888,0.0,0.0,0.0,0.0
2020-06-01 01:45:00,4136001,0.0,3.951388888888889,88.0,24.6729461,24.6729461,23.422769266666663,0.0,0.0,0.0,0.0,0.0,0.0,0.0,0.0,2165918.620570888,0.0,0.0,0.0,0.0
2020-06-01 02:00:00,4136001,0.0,3.9722222222222223,89.0,24.439102793103444,24.439102793103444,23.29818010344828,0.0,0.0,0.0,0.0,0.0,0.0,0.0,0.0,2165918.620570888,0.0,0.0,0.0,0.0
2020-06-01 02:15:00,4136001,0.0,3.798611111111111,88.5,24.264511233333337,24.264511233333337,23.09995933333333,0.0,0.0,0.0,0.0,0.0,0.0,0.0,0.0,2165918.620570888,0.0,0.0,0.0,0.0
2020-06-01 02:30:00,4136001,0.0,3.625,88.0,24.043559,24.043559,22.765743000000004,0.0,0.0,0.0,0.0,0.0,0.0,0.0,0.0,2165918.620570888,0.0,0.0,0.0,0.0
2020-06-01 02:45:00,4136001,0.0,3.451388888888889,87.5,23.91952593103448,23.91952593103448,22.84983024137931,0.0,0.0,0.0,0.0,0.0,0.0,0.0,0.0,2165918.620570888,0.0,0.0,0.0,0.0
2020-06-01 03:00:00,4136001,0.0,3.2777777777777777,87.0,23.8130928,23.8130928,22.95408326666667,0.0,0.0,0.0,0.0,0.0,0.0,0.0,0.0,2165918.620570888,0.0,0.0,0.0,0.0
2020-06-01 03:15:00,4136001,0.0,3.5416666666666665,86.75,23.68584606896552,23.68584606896552,23.00851527586207,0.0,0.0,0.0,0.0,0.0,0.0,0.0,0.0,2165918.620570888,0.0,0.0,0.0,0.0
2020-06-01 03:30:00,4136001,0.0,3.8055555555555554,86.5,23.78812633333333,23.78812633333333,23.314534466666665,0.0,0.0,0.0,0.0,0.0,0.0,0.0,0.0,2165918.620570888,0.0,0.0,0.0,0.0
2020-06-01 03:45:00,4136001,0.0,4.069444444444445,86.25,23.78079093103448,23.78079093103448,23.10813110344828,0.0,0.0,0.0,0.0,0.0,0.0,0.0,0.0,2165918.620570888,0.0,0.0,0.0,0.0
2020-06-01 04:00:00,4136001,0.0,4.333333333333333,86.0,23.77050976666667,23.77050976666667,22.930192066666663,0.0,0.0,0.0,0.0,0.0,0.0,0.0,0.0,2165918.620570888,0.0,0.0,0.0,0.0
2020-06-01 04:15:00,4136001,0.0,4.013888888888888,86.0,23.720711333333337,23.720711333333337,22.8736441,0.0,0.0,0.0,0.0,0.0,0.0,0.0,0.0,2165918.620570888,0.0,0.0,0.0,0.0
2020-06-01 04:30:00,4136001,0.0,3.6944444444444446,86.0,23.56803644827585,23.56803644827585,22.489772344827585,0.0,0.0,0.0,0.0,0.0,0.0,0.0,0.0,2165918.620570888,0.0,0.0,0.0,0.0
2020-06-01 04:45:00,4136001,0.0,3.375,86.0,23.396958600000005,23.396958600000005,22.235097400000004,0.0,0.0,0.0,0.0,0.0,0.0,0.0,0.0,2165918.620570888,0.0,0.0,0.0,0.0
2020-06-01 05:00:00,4136001,0.0,3.0555555555555554,86.0,23.315240344827583,23.315240344827583,22.32914896551724,0.0,0.0,0.0,0.0,0.0,0.0,0.0,0.0,2165918.620570888,0.0,0.0,0.0,0.0
2020-06-01 05:15:00,4136001,0.0,3.0625,82.75,23.318588166666665,23.318588166666665,22.361772700000003,0.0,0.0,0.0,0.0,0.0,0.0,0.0,0.0,2165918.620570888,0.0,0.0,0.0,0.0
2020-06-01 05:30:00,4136001,0.0,3.0694444444444446,79.5,23.286697600000004,23.286697600000004,22.35413833333333,0.0,0.0,0.0,0.0,0.0,0.0,0.0,0.0,2165918.620570888,0.0,0.0,0.0,0.0
2020-06-01 05:45:00,4136001,0.7611838662068,3.0763888888888884,76.25,23.38028920689655,23.396821407932695,22.75453237931034,19.56913351396575,0.0,0.0,0.0,0.0,0.0,0.0,0.0,2165918.620570888,0.0007660651209225191,0.0,-19.56913351396575,0.0
2020-06-01 06:00:00,4136001,6.3919369866666,3.083333333333333,73.0,23.47015503333333,23.608838847320456,22.829620200000004,164.1906367944701,158.40055018354218,103.54428571428572,99.89285714285714,0.003888183090556509,0.003845026101545677,0.9647355858776782,24.973214285714285,2165943.5937851733,0.006427505844371505,0.006200843616501944,-60.646351080184374,-58.50769304068504
2020-06-01 06:15:00,4136001,20.9013741034482,3.1597222222222223,77.25,23.67332510344828,24.12173216386015,23.338527344827583,535.8013202032444,517.6910009144129,678.8866666666667,655.9399999999999,0.025492818261562678,0.025248115763082012,0.9661995620280263,188.9582142857143,2166107.578785173,0.020974802121872943,0.020265844623778152,143.0853464634223,138.248999085587
2020-06-01 06:30:00,4136001,46.8731341666666,3.236111111111111,81.5,23.979217633333327,24.973661977592723,23.88627933333333,1197.5003581628307,1160.64034356196,1565.8495238095238,1517.6514285714284,0.05879908870714403,0.058416682862118825,0.9692192036940847,568.3710714285714,2166486.991642316,0.04687807234929852,0.0454351279531008,368.3491656466931,357.0110850094684
2020-06-01 06:45:00,4136001,69.70666746666659,3.3125,85.75,24.209690400000003,25.672349319722326,25.161978166666664,1775.8679268284818,1726.0955007325663,2385.6842857142856,2318.8204761904763,0.08958463748271227,0.08925488278906929,0.9719729010564405,1148.0761904761905,2167066.696761364,0.0695191985448613,0.06757077708876752,609.8163588858038,592.72497545791
2020-06-01 07:00:00,4136001,64.6242286206896,3.3888888888888884,90.0,24.567252344827587,25.908560535377394,26.587057137931037,1644.8264189883357,1597.9068413613606,2150.5866666666666,2089.24,0.08075650582189448,0.08041798545120203,0.9714744503825312,1670.3861904761904,2167589.006761364,0.06438936852567374,0.06255262639895716,505.76024767833087,491.33315863863913
2020-06-01 07:15:00,4136001,150.4371014,3.3888888888888884,89.0,24.835614033333336,27.95801132266501,27.84200043333333,3797.446201998537,3723.4176277698866,5194.679523809524,5093.412857142857,0.19506499026966279,0.19605311072097018,0.9805056950669399,2943.739404761905,2168862.359975649,0.14865712280283958,0.14575915552044966,1397.2333218109866,1369.9952293729707
2020-06-01 07:30:00,4136001,162.87006586206888,3.3888888888888884,88.0,25.36163324137931,28.742082927183976,30.20812979310345,4098.239851387042,4018.8514387348864,5425.54,5320.44,0.2037340133220647,0.20479172642395962,0.9806286563180807,4273.849404761904,2170192.4699756494,0.16043217269082177,0.15732438593599085,1327.3001486129579,1301.5885612651132
2020-06-01 07:45:00,4136001,132.0704731333333,3.3888888888888884,87.0,25.5112201,28.252408832530786,29.69533993333333,3329.8491060195915,3264.345498476464,4384.822380952381,4298.565714285714,0.16465411025922577,0.1654582504032397,0.9803283555928367,5348.490833333333,2171267.1114042206,0.13035228443999183,0.12778804065282692,1054.973274932789,1034.2202158092505
2020-06-01 08:00:00,4136001,161.106645,3.3888888888888884,86.0,25.689117433333333,29.032966437069323,29.60674846666667,4049.0790491488947,3970.523117729941,5161.9742857142855,5061.827142857143,0.19383687852156092,0.19483732913920151,0.9805990620421534,6613.947619047619,2172532.568189935,0.15850769423170463,0.15543249629007402,1112.8952365653909,1091.3040251272023
2020-06-01 08:15:00,4136001,217.5741148275862,3.4722222222222223,82.75,25.838382137931035,30.30144090362511,29.698359931034485,5440.070597319011,5342.763502128089,6660.532380952381,6541.394761904761,0.2501091122419143,0.2517881089742808,0.9821128984541346,8249.29630952381,2174167.916880411,0.21296028957991822,0.20915104725496533,1220.46178363337,1198.6312597766719
2020-06-01 08:30:00,4136001,281.6243653333333,3.555555555555556,79.5,26.10598753333333,31.816132815842117,30.992041066666665,6997.9508004204035,6872.126477968516,8748.71380952381,8591.410476190476,0.328522244020034,0.33069629275697887,0.9820198332282748,10397.148928571429,2176315.769499459,0.2739460090201763,0.269020414091545,1750.7630091034061,1719.2839982219602
2020-06-01 08:45:00,4136001,547.2186465517241,3.638888888888889,76.25,26.78541406896552,37.753917708005886,35.383090241379314,13265.567551664719,12987.280129511953,16292.486666666668,15950.7,0.6117978478817276,0.6139663995215909,0.9790218231471112,14384.823928571428,2180303.4444994587,0.5193019202060959,0.5084079126839677,3026.9191150019487,2963.4198704880473
2020-06-01 09:00:00,4136001,660.3211486666669,3.7222222222222223,73.0,27.515931200000004,40.60196268368345,39.75073440000002,15815.214123708349,15472.61391879887,19335.431904761903,18916.574285714287,0.7260632381795428,0.7281273552560521,0.9783373021554042,19113.9675,2185032.588070888,0.6191119249836895,0.6057002904207818,3520.217781053554,3443.9603669154167
2020-06-01 09:15:00,4136001,698.7364796666666,3.944444444444444,78.0,28.24577023333333,41.688180384673586,41.81874679999999,16657.7391355795,16293.160281399416,19666.893333333333,19236.454761904763,0.7385099194507753,0.7404400352164249,0.9781135452288734,23923.08119047619,2189841.7017613635,0.65209391801055,0.6378218939674855,3009.1541977538327,2943.2944805053467
2020-06-01 09:30:00,4136001,813.7932979310345,4.166666666666667,83.0,29.05904,44.270129680953914,46.36068413793104,19185.973009987578,18756.536059403516,21041.504285714287,20570.53523809524,0.790127824043689,0.7917907964142855,0.9776171398573056,29065.715,2194984.335570888,0.7510656883925456,0.7342546901312788,1855.5312757267093,1813.9991786917235
2020-06-01 09:45:00,4136001,788.3443606666666,4.388888888888889,88.0,29.394693966666665,43.72301749750393,49.35060226666668,18630.060963483713,18205.559629782176,19132.946666666667,18696.986666666668,0.7184597313957727,0.7196750979979891,0.9772141736662274,33739.96166666667,2199658.5822375542,0.7293036196313843,0.7126858340098718,502.8857031829539,491.4270368844918
2020-06-01 10:00:00,4136001,625.4762248275862,4.611111111111112,93.0,29.30169255172414,40.36423632299379,47.55944086206897,14995.843987272972,14648.196650787819,20359.967142857146,19887.963809523808,0.7645354779652638,0.7655175969674707,0.9768170876690766,38711.95261904762,2204630.573189935,0.5870363666969259,0.5734271540727273,5364.123155584173,5239.767158735989
2020-06-01 10:15:00,4136001,918.4480953333332,4.666666666666667,92.0,29.8226225,45.95839367591942,50.4896434,21494.873671079247,20971.4896190057,25125.95238095238,24514.154285714285,0.9435026038164894,0.943586616519449,0.9756507500307972,44840.49119047619,2210759.111761364,0.8414513083217556,0.8209626000785164,3631.0787098731344,3542.6646667085843
2020-06-01 10:30:00,4136001,688.386228275862,4.722222222222222,91.0,30.160547758620687,42.17426901997953,49.79540931034483,16376.800057903576,16003.937953974224,19720.437619047618,19271.448571428573,0.7405205565890204,0.7417869995025614,0.9772322979696265,49658.35333333333,2215576.973904221,0.6410961071796272,0.626499822038529,3343.6375611440417,3267.510617454349
2020-06-01 10:45:00,4136001,319.9997146666665,4.777777777777778,90.0,30.09952903333333,35.647374294544605,43.9329496,7826.249435854726,7679.144772038367,10298.572857142855,10104.99761904762,0.38672087565023877,0.38895653515776213,0.9812036831917953,52184.60273809524,2218103.223308983,0.3063710877218526,0.3006124396961584,2472.32342128813,2425.852847009254
2020-06-01 11:00:00,4136001,316.7546243333333,4.833333333333333,89.0,30.165436866666667,35.621079724629695,41.23620903333333,7747.7351448384,7598.257874747508,10936.593333333334,10725.593333333332,0.41067913090150243,0.4128441962797522,0.9807069721284323,54866.001071428575,2220784.621642316,0.30329751986057546,0.297445992356528,3188.8581884949344,3127.335458585824
2020-06-01 11:15:00,4136001,454.3418306896551,5.048611111111112,89.5,30.59765,38.22947850862395,43.20352179310344,10991.988178542877,10765.095940901272,14162.407142857142,13870.07238095238,0.531811404121131,0.5338799175482701,0.9793583986849155,58333.519166666665,2224252.139737554,0.4302990087509445,0.4214169481660314,3170.4189643142654,3104.9764400511085
2020-06-01 11:30:00,4136001,352.625237,5.263888888888888,90.0,30.9631358,36.743403597721496,43.16814576666666,8584.682206842186,8419.598274014157,11246.03523809524,11029.773333333334,0.42229895881672697,0.42455254133084586,0.9807699424567573,61090.9625,2227009.5830708877,0.33606115509266726,0.32959867974218665,2661.3530312530547,2610.1750593191773
2020-06-01 11:45:00,4136001,485.9102437931034,5.479166666666667,90.5,30.702194655172413,38.47955840681266,39.67880793103448,11743.312941511596,11501.361522091649,10158.01761904762,9948.728571428572,0.38144289728300146,0.3829415048128032,0.979396664244153,63578.14464285714,2229496.7652137447,0.4597108217463925,0.4502392453353552,-1585.2953224639768,-1552.6329506630773
2020-06-01 12:00:00,4136001,1079.7786666666668,5.694444444444445,91.0,32.09725336666666,48.9819862308835,53.4779175,24936.970711446076,24318.694520406185,8713.150952380953,8497.120952380952,0.32718682605041005,0.32706694737113756,0.9752064435494523,65702.42488095239,2231621.04545184,0.9761977182010599,0.9519943049679461,-16223.819759065123,-15821.573568025233
2020-06-01 12:15:00,4136001,752.1377041379309,5.847222222222222,91.0,32.32455834482758,43.89679781152395,56.08672375862069,17761.073912866705,17341.224764303497,20036.61333333333,19562.97333333333,0.7523932452405461,0.7530082254323359,0.9763612746265836,70593.16821428572,2236511.788785173,0.6952857276518577,0.6788500592798394,2275.5394204666263,2221.7485690298345
2020-06-01 12:30:00,4136001,917.0147646666668,6.0,91.0,32.71362183333334,46.59936932980013,49.31692216666666,21401.268974647737,20878.30505094439,26630.506666666668,25979.76047619048,1.0,1.0,0.9755638824817883,77088.10833333334,2243006.7289042207,0.8377870023350064,0.8173147406907179,5229.237692018931,5101.455425246091
2020-06-01 12:45:00,4136001,520.0881703448275,6.152777777777777,91.0,32.914065724137934,40.666740246681385,48.51724062068966,12453.080856373243,12183.05949804265,17605.901904761904,17224.15142857143,0.6611177971615224,0.6629834576171997,0.97831690314671,81394.1461904762,2247312.7667613635,0.4874958252641708,0.47692540606939327,5152.821048388661,5041.091930528779
2020-06-01 13:00:00,4136001,291.4817913333333,6.305555555555555,91.0,32.35695386666666,36.6352716610793,41.9516938,7099.361972746264,6969.399949547127,9301.269047619047,9130.99857142857,0.3492712010343168,0.35146584895564387,0.9816938446443432,83676.89583333333,2249595.516404221,0.2779159120276478,0.2728283401662606,2201.9070748727836,2161.5986218814433
2020-06-01 13:15:00,4136001,69.74382003333331,6.479166666666666,91.25,29.79072676666667,30.796877017805752,35.04367046666667,1740.2948819654603,1699.2100387785865,2260.7571428571428,2207.385238095238,0.0848935084546073,0.08496557310904493,0.9763920220575071,84228.74214285714,2250147.3627137444,0.06812663464339246,0.06651830255543498,520.4622608916825,508.1751993166515
2020-06-01 13:30:00,4136001,30.35270925,6.652777777777778,91.5,24.81791675,25.248421100755262,25.7830125,774.5894946944658,749.0247085369973,987.75,955.15,0.0370909202879104,0.03676515804968105,0.9669956972918249,84467.52964285715,2250386.1502137445,0.030322548236228843,0.029321773675357106,213.16050530553423,206.12529146300267
2020-06-01 13:45:00,4136001,66.5650115,6.826388888888888,91.75,25.2230896,26.151569029507968,25.4652862,1692.5706920298664,1644.7687868057444,2278.86,2214.5,0.08557328737768415,0.08523943098049383,0.9717578087289258,85021.15464285715,2250939.7752137445,0.06625839467723102,0.06438711242144234,586.2893079701337,569.7312131942556
2020-06-01 14:00:00,4136001,54.9807242413793,7.0,92.0,25.41993251724138,26.174333234055037,25.74652410344828,1397.8852783672019,1357.2732681684042,1907.8785714285711,1852.45,0.07164259378574489,0.07130358271384774,0.9709475370924326,85484.26714285715,2251402.887713745,0.05472246147454304,0.05313263919234309,509.9932930613693,495.1767318315958
2020-06-01 14:15:00,4136001,43.911696137931,7.048611111111111,91.5,25.733120620689657,26.33290475779645,25.572927448275863,1115.743671335954,1081.0453031786562,1517.74,1470.54,0.056992531873220086,0.056603293219261865,0.9689011293106856,85851.90214285714,2251770.5227137445,0.04367757570311036,0.042319252424296586,401.9963286640459,389.4946968213437
2020-06-01 14:30:00,4136001,36.8734744,7.097222222222222,91.0,25.779276466666666,26.28064942743898,25.289524266666664,937.1077602135413,906.7933742066017,1250.3266666666666,1209.88,0.04695091544133845,0.04657009833130724,0.9676511205071743,86154.37214285714,2252072.9927137448,0.03668458642448782,0.035497881158997914,313.2189064531253,303.0866257933984
2020-06-01 14:45:00,4136001,36.230325275862,7.145833333333334,90.5,25.818098448275865,26.308509267210752,25.85411962068966,920.6595387124394,890.7794585198691,1220.3533333333332,1180.746666666667,0.04582538922779288,0.04544871257565207,0.9675449186847528,86449.5588095238,2252368.1793804117,0.0360406944103519,0.03487099074260595,299.69379462089387,289.9672081467978
2020-06-01 15:00:00,4136001,37.5434128666666,7.194444444444444,90.0,25.83727739999999,26.343185133009918,26.1028746,953.8937737747715,923.048623020117,1274.12,1232.92,0.047844376975178335,0.04745694253532195,0.9676639562992498,86757.78880952382,2252676.4093804117,0.03734170185064676,0.036134218947743865,320.2262262252284,309.87137697988305
2020-06-01 15:15:00,4136001,39.739626034482704,7.236111111111111,90.5,25.770825620689656,26.304279222065354,26.20280220689655,1009.8525973785241,977.5037806167192,1352.3466666666666,1309.0266666666666,0.0507818602024345,0.050386402440713136,0.9679667935243429,87085.04547619047,2253003.666047078,0.03953229976036501,0.03826595343968366,342.49406928814244,331.5228860499475
2020-06-01 15:30:00,4136001,43.8830790666666,7.277777777777778,91.0,25.69923173333333,26.286060819541763,26.291916966666665,1115.2265927423389,1080.062526931253,1516.4880952380954,1468.671904761905,0.05694552169885222,0.05653138742783599,0.9684691290183303,87452.21345238095,2253370.8340232684,0.043657333832152624,0.042280780071687334,401.26150249575653,388.60937783065197
2020-06-01 15:45:00,4136001,51.105026266666606,7.319444444444445,91.5,25.7438171,26.42462741461622,26.56079706666667,1298.0386175828326,1259.6136375754897,1784.736666666667,1731.9042857142856,0.06701850208883246,0.06666359712213335,0.9703976603724651,87885.18952380952,2253803.810094697,0.050813803780889906,0.049309596303601086,486.69804908383435,472.29064813879586
2020-06-01 16:00:00,4136001,62.668925241379306,7.361111111111111,92.0,25.802610448275864,26.634314831041348,26.95674606896552,1590.4123426506446,1545.2898409340512,2211.133333333333,2148.4,0.08303008880041335,0.08269514270421899,0.9716284258449664,88422.28952380952,2254340.910094697,0.06225924222550967,0.06049284951787243,620.7209906826886,603.1101590659489
2020-06-01 16:15:00,4136001,83.81684206666661,7.277777777777778,92.5,25.874815966666667,26.995661674966566,27.320389866666662,2124.009575920526,2069.0728876701196,2957.9666666666667,2881.46,0.11107436684143698,0.11091172309462802,0.9741353857942956,89142.65452380953,2255061.275094697,0.08314776182894992,0.08099717704717634,833.9570907461407,812.3871123298804
2020-06-01 16:30:00,4136001,93.2735847586207,7.194444444444444,93.0,25.735058,26.991945006584295,27.556919448275863,2363.6891025622854,2309.08397166556,3157.9266666666667,3084.973333333334,0.11858304861392047,0.11874525695341193,0.9768983446945149,89913.89785714286,2255832.5184280304,0.0925304013529961,0.09039279591566099,794.2375641043814,775.8893616677738
2020-06-01 16:45:00,4136001,48.0440166999999,7.111111111111112,93.5,25.29312340000001,25.9455407913634,26.636511266666677,1222.6426167253137,1184.9625803233916,1545.6228571428571,1497.9890476190476,0.05803955878456901,0.057659848288128014,0.9691814796192504,90288.39511904762,2256207.015689935,0.047862306389716724,0.046387260924775554,322.9802404175434,313.02646729565595
2020-06-01 17:00:00,4136001,52.6809618965517,7.027777777777778,94.0,24.98577968965517,25.706745364987754,25.35485210344828,1341.930803267162,1301.7681973789677,1734.3285714285714,1682.421904761905,0.06512563178527225,0.0647589459611756,0.9700710306444926,90709.00059523807,2256627.6211661254,0.052532033793977764,0.05095980416437532,392.39776816140943,380.6537073829372
2020-06-01 17:15:00,4136001,23.5144601,7.048611111111111,93.75,24.644906633333328,24.966087580575945,24.1804921,600.7583648801132,580.4849511233529,696.3147619047619,672.8166666666667,0.02614725925497832,0.02589772401032254,0.9662536305078232,90877.20476190477,2256795.825332792,0.02351764982893377,0.02272401452821894,95.55639702464873,92.33171554331386
2020-06-01 17:30:00,4136001,8.118414192307599,7.069444444444445,93.5,24.59279103846153,24.70346398771254,23.769449192307693,207.63087889629824,200.25979998143745,178.83269230769233,172.48397435897436,0.006715331951664919,0.006639167228545072,0.9644991200054484,90920.3257554945,2256838.946326382,0.00812804380099034,0.007839491093420923,-28.798186588605915,-27.77582562246309
2020-06-01 17:45:00,4136001,4.544642263445449,7.090277777777779,93.25,24.155449352564098,24.21728332329025,23.58846632532051,116.4563579733325,112.32205478431868,89.41634615384616,86.24198717948718,0.0033576659758324597,0.003319583614272536,0.9644991200054484,90920.3257554945,2256838.946326382,0.004558870932602564,0.004397027002713591,-27.040011819486338,-26.0800676048315
2020-06-01 18:00:00,4136001,0.9708703345833,7.111111111111112,93.0,23.71810766666667,23.731291674469265,23.40748345833333,24.926743042362823,0.0,0.0,0.0,0.0,0.0,0.0,90920.3257554945,2256838.946326382,0.0009757973396892865,0.0,-24.926743042362823,0.0
2020-06-01 18:15:00,4136001,0.3928348473333,6.986111111111111,93.0,23.446385966666664,23.451783161793866,23.27403063333333,10.097111389541803,0.0,0.0,0.0,0.0,0.0,0.0,90920.3257554945,2256838.946326382,0.00039526762143440213,0.0,-10.097111389541803,0.0
2020-06-01 18:30:00,4136001,0.0555966926896551,6.861111111111112,93.0,23.588117965517245,23.588890893262132,23.3298445862069,1.4282338422317298,0.0,0.0,0.0,0.0,0.0,0.0,90920.3257554945,2256838.946326382,5.591050468709061e-05,0.0,-1.4282338422317298,0.0
2020-06-01 18:45:00,4136001,0.0,6.736111111111111,93.0,23.59890143333333,23.59890143333333,23.349148733333344,0.0,0.0,0.0,0.0,0.0,0.0,0.0,90920.3257554945,2256838.946326382,0.0,0.0,0.0,0.0
2020-06-01 19:00:00,4136001,0.0,6.611111111111111,93.0,23.72271413793104,23.72271413793104,23.42210965517241,0.0,0.0,0.0,0.0,0.0,0.0,0.0,90920.3257554945,2256838.946326382,0.0,0.0,0.0,0.0
2020-06-01 19:15:00,4136001,0.0,6.423611111111111,93.25,23.58577883333333,23.58577883333333,23.355973333333328,0.0,0.0,0.0,0.0,0.0,0.0,0.0,90920.3257554945,2256838.946326382,0.0,0.0,0.0,0.0
2020-06-01 19:30:00,4136001,0.0,6.236111111111112,93.5,23.44893493103448,23.44893493103448,23.228958862068968,0.0,0.0,0.0,0.0,0.0,0.0,0.0,90920.3257554945,2256838.946326382,0.0,0.0,0.0,0.0
2020-06-01 19:45:00,4136001,0.0,6.048611111111111,93.75,23.29360873333333,23.29360873333333,23.142231366666675,0.0,0.0,0.0,0.0,0.0,0.0,0.0,90920.3257554945,2256838.946326382,0.0,0.0,0.0,0.0
2020-06-01 20:00:00,4136001,0.0,5.861111111111112,94.0,23.13512375862069,23.13512375862069,22.956744,0.0,0.0,0.0,0.0,0.0,0.0,0.0,90920.3257554945,2256838.946326382,0.0,0.0,0.0,0.0
2020-06-01 20:15:00,4136001,0.0,5.708333333333333,94.75,23.221523033333337,23.221523033333337,22.95596703333333,0.0,0.0,0.0,0.0,0.0,0.0,0.0,90920.3257554945,2256838.946326382,0.0,0.0,0.0,0.0
2020-06-01 20:30:00,4136001,0.0,5.555555555555555,95.5,23.271758862068967,23.271758862068967,22.85351462068965,0.0,0.0,0.0,0.0,0.0,0.0,0.0,90920.3257554945,2256838.946326382,0.0,0.0,0.0,0.0
2020-06-01 20:45:00,4136001,0.0,5.402777777777778,96.25,23.369856766666665,23.369856766666665,23.009596599999995,0.0,0.0,0.0,0.0,0.0,0.0,0.0,90920.3257554945,2256838.946326382,0.0,0.0,0.0,0.0
2020-06-01 21:00:00,4136001,0.0,5.249999999999999,97.0,23.332742620689658,23.332742620689658,23.00758934482758,0.0,0.0,0.0,0.0,0.0,0.0,0.0,90920.3257554945,2256838.946326382,0.0,0.0,0.0,0.0
2020-06-01 21:15:00,4136001,0.0,5.180555555555555,96.5,23.3867891,23.3867891,23.03463536666667,0.0,0.0,0.0,0.0,0.0,0.0,0.0,90920.3257554945,2256838.946326382,0.0,0.0,0.0,0.0
2020-06-01 21:30:00,4136001,0.0,5.111111111111111,96.0,23.4847129,23.4847129,23.058717766666664,0.0,0.0,0.0,0.0,0.0,0.0,0.0,90920.3257554945,2256838.946326382,0.0,0.0,0.0,0.0
2020-06-01 21:45:00,4136001,0.0,5.041666666666666,95.5,23.600198586206893,23.600198586206893,23.070833344827587,0.0,0.0,0.0,0.0,0.0,0.0,0.0,90920.3257554945,2256838.946326382,0.0,0.0,0.0,0.0
2020-06-01 22:00:00,4136001,0.0,4.972222222222221,95.0,23.658306066666672,23.658306066666672,23.232104766666662,0.0,0.0,0.0,0.0,0.0,0.0,0.0,90920.3257554945,2256838.946326382,0.0,0.0,0.0,0.0
2020-06-01 22:15:00,4136001,0.0,5.048611111111112,95.25,23.667698551724136,23.667698551724136,23.233116448275865,0.0,0.0,0.0,0.0,0.0,0.0,0.0,90920.3257554945,2256838.946326382,0.0,0.0,0.0,0.0
2020-06-01 22:30:00,4136001,0.0,5.125,95.5,23.6461244,23.6461244,23.244825266666663,0.0,0.0,0.0,0.0,0.0,0.0,0.0,90920.3257554945,2256838.946326382,0.0,0.0,0.0,0.0
2020-06-01 22:45:00,4136001,0.0,5.201388888888889,95.75,23.66165079310345,23.66165079310345,23.346891344827583,0.0,0.0,0.0,0.0,0.0,0.0,0.0,90920.3257554945,2256838.946326382,0.0,0.0,0.0,0.0
2020-06-01 23:00:00,4136001,0.0,5.277777777777778,96.0,23.591604633333333,23.591604633333333,23.25824696666667,0.0,0.0,0.0,0.0,0.0,0.0,0.0,90920.3257554945,2256838.946326382,0.0,0.0,0.0,0.0
2020-06-01 23:15:00,4136001,0.0,5.326388888888889,96.5,23.5920869,23.5920869,23.23701086666667,0.0,0.0,0.0,0.0,0.0,0.0,0.0,90920.3257554945,2256838.946326382,0.0,0.0,0.0,0.0
2020-06-01 23:30:00,4136001,0.0,5.375,97.0,23.68483689655173,23.68483689655173,23.412834344827587,0.0,0.0,0.0,0.0,0.0,0.0,0.0,90920.3257554945,2256838.946326382,0.0,0.0,0.0,0.0
2020-06-01 23:45:00,4136001,0.0,5.423611111111111,97.5,23.643209,23.643209,23.09573873333333,0.0,0.0,0.0,0.0,0.0,0.0,0.0,90920.3257554945,2256838.946326382,0.0,0.0,0.0,0.0
2020-06-02 00:00:00,4136001,0.0,5.472222222222222,98.0,23.54084489655172,23.54084489655172,22.76998803448276,0.0,0.0,0.0,0.0,0.0,0.0,0.0,0.0,2256838.946326382,0.0,0.0,0.0,0.0
2020-06-02 00:15:00,4136001,0.0,5.430555555555555,97.75,23.453650199999995,23.453650199999995,22.522193399999995,0.0,0.0,0.0,0.0,0.0,0.0,0.0,0.0,2256838.946326382,0.0,0.0,0.0,0.0
2020-06-02 00:30:00,4136001,0.0,5.388888888888888,97.5,23.393078866666663,23.393078866666663,22.47517596666667,0.0,0.0,0.0,0.0,0.0,0.0,0.0,0.0,2256838.946326382,0.0,0.0,0.0,0.0
2020-06-02 00:45:00,4136001,0.0,5.347222222222222,97.25,23.42435786206897,23.42435786206897,22.32573203448276,0.0,0.0,0.0,0.0,0.0,0.0,0.0,0.0,2256838.946326382,0.0,0.0,0.0,0.0
2020-06-02 01:00:00,4136001,0.0,5.305555555555556,97.0,23.40566436666667,23.40566436666667,22.28776063333333,0.0,0.0,0.0,0.0,0.0,0.0,0.0,0.0,2256838.946326382,0.0,0.0,0.0,0.0
2020-06-02 01:15:00,4136001,0.0,5.1875,97.25,23.37376044827586,23.37376044827586,22.294950379310343,0.0,0.0,0.0,0.0,0.0,0.0,0.0,0.0,2256838.946326382,0.0,0.0,0.0,0.0
2020-06-02 01:30:00,4136001,0.0,5.069444444444445,97.5,23.281397500000004,23.281397500000004,21.9850617,0.0,0.0,0.0,0.0,0.0,0.0,0.0,0.0,2256838.946326382,0.0,0.0,0.0,0.0
2020-06-02 01:45:00,4136001,0.0,4.951388888888888,97.75,23.15951693103448,23.15951693103448,21.808919000000003,0.0,0.0,0.0,0.0,0.0,0.0,0.0,0.0,2256838.946326382,0.0,0.0,0.0,0.0
2020-06-02 02:00:00,4136001,0.0,4.833333333333333,98.0,23.188746533333333,23.188746533333333,21.8047476,0.0,0.0,0.0,0.0,0.0,0.0,0.0,0.0,2256838.946326382,0.0,0.0,0.0,0.0
2020-06-02 02:15:00,4136001,0.0,4.715277777777777,97.5,23.142530566666668,23.142530566666668,21.798753966666663,0.0,0.0,0.0,0.0,0.0,0.0,0.0,0.0,2256838.946326382,0.0,0.0,0.0,0.0
2020-06-02 02:30:00,4136001,0.0,4.597222222222221,97.0,23.046586344827592,23.046586344827592,21.81410910344828,0.0,0.0,0.0,0.0,0.0,0.0,0.0,0.0,2256838.946326382,0.0,0.0,0.0,0.0
2020-06-02 02:45:00,4136001,0.0,4.479166666666667,96.5,23.0449349,23.0449349,21.928314233333342,0.0,0.0,0.0,0.0,0.0,0.0,0.0,0.0,2256838.946326382,0.0,0.0,0.0,0.0
2020-06-02 03:00:00,4136001,0.0,4.361111111111111,96.0,23.054548482758616,23.054548482758616,22.202292758620693,0.0,0.0,0.0,0.0,0.0,0.0,0.0,0.0,2256838.946326382,0.0,0.0,0.0,0.0
2020-06-02 03:15:00,4136001,0.0,4.368055555555555,96.0,23.0670103,23.0670103,22.257735366666665,0.0,0.0,0.0,0.0,0.0,0.0,0.0,0.0,2256838.946326382,0.0,0.0,0.0,0.0
2020-06-02 03:30:00,4136001,0.0,4.375,96.0,23.055033551724133,23.055033551724133,21.74863513793104,0.0,0.0,0.0,0.0,0.0,0.0,0.0,0.0,2256838.946326382,0.0,0.0,0.0,0.0
2020-06-02 03:45:00,4136001,0.0,4.381944444444445,96.0,23.02189033333333,23.02189033333333,21.418355300000005,0.0,0.0,0.0,0.0,0.0,0.0,0.0,0.0,2256838.946326382,0.0,0.0,0.0,0.0
2020-06-02 04:00:00,4136001,0.0,4.388888888888889,96.0,23.09342620689656,23.09342620689656,22.18510710344828,0.0,0.0,0.0,0.0,0.0,0.0,0.0,0.0,2256838.946326382,0.0,0.0,0.0,0.0
2020-06-02 04:15:00,4136001,0.0,4.131944444444445,96.5,23.003746500000005,23.003746500000005,22.22702553333333,0.0,0.0,0.0,0.0,0.0,0.0,0.0,0.0,2256838.946326382,0.0,0.0,0.0,0.0
2020-06-02 04:30:00,4136001,0.0,3.8749999999999996,97.0,23.159515896551724,23.159515896551724,22.215366862068965,0.0,0.0,0.0,0.0,0.0,0.0,0.0,0.0,2256838.946326382,0.0,0.0,0.0,0.0
2020-06-02 04:45:00,4136001,0.0,3.6180555555555554,97.5,23.118444333333333,23.118444333333333,22.3312501,0.0,0.0,0.0,0.0,0.0,0.0,0.0,0.0,2256838.946326382,0.0,0.0,0.0,0.0
2020-06-02 05:00:00,4136001,0.0,3.3611111111111107,98.0,23.046839266666662,23.046839266666662,22.07618413333333,0.0,0.0,0.0,0.0,0.0,0.0,0.0,0.0,2256838.946326382,0.0,0.0,0.0,0.0
2020-06-02 05:15:00,4136001,0.0,3.319444444444444,98.0,23.055029172413796,23.055029172413796,21.936602413793103,0.0,0.0,0.0,0.0,0.0,0.0,0.0,0.0,2256838.946326382,0.0,0.0,0.0,0.0
2020-06-02 05:30:00,4136001,0.0,3.2777777777777777,98.0,22.95900966666667,22.95900966666667,22.1907981,0.0,0.0,0.0,0.0,0.0,0.0,0.0,0.0,2256838.946326382,0.0,0.0,0.0,0.0
2020-06-02 05:45:00,4136001,2.2517831692068,3.236111111111111,98.0,22.926509413793102,22.97428247349835,22.15299417241379,57.987892739619284,55.960272066970184,5.365714285714285,5.178095238095238,0.00020148750276803912,0.00019931266274917262,0.9650337238196663,1.2945238095238094,2256840.240850192,0.002270029075733775,0.00219065461213428,-52.622178453905,-50.782176828874945
2020-06-02 06:00:00,4136001,19.7261745333333,3.194444444444444,98.0,22.916382666666664,23.337432283173243,22.247264800000004,507.2562340496434,489.95420202447906,580.5328571428571,560.7314285714285,0.021799542322246106,0.021583394854056442,0.9658909425576995,141.47738095238094,2256980.4237073343,0.01985735893715574,0.019180043140515916,73.27662309321369,70.77722654694946
2020-06-02 06:15:00,4136001,47.8369210666666,3.2083333333333335,98.0,23.032455400000003,24.05145467716832,22.654440366666662,1226.6306159849091,1188.4658213172754,1457.4433333333334,1412.097142857143,0.05472833662446277,0.05435373987190064,0.9688864812517419,494.50166666666667,2257333.4479930485,0.048018423017612416,0.04652440091279215,230.81271734842426,223.63132153986749
2020-06-02 06:30:00,4136001,76.59288479310341,3.222222222222222,98.0,23.34289765517241,24.971147757066618,23.383397620689653,1956.7910472225396,1903.5491656268164,2444.554761904762,2378.0414285714287,0.09179527796835366,0.0915343861907741,0.97279122792835,1089.0120238095235,2257927.958350192,0.07660172429917947,0.07451748544242773,487.76371468222237,474.4922629446123
2020-06-02 06:45:00,4136001,147.7497143333332,3.236111111111111,98.0,23.856942766666663,26.99155005070895,24.491645266666666,3744.19989046438,3672.202187839907,5309.43,5207.334285714285,0.19937397611160734,0.20043811760645833,0.9807708710189766,2390.845595238095,2259229.7919216203,0.14657271052904208,0.14375424497318093,1565.2301095356202,1535.1320978743784
2020-06-02 07:00:00,4136001,181.8574268965516,3.2499999999999996,98.0,24.22141779310345,28.071882050917374,25.019377482758618,4588.465668368646,4501.4036704889395,5325.154285714286,5224.114285714286,0.1999644374915242,0.2010840050085142,0.9810259018652175,3696.8741666666665,2260535.8204930485,0.17962284863451344,0.176214667077273,736.6886173456396,722.7106152253464
2020-06-02 07:15:00,4136001,245.755635,3.2708333333333335,98.0,24.62806283333333,29.815790628995373,27.239791766666663,6156.896880918178,6050.232405753586,7167.462380952381,7043.2904761904765,0.269144799634018,0.27110682881951126,0.9826756112327993,5457.696785714285,2262296.6431120965,0.24102160426377678,0.2368460522902167,1010.5655000342031,993.0580704368904
2020-06-02 07:30:00,4136001,262.7643006896551,3.2916666666666665,98.0,24.969555068965523,30.49968872548778,28.1687254137931,6564.651509261802,6451.875937994572,7971.315238095238,7834.374285714286,0.29933021319766745,0.3015568327850524,0.9828207832345527,7416.290357142857,2264255.2366835247,0.2569838132418008,0.2525690326089087,1406.663728833436,1382.4983477197138
2020-06-02 07:45:00,4136001,276.6070663333333,3.3125,98.0,25.263770500000003,31.067832113247306,29.250516766666664,6894.428062077277,6773.2080470532355,8443.792380952382,8295.330952380953,0.31707216414028855,0.3192997472006459,0.9824176836812888,9490.123095238096,2266329.06942162,0.2698934453739392,0.2651480934450278,1549.3643188751048,1522.1229053277175
2020-06-02 08:00:00,4136001,359.5941213333333,3.333333333333333,98.0,25.729429199999995,33.252318767642954,32.35679116666666,8882.614179849339,8710.509233585472,10844.583333333332,10634.464285714286,0.40722407084005907,0.40933650236923436,0.9806245162990084,12148.739166666666,2268987.6854930487,0.3477241800684807,0.3409868558851232,1961.969153483993,1923.9550521288147
2020-06-02 08:15:00,4136001,368.8924465517241,3.576388888888889,98.25,26.090604379310346,33.5486270540988,33.56801127586206,9101.13047009127,8923.556395459607,11199.373333333331,10980.86,0.4205467614084698,0.4226697936674037,0.9804887892536847,14893.954166666666,2271732.9004930486,0.35627835075714503,0.3493269287711727,2098.2428632420615,2057.3036045403933
2020-06-02 08:30:00,4136001,377.332969,3.819444444444444,98.5,26.44687696666666,33.82747293732681,34.41820253333332,9298.619681356719,9114.834226828585,11943.593333333332,11707.530476190475,0.44849290638105266,0.4506404316898921,0.9802351896489954,17820.836785714284,2274659.783112096,0.36400938271116534,0.3568148062958929,2644.973651976614,2592.6962493618903
2020-06-02 08:45:00,4136001,443.209798275862,4.0625,98.75,26.808725310344823,35.20483799376158,35.04586710344829,10859.645990560339,10638.211555095315,14129.07619047619,13840.97619047619,0.5305597962265403,0.5327599614769717,0.9796094241324713,21281.080833333333,2278120.027159715,0.4251182615212503,0.4164498553570294,3269.4301999158506,3202.764635380876
2020-06-02 09:00:00,4136001,495.7501996666666,4.305555555555555,99.0,27.249029466666663,36.3537163292317,35.537271133333334,12088.807773208424,11838.814571375995,15303.534285714286,14987.06142857143,0.5746617770840116,0.5768745036085507,0.9793202765299593,25027.84619047619,2281866.7925168583,0.47323577111796533,0.46344938623511434,3214.726512505862,3148.246857195434
2020-06-02 09:15:00,4136001,394.868714137931,4.354166666666667,98.75,27.425496275862077,34.63343154968001,34.496706137931035,9698.234638988963,9504.487707581513,12783.971428571427,12528.579047619049,0.48004987620356054,0.482243824345534,0.9800224537124989,28159.99095238095,2284998.937278763,0.3796529512228993,0.3720684168166574,3085.7367895824646,3024.0913400375357
2020-06-02 09:30:00,4136001,405.68860733333327,4.402777777777778,98.5,27.327536,34.68830180483232,33.792619,9961.703762274006,9761.636086633822,13247.09761904762,12981.047142857142,0.4974406902903194,0.49966000089776835,0.9799163194956809,31405.25273809524,2288244.1990644773,0.3899668726668235,0.3821349025889145,3285.393856773613,3219.41105622332
2020-06-02 09:45:00,4136001,433.1567996551724,4.451388888888888,98.25,27.754356551724136,35.566373318127894,36.347844689655176,10597.323167885206,10382.325900676911,13610.093333333334,13333.973333333332,0.5110715129715895,0.513244660032699,0.9797121156161552,34738.74607142857,2291577.6923978105,0.41484921385340406,0.4064328009660173,3012.770165448128,2951.6474326564203
2020-06-02 10:00:00,4136001,469.1548053333333,4.5,98.0,27.99881283333333,36.409619669714345,38.14251193333333,11437.602438921522,11201.613415267575,14623.733333333334,14322.005714285717,0.5491346265536067,0.5512755103116259,0.9793672646943131,38319.2475,2295158.193826382,0.4477432937530445,0.43850512488814153,3186.130894411812,3120.392299018142
2020-06-02 10:15:00,4136001,536.6073751724138,4.604166666666666,97.75,28.474187379310347,37.9729239403125,40.54221093103449,12996.322953059715,12723.736800072526,16029.567142857144,15693.361428571428,0.6019249781274837,0.6040610514078385,0.9790259018668804,42242.587857142855,2299081.534183525,0.508761908516724,0.498091086321101,3033.2441897974295,2969.624628498903
2020-06-02 10:30:00,4136001,440.2971343333333,4.708333333333333,97.5,28.5353607,36.23219024869912,40.11957696666667,10742.058986096336,10521.686212628407,14327.718095238097,14033.785714285714,0.538018982311443,0.5401814896310216,0.979485052748904,45751.03428571428,2302589.9806120964,0.42051512961817716,0.4118882839157724,3585.6591091417613,3512.099501657307
2020-06-02 10:45:00,4136001,542.1418333333335,4.8125,97.25,28.8915477,38.252135317444356,41.118934,13114.897148320188,12835.000910331531,14690.448571428573,14376.927142857145,0.5516398450584707,0.5533895185844028,0.9786581446409203,49345.266071428574,2306184.2123978105,0.5134036855870107,0.5024466983883943,1575.5514231083853,1541.9262325256132
2020-06-02 11:00:00,4136001,451.5145148275862,4.916666666666666,97.0,28.94237755172413,36.64346086790333,40.4737073448276,10996.75844514754,10770.770492822168,13645.628571428571,13365.20523809524,0.5124058938205921,0.5144468229545061,0.97944958476149,52686.56738095238,2309525.513707334,0.4304857484888448,0.4216390876031383,2648.870126281032,2594.434745273071
2020-06-02 11:15:00,4136001,688.6449540000001,4.861111111111111,96.0,29.25102733333333,41.073258303290416,43.11183256666668,16460.42861270977,16102.047184981468,5498.685714285714,5378.966666666667,0.206480702117786,0.2070445057257667,0.9782276977009225,54031.30904761905,2310870.255374001,0.6443698811004019,0.6303404652566634,-10961.742898424054,-10723.0805183148
2020-06-02 11:30:00,4136001,925.0587272413796,4.8055555555555545,95.0,30.37663010344827,46.361747214928826,53.56674610344828,21611.459420246785,21076.591686875334,15379.158095238095,14998.53523809524,0.5775015206334074,0.5773161477697557,0.9752507351321976,57780.94285714286,2314619.889183525,0.8460152444802029,0.8250769891123638,-6232.30132500869,-6078.056448780093
2020-06-02 11:45:00,4136001,901.8453599999998,4.749999999999999,94.0,31.0751586,46.76215390353105,58.73192936666666,21032.245076452575,20531.472452788414,12743.955714285714,12440.52523809524,0.47854724935584075,0.4788545009680338,0.9761902439875608,60891.074166666665,2317730.0204930487,0.8233409699139783,0.8037374223052814,-8288.28936216686,-8090.947214693173
2020-06-02 12:00:00,4136001,762.2861868965517,4.694444444444444,93.0,31.1120174137931,44.45970060231616,55.95442044827586,17956.87673032837,17549.39961845208,10649.744761904762,10408.080952380951,0.39990770341726234,0.4006226678617605,0.9773080186495862,63493.09440476191,2320332.040731144,0.7029507430153992,0.6869993978646342,-7307.13196842361,-7141.318666071129
2020-06-02 12:15:00,4136001,687.4744083333331,5.083333333333333,93.0,31.06728196666667,42.569279763777814,55.0839924,16327.359761971627,15952.855108527452,9057.466666666667,8849.713333333333,0.34011619756389666,0.3406387576761448,0.9770627548541903,65705.52273809524,2322544.469064478,0.6391606874915493,0.6245001021149913,-7269.89309530496,-7103.141775194119
2020-06-02 12:30:00,4136001,1083.226548,5.472222222222222,93.0,31.939592433333328,49.290650386240586,62.56430569999999,24982.433667344667,0.0,0.0,0.0,0.0,0.0,0.0,65705.52273809524,2322544.469064478,0.977977438533751,0.0,-24982.433667344667,0.0
2020-06-02 12:45:00,4136001,1056.2036024137933,5.861111111111112,93.0,33.18994672413792,49.41676501287341,66.6359527586207,24345.593323209916,23756.207119690625,12598.599523809524,12293.598095238096,0.4730889908144014,0.47319905456806416,0.9757908465940981,68778.92226190477,2325617.868588287,0.9530473017502414,0.9299748334190889,-11746.993799400392,-11462.60902445253
2020-06-02 13:00:00,4136001,566.1604149999998,6.25,93.0,32.27054523333334,40.62715652484625,55.00482806666666,13558.532558054343,13262.519320959456,10930.62,10691.98,0.41045482674506634,0.4115503685955387,0.9781677526068968,71451.91726190476,2328290.8635882866,0.5307705053064922,0.5191825923256784,-2627.9125580543423,-2570.5393209594567
2020-06-02 13:15:00,4136001,891.525553103448,6.319444444444445,93.75,32.887627827586215,45.955059899457936,54.72453555172415,20865.096419729114,20359.252085921828,15849.075238095238,15464.837142857144,0.5951473412232702,0.5952648084277034,0.9757564343997479,75318.12654761905,2332157.072874001,0.8167976676347275,0.7969955797972921,-5016.021181633876,-4894.414943064683
2020-06-02 13:30:00,4136001,935.05356,6.388888888888888,94.5,33.17993283333333,46.79061056259098,57.11537296666666,21803.986046288715,21263.10452961467,16862.486666666668,16444.18666666667,0.6332018717380768,0.6329614424943285,0.975193457034609,79429.1732142857,2336268.119540668,0.8535520080755027,0.8323783335139819,-4941.499379622048,-4818.917862948001
2020-06-02 13:45:00,4136001,869.4144299999999,6.458333333333333,95.25,33.78014186206898,46.34847478581311,58.9595032413793,20312.662145581027,19819.281354117866,15726.330476190476,15344.34857142857,0.5905381626056361,0.5906270223503838,0.975710678003351,83265.26035714286,2340104.206683525,0.7951717418508917,0.7758575593704391,-4586.331669390551,-4474.932782689295
2020-06-02 14:00:00,4136001,966.886285,6.527777777777778,96.0,33.581305900000004,47.46337747214645,59.8907156,22479.808412193503,21924.60572463336,18936.80238095238,18469.10428571429,0.7110943332015355,0.710903562896223,0.9753021610602788,87882.53642857143,2344721.482754953,0.8800081586296146,0.8582738588621397,-3543.0060312411224,-3455.501438919069
2020-06-02 14:15:00,4136001,721.4576427586206,6.256944444444444,96.25,32.98081806896551,43.62217863179778,55.06886103448276,17056.835627841065,16655.185554336487,16215.28,15833.446666666669,0.6088986665918986,0.6094531426175948,0.9764522516211048,91840.8980952381,2348679.84442162,0.6677171903637136,0.651993953976766,-841.555627841064,-821.7388876698187
2020-06-02 14:30:00,4136001,602.263703,5.986111111111112,96.5,32.73657323333333,41.86939153646473,50.73028446666667,14346.695659297433,14017.75631055813,13029.986666666668,12731.236666666666,0.4892879744934131,0.4900444204762545,0.9770721177509518,95023.70726190475,2351862.6535882866,0.5616244141435676,0.5487475557078931,-1316.7089926307654,-1286.5196438914645
2020-06-02 14:45:00,4136001,670.690565862069,5.715277777777779,96.75,32.74011437931035,43.204530120029915,51.55821696551723,15885.212901796702,15521.725156218694,15778.324285714283,15417.282380952382,0.5924905779379694,0.5934343542189994,0.977117854962026,98878.02785714284,2355716.974183525,0.6218521394322452,0.607622828585582,-106.8886160824186,-104.44277526631231
2020-06-02 15:00:00,4136001,479.2966316666666,5.444444444444445,97.0,32.62758303333334,40.328364390445586,49.09895223333333,11492.93301693658,11241.21142438828,15747.557142857142,15402.649523809525,0.5913352434472573,0.5928711135703311,0.9780977064621059,102728.69023809524,2359567.6365644773,0.4499092979814672,0.4400552524716493,4254.624125920562,4161.438099421244
2020-06-02 15:15:00,4136001,400.6817327666666,5.451388888888888,96.5,31.9380421,38.37082127345642,42.293699200000006,9687.991252325037,9472.186127951161,13167.813333333334,12874.493333333334,0.49446349249582433,0.4955585847349265,0.9777244715903223,105947.31357142856,2362786.2598978104,0.37925195742121887,0.37080391966925663,3479.8220810082967,3402.3072053821725
2020-06-02 15:30:00,4136001,560.0057106896552,5.458333333333333,96.0,32.84086431034483,41.824672936151444,48.34478234482759,13342.614816918282,13051.294325345822,18384.569523809525,17983.16380952381,0.6903574818882977,0.6921989841286156,0.9781661619128007,110443.10452380952,2367282.050850192,0.5223180589907332,0.5109138510607094,5041.954706891243,4931.869484177987
2020-06-02 15:45:00,4136001,335.3806863333332,5.465277777777778,95.5,31.931493066666665,37.30769130067994,43.15259639999999,8145.524915761704,7978.658373620124,12251.978571428572,12000.988571428572,0.4600730554918183,0.46193607452336016,0.9795143291724894,113443.35166666668,2370282.297993049,0.31886963851092986,0.3123373800595077,4106.453655666868,4022.3301978084482
2020-06-02 16:00:00,4136001,386.5036213793104,5.472222222222222,95.0,31.42358703448276,37.61457888742702,39.554146827586216,9375.04820059761,9175.50603110738,7293.675714285714,7138.434285714286,0.27388422629657244,0.2747690569455559,0.9787156113525357,115227.96023809524,2372066.906564478,0.36700129969064826,0.359189901393908,-2081.372486311896,-2037.0717453930938
2020-06-02 16:15:00,4136001,378.0669756666667,5.451388888888888,94.75,31.6451579,37.714866519974585,42.85566706666667,9166.534365217743,0.0,0.0,0.0,0.0,0.0,0.0,115227.96023809524,2372066.906564478,0.3588386911418181,0.0,-9166.534365217743,0.0
2020-06-02 16:30:00,4136001,417.6225276666667,5.430555555555555,94.5,32.09593496666667,38.816065752195136,42.76547349999999,10078.599056402927,0.0,0.0,0.0,0.0,0.0,0.0,115227.96023809524,2372066.906564478,0.3945429264593043,0.0,-10078.599056402927,0.0
2020-06-02 16:45:00,4136001,364.43950482758606,5.409722222222222,94.25,32.224939551724134,38.10275907234969,42.130451206896566,8821.680992598976,8645.742488790691,10956.174285714287,10737.665714285717,0.4114144136592076,0.41330888035424357,0.9800561249090859,117912.37666666666,2374751.3229930485,0.34533885271477693,0.3384514577721938,2134.4932931153107,2091.9232254950257
2020-06-02 17:00:00,4136001,323.2714083333334,5.388888888888888,94.0,31.528182966666662,36.75403825818515,39.44536643333333,7869.710232729368,7718.673445201593,10964.691904761905,10754.255714285717,0.41173425808253133,0.41394745437093644,0.9808078336989299,120600.94059523808,2377439.88692162,0.3080724303280238,0.3021598530123935,3094.981672032537,3035.582269084124
2020-06-02 17:15:00,4136001,260.3328393103448,5.173611111111111,95.25,30.72394213793104,35.03498066925532,36.51634479310344,6383.2637708556795,6271.381608138698,8887.95,8732.167142857143,0.33375069093691045,0.3361142282608749,0.9824725772373991,122783.98238095238,2379622.928707334,0.24988309927013816,0.2455032925480015,2504.6862291443213,2460.785534718445
2020-06-02 17:30:00,4136001,221.4934133333333,4.958333333333334,96.5,30.1612061,33.9207480389516,34.92869266666666,5456.153116823454,5362.360918804754,7377.195238095238,7250.38,0.27702046117392326,0.2790780156208412,0.9828098302942595,124596.57738095238,2381435.5237073344,0.2135898656027972,0.20991821956565881,1921.0421212717838,1888.0190811952461
2020-06-02 17:45:00,4136001,137.6829444482758,4.743055555555555,97.75,29.57704313793104,31.973926011209112,32.96825548275864,3418.998533517096,3350.782606092836,4460.2,4371.21,0.16748460912998023,0.16825443806558793,0.9800479799112148,125689.3798809524,2382528.326207334,0.13384218177792506,0.13117175987836507,1041.201466482904,1020.4273939071641
2020-06-02 18:00:00,4136001,101.9844427999999,4.527777777777778,99.0,29.15990293333333,30.98202983703174,31.01178996666667,2542.8552320758927,2484.666165302501,3310.6404761904764,3234.8819047619045,0.12431759251258993,0.1245154630169342,0.9771166419387989,126498.10035714286,2383337.0466835247,0.09954414688102926,0.09726624252505388,767.7852441145837,750.2157394594033
2020-06-02 18:15:00,4136001,55.3288056206896,4.284722222222222,98.75,28.77739734482758,29.796203322283542,29.769714379310347,1386.2590167680105,1345.1722837728425,1784.3866666666668,1731.5,0.06700535926716628,0.0666480355577896,0.9703614313788491,126930.97535714286,2383769.9216835247,0.054267332815345876,0.05265892674781141,398.1276498986563,386.32771622715745
2020-06-02 18:30:00,4136001,17.3682756766666,4.041666666666667,98.5,28.263504,28.59341711001361,28.163774666666665,437.29539928105777,422.2865549149624,541.1914285714286,522.6166666666667,0.020322235522797483,0.020116300423386357,0.9656780190444012,127061.62952380952,2383900.5758501915,0.01711862984071473,0.016531084553335774,103.89602929037079,100.3301117517043
2020-06-02 18:45:00,4136001,1.615691398,3.798611111111111,98.25,27.9587657,27.99045679788653,27.024054999999997,40.77913822085914,39.302966653416846,23.954761904761902,23.087619047619047,0.000899523325057349,0.0008886771326771093,0.9638008150283273,127067.40142857142,2383906.3477549534,0.0015963647767022564,0.0015385776728681483,-16.824376316097236,-16.2153476057978
2020-06-02 19:00:00,4136001,0.0,3.555555555555556,98.0,27.649506689655176,27.649506689655176,26.337868620689648,0.0,0.0,0.0,0.0,0.0,0.0,0.0,127067.40142857142,2383906.3477549534,0.0,0.0,0.0,0.0
2020-06-02 19:15:00,4136001,0.0,3.4722222222222223,97.5,27.327332666666667,27.327332666666667,25.931244766666666,0.0,0.0,0.0,0.0,0.0,0.0,0.0,127067.40142857142,2383906.3477549534,0.0,0.0,0.0,0.0
2020-06-02 19:30:00,4136001,0.0,3.3888888888888884,97.0,27.10787,27.10787,25.67865724137932,0.0,0.0,0.0,0.0,0.0,0.0,0.0,127067.40142857142,2383906.3477549534,0.0,0.0,0.0,0.0
2020-06-02 19:45:00,4136001,0.0,3.3055555555555554,96.5,26.866580000000003,26.866580000000003,25.34494223333333,0.0,0.0,0.0,0.0,0.0,0.0,0.0,127067.40142857142,2383906.3477549534,0.0,0.0,0.0,0.0
2020-06-02 20:00:00,4136001,0.0,3.222222222222222,96.0,26.851251066666663,26.851251066666663,25.323512699999995,0.0,0.0,0.0,0.0,0.0,0.0,0.0,127067.40142857142,2383906.3477549534,0.0,0.0,0.0,0.0
2020-06-02 20:15:00,4136001,0.0,3.194444444444444,96.25,26.742217068965516,26.742217068965516,25.533428344827588,0.0,0.0,0.0,0.0,0.0,0.0,0.0,127067.40142857142,2383906.3477549534,0.0,0.0,0.0,0.0
2020-06-02 20:30:00,4136001,0.0,3.1666666666666665,96.5,26.576506433333336,26.576506433333336,25.671432433333333,0.0,0.0,0.0,0.0,0.0,0.0,0.0,127067.40142857142,2383906.3477549534,0.0,0.0,0.0,0.0
2020-06-02 20:45:00,4136001,0.0,3.138888888888889,96.75,26.32929210344828,26.32929210344828,25.44009513793104,0.0,0.0,0.0,0.0,0.0,0.0,0.0,127067.40142857142,2383906.3477549534,0.0,0.0,0.0,0.0
2020-06-02 21:00:00,4136001,0.0,3.1111111111111107,97.0,26.221999066666665,26.221999066666665,25.29184563333333,0.0,0.0,0.0,0.0,0.0,0.0,0.0,127067.40142857142,2383906.3477549534,0.0,0.0,0.0,0.0
2020-06-02 21:15:00,4136001,0.0,2.972222222222222,96.75,26.089873300000008,26.089873300000008,25.114930066666663,0.0,0.0,0.0,0.0,0.0,0.0,0.0,127067.40142857142,2383906.3477549534,0.0,0.0,0.0,0.0
2020-06-02 21:30:00,4136001,0.0,2.833333333333333,96.5,25.897334827586207,25.897334827586207,24.964121862068964,0.0,0.0,0.0,0.0,0.0,0.0,0.0,127067.40142857142,2383906.3477549534,0.0,0.0,0.0,0.0
2020-06-02 21:45:00,4136001,0.0,2.694444444444444,96.25,25.658333266666663,25.658333266666663,24.3061309,0.0,0.0,0.0,0.0,0.0,0.0,0.0,127067.40142857142,2383906.3477549534,0.0,0.0,0.0,0.0
2020-06-02 22:00:00,4136001,0.0,2.5555555555555554,96.0,25.557441275862068,25.557441275862068,24.190670689655164,0.0,0.0,0.0,0.0,0.0,0.0,0.0,127067.40142857142,2383906.3477549534,0.0,0.0,0.0,0.0
2020-06-02 22:15:00,4136001,0.0,2.6249999999999996,95.25,25.4292397,25.4292397,24.002729433333336,0.0,0.0,0.0,0.0,0.0,0.0,0.0,127067.40142857142,2383906.3477549534,0.0,0.0,0.0,0.0
2020-06-02 22:30:00,4136001,0.0,2.694444444444444,94.5,25.28490893103449,25.28490893103449,24.087029862068967,0.0,0.0,0.0,0.0,0.0,0.0,0.0,127067.40142857142,2383906.3477549534,0.0,0.0,0.0,0.0
2020-06-02 22:45:00,4136001,0.0,2.763888888888889,93.75,25.146390900000004,25.146390900000004,24.0475769,0.0,0.0,0.0,0.0,0.0,0.0,0.0,127067.40142857142,2383906.3477549534,0.0,0.0,0.0,0.0
2020-06-02 23:00:00,4136001,0.0,2.833333333333333,93.0,25.105476066666668,25.105476066666668,24.3027872,0.0,0.0,0.0,0.0,0.0,0.0,0.0,127067.40142857142,2383906.3477549534,0.0,0.0,0.0,0.0
2020-06-02 23:15:00,4136001,0.0,2.75,93.5,25.022536586206897,25.022536586206897,24.224228482758623,0.0,0.0,0.0,0.0,0.0,0.0,0.0,127067.40142857142,2383906.3477549534,0.0,0.0,0.0,0.0
2020-06-02 23:30:00,4136001,0.0,2.6666666666666665,94.0,24.9870756,24.9870756,24.487060433333337,0.0,0.0,0.0,0.0,0.0,0.0,0.0,127067.40142857142,2383906.3477549534,0.0,0.0,0.0,0.0
2020-06-02 23:45:00,4136001,0.0,2.5833333333333335,94.5,25.01158706896552,25.01158706896552,24.60736403448276,0.0,0.0,0.0,0.0,0.0,0.0,0.0,127067.40142857142,2383906.3477549534,0.0,0.0,0.0,0.0
2020-06-03 00:00:00,4136001,0.0,2.5,95.0,25.009733933333337,25.009733933333337,24.627810733333337,0.0,0.0,0.0,0.0,0.0,0.0,0.0,0.0,2383906.3477549534,0.0,0.0,0.0,0.0
2020-06-03 00:15:00,4136001,0.0,2.4722222222222223,93.25,25.11708393333333,25.11708393333333,24.668722566666663,0.0,0.0,0.0,0.0,0.0,0.0,0.0,0.0,2383906.3477549534,0.0,0.0,0.0,0.0
2020-06-03 00:30:00,4136001,0.0,2.4444444444444446,91.5,25.03663796551724,25.03663796551724,24.67274310344828,0.0,0.0,0.0,0.0,0.0,0.0,0.0,0.0,2383906.3477549534,0.0,0.0,0.0,0.0
2020-06-03 00:45:00,4136001,0.0,2.4166666666666665,89.75,24.88153950000001,24.88153950000001,24.4358582,0.0,0.0,0.0,0.0,0.0,0.0,0.0,0.0,2383906.3477549534,0.0,0.0,0.0,0.0
2020-06-03 01:00:00,4136001,0.0,2.388888888888889,88.0,24.849428275862063,24.849428275862063,24.534219413793107,0.0,0.0,0.0,0.0,0.0,0.0,0.0,0.0,2383906.3477549534,0.0,0.0,0.0,0.0
2020-06-03 01:15:00,4136001,0.0,2.4027777777777777,85.75,24.70987946666667,24.70987946666667,24.405362866666664,0.0,0.0,0.0,0.0,0.0,0.0,0.0,0.0,2383906.3477549534,0.0,0.0,0.0,0.0
2020-06-03 01:30:00,4136001,0.0,2.4166666666666665,83.5,23.89929813333333,23.89929813333333,22.698678666666662,0.0,0.0,0.0,0.0,0.0,0.0,0.0,0.0,2383906.3477549534,0.0,0.0,0.0,0.0
2020-06-03 01:45:00,4136001,0.0,2.4305555555555554,81.25,23.764127482758617,23.764127482758617,22.400543241379307,0.0,0.0,0.0,0.0,0.0,0.0,0.0,0.0,2383906.3477549534,0.0,0.0,0.0,0.0
2020-06-03 02:00:00,4136001,0.0,2.4444444444444446,79.0,24.0012901,24.0012901,22.53145743333334,0.0,0.0,0.0,0.0,0.0,0.0,0.0,0.0,2383906.3477549534,0.0,0.0,0.0,0.0
2020-06-03 02:15:00,4136001,0.0,2.4513888888888893,78.75,24.127484655172417,24.127484655172417,22.98021413793104,0.0,0.0,0.0,0.0,0.0,0.0,0.0,0.0,2383906.3477549534,0.0,0.0,0.0,0.0
2020-06-03 02:30:00,4136001,0.0,2.4583333333333335,78.5,24.176533066666668,24.176533066666668,23.67194023333333,0.0,0.0,0.0,0.0,0.0,0.0,0.0,0.0,2383906.3477549534,0.0,0.0,0.0,0.0
2020-06-03 02:45:00,4136001,0.0,2.4652777777777777,78.25,23.986036827586208,23.986036827586208,23.768178068965515,0.0,0.0,0.0,0.0,0.0,0.0,0.0,0.0,2383906.3477549534,0.0,0.0,0.0,0.0
2020-06-03 03:00:00,4136001,0.0,2.4722222222222223,78.0,23.849284566666665,23.849284566666665,23.284093366666664,0.0,0.0,0.0,0.0,0.0,0.0,0.0,0.0,2383906.3477549534,0.0,0.0,0.0,0.0
2020-06-03 03:15:00,4136001,0.0,2.4722222222222223,76.75,23.739755166666665,23.739755166666665,22.95713493333333,0.0,0.0,0.0,0.0,0.0,0.0,0.0,0.0,2383906.3477549534,0.0,0.0,0.0,0.0
2020-06-03 03:30:00,4136001,0.0,2.4722222222222223,75.5,23.71006827586207,23.71006827586207,22.816541103448277,0.0,0.0,0.0,0.0,0.0,0.0,0.0,0.0,2383906.3477549534,0.0,0.0,0.0,0.0
2020-06-03 03:45:00,4136001,0.0,2.4722222222222223,74.25,23.777843833333336,23.777843833333336,22.928754666666663,0.0,0.0,0.0,0.0,0.0,0.0,0.0,0.0,2383906.3477549534,0.0,0.0,0.0,0.0
2020-06-03 04:00:00,4136001,0.0,2.4722222222222223,73.0,23.80809186206897,23.80809186206897,23.26818020689656,0.0,0.0,0.0,0.0,0.0,0.0,0.0,0.0,2383906.3477549534,0.0,0.0,0.0,0.0
2020-06-03 04:15:00,4136001,0.0,2.1875,74.5,23.85906143333333,23.85906143333333,23.233272366666668,0.0,0.0,0.0,0.0,0.0,0.0,0.0,0.0,2383906.3477549534,0.0,0.0,0.0,0.0
2020-06-03 04:30:00,4136001,0.0,1.9027777777777777,76.0,23.95609333333333,23.95609333333333,23.429384666666667,0.0,0.0,0.0,0.0,0.0,0.0,0.0,0.0,2383906.3477549534,0.0,0.0,0.0,0.0
2020-06-03 04:45:00,4136001,0.0,1.6180555555555556,77.5,23.93930348275862,23.93930348275862,23.3768531724138,0.0,0.0,0.0,0.0,0.0,0.0,0.0,0.0,2383906.3477549534,0.0,0.0,0.0,0.0
2020-06-03 05:00:00,4136001,0.0,1.3333333333333333,79.0,23.97426166666667,23.97426166666667,23.51823226666667,0.0,0.0,0.0,0.0,0.0,0.0,0.0,0.0,2383906.3477549534,0.0,0.0,0.0,0.0
2020-06-03 05:15:00,4136001,0.0,1.4791666666666667,81.5,23.90179627586207,23.90179627586207,23.270747827586213,0.0,0.0,0.0,0.0,0.0,0.0,0.0,0.0,2383906.3477549534,0.0,0.0,0.0,0.0
2020-06-03 05:30:00,4136001,0.0,1.6249999999999998,84.0,23.712452133333336,23.712452133333336,22.607200066666664,0.0,0.0,0.0,0.0,0.0,0.0,0.0,0.0,2383906.3477549534,0.0,0.0,0.0,0.0
2020-06-03 05:45:00,4136001,0.4657985739999,1.7708333333333333,86.5,23.659767866666677,23.672318855524875,22.38197536666668,11.962015952934486,0.0,0.0,0.0,0.0,0.0,0.0,0.0,2383906.3477549534,0.0004682723019351922,0.0,-11.962015952934486,0.0
2020-06-03 06:00:00,4136001,5.5109736,1.9166666666666667,89.0,23.71561617241379,23.860223194192848,22.623102551724138,141.41964179082254,136.44246472006512,63.75476190476191,61.51095238095238,0.002394049903097171,0.0023676489410795363,0.9648056167606528,15.377738095238096,2383921.725493049,0.005536098719546781,0.0053412591395601925,-77.66487988606063,-74.93151233911274
2020-06-03 06:15:00,4136001,19.23344485,1.8958333333333333,88.75,23.793487200000005,24.30006374177916,22.96333716666667,492.6939147995684,475.899291147133,615.0866666666667,594.12,0.023097069626413416,0.022868571114983516,0.9659126627141974,163.9077380952381,2384070.2554930486,0.019287293591684025,0.01862984110969399,122.3927518670983,118.220708852867
2020-06-03 06:30:00,4136001,41.0589368275862,1.875,88.5,23.843538103448275,24.929035441917176,24.019455517241383,1049.1482661213113,1015.5660807875458,1309.84,1267.9133333333334,0.04918569580350955,0.04880388849217184,0.9679910014454692,480.8860714285714,2384387.233826382,0.04107059174481548,0.039755963233021954,260.69173387868864,252.34725254578757
2020-06-03 06:45:00,4136001,72.9462730999999,1.8541666666666665,88.25,24.083965133333333,26.01977812610186,25.116689999999995,1855.8114769208546,1804.034878923456,2325.4723809523807,2260.592380952381,0.08732362512137887,0.08701359594997549,0.9721002921679816,1046.0341666666666,2384952.38192162,0.07264871704524778,0.07062183906531438,469.6609040315261,456.557502028925
2020-06-03 07:00:00,4136001,106.8794512333333,1.8333333333333333,88.0,24.424050933333337,27.27113274562245,26.273237033333327,2705.432672023545,2639.6059811281816,3284.423333333333,3204.509047619048,0.12333311470353799,0.12334636612819683,0.975668701137505,1847.1614285714288,2385753.509183525,0.10590850154721257,0.10333161014398833,578.9906613097883,564.9030664908664
2020-06-03 07:15:00,4136001,124.9983837931034,1.8472222222222223,89.75,24.73453382758621,28.055867261706133,27.13060372413793,3154.053154052891,3087.697946044515,3809.623333333333,3729.476190476191,0.14305485738661622,0.14355313991035915,0.9789619246197195,2779.5304761904763,2386685.878231144,0.1234704699179053,0.12087288886453376,655.5701792804421,641.7782444316758
2020-06-03 07:30:00,4136001,141.53495516666658,1.861111111111111,91.5,24.866045133333333,28.617302890202314,27.32534279999999,3563.196844424386,3491.560379989306,4239.173333333333,4153.946666666667,0.1591848546629229,0.15989164605553657,0.9798954513144073,3818.017142857143,2387724.3648978104,0.13948705595711045,0.13668273164961073,675.976488908947,662.3862866773607
2020-06-03 07:45:00,4136001,280.87765586206893,1.875,93.25,25.196312241379317,32.622026870911874,28.44484520689655,6956.266946606494,6819.735816718857,8057.530952380952,7899.3852380952385,0.3025676925053229,0.3040592019828182,0.9803729312092829,5792.863452380952,2389699.2112073344,0.2723142277003912,0.26696949762062466,1101.2640057744584,1079.6494213763817
2020-06-03 08:00:00,4136001,341.7407889999999,1.8888888888888888,95.0,26.033628366666665,35.04577997531645,33.145246166666674,8378.979122467244,8223.895958198977,9578.816666666668,9401.52619047619,0.3596933692086469,0.3618788633210207,0.9814914010404405,8143.245,2392049.592754953,0.32800857790045973,0.3219375986768047,1199.837544199423,1177.6302322772135
2020-06-03 08:15:00,4136001,327.6802989655172,2.020833333333333,95.25,26.00159110344827,34.44206502876264,32.63766906896551,8054.450494379039,7906.757489913572,9734.538571428571,9556.038095238097,0.3655408698480854,0.36782625859833706,0.9816631805523496,10532.254523809524,2394438.602278763,0.31530438419961004,0.3095227046354892,1680.0880770495323,1649.280605324525
2020-06-03 08:30:00,4136001,348.57939766666664,2.1527777777777777,95.5,26.487010566666665,35.261822339269976,33.67832763333333,8538.956737923523,8371.664821829158,11134.916666666666,10916.765714285715,0.4181263543364802,0.4202027083463891,0.9804083893116143,13261.445952380953,2397167.7937073344,0.3342711582667263,0.32772224786960885,2595.959928743143,2545.1008924565576
2020-06-03 08:45:00,4136001,359.7880143333333,2.284722222222222,95.75,26.84006023333333,35.695835615361105,34.61722103333334,8797.57233143859,8624.264832719498,11456.146666666667,11230.466666666667,0.43018883606169966,0.4322775291542425,0.9803005315341633,16069.06261904762,2399975.410374001,0.3443950805025872,0.3376106804744372,2658.574335228077,2606.201833947169
2020-06-03 09:00:00,4136001,495.570491724138,2.4166666666666665,96.0,27.38324703448276,39.31607852314488,36.82217831034483,11934.419318925735,11686.861364576564,15143.809523809525,14829.678571428572,0.568663965480048,0.5708166010621785,0.9792568077479404,19776.482261904763,2403682.830016858,0.46719198743103285,0.4575009342171291,3209.39020488379,3142.817206852009
2020-06-03 09:15:00,4136001,292.8772996666666,2.3749999999999996,96.5,27.369920800000003,34.47083726664242,36.14035139999999,7198.124426288895,7058.681865005613,9250.08761904762,9070.894285714288,0.34734929135336085,0.34915234472725176,0.9806279312463658,22044.205833333333,2405950.5535882865,0.2817821266897199,0.2763234239579414,2051.9631927587243,2012.2124207086754
2020-06-03 09:30:00,4136001,339.3964103448275,2.333333333333333,97.0,27.27601155172413,35.562056726158396,34.18242127586208,8303.594189764555,8142.965656734988,11140.756666666666,10925.244761904762,0.4183456517037102,0.42052907962401564,0.9806555415210961,24775.517023809523,2408681.8647787627,0.32505751378996106,0.31876945221119546,2837.162476902111,2782.279105169773
2020-06-03 09:45:00,4136001,431.0271809999999,2.2916666666666665,97.5,27.503353766666667,38.10021132044663,36.01624946666666,10433.625150249372,10218.97242836077,14450.282857142856,14152.994761904762,0.5426214017636486,0.5447700249151824,0.9794268321127608,28313.765714285717,2412220.11346924,0.4084409923761743,0.4000380672679887,4016.657706893484,3934.0223335439914
2020-06-03 10:00:00,4136001,377.1576586206897,2.25,98.0,27.972231034482764,37.31012800454193,38.56706386206897,9160.085051173097,8973.526163761017,12582.753333333332,12326.486666666666,0.4724939517986389,0.47446498507803603,0.9796334983387314,31395.38738095238,2415301.735135906,0.35858622239863364,0.3512830755044438,3422.6682821602353,3352.9605029056493
2020-06-03 10:15:00,4136001,294.314601,2.513888888888889,98.25,27.937732966666672,34.912839045585976,36.67256890000001,7220.15702037183,7078.425547358816,9289.439523809524,9107.088095238096,0.34882699154339,0.3505454988156806,0.9803700289878579,33672.15940476191,2417578.5071597155,0.2826446279260846,0.2770963220731578,2069.282503437694,2028.6625478792794
2020-06-03 10:30:00,4136001,288.47304103448266,2.7777777777777777,98.5,27.733158620689657,34.289364098746084,33.86757368965518,7095.228908320042,6958.22792071365,10186.524761904762,9989.834285714283,0.38251336669666924,0.38452372549275843,0.9806911109737783,36169.61797619048,2420075.965731144,0.2777541165911154,0.27239099317728127,3091.29585358472,3031.6063650006336
2020-06-03 10:45:00,4136001,840.8771333333333,3.0416666666666665,98.75,29.227473900000003,47.58523251441619,44.62195646666667,19539.664549613284,19096.93472426192,3398.9038095238097,3321.8914285714286,0.12763196179734004,0.12786459026886807,0.9773419945758421,37000.090833333335,2420906.4385882868,0.764911511043777,0.7475801418775463,-16140.760740089474,-15775.04329569049
2020-06-03 11:00:00,4136001,612.939433,3.3055555555555554,99.0,29.67993763333333,42.55411181942869,48.9569479,14558.121137430064,14235.472374488007,7896.113333333334,7721.113333333334,0.2965063125598311,0.2971972486201117,0.9778371975410687,38930.36916666666,2422836.71692162,0.5699010036183231,0.5572704002539834,-6662.00780409673,-6514.359041154673
2020-06-03 11:15:00,4136001,586.5128013793105,3.847222222222222,99.0,29.355584482758616,40.78524055562835,42.176900655172425,14036.46196982567,13728.87973849013,13453.016666666666,13158.219523809525,0.5051731397775383,0.5064796319376601,0.9780869116450603,42219.924047619046,2426126.2718025725,0.5494798187443989,0.5374390189269966,-583.4453031590037,-570.6602146806053
2020-06-03 11:30:00,4136001,693.1028513333332,4.388888888888889,99.0,29.9561614,42.55345059180904,45.211833433333325,16462.155036007924,16081.029096177032,13019.131428571429,12717.717142857142,0.48888035032647126,0.48952403369971303,0.9768483567918509,45399.35333333333,2429305.701088287,0.6444374647096466,0.6295176784567247,-3443.023607436495,-3363.3119533198897
2020-06-03 11:45:00,4136001,600.7798837931035,4.930555555555555,99.0,29.695796655172416,39.926190589495164,42.21561486206896,14430.637792707497,14109.545283041885,10583.31380952381,10347.827142857142,0.3974131601022415,0.39830340823736826,0.9777492502910803,47986.31011904762,2431892.657874001,0.5649104636017811,0.552340782268228,-3847.3239831836872,-3761.718140184743
2020-06-03 12:00:00,4136001,820.3009959999999,5.472222222222222,99.0,30.57128906666667,43.71082127874419,48.612530500000005,19386.278668105384,18924.290660499708,13707.146190476187,13380.495714285717,0.5147159369533657,0.5150353763480022,0.9761693300960466,51331.43404761905,2435237.7818025723,0.7589069746762725,0.7408217130749544,-5679.132477629197,-5543.794946213991
2020-06-03 12:15:00,4136001,621.9817166666664,5.569444444444445,99.25,30.7003918,40.55825243343635,46.0092608,14899.732348707783,14561.105269915011,11281.12,11024.733333333334,0.42361642387076875,0.4243585441612176,0.9772729421664987,54087.61738095238,2437993.965135906,0.5832739224391381,0.5700178222710907,-3618.612348707782,-3536.371936581678
2020-06-03 12:30:00,4136001,504.5320313793103,5.666666666666666,99.5,30.121441,38.034427690390686,41.4236335862069,12216.305809443036,11959.003402921304,9472.91238095238,9273.391904761904,0.3557165659491413,0.3569467822176665,0.9789377893337574,56405.96535714286,2440312.3131120964,0.4782268862573121,0.46815437083269934,-2743.3934284906554,-2685.6114981594
2020-06-03 12:45:00,4136001,274.32114933333327,5.763888888888888,99.75,29.988367733333337,34.24635996202303,38.625959,6748.3570413664,6620.825986218702,6113.14,5997.613333333333,0.2295540252582502,0.23085714507760494,0.9811019105293405,57905.36869047619,2441811.7164454297,0.2641752609656058,0.25918285324794293,-635.2170413663998,-623.2126528853696
2020-06-03 13:00:00,4136001,65.5425346206896,5.861111111111112,100.0,28.013037310344828,29.01998975497057,31.479803758620687,1647.3616280239542,1603.938917147856,2421.28,2357.457619047619,0.09092128926824775,0.09074208444716589,0.9736410572290768,58494.733095238094,2442401.0808501914,0.0644886133499297,0.06278876168126271,773.918371976046,753.5187018997631
2020-06-03 13:15:00,4136001,387.105846,6.027777777777779,100.0,27.09222916666667,32.93710076563994,30.6291027,9574.670979530427,9379.235342658292,13510.22619047619,13234.459047619048,0.5073214099747829,0.5094142057140194,0.9795882660312867,61803.34785714286,2445709.695612096,0.37481585357331876,0.36716521208292396,3935.555210945764,3855.2237049607556
2020-06-03 13:30:00,4136001,406.8712906666667,6.194444444444445,100.0,28.598572866666657,34.63792704013655,37.6843487,9992.838895787954,9790.217700915837,12560.806666666667,12306.115714285714,0.47166983429530446,0.47368087652554874,0.9797233601997202,64879.87678571429,2448786.224540668,0.3911857074099806,0.38325377572581076,2567.967770878713,2515.898013369877
2020-06-03 13:45:00,4136001,348.5087883333333,6.361111111111111,100.0,28.745618083333333,33.83259499667932,36.34914641666667,8588.122743345135,8345.548935490486,11944.656666666666,11607.276666666668,0.4485328355249718,0.44678151198908556,0.9717547344042541,67781.69595238095,2451688.0437073344,0.3361958404128062,0.3266998996081615,3356.533923321531,3261.7277311761827
2020-06-03 14:00:00,4136001,554.5190608333332,6.458333333333333,100.0,29.59802376388889,37.61420100759447,40.9888477638889,13450.45922292503,13107.439791555402,13691.373571428572,13342.21023809524,0.5141236606123618,0.5135617108680773,0.9744975672811986,69666.33892857144,2453572.6866835253,0.5265398012497565,0.5131117553946135,240.914348503542,234.7704465398383
2020-06-03 14:15:00,4136001,760.5293333333332,6.555555555555555,100.0,30.450429444444445,41.3400247098129,45.62854911111112,18157.92400162331,17733.386902810435,15438.090476190477,15077.14380952381,0.5797144856997517,0.5803419097470691,0.9766197336889987,71550.98190476191,2455457.3296597158,0.7108210609365163,0.6942018752323521,-2719.833525432832,-2656.2430932866246
2020-06-03 14:30:00,4136001,437.246157,6.583333333333333,100.0,29.638023733333338,35.88172153427579,40.395398066666665,10683.281568113529,10465.611859289555,10139.697142857143,9933.102857142858,0.38075494656468456,0.3823400476015239,0.9796252015416634,74034.25761904762,2457940.605374001,0.418214193310375,0.4096931634092603,-543.5844252563857,-532.5090021466967
2020-06-03 14:45:00,4136001,535.5106165517242,6.611111111111111,100.0,29.54072510344828,37.16690876268673,38.459671551724135,13013.864009297882,12735.17707052315,14898.23380952381,14579.19380952381,0.5594423717131859,0.5611750663708049,0.9785853810539574,77679.05607142857,2461585.403826382,0.5094485812995844,0.4985389340584518,1884.369800225928,1844.016739000659
2020-06-03 15:00:00,4136001,756.1365073333336,6.638888888888888,100.0,30.53915813333334,41.278208088358674,47.42155653333333,18057.819705519454,17634.696800493726,14290.391904761904,13955.545714285714,0.5366173495545674,0.537169914521555,0.9765684389408096,81167.9425,2465074.2902549533,0.7069023176950266,0.6903384928750724,-3767.4278007575504,-3679.151086208012
2020-06-03 15:15:00,4136001,480.6955124137931,6.812499999999999,99.0,30.2794955862069,36.993354483707414,44.77120962068965,11690.283666039293,11444.307276764428,11480.073333333334,11238.52,0.4310873043847457,0.43258751404962725,0.9789589032822671,83977.5725,2467883.920254953,0.4576349056973691,0.44800576538518017,-210.21033270595944,-205.7872767644276
2020-06-03 15:30:00,4136001,295.706478,6.986111111111111,98.0,29.630815666666663,33.69355493986856,37.693619866666666,7291.143714935798,7154.085678920332,9438.324285714283,9260.90380952381,0.3544177511848923,0.3564660966759527,0.9812021211796024,86292.79845238096,2470199.1462073345,0.28542351594972787,0.2800581592844131,2147.180570778485,2106.8181306034785
2020-06-03 15:45:00,4136001,451.7718568965516,7.159722222222221,97.0,29.615360758620685,35.72265545457596,37.79705796551723,11045.532345019883,10817.533958045768,15173.826666666666,14860.613333333333,0.5697911367814756,0.5720073265091321,0.9793583161180173,90007.9517857143,2473914.299540668,0.43239508103424873,0.42346971845941545,4128.294321646783,4043.079375287565
2020-06-03 16:00:00,4136001,315.4774509999999,7.333333333333333,96.0,29.84168186666667,34.03909340205783,37.93393056666668,7767.491917493872,7621.537976129858,10154.24619047619,9963.444285714286,0.3813012766740271,0.3835079347573441,0.9812096436128505,92498.81285714284,2476405.160612096,0.30407093041667144,0.29835732926717,2386.754272982317,2341.9063095844276
2020-06-03 16:15:00,4136001,203.640675862069,6.819444444444445,94.0,29.38401,32.22636711999538,34.55478431034484,5051.634787082355,4961.290022913093,6634.670476190477,6516.0142857142855,0.24913797394981882,0.25081117632650923,0.982115737186646,94127.81642857144,2478034.164183525,0.19775434672469583,0.19421765601538823,1583.035689108122,1554.7242628011927
2020-06-03 16:30:00,4136001,169.755189,6.305555555555555,92.0,28.7046204,31.196256815675913,32.335272400000015,4228.918602413133,4147.180217666326,5549.509047619048,5442.245714285715,0.2083891649934454,0.20948021130808106,0.9806715634819347,95488.37785714286,2479394.725612096,0.16554780201264957,0.16234802183074284,1320.5904452059149,1295.0654966193888
2020-06-03 16:45:00,4136001,193.300146,5.791666666666667,90.0,28.346714400000003,31.33828208552194,31.930106666666664,4812.662228259448,4723.457813064985,6353.34,6235.578571428571,0.23857375601315384,0.24001678449434727,0.9814646424445365,97047.2725,2480953.6202549534,0.1883993825899177,0.184907332670385,1540.677771740552,1512.120758363586
2020-06-03 17:00:00,4136001,166.8194265517241,5.277777777777778,88.0,28.03211920689655,30.762388053896945,31.82951734482759,4163.178837561664,4084.1744997042147,5553.460952380952,5448.073333333334,0.20853756264923806,0.20970452511778534,0.9810230737280262,98409.29083333332,2482315.6385882865,0.16297431346884572,0.15988156193792188,1390.282114819288,1363.898833629119
2020-06-03 17:15:00,4136001,118.6315144333333,5.340277777777778,91.0,27.456891733333336,29.38499728667669,29.92605376666667,2977.2881157748357,2917.4741534793893,3893.9138095238095,3815.6847619047617,0.1462200422344127,0.14687143730219146,0.9799099180295893,99363.21202380952,2483269.559778763,0.11655071895771524,0.11420920546014443,916.6256937489738,898.2106084253724
2020-06-03 17:30:00,4136001,101.4438695862068,5.402777777777778,94.0,27.15457568965517,28.791955555464337,28.822833931034484,2552.0780020893685,2492.0579032266933,3315.74,3237.76,0.12450908431833566,0.12462624522528956,0.9764818713168103,100172.65202380953,2484078.999778763,0.09990518700682594,0.09755560396268127,763.6619979106313,745.702096773307
2020-06-03 17:45:00,4136001,83.04909613333331,5.465277777777778,97.0,26.89719013333333,28.228478493583932,28.131608,2094.092432206898,2036.901063392322,2699.924761904762,2626.187619047619,0.10138465616518856,0.10108590575553712,0.9726891860478653,100829.19892857142,2484735.5466835247,0.0819766072502211,0.07973775938118309,605.8323296978638,589.2865556552972
2020-06-03 18:00:00,4136001,53.6429102,5.527777777777778,100.0,26.82174593333333,27.67579640618797,27.434948666666664,1355.641478662137,1315.0513557189506,1713.858095238095,1662.5423809523809,0.06435694659100596,0.06399375323248424,0.970058364558715,101244.83452380952,2485151.182278763,0.05306876017467751,0.05147979470420633,358.21661657595814,347.49102523343026
2020-06-03 18:15:00,4136001,26.7571178965517,5.444444444444445,97.75,26.64500493103448,27.074907210863397,26.866010999999997,677.8376925704987,655.1234711658789,824.3638095238096,796.7395238095238,0.030955618676067605,0.03066770090277418,0.9664901765517304,101444.0194047619,2485350.3671597154,0.02653504374908979,0.025645859117865683,146.52611695331086,141.61605264364493
2020-06-03 18:30:00,4136001,10.10098071,5.361111111111112,95.5,26.406685333333336,26.57047616696395,26.28797106666666,256.408635188308,247.43285027899333,278.75666666666666,268.99857142857144,0.010467569023595996,0.010354159026027165,0.9649942175203156,101511.26904761903,2485417.6168025723,0.01003752731212793,0.009686155814405689,22.348031478358678,21.56572114957811
2020-06-03 18:45:00,4136001,0.9356197531034,5.277777777777778,93.25,26.04888079310345,26.064193718686155,25.386317655172416,23.798667942744977,0.0,0.0,0.0,0.0,0.0,0.0,101511.26904761903,2485417.6168025723,0.0009316370304460746,0.0,-23.798667942744977,0.0
2020-06-03 19:00:00,4136001,0.0,5.194444444444444,91.0,25.8285533,25.8285533,24.90916953333333,0.0,0.0,0.0,0.0,0.0,0.0,0.0,101511.26904761903,2485417.6168025723,0.0,0.0,0.0,0.0
2020-06-03 19:15:00,4136001,0.0,5.041666666666666,89.5,25.531681310344837,25.531681310344837,24.413450068965517,0.0,0.0,0.0,0.0,0.0,0.0,0.0,101511.26904761903,2485417.6168025723,0.0,0.0,0.0,0.0
2020-06-03 19:30:00,4136001,0.0,4.888888888888889,88.0,25.20612396666666,25.20612396666666,23.9327332,0.0,0.0,0.0,0.0,0.0,0.0,0.0,101511.26904761903,2485417.6168025723,0.0,0.0,0.0,0.0
2020-06-03 19:45:00,4136001,0.0,4.736111111111112,86.5,24.984067655172417,24.984067655172417,23.820578862068963,0.0,0.0,0.0,0.0,0.0,0.0,0.0,101511.26904761903,2485417.6168025723,0.0,0.0,0.0,0.0
2020-06-03 20:00:00,4136001,0.0,4.583333333333333,85.0,24.8314126,24.8314126,23.98214826666667,0.0,0.0,0.0,0.0,0.0,0.0,0.0,101511.26904761903,2485417.6168025723,0.0,0.0,0.0,0.0
2020-06-03 20:15:00,4136001,0.0,4.486111111111111,86.75,24.7192687,24.7192687,24.015367800000003,0.0,0.0,0.0,0.0,0.0,0.0,0.0,101511.26904761903,2485417.6168025723,0.0,0.0,0.0,0.0
2020-06-03 20:30:00,4136001,0.0,4.388888888888889,88.5,24.65795155172414,24.65795155172414,24.00843231034483,0.0,0.0,0.0,0.0,0.0,0.0,0.0,101511.26904761903,2485417.6168025723,0.0,0.0,0.0,0.0
2020-06-03 20:45:00,4136001,0.0,4.291666666666666,90.25,24.5213178,24.5213178,23.8033204,0.0,0.0,0.0,0.0,0.0,0.0,0.0,101511.26904761903,2485417.6168025723,0.0,0.0,0.0,0.0
2020-06-03 21:00:00,4136001,0.0,4.194444444444445,92.0,24.463247413793106,24.463247413793106,23.728676689655178,0.0,0.0,0.0,0.0,0.0,0.0,0.0,101511.26904761903,2485417.6168025723,0.0,0.0,0.0,0.0
2020-06-03 21:15:00,4136001,0.0,4.277777777777778,92.5,24.223528166666668,24.223528166666668,23.5329428,0.0,0.0,0.0,0.0,0.0,0.0,0.0,101511.26904761903,2485417.6168025723,0.0,0.0,0.0,0.0
2020-06-03 21:30:00,4136001,0.0,4.361111111111111,93.0,23.884560966666665,23.884560966666665,23.15591536666667,0.0,0.0,0.0,0.0,0.0,0.0,0.0,101511.26904761903,2485417.6168025723,0.0,0.0,0.0,0.0
2020-06-03 21:45:00,4136001,0.0,4.444444444444445,93.5,23.8075873448276,23.8075873448276,22.942808965517244,0.0,0.0,0.0,0.0,0.0,0.0,0.0,101511.26904761903,2485417.6168025723,0.0,0.0,0.0,0.0
2020-06-03 22:00:00,4136001,0.0,4.527777777777778,94.0,23.7768878,23.7768878,22.9507608,0.0,0.0,0.0,0.0,0.0,0.0,0.0,101511.26904761903,2485417.6168025723,0.0,0.0,0.0,0.0
2020-06-03 22:15:00,4136001,0.0,4.486111111111111,91.25,23.66013751724138,23.66013751724138,22.72563220689656,0.0,0.0,0.0,0.0,0.0,0.0,0.0,101511.26904761903,2485417.6168025723,0.0,0.0,0.0,0.0
2020-06-03 22:30:00,4136001,0.0,4.444444444444445,88.5,23.76125463333333,23.76125463333333,22.753861500000003,0.0,0.0,0.0,0.0,0.0,0.0,0.0,101511.26904761903,2485417.6168025723,0.0,0.0,0.0,0.0
2020-06-03 22:45:00,4136001,0.0,4.402777777777778,85.75,23.851649655172416,23.851649655172416,22.93449668965517,0.0,0.0,0.0,0.0,0.0,0.0,0.0,101511.26904761903,2485417.6168025723,0.0,0.0,0.0,0.0
2020-06-03 23:00:00,4136001,0.0,4.361111111111111,83.0,23.8517117,23.8517117,22.952899433333336,0.0,0.0,0.0,0.0,0.0,0.0,0.0,101511.26904761903,2485417.6168025723,0.0,0.0,0.0,0.0
2020-06-03 23:15:00,4136001,0.0,4.291666666666666,83.75,23.84605431034483,23.84605431034483,22.88483610344828,0.0,0.0,0.0,0.0,0.0,0.0,0.0,101511.26904761903,2485417.6168025723,0.0,0.0,0.0,0.0
2020-06-03 23:30:00,4136001,0.0,4.222222222222222,84.5,23.800831800000005,23.800831800000005,22.8171417,0.0,0.0,0.0,0.0,0.0,0.0,0.0,101511.26904761903,2485417.6168025723,0.0,0.0,0.0,0.0
2020-06-03 23:45:00,4136001,0.0,4.152777777777778,85.25,23.7193359,23.7193359,22.8010347,0.0,0.0,0.0,0.0,0.0,0.0,0.0,101511.26904761903,2485417.6168025723,0.0,0.0,0.0,0.0
2020-06-04 00:00:00,4136001,0.0,4.083333333333333,86.0,23.506170827586203,23.506170827586203,22.726138724137925,0.0,0.0,0.0,0.0,0.0,0.0,0.0,0.0,2485417.6168025723,0.0,0.0,0.0,0.0
2020-06-04 00:15:00,4136001,0.0,4.027777777777778,81.75,23.52986140000001,23.52986140000001,22.7003695,0.0,0.0,0.0,0.0,0.0,0.0,0.0,0.0,2485417.6168025723,0.0,0.0,0.0,0.0
2020-06-04 00:30:00,4136001,0.0,3.9722222222222223,77.5,23.517205517241383,23.517205517241383,22.666822551724145,0.0,0.0,0.0,0.0,0.0,0.0,0.0,0.0,2485417.6168025723,0.0,0.0,0.0,0.0
2020-06-04 00:45:00,4136001,0.0,3.9166666666666665,73.25,23.47985453333333,23.47985453333333,22.62901106666667,0.0,0.0,0.0,0.0,0.0,0.0,0.0,0.0,2485417.6168025723,0.0,0.0,0.0,0.0
2020-06-04 01:00:00,4136001,0.0,3.861111111111111,69.0,23.47402967857143,23.47402967857143,22.578498,0.0,0.0,0.0,0.0,0.0,0.0,0.0,0.0,2485417.6168025723,0.0,0.0,0.0,0.0
2020-06-04 01:15:00,4136001,0.0,3.888888888888889,67.75,23.451709266666665,23.451709266666665,22.467801,0.0,0.0,0.0,0.0,0.0,0.0,0.0,0.0,2485417.6168025723,0.0,0.0,0.0,0.0
2020-06-04 01:30:00,4136001,0.0,3.9166666666666665,66.5,23.5328036,23.5328036,22.45877193333333,0.0,0.0,0.0,0.0,0.0,0.0,0.0,0.0,2485417.6168025723,0.0,0.0,0.0,0.0
2020-06-04 01:45:00,4136001,0.0,3.944444444444444,65.25,23.616814000000005,23.616814000000005,22.61726865517241,0.0,0.0,0.0,0.0,0.0,0.0,0.0,0.0,2485417.6168025723,0.0,0.0,0.0,0.0
2020-06-04 02:00:00,4136001,0.0,3.9722222222222223,64.0,23.573609399999995,23.573609399999995,22.591768733333332,0.0,0.0,0.0,0.0,0.0,0.0,0.0,0.0,2485417.6168025723,0.0,0.0,0.0,0.0
2020-06-04 02:15:00,4136001,0.0,3.6875,64.5,23.482578724137937,23.482578724137937,22.52911786206896,0.0,0.0,0.0,0.0,0.0,0.0,0.0,0.0,2485417.6168025723,0.0,0.0,0.0,0.0
2020-06-04 02:30:00,4136001,0.0,3.4027777777777777,65.0,23.379536,23.379536,22.36650506666667,0.0,0.0,0.0,0.0,0.0,0.0,0.0,0.0,2485417.6168025723,0.0,0.0,0.0,0.0
2020-06-04 02:45:00,4136001,0.0,3.1180555555555554,65.5,23.489091551724137,23.489091551724137,22.323780172413795,0.0,0.0,0.0,0.0,0.0,0.0,0.0,0.0,2485417.6168025723,0.0,0.0,0.0,0.0
2020-06-04 03:00:00,4136001,0.0,2.833333333333333,66.0,23.473553633333328,23.473553633333328,22.32298903333333,0.0,0.0,0.0,0.0,0.0,0.0,0.0,0.0,2485417.6168025723,0.0,0.0,0.0,0.0
2020-06-04 03:15:00,4136001,0.0,2.7777777777777777,61.25,23.384287,23.384287,22.225722862068977,0.0,0.0,0.0,0.0,0.0,0.0,0.0,0.0,2485417.6168025723,0.0,0.0,0.0,0.0
2020-06-04 03:30:00,4136001,0.0,2.7222222222222223,56.5,23.35194186666667,23.35194186666667,21.98627733333333,0.0,0.0,0.0,0.0,0.0,0.0,0.0,0.0,2485417.6168025723,0.0,0.0,0.0,0.0
2020-06-04 03:45:00,4136001,0.0,2.6666666666666665,51.75,23.323459966666668,23.323459966666668,21.813084933333336,0.0,0.0,0.0,0.0,0.0,0.0,0.0,0.0,2485417.6168025723,0.0,0.0,0.0,0.0
2020-06-04 04:00:00,4136001,0.0,2.611111111111111,47.0,23.21587089655173,23.21587089655173,21.506956931034484,0.0,0.0,0.0,0.0,0.0,0.0,0.0,0.0,2485417.6168025723,0.0,0.0,0.0,0.0
2020-06-04 04:15:00,4136001,0.0,2.7569444444444446,49.5,23.006512333333337,23.006512333333337,21.2095956,0.0,0.0,0.0,0.0,0.0,0.0,0.0,0.0,2485417.6168025723,0.0,0.0,0.0,0.0
2020-06-04 04:30:00,4136001,0.0,2.9027777777777777,52.0,23.00293793103448,23.00293793103448,21.32793972413793,0.0,0.0,0.0,0.0,0.0,0.0,0.0,0.0,2485417.6168025723,0.0,0.0,0.0,0.0
2020-06-04 04:45:00,4136001,0.0,3.0486111111111107,54.5,23.15551916666667,23.15551916666667,21.78990573333333,0.0,0.0,0.0,0.0,0.0,0.0,0.0,0.0,2485417.6168025723,0.0,0.0,0.0,0.0
2020-06-04 05:00:00,4136001,0.0,3.194444444444444,57.0,23.29152943333333,23.29152943333333,22.05218916666667,0.0,0.0,0.0,0.0,0.0,0.0,0.0,0.0,2485417.6168025723,0.0,0.0,0.0,0.0
2020-06-04 05:15:00,4136001,0.0,3.236111111111111,55.25,23.26026962068965,23.26026962068965,22.12411924137931,0.0,0.0,0.0,0.0,0.0,0.0,0.0,0.0,2485417.6168025723,0.0,0.0,0.0,0.0
2020-06-04 05:30:00,4136001,0.0,3.2777777777777777,53.5,23.181041900000007,23.181041900000007,21.964067633333336,0.0,0.0,0.0,0.0,0.0,0.0,0.0,0.0,2485417.6168025723,0.0,0.0,0.0,0.0
2020-06-04 05:45:00,4136001,0.3561030461379,3.319444444444444,51.75,23.217326379310347,23.224791069513426,22.105368827586208,9.16124614729114,0.0,0.0,0.0,0.0,0.0,0.0,0.0,2485417.6168025723,0.0003586316753686099,0.0,-9.16124614729114,0.0
2020-06-04 06:00:00,4136001,6.82581012,3.3611111111111107,50.0,23.32922356666667,23.471457576252,22.320104066666666,175.43141866783867,169.31394281569268,129.23809523809524,124.73142857142858,0.004853009251974248,0.004801100021139166,0.9651289609432573,31.182857142857145,2485448.799659715,0.006867544281379474,0.006628065876519581,-46.19332342974343,-44.582514244264104
2020-06-04 06:15:00,4136001,20.3257591896551,3.576388888888889,46.25,23.42791444827586,23.838847158706088,22.65980793103449,521.6331006656072,503.88345163250546,639.6866666666667,617.92,0.024020822234950594,0.0237846688604501,0.965972924244161,185.66285714285715,2485603.279659715,0.020420164441793197,0.01972532595938561,118.0535660010595,114.0365483674945
2020-06-04 06:30:00,4136001,43.5386421666666,3.7916666666666665,42.5,23.6890575,24.543845802084356,23.523084533333336,1114.2239431160688,1078.9873455579461,1393.9985714285713,1349.9142857142858,0.05234592750626992,0.05196022830739467,0.9683756593314814,523.1414285714286,2485940.758231144,0.043618083504250095,0.0422386903722038,279.7746283125025,270.9269401563397
2020-06-04 06:45:00,4136001,71.2860028666666,4.006944444444445,38.75,23.98467506666666,25.344900279979004,24.883126833333336,1818.4886882883516,1766.9773364164876,2249.4866666666667,2185.766666666667,0.0844702917155663,0.08413344182560281,0.9716735373700075,1069.5830952380952,2486487.1998978104,0.07118765661727741,0.06917116212239137,430.9979783783151,418.7893302501793
2020-06-04 07:00:00,4136001,112.5833156206896,4.222222222222222,35.0,24.33044337931035,26.41996297137957,26.54599527586208,2859.6058797690234,2797.771188424788,3672.767619047619,3593.349523809524,0.13791579953845987,0.13831342006030808,0.9783764987400185,1967.920476190476,2487385.537278763,0.11194385906318353,0.1095232408856836,813.1617392785956,795.578335384736
2020-06-04 07:15:00,4136001,147.9487797333334,4.076388888888889,35.0,24.709500066666664,27.507188900086668,28.199290033333337,3741.4493849815667,3668.059379770327,4673.952857142857,4582.271428571428,0.17551122536445132,0.1763785094466485,0.9803846056274789,3113.488333333333,2488531.1051359056,0.14646503758001828,0.1435920681061001,932.5034721612906,914.2120488011014
2020-06-04 07:30:00,4136001,167.6162806896552,3.9305555555555554,35.0,24.904997724137928,28.135532188620058,28.62191875862069,4228.055531462625,4146.181911155378,5317.326666666667,5214.36,0.19967050320234236,0.20070854790130854,0.9806356326926187,4417.078333333333,2489834.695135906,0.16551401571589844,0.1623089415210561,1089.2711352040415,1068.178088844622
2020-06-04 07:45:00,4136001,235.5763336666667,3.7847222222222223,35.0,25.1223704,29.751726011233934,30.170912633333337,5903.417744944251,5801.610911855562,7418.511428571429,7290.57619047619,0.2785719220977932,0.2806252273633447,0.9827545944591374,6239.722380952381,2491657.3391835247,0.23109875689740658,0.22711336511472158,1515.0936836271776,1488.965278620628
2020-06-04 08:00:00,4136001,261.33262482758613,3.638888888888889,35.0,25.454187655172408,30.69236413999073,31.759098586206896,6523.738885995319,6408.566230494154,8444.221904761904,8295.144285714287,0.3170882931540883,0.31929256212028934,0.9823456061755614,8313.508452380953,2493731.1252549533,0.2553822229788733,0.2508736046386437,1920.4830187665848,1886.5780552201322
2020-06-04 08:15:00,4136001,405.336878,3.597222222222222,37.5,26.0076823,34.17897305698014,34.365958633333335,9974.162063998641,9773.684573214892,12513.156666666668,12261.64619047619,0.46988053300275173,0.4719691777648816,0.9799003174905925,11378.92,2496796.5368025727,0.3904545728713502,0.38260655992228976,2538.9946026680263,2487.9616172612987
2020-06-04 08:30:00,4136001,365.2829586206896,3.555555555555556,40.0,26.450226793103447,33.85661281542075,35.794787206896544,9000.583534691023,8823.408956595658,10997.614761904762,10781.129047619048,0.41297054162587327,0.4149818493322741,0.9803152120734752,14074.202261904762,2499491.819064477,0.3523422796903904,0.34540649663713674,1997.0312272137398,1957.7200910233896
2020-06-04 08:45:00,4136001,355.304296,3.513888888888889,42.5,26.4298736,33.6758060156215,35.13495476666666,8761.273164954728,8588.683690207654,11332.6,11109.35761904762,0.4255495451832685,0.42761586001645197,0.9803008682074387,16851.541666666668,2502269.1584692392,0.3429740914055482,0.3362177995775163,2571.3268350452727,2520.673928839966
2020-06-04 09:00:00,4136001,401.3127146666666,3.4722222222222223,45.0,26.654045666666672,34.886101352136755,36.18255623333333,9846.142507437427,9648.432598291289,12684.469523809525,12429.76619047619,0.476313488232901,0.4784403690660514,0.9799200642285244,19958.983214285712,2505376.600016858,0.38544304198228335,0.37770337045571695,2838.327016372097,2781.333592184901
2020-06-04 09:15:00,4136001,467.1588324137931,3.6805555555555554,48.75,27.027789862068964,36.33837944679827,38.14800303448276,11392.342887080911,11157.825405217902,14942.391904761906,14634.794761904765,0.5611005487727072,0.5633152305355944,0.9794144642425612,23617.681904761903,2509035.2987073343,0.4459715359984698,0.43679097299737335,3550.0490176809944,3476.9693566868627
2020-06-04 09:30:00,4136001,507.9747253333332,3.888888888888889,52.5,27.4964255,37.34089692118863,39.6057933,12335.661863331099,12076.73375994469,15875.43,15542.201428571429,0.5961369867540385,0.5982426759790683,0.9790097924006738,27503.232261904763,2512920.8490644773,0.4828992704377021,0.47276311450165154,3539.768136668901,3465.4676686267394
2020-06-04 09:45:00,4136001,511.51542827586206,4.097222222222222,56.25,27.648838413793104,37.29552258684095,39.44161744827587,12424.015883204442,12157.905860342918,14469.839523809524,14159.91,0.5433557725704626,0.545036202815536,0.978580997854223,31043.20976190476,2516460.8265644773,0.48635803026832813,0.47594072657439496,2045.823640605082,2002.0041396570814
2020-06-04 10:00:00,4136001,747.4316673333334,4.305555555555555,60.0,28.752326433333337,42.479262472513014,45.223463,17758.205784311245,17342.982201549523,14476.905714285716,14138.405714285716,0.5436211145169993,0.5442084705608837,0.976617931574565,34577.81119047619,2519995.4279930484,0.6951734501589839,0.6789188569798208,-3281.300070025529,-3204.5764872638065
2020-06-04 10:15:00,4136001,684.9686296551723,4.416666666666667,57.5,28.82075651724137,41.22736093048485,44.4616604137931,16361.769118262713,15996.234639197563,12997.784285714286,12707.403809523808,0.4880787454931744,0.48912705801001083,0.9776592325424548,37754.662142857145,2523172.2789454297,0.6405076969372759,0.6261982634252324,-3363.984832548427,-3288.830829673754
2020-06-04 10:30:00,4136001,500.5721016666665,4.527777777777778,55.0,28.779559300000003,37.7231380326544,43.550388666666656,12136.34545407524,11872.931641519714,10747.915238095238,10514.636666666667,0.40359409502142046,0.404724157341749,0.9782954585832858,40383.32130952381,2525800.9381120964,0.4750967098874629,0.46478495367076583,-1388.4302159800009,-1358.2949748530464
2020-06-04 10:45:00,4136001,299.4588744827586,4.638888888888889,52.5,27.79197634482759,33.07064502952279,35.40643496551724,7402.725639689369,7263.973174431689,7692.524285714286,7548.34,0.2888613567139899,0.2905469435300523,0.9812565706185616,42270.40630952381,2527688.0231120964,0.2897915693751955,0.28435988155927533,289.7986460249167,284.36682556831147
2020-06-04 11:00:00,4136001,653.4224343333333,4.75,50.0,28.644737733333336,40.01058282523338,39.689086866666656,15689.468939578857,15336.714392505772,14204.475714285714,13885.109047619047,0.5333911176412358,0.5344587014319956,0.9775164762789891,45741.68357142857,2531159.300374001,0.6141894280516288,0.6003802854768359,-1484.993225293143,-1451.6053448867242
2020-06-04 11:15:00,4136001,776.167843,5.027777777777778,59.5,29.649976599999995,42.71897547186394,49.73668216666668,18421.936332459023,17995.238366516125,13853.122857142858,13532.25,0.520197494946004,0.5208766267264789,0.9768375072933528,49124.74607142857,2534542.362874001,0.7211562471113339,0.7044524707972646,-4568.813475316165,-4462.988366516125
2020-06-04 11:30:00,4136001,875.4993144827585,5.305555555555556,69.0,30.20047648275862,44.48501416399142,50.65878303448276,20621.52946007162,20129.390236645733,16158.818571428572,15773.183333333334,0.6067784880583785,0.60713351640747,0.9761346885361345,53068.04190476191,2538485.658707334,0.8072628483097131,0.7879972690015945,-4462.710888643047,-4356.206903312399
2020-06-04 11:45:00,4136001,959.7550606666669,5.583333333333334,78.5,31.101126966666666,46.289527990035346,56.17383843333334,22429.126445709637,21887.94207807257,16648.401904761904,16246.698571428573,0.6251627921747603,0.6253598290991979,0.9758713577656705,57129.71654761905,2542547.333350192,0.8780241317561025,0.8568386016078516,-5780.724540947733,-5641.2435066439975
2020-06-04 12:00:00,4136001,753.8634593103449,5.861111111111112,88.0,31.748693,43.330555948384465,54.58599944827585,17845.443591075706,17436.142878901755,13050.385714285714,12751.06380952381,0.490053977479176,0.49080759698341725,0.9770641334811853,60317.4825,2545735.099302572,0.6985885140370212,0.6825657811274909,-4795.0578767899915,-4685.079069377945
2020-06-04 12:15:00,4136001,626.8134326666665,6.354166666666666,90.25,31.40540860000001,40.560981835956426,50.13670766666666,15015.30253872428,14662.23672314011,13170.27714285714,12860.594761904762,0.4945560108077981,0.49502360784623234,0.9764862669484269,63532.63119047619,2548950.2479930487,0.5877981029056285,0.5739767752256845,-1845.02539586714,-1801.6419612353475
2020-06-04 12:30:00,4136001,1098.7660434482757,6.847222222222221,92.5,32.124079379310345,47.419771499422765,54.41021503448276,25550.867915039238,24917.963100166686,18504.201904761903,18045.845714285715,0.6948497877407478,0.6946117047855036,0.9752296158010342,68044.09261904762,2553461.70942162,1.000229708946535,0.9754536347687096,-7046.666010277335,-6872.117385880971
2020-06-04 12:45:00,4136001,1075.5276863333331,7.340277777777778,94.75,32.99476956666668,47.295573161166345,61.4893392,25024.128802080355,24418.686841647926,16493.594761904762,16094.543333333331,0.6193496416855542,0.6195031454613834,0.9758056727880134,72067.72845238095,2557485.345254953,0.979609661463314,0.9559086647738472,-8530.534040175593,-8324.143508314595
2020-06-04 13:00:00,4136001,752.9416256666667,7.833333333333333,97.0,32.87322086666667,42.4550689917197,58.39144286666665,17890.97805269048,17486.559760074004,12759.353333333334,12470.933333333332,0.4791254441022026,0.4800249542239812,0.9773954061412724,75185.46178571429,2560603.0785882864,0.7003710335756697,0.6845394308112743,-5131.624719357145,-5015.626426740671
2020-06-04 13:15:00,4136001,942.7802534482756,7.576388888888888,79.75,32.73378110344828,45.00597028563157,55.4008990689655,22156.080711154285,21617.60560350589,15369.94,14996.393333333332,0.5771553726853613,0.5772337026385208,0.9756962833513554,78934.56011904762,2564352.17692162,0.8673353185028101,0.8462558466825558,-6786.140711154285,-6621.212270172558
2020-06-04 13:30:00,4136001,800.2419046666665,7.319444444444445,62.5,32.67796206666667,43.338614896436425,55.279134166666665,18942.654428054913,18494.249429779957,12770.900952380953,12468.591904761905,0.4795590678102364,0.47993482912165114,0.9763282912657242,82051.7080952381,2567469.3248978104,0.7415405922119754,0.7239870592984912,-6171.753475673961,-6025.657525018052
2020-06-04 13:45:00,4136001,261.60073655172414,7.0625,45.25,30.929569551724143,34.49810942215655,41.08770641379311,6428.702900068198,6313.503900327311,4859.49,4772.410476190476,0.1824783155959481,0.18369724696131126,0.9820805220692864,83244.81071428572,2568662.427516858,0.25166188686898405,0.24715223724123356,-1569.212900068198,-1541.093424136835
2020-06-04 14:00:00,4136001,249.1807296666666,6.805555555555555,28.0,29.894924933333336,33.37753471204286,36.105009,6152.018924036598,6044.219908909645,5102.243809523809,5012.839523809524,0.1915939442455398,0.19295172210704603,0.9824774571635709,84498.0205952381,2569915.6373978104,0.24083064881724792,0.23661068345702269,-1049.7751145127886,-1031.3803851001212
2020-06-04 14:15:00,4136001,417.4138455172413,6.826388888888888,29.0,29.59220320689655,35.41448371765069,37.91041420689655,10218.644927630901,10011.004042553575,10851.153333333334,10630.66,0.40747078037819284,0.4091900696983954,0.9796801937489901,87155.68559523809,2572573.3023978104,0.40002524672659623,0.39189681121759934,632.5084057024324,619.6559574464245
2020-06-04 14:30:00,4136001,378.1839226666667,6.847222222222221,30.0,29.9574492,35.22206843389249,39.75319209999999,9265.698618885295,9080.692374458413,11273.19619047619,11048.106666666668,0.42331887754080244,0.4252582188658692,0.9800332115217083,89917.71226190476,2575335.329064477,0.36272063491428047,0.35547826872023536,2007.497571590895,1967.4142922082556
2020-06-04 14:45:00,4136001,375.4210289655172,6.868055555555555,31.0,29.019922586206896,34.23573348496716,36.56108675862069,9235.842639027744,9051.47572075818,12516.091904761905,12266.244285714283,0.4699907538908474,0.4721461653565227,0.9800378887476399,92984.27333333332,2578401.8901359057,0.3615518746928066,0.3543345359466894,3280.249265734161,3214.7685649561026
2020-06-04 15:00:00,4136001,400.242852,6.888888888888889,32.0,28.9516053,34.501284334941765,37.17042136666666,9835.63139026706,9637.116995190065,13208.04619047619,12941.465714285714,0.4959742732573941,0.4981364522642964,0.9798168122411097,96219.63976190476,2581637.256564477,0.38503156744047995,0.3772604030217289,3372.4148002091297,3304.3487190956494
2020-06-04 15:15:00,4136001,324.1478868965516,6.666666666666666,29.75,28.692960482758625,33.28429032548598,36.04145986206896,8005.97021968452,7850.560745406877,10617.13761904762,10411.040952380952,0.39868327523550506,0.4007366027074152,0.9805883022278131,98822.4,2584240.0168025726,0.3134065460827763,0.3073227929303925,2611.1673993631002,2560.4802069740754
2020-06-04 15:30:00,4136001,311.13353166666667,6.444444444444445,27.5,28.495817033333328,32.99977666950395,35.430655966666656,7693.580172338618,7549.882154525443,10081.566666666668,9893.266666666666,0.3785720937591374,0.3808066927997081,0.9813223473864842,101295.71666666667,2586713.333469239,0.3011775365957572,0.29555224719222717,2387.98649432805,2343.3845121412232
2020-06-04 15:45:00,4136001,258.8776076666667,6.222222222222221,25.25,28.173362266666665,32.00518002372212,33.9577191,6427.726667607572,6315.187682270465,8610.877142857144,8460.114761904762,0.3233463505084323,0.32564252351972817,0.982491634887923,103410.74535714286,2588828.362159715,0.2516236706834047,0.2472181515862386,2183.150475249571,2144.927079634297
2020-06-04 16:00:00,4136001,185.3187451724138,6.0,23.0,27.82616858620689,30.632327659078086,32.240811137931026,4627.314324561975,4540.583018527408,6102.664285714286,5988.28,0.22916065255915594,0.23049789105977492,0.9812566642438372,104907.81535714286,2590325.432159716,0.18114364159569288,0.1777484055011708,1475.3499611523112,1447.6969814725917
2020-06-04 16:15:00,4136001,222.6279066666666,5.770833333333333,27.0,27.60287473333333,31.05594242369227,31.772151633333333,5549.268573841348,5453.342483014723,7442.355238095238,7313.704761904762,0.2794672790589754,0.2815154808146715,0.9827137415408563,106736.24154761904,2592153.8583501917,0.21723501952794474,0.21347983883400756,1893.0866642538895,1860.3622788900384
2020-06-04 16:30:00,4136001,246.11438413793093,5.541666666666667,31.0,27.935087000000003,31.847564293346014,33.111304999999994,6114.7896166430655,6004.040921286195,8288.973333333333,8138.846666666667,0.3112585666163317,0.31327643201813304,0.9818883882684306,108770.9532142857,2594188.570016858,0.23937324786232397,0.23503781253811684,2174.183716690268,2134.805745380472
2020-06-04 16:45:00,4136001,304.4036246666667,5.3125,35.0,28.583680233333336,33.54644566502955,35.29065466666667,7510.162267761005,7368.254740703072,10231.766666666666,10038.433333333332,0.3842122417998806,0.3863943758270288,0.9811045990754285,111280.56154761904,2596698.178350192,0.29399734851285986,0.2884421507419484,2721.6043989056616,2670.178592630261
2020-06-04 17:00:00,4136001,203.1273489655172,5.083333333333333,39.0,28.506739034482752,31.905222370027627,34.13578827586206,5045.566423779417,4950.9027165323905,6600.9138095238095,6477.069047619048,0.24787038009254833,0.24931211561996694,0.9812382398136941,112899.8288095238,2598317.445612096,0.1975167909093528,0.1938110282455428,1555.3473857443923,1526.166331086658
2020-06-04 17:15:00,4136001,130.2995793333333,4.854166666666667,31.0,28.05126853333333,30.28999675520238,31.183719966666665,3258.0716789951493,3193.752774999525,4325.933809523809,4240.533809523809,0.16244279028076355,0.16322451523023496,0.9802585976207064,113959.96226190476,2599377.579064477,0.12754244192582304,0.12502457525932767,1067.8621305286597,1046.7810345242842
2020-06-04 17:30:00,4136001,96.6307924137931,4.624999999999999,23.0,27.81005551724138,29.516258261371213,29.81780168965517,2423.84125779648,2365.3604699583943,3210.449047619048,3132.989523809524,0.12055531228917843,0.12059347224085444,0.975872682400311,114743.20964285714,2600160.8264454296,0.09488515395562654,0.09259582971064374,786.6077898225681,767.6290538511298
2020-06-04 17:45:00,4136001,79.7806046666666,4.395833333333333,15.0,27.715189433333336,29.163967835597223,29.011674033333332,2004.0509545959628,1948.850459909133,2623.153333333333,2550.9,0.09850181846583966,0.09818797222313919,0.9724555433282589,115380.93464285714,2600798.5514454297,0.07845178917972061,0.07629087727183922,619.1023787373704,602.0495400908671
2020-06-04 18:00:00,4136001,57.3083227586206,4.166666666666667,7.0,27.576374896551723,28.647558499516595,28.30987762068965,1442.581861589537,1399.9218735063384,1845.6666666666667,1791.0866666666666,0.06930647958631905,0.06894161585162162,0.9704280296189272,115828.7063095238,2601246.323112096,0.05647218091953561,0.05480218725802852,403.08480507712966,391.16479316032814
2020-06-04 18:15:00,4136001,33.4204809333333,4.229166666666666,16.5,27.4625298,28.08225963975399,27.48582456666667,843.2005623828431,815.5969458952915,1037.0619047619048,1003.1119047619048,0.03894262763163993,0.03861128379844845,0.9672632850130636,116079.48428571428,2601497.101088287,0.03300843853524538,0.03192785069075324,193.86134237906163,187.51495886661337
2020-06-04 18:30:00,4136001,16.472943743333303,4.291666666666666,26.0,27.4985625,27.801624660672122,26.796627866666665,416.08563818910363,401.7739167672946,485.8109523809523,469.1009523809524,0.018242647744627426,0.018056400204723464,0.965603904321003,116196.75952380952,2601614.3763263817,0.016288339721632555,0.015728084430115273,69.72531419184867,67.32703561365776
2020-06-04 18:45:00,4136001,1.3895391787931002,4.354166666666667,35.5,27.167746517241383,27.193111171625414,26.19345286206897,35.184393570333306,34.08488127126039,2.56,2.48,9.613035275834031e-05,9.54589247376946e-05,0.96875,116197.37952380952,2601614.996326382,0.0013773495232074107,0.0013343073506071792,-32.624393570333304,-31.604881271260393
2020-06-04 19:00:00,4136001,0.0,4.416666666666667,45.0,27.06125983333333,27.06125983333333,25.8164489,0.0,0.0,0.0,0.0,0.0,0.0,0.0,116197.37952380952,2601614.996326382,0.0,0.0,0.0,0.0
2020-06-04 19:15:00,4136001,0.0,4.451388888888888,34.25,26.844621344827583,26.844621344827583,25.52530424137931,0.0,0.0,0.0,0.0,0.0,0.0,0.0,116197.37952380952,2601614.996326382,0.0,0.0,0.0,0.0
2020-06-04 19:30:00,4136001,0.0,4.486111111111111,23.5,26.619942066666663,26.619942066666663,25.20446646666668,0.0,0.0,0.0,0.0,0.0,0.0,0.0,116197.37952380952,2601614.996326382,0.0,0.0,0.0,0.0
2020-06-04 19:45:00,4136001,0.0,4.520833333333333,12.75,25.886081,25.886081,24.99820575862069,0.0,0.0,0.0,0.0,0.0,0.0,0.0,116197.37952380952,2601614.996326382,0.0,0.0,0.0,0.0
2020-06-04 20:00:00,4136001,0.0,4.555555555555555,2.0,25.415011433333333,25.415011433333333,24.773209866666665,0.0,0.0,0.0,0.0,0.0,0.0,0.0,116197.37952380952,2601614.996326382,0.0,0.0,0.0,0.0
2020-06-04 20:15:00,4136001,0.0,4.444444444444445,2.0,25.253174833333336,25.253174833333336,24.170247333333343,0.0,0.0,0.0,0.0,0.0,0.0,0.0,116197.37952380952,2601614.996326382,0.0,0.0,0.0,0.0
2020-06-04 20:30:00,4136001,0.0,4.333333333333333,2.0,25.07101975862069,25.07101975862069,23.582273310344828,0.0,0.0,0.0,0.0,0.0,0.0,0.0,116197.37952380952,2601614.996326382,0.0,0.0,0.0,0.0
2020-06-04 20:45:00,4136001,0.0,4.222222222222222,2.0,25.05708616666666,25.05708616666666,23.458534766666663,0.0,0.0,0.0,0.0,0.0,0.0,0.0,116197.37952380952,2601614.996326382,0.0,0.0,0.0,0.0
2020-06-04 21:00:00,4136001,0.0,4.111111111111112,2.0,24.76100727586207,24.76100727586207,23.159667,0.0,0.0,0.0,0.0,0.0,0.0,0.0,116197.37952380952,2601614.996326382,0.0,0.0,0.0,0.0
2020-06-04 21:15:00,4136001,0.0,4.104166666666667,2.0,24.4274142,24.4274142,22.75670473333333,0.0,0.0,0.0,0.0,0.0,0.0,0.0,116197.37952380952,2601614.996326382,0.0,0.0,0.0,0.0
2020-06-04 21:30:00,4136001,0.0,4.097222222222222,2.0,24.47409263333333,24.47409263333333,22.554964200000004,0.0,0.0,0.0,0.0,0.0,0.0,0.0,116197.37952380952,2601614.996326382,0.0,0.0,0.0,0.0
2020-06-04 21:45:00,4136001,0.0,4.090277777777778,2.0,24.59759410344828,24.59759410344828,22.771948448275865,0.0,0.0,0.0,0.0,0.0,0.0,0.0,116197.37952380952,2601614.996326382,0.0,0.0,0.0,0.0
2020-06-04 22:00:00,4136001,0.0,4.083333333333333,2.0,24.31747246666667,24.31747246666667,22.5268189,0.0,0.0,0.0,0.0,0.0,0.0,0.0,116197.37952380952,2601614.996326382,0.0,0.0,0.0,0.0
2020-06-04 22:15:00,4136001,0.0,4.1875,2.0,24.09643672413793,24.09643672413793,22.39316851724137,0.0,0.0,0.0,0.0,0.0,0.0,0.0,116197.37952380952,2601614.996326382,0.0,0.0,0.0,0.0
2020-06-04 22:30:00,4136001,0.1880975060666,4.291666666666666,2.0,24.35011396666667,24.353574503987367,23.499982766666665,4.817374963268655,0.0,0.0,0.0,0.0,0.0,0.0,116197.37952380952,2601614.996326382,0.00018858387016123135,0.0,-4.817374963268655,0.0
2020-06-04 22:45:00,4136001,0.0089570669999999,4.395833333333333,2.0,24.49744276666667,24.49760542280686,24.038970000000003,0.22926808466434961,0.0,0.0,0.0,0.0,0.0,0.0,116197.37952380952,2601614.996326382,8.975066927553322e-06,0.0,-0.22926808466434961,0.0
2020-06-04 23:00:00,4136001,0.0,4.5,2.0,24.43652979310345,24.43652979310345,23.844636172413797,0.0,0.0,0.0,0.0,0.0,0.0,0.0,116197.37952380952,2601614.996326382,0.0,0.0,0.0,0.0
2020-06-04 23:15:00,4136001,0.0,4.534722222222222,2.0,24.212598600000003,24.212598600000003,23.096633800000003,0.0,0.0,0.0,0.0,0.0,0.0,0.0,116197.37952380952,2601614.996326382,0.0,0.0,0.0,0.0
2020-06-04 23:30:00,4136001,0.0,4.569444444444444,2.0,24.22958896551724,24.22958896551724,23.374482310344828,0.0,0.0,0.0,0.0,0.0,0.0,0.0,116197.37952380952,2601614.996326382,0.0,0.0,0.0,0.0
2020-06-04 23:45:00,4136001,0.0,4.604166666666666,2.0,24.3579734,24.3579734,23.800956233333338,0.0,0.0,0.0,0.0,0.0,0.0,0.0,116197.37952380952,2601614.996326382,0.0,0.0,0.0,0.0
2020-06-05 00:00:00,4136001,0.0,4.638888888888888,2.0,24.29966906896551,24.29966906896551,23.54368431034483,0.0,0.0,0.0,0.0,0.0,0.0,0.0,0.0,2601614.996326382,0.0,0.0,0.0,0.0
2020-06-05 00:15:00,4136001,0.0,4.777777777777778,3.5,24.0563783,24.0563783,22.68783163333333,0.0,0.0,0.0,0.0,0.0,0.0,0.0,0.0,2601614.996326382,0.0,0.0,0.0,0.0
2020-06-05 00:30:00,4136001,0.0,4.916666666666666,5.0,23.76232196666667,23.76232196666667,22.111972199999997,0.0,0.0,0.0,0.0,0.0,0.0,0.0,0.0,2601614.996326382,0.0,0.0,0.0,0.0
2020-06-05 00:45:00,4136001,0.0,5.055555555555555,6.5,23.608251103448275,23.608251103448275,21.823795758620687,0.0,0.0,0.0,0.0,0.0,0.0,0.0,0.0,2601614.996326382,0.0,0.0,0.0,0.0
2020-06-05 01:00:00,4136001,0.0,5.194444444444444,8.0,23.518258666666668,23.518258666666668,21.77961946666667,0.0,0.0,0.0,0.0,0.0,0.0,0.0,0.0,2601614.996326382,0.0,0.0,0.0,0.0
2020-06-05 01:15:00,4136001,0.0,5.076388888888888,15.25,23.339248137931037,23.339248137931037,21.60733051724138,0.0,0.0,0.0,0.0,0.0,0.0,0.0,0.0,2601614.996326382,0.0,0.0,0.0,0.0
2020-06-05 01:30:00,4136001,0.0,4.958333333333334,22.5,23.214794,23.214794,21.53066503333333,0.0,0.0,0.0,0.0,0.0,0.0,0.0,0.0,2601614.996326382,0.0,0.0,0.0,0.0
2020-06-05 01:45:00,4136001,0.0,4.840277777777778,29.75,23.100183966666663,23.100183966666663,21.41239313333333,0.0,0.0,0.0,0.0,0.0,0.0,0.0,0.0,2601614.996326382,0.0,0.0,0.0,0.0
2020-06-05 02:00:00,4136001,0.0,4.722222222222222,37.0,23.03813327586207,23.03813327586207,21.36666555172414,0.0,0.0,0.0,0.0,0.0,0.0,0.0,0.0,2601614.996326382,0.0,0.0,0.0,0.0
2020-06-05 02:15:00,4136001,0.0,4.902777777777778,37.5,23.073260366666663,23.073260366666663,21.467229300000003,0.0,0.0,0.0,0.0,0.0,0.0,0.0,0.0,2601614.996326382,0.0,0.0,0.0,0.0
2020-06-05 02:30:00,4136001,0.0,5.083333333333333,38.0,23.01282675862069,23.01282675862069,21.443581344827585,0.0,0.0,0.0,0.0,0.0,0.0,0.0,0.0,2601614.996326382,0.0,0.0,0.0,0.0
2020-06-05 02:45:00,4136001,0.0,5.263888888888889,38.5,23.018499566666662,23.018499566666662,21.6443869,0.0,0.0,0.0,0.0,0.0,0.0,0.0,0.0,2601614.996326382,0.0,0.0,0.0,0.0
2020-06-05 03:00:00,4136001,0.0,5.444444444444445,39.0,23.082872931034487,23.082872931034487,21.87228917241379,0.0,0.0,0.0,0.0,0.0,0.0,0.0,0.0,2601614.996326382,0.0,0.0,0.0,0.0
2020-06-05 03:15:00,4136001,0.0,5.423611111111111,39.0,23.14973,23.14973,22.048149533333333,0.0,0.0,0.0,0.0,0.0,0.0,0.0,0.0,2601614.996326382,0.0,0.0,0.0,0.0
2020-06-05 03:30:00,4136001,0.0,5.402777777777779,39.0,23.204861724137924,23.204861724137924,22.07574655172414,0.0,0.0,0.0,0.0,0.0,0.0,0.0,0.0,2601614.996326382,0.0,0.0,0.0,0.0
2020-06-05 03:45:00,4136001,0.0,5.381944444444445,39.0,23.2978301,23.2978301,21.96477976666666,0.0,0.0,0.0,0.0,0.0,0.0,0.0,0.0,2601614.996326382,0.0,0.0,0.0,0.0
2020-06-05 04:00:00,4136001,0.0,5.361111111111112,39.0,23.39066483333333,23.39066483333333,21.92678636666667,0.0,0.0,0.0,0.0,0.0,0.0,0.0,0.0,2601614.996326382,0.0,0.0,0.0,0.0
2020-06-05 04:15:00,4136001,0.0,4.888888888888889,45.75,23.48055724137931,23.48055724137931,22.33335506896552,0.0,0.0,0.0,0.0,0.0,0.0,0.0,0.0,2601614.996326382,0.0,0.0,0.0,0.0
2020-06-05 04:30:00,4136001,0.0,4.416666666666667,52.5,23.541043100000003,23.541043100000003,22.629008866666663,0.0,0.0,0.0,0.0,0.0,0.0,0.0,0.0,2601614.996326382,0.0,0.0,0.0,0.0
2020-06-05 04:45:00,4136001,0.0,3.944444444444444,59.25,23.55039810344827,23.55039810344827,22.658952413793106,0.0,0.0,0.0,0.0,0.0,0.0,0.0,0.0,2601614.996326382,0.0,0.0,0.0,0.0
2020-06-05 05:00:00,4136001,0.0,3.4722222222222223,66.0,23.479852466666667,23.479852466666667,22.4354817,0.0,0.0,0.0,0.0,0.0,0.0,0.0,0.0,2601614.996326382,0.0,0.0,0.0,0.0
2020-06-05 05:15:00,4136001,0.0,3.4444444444444446,50.25,23.508968900000003,23.508968900000003,22.6392059,0.0,0.0,0.0,0.0,0.0,0.0,0.0,0.0,2601614.996326382,0.0,0.0,0.0,0.0
2020-06-05 05:30:00,4136001,0.0,3.416666666666667,34.5,23.51972896551724,23.51972896551724,22.71437331034484,0.0,0.0,0.0,0.0,0.0,0.0,0.0,0.0,2601614.996326382,0.0,0.0,0.0,0.0
2020-06-05 05:45:00,4136001,0.946964667,3.3888888888888884,18.75,23.482278566666665,23.50193329200913,22.69325356666667,24.33516662604862,0.0,0.0,0.0,0.0,0.0,0.0,0.0,2601614.996326382,0.0009526391319651054,0.0,-24.33516662604862,0.0
2020-06-05 06:00:00,4136001,6.1887873206896,3.3611111111111107,3.0,23.48507603448276,23.61403597031709,22.861815448275863,158.9690145802173,153.42635179062717,90.63190476190476,87.47190476190477,0.0034033113187196123,0.003366924989245749,0.9651336909634471,21.867976190476192,2601636.8643025723,0.006223097067144933,0.006006120641637392,-68.33710981831254,-65.9544470287224
2020-06-05 06:15:00,4136001,22.0205288,3.4305555555555554,11.0,23.5497906,24.00415000988342,23.19854326666667,564.7551280673697,545.6132903782324,678.81,655.802380952381,0.02548993935776913,0.025242818599247686,0.9661059515216055,185.81857142857143,2601800.8148978106,0.02210824537355137,0.02135890743308798,114.05487193263025,110.18909057414862
2020-06-05 06:30:00,4136001,44.1504464333333,3.5,19.0,23.611078866666663,24.513213039803837,23.604514566666666,1130.0191925588688,1094.3617251024814,1336.0604761904765,1293.9014285714286,0.05017029878229165,0.04980420930967562,0.9684452550087729,509.2939285714286,2602124.2902549533,0.04423641387977564,0.042840545120472945,206.0412836316077,199.5397034689472
2020-06-05 06:45:00,4136001,87.7622152413793,3.569444444444444,27.0,23.88723224137932,25.663256024469057,24.89371882758621,2235.938011319879,2179.114088225659,2772.872380952381,2702.402857142857,0.10412390630266068,0.10401954473827857,0.9745860919191239,1184.8946428571428,2602799.890969239,0.08752937996946092,0.08530491635254096,536.9343696325018,523.288768917198
2020-06-05 07:00:00,4136001,122.3387135,3.638888888888889,35.0,24.3056306,26.757799641892163,26.727956066666668,3103.1689393355355,3034.542118261711,3665.609523809524,3584.5442857142857,0.13764700648364897,0.13797449322134406,0.9778849226660153,2081.030714285714,2603696.027040668,0.12147852571288062,0.11879201872232183,562.4405844739886,550.0021674525747
2020-06-05 07:15:00,4136001,140.26246066666658,3.5208333333333335,48.25,24.58904119999999,27.446728984172893,28.138516133333333,3547.9379933227115,3477.6648406757868,4417.034761904762,4329.547619047619,0.16586371476865486,0.16665079044956918,0.9801932410377012,3163.417619047619,2604778.413945429,0.1388897237550484,0.1361387684742919,869.0967685820501,851.8827783718325
2020-06-05 07:30:00,4136001,154.91887310344828,3.4027777777777777,61.5,24.888433965517248,28.097525070715555,29.01180513793103,3908.3699981875575,3831.8924186254235,4797.838571428571,4703.95619047619,0.18016324779257817,0.18106233869196744,0.9804323593729358,4339.406666666667,2605954.4029930485,0.15299941272998854,0.15000557520553626,889.4685732410139,872.0637718507669
2020-06-05 07:45:00,4136001,200.846841,3.284722222222222,74.75,24.9963226,29.22757221289303,29.5161509,5043.872074876657,4948.492782032913,6118.149523809524,6002.455714285715,0.22974213748128175,0.23104353559328425,0.9810900650476794,5840.020595238095,2607455.01692162,0.19745046290376422,0.19371668749394844,1074.2774489328667,1053.9629322528017
2020-06-05 08:00:00,4136001,216.0856144827586,3.1666666666666665,88.0,25.38429096551725,30.015358571234323,31.102873689655173,5409.1697699820115,5311.327182628248,6865.586666666667,6741.4,0.2578090891248533,0.2594866109785058,0.9819117181537289,7525.370595238095,2609140.36692162,0.21175062712789242,0.20792042210327843,1456.4168966846555,1430.0728173717516
2020-06-05 08:15:00,4136001,388.82531833333326,3.013888888888889,86.5,25.930556166666666,34.45462321332529,34.080560266666666,9556.908959560904,9370.41634976662,11260.51761904762,11040.780952380952,0.42284278553146637,0.42497624112044574,0.980486095390946,10285.565833333334,2611900.562159715,0.3741205308107616,0.36681997846023173,1703.6086594867156,1670.3646026143324
2020-06-05 08:30:00,4136001,569.942412413793,2.861111111111111,85.0,26.913648793103448,39.70122816070033,40.7417414137931,13703.027680268318,13415.105667812479,16717.666666666668,16366.40238095238,0.6277637476418023,0.6299674085121609,0.9789884382361401,14377.166428571429,2615992.1627549534,0.5364269986403726,0.5251558296266384,3014.6389863983495,2951.296713139902
2020-06-05 08:45:00,4136001,510.6229946666669,2.7083333333333335,83.5,27.553101733333328,39.28481901458932,43.09634683333332,12298.547430011482,12042.6288769905,15154.705714285716,14839.35380952381,0.5690731274465318,0.5711890155078044,0.9791911561525977,18087.00488095238,2619702.0012073345,0.4814463664126632,0.4714280241530828,2856.1582842742337,2796.7249325333087
2020-06-05 09:00:00,4136001,521.611014,2.5555555555555554,82.0,27.474611433333337,39.75359010564972,40.47210883333334,12538.213358607745,12274.36471484652,15710.56380952381,15379.957619047618,0.5899461097820072,0.5919976680748384,0.9789564401071477,21931.994285714285,2623546.990612096,0.49082847361940674,0.48049969523767944,3172.350450916065,3105.5929042010976
2020-06-05 09:15:00,4136001,829.5012827586206,2.659722222222222,64.0,28.375374620689666,47.5801273615271,45.23055913793104,19275.753873692487,18841.35254520865,19992.17333333333,19541.626666666667,0.7507244823981316,0.7521865601715562,0.9774638475189961,26817.40095238095,2628432.397278763,0.7545803043136616,0.7375749675164867,716.4194596408415,700.2741214580165
2020-06-05 09:30:00,4136001,737.069957,2.763888888888889,46.0,28.9215555,45.709391896765744,48.03612473333335,17268.74888218371,16871.793835893823,16325.32142857143,15950.052857142857,0.6130308233679155,0.6139414900210689,0.977013097532536,30804.914166666666,2632419.910493049,0.6760128746206189,0.6604734326049647,-943.4274536122812,-921.740978750966
2020-06-05 09:45:00,4136001,759.4489110344828,2.8680555555555554,28.0,29.35511203448276,46.376435753527595,47.91289651724137,17741.300549230855,17316.092536116128,16446.713333333333,16052.532857142858,0.6175892009564969,0.6178860991368427,0.976032872452907,34818.04738095238,2636433.0437073344,0.6945116676152223,0.677866217894544,-1294.5872158975217,-1263.55967897327
2020-06-05 10:00:00,4136001,811.7192696666667,2.972222222222222,10.0,29.860947766666666,47.76783657466726,51.5000714,18846.970796152822,18395.077754409984,14142.764285714286,13803.663809523809,0.531073796782723,0.531323751894263,0.9760230412287219,38268.96333333333,2639883.959659715,0.737794902961551,0.7201048249915828,-4704.2065104385365,-4591.413944886175
2020-06-05 10:15:00,4136001,847.0610855172414,2.972222222222222,14.5,30.15575227586207,48.84229729058171,50.61020517241381,19574.560183870715,19110.082379694344,13341.379047619048,13024.80619047619,0.5009810445821677,0.5013443523627925,0.9762713542570883,41525.16488095238,2643140.161207334,0.7662775566205017,0.7480948279387098,-6233.181136251667,-6085.276189218153
2020-06-05 10:30:00,4136001,920.9433376666668,2.972222222222222,19.0,30.86852616666667,51.184946587285836,57.25780413333334,21061.441972430515,20543.017906101217,16217.586666666666,15818.393333333332,0.6089852840451652,0.6088737172088373,0.9753851580054245,45479.76321428571,2647094.759540668,0.8244839292397931,0.8041893875944888,-4843.855305763849,-4724.624572767885
2020-06-05 10:45:00,4136001,893.0844131034481,2.972222222222222,23.5,31.095844275862067,50.79768440609476,57.40067255172414,20459.664217557875,19962.331902929636,15214.506666666666,14844.673333333334,0.5713187081682761,0.571393771968681,0.9756920588070334,49190.931547619046,2650805.9278740007,0.8009263737544676,0.781457502561348,-5245.157550891208,-5117.658569596302
2020-06-05 11:00:00,4136001,916.4784675862068,2.972222222222222,28.0,31.44439172413793,51.66231512114227,58.12696682758621,20914.629429841283,20400.73983755388,15922.274285714286,15531.050952380952,0.597896032734674,0.5978134774034812,0.9754291801338741,53073.694285714286,2654688.6906120963,0.8187367167681067,0.7986196843826142,-4992.355144126997,-4869.688885172927
2020-06-05 11:15:00,4136001,940.1133463333332,3.104166666666667,42.0,31.800298,52.13476717932912,56.20672820000002,21408.60848482214,20897.287045398138,13993.69619047619,13659.471904761906,0.5254761528060621,0.5257735889166616,0.9761160824727815,56488.562261904764,2658103.558588287,0.8380743192335932,0.8180578213113383,-7414.91229434595,-7237.815140636232
2020-06-05 11:30:00,4136001,856.7388703333331,3.236111111111111,56.0,32.135494,50.31177214433718,57.79458213333333,19669.561972978277,19191.53183939064,15259.310476190476,14888.462857142858,0.5730011323926673,0.5730792965080491,0.9756969609061784,60210.67797619048,2661825.6743025724,0.7699965540410365,0.7512832976860693,-4410.251496787801,-4303.06898224778
2020-06-05 11:45:00,4136001,376.9944793103448,3.3680555555555554,70.0,31.144323896551725,38.99224436098773,45.17489596551725,9091.324588704978,8906.201178835487,7478.4,7326.12,0.2808207929953016,0.28199336197553193,0.9796373555840822,62042.20797619048,2663657.2043025726,0.3558944838013301,0.348647530978097,-1612.9245887049783,-1580.0811788354868
2020-06-05 12:00:00,4136001,986.7557566666668,3.5,84.0,31.854984566666666,52.017546002438365,51.42422273333334,22482.58571163212,21930.985722160487,17580.79,17149.453333333335,0.6601748220587116,0.6601082157416422,0.975465455951259,66329.5713095238,2667944.567635906,0.8801168804710167,0.85852361409906,-4901.7957116321195,-4781.532388827152
2020-06-05 12:15:00,4136001,966.0673,3.826388888888889,81.0,32.97867465517242,51.85731650382159,59.2911701724138,22027.029428467362,21481.88034419932,18622.959523809524,18162.05809523809,0.6993092454797276,0.6990848938689395,0.9752509031670198,70870.08583333333,2672485.0821597152,0.8622833990396306,0.8409426636993275,-3404.0699046578375,-3319.822248961227
2020-06-05 12:30:00,4136001,989.7816713333332,4.152777777777778,78.0,33.09526663333333,51.62876857759572,59.620575933333335,22590.84855317302,22034.3409710002,18031.70333333333,17587.506666666668,0.6771070321355758,0.6769695464584821,0.9753657955404843,75266.9625,2676881.9588263817,0.8843550030602082,0.8625696211000274,-4559.145219839687,-4446.8343043335335
2020-06-05 12:45:00,4136001,765.350568275862,4.479166666666667,75.0,33.23081796551725,46.98683806483626,59.0263535862069,17831.43211281934,17397.12601543747,15555.786666666669,15176.906666666668,0.5841340858203725,0.5841819319533665,0.9756437904351135,79061.18916666666,2680676.1854930487,0.6980400122458149,0.6810384034228799,-2275.645446152672,-2220.219348770801
2020-06-05 13:00:00,4136001,733.9340326666664,4.805555555555555,72.0,33.12394726666667,45.80640851889868,52.78040236666666,17188.00197525656,16778.527804553178,14436.37380952381,14092.452380952382,0.5420991042424956,0.5424396577430962,0.9761767440280231,82584.30226190477,2684199.2985882866,0.6728519074283249,0.656822384206427,-2751.628165732751,-2686.075423600796
2020-06-05 13:15:00,4136001,1041.0162006896553,4.569444444444444,65.25,33.690490586206906,52.195800348710776,58.17828634482759,23699.913405361185,23109.124541454243,18667.40523809524,18202.06619047619,0.7009782228988223,0.7006248655432267,0.9750721087540641,87134.81880952381,2688749.815135906,0.9277711256747381,0.9046437479527987,-5032.5081672659435,-4907.058350978052
2020-06-05 13:30:00,4136001,347.0472646666668,4.333333333333333,58.5,32.81328523333334,39.16480911083456,49.790734833333325,8363.019979266901,8201.987547945715,6548.303333333333,6422.21380952381,0.24589480836013633,0.24720065511803077,0.9807447032626482,88740.37226190476,2690355.368588287,0.32738383164090434,0.3210799588156475,-1814.7166459335676,-1779.7737384219054
2020-06-05 13:45:00,4136001,206.2072193333333,4.097222222222222,51.75,30.93428653333333,34.823154413264184,36.944321733333325,5060.587062528405,4971.482227982291,5243.0257142857145,5150.708571428571,0.19688043415442769,0.19825850881685422,0.9823923917432626,90028.0494047619,2691643.045731144,0.19810479790676863,0.19461664623144612,182.43865175730934,179.22634344628023
2020-06-05 14:00:00,4136001,240.5096113793103,3.861111111111111,45.0,29.49830575862069,34.17657090896712,33.69434131034483,5918.3012957366645,5815.939365890896,8337.27,8193.07,0.31307215083653434,0.3153635695567192,0.9827041705498322,92076.3169047619,2693691.313231144,0.23168139736686882,0.2276742754312349,2418.968704263336,2377.130634109104
2020-06-05 14:15:00,4136001,284.8750106666667,3.6736111111111107,38.0,29.638054366666672,35.32106290821905,34.26934706666667,6976.701192737743,6846.938508347832,9925.597142857145,9740.986666666668,0.3727152947968875,0.3749452068887984,0.9814005672874473,94511.56357142856,2696126.5598978107,0.27311415904238573,0.2680343906184315,2948.8959501194013,2894.0481583188357
2020-06-05 14:30:00,4136001,348.28285034482747,3.486111111111111,31.0,30.18035472413793,37.31072324383959,36.60531837931034,8458.777035898587,8292.25636428845,11630.614285714286,11401.65238095238,0.4367402555007447,0.4388667244026975,0.9803138596864023,97361.97666666668,2698976.972993049,0.33113239522014437,0.3246136764254629,3171.8372498156987,3109.39601666393
2020-06-05 14:45:00,4136001,255.71807666666663,3.298611111111111,24.0,30.379783166666662,35.75624732785808,35.84586903333333,6251.265344771064,6142.3774036767745,8641.310476190476,8490.791428571429,0.3244891501447391,0.32682331449333163,0.9825814558991053,99484.67452380952,2701099.670850192,0.24471580915134328,0.24045321603745448,2390.0451314194124,2348.414024894654
2020-06-05 15:00:00,4136001,314.54187310344827,3.1111111111111107,17.0,29.511418655172413,36.307915481089616,35.19934613793103,7671.537004638274,7524.1787741798535,10815.386666666667,10607.64,0.40612770917363944,0.40830399532441886,0.9807915636241699,102136.58452380952,2703751.5808501914,0.30031462143817866,0.2945460471395519,3143.849662028393,3083.461225820146
2020-06-05 15:15:00,4136001,384.3689899999999,3.5833333333333335,25.75,29.535261899999995,37.29872362490405,36.872007466666666,9335.67565115862,9148.465882083412,12778.869047619048,12522.61238095238,0.4798582771094747,0.4820141583841354,0.9799468430491184,105267.23761904762,2706882.23394543,0.3654599980880259,0.3581313713870978,3443.193396460427,3374.1464988689677
2020-06-05 15:30:00,4136001,337.50912999999986,4.055555555555555,34.5,29.23310810344828,35.63259862297805,36.75918268965517,8254.987668700225,8094.467316265453,11285.28380952381,11065.83857142857,0.4237727787451212,0.42594074651188624,0.9805547435227064,108033.69726190476,2709648.693588286,0.3231547335564778,0.3168709068806206,3030.296140823584,2971.371255163118
2020-06-05 15:45:00,4136001,255.2887386666667,4.527777777777778,43.25,29.071617666666665,33.632788627300336,34.94572446666666,6296.161056146806,6186.886220037503,8581.575238095238,8432.635238095238,0.32224603705481775,0.324584795376518,0.9826442120627426,110141.85607142856,2711756.8523978107,0.2464733237873089,0.24219558504746538,2285.414181948432,2245.7490180577342
2020-06-05 16:00:00,4136001,230.2861731034482,5.0,52.0,29.295579379310343,33.18554851957129,34.458113310344835,5690.04908695267,5592.480081521237,7666.677619047619,7535.214761904762,0.28789079062637507,0.2900417334028355,0.982852695303603,112025.65976190475,2713640.6560882865,0.22274609853014954,0.21892660330871938,1976.6285320949492,1942.7346803835253
2020-06-05 16:15:00,4136001,224.7399976666666,5.006944444444444,46.75,29.429052599999995,33.22229278172355,34.010382,5552.167060165016,5457.374543467637,7634.246666666667,7503.906666666667,0.2866729785589259,0.2888366377951686,0.9829269336332683,113901.63642857144,2715516.6327549536,0.2173484854243498,0.21363768030799127,2082.079606501651,2046.5321231990301
2020-06-05 16:30:00,4136001,338.446496,5.013888888888889,41.5,30.14625143333334,35.8540935110802,35.39622016666666,8270.254453494801,8110.426533787496,11258.52238095238,11040.944285714286,0.42276786250727405,0.4249825280657578,0.9806743649054515,116661.8725,2718276.868826382,0.32375237633567433,0.31749565604961816,2988.2679274575785,2930.51775192679
2020-06-05 16:45:00,4136001,399.3899403448275,5.020833333333334,36.25,31.83841051724137,38.56866186062642,41.18944568965517,9648.683493229804,9452.335856965748,13726.013333333332,13446.693333333336,0.515424415507428,0.517583422128035,0.9796503184707192,120023.54583333334,2721638.542159715,0.3777131921405286,0.3700268489710608,4077.329840103528,3994.357476367588
2020-06-05 17:00:00,4136001,288.733524137931,5.027777777777778,31.0,31.014636724137933,35.87628892380001,37.4139605862069,7054.816989729821,6921.754308148019,9899.761904761905,9713.04,0.3717451578626331,0.37386949771541017,0.9811387479256356,122451.80583333332,2724066.802159715,0.2761721272158865,0.2709631751085543,2844.9449150320834,2791.285691851982
2020-06-05 17:15:00,4136001,203.4260188333333,4.861111111111111,25.25,30.78587326666667,34.27816543547926,35.49428416666667,5003.661049276416,4914.036207801767,6758.865714285714,6637.801904761905,0.2538016192814599,0.2554989646977389,0.9820881469404067,124111.2563095238,2725726.252635906,0.19587633780686695,0.1923678296262191,1755.204665009298,1723.7656969601376
2020-06-05 17:30:00,4136001,129.202366,4.694444444444444,19.5,30.21943724137931,32.481779493174095,32.59782675862069,3201.7007515541127,3133.2648435486576,4207.546190476191,4117.610476190476,0.15799722638183095,0.15849301151040707,0.9786251391632288,125140.65892857144,2726755.655254953,0.12533571155036652,0.12265667815809973,1005.8454389220788,984.3456326418186
2020-06-05 17:45:00,4136001,122.3071633333333,4.527777777777778,13.75,30.03724260000001,32.22246974549462,31.97617083333333,3034.074784331478,2970.369334702929,3998.84380952381,3914.881428571429,0.15016026016993328,0.1506896659866929,0.9790033357260884,126119.37928571428,2727734.3756120964,0.11877372418600422,0.11627987217470852,964.7690251923318,944.5120938685
2020-06-05 18:00:00,4136001,52.8231213103448,4.361111111111111,8.0,29.26668989655172,30.230088060154582,29.949845931034485,1321.1374085904026,1280.9212091575073,1643.3885714285714,1593.3628571428571,0.0617107512072084,0.06133092945961211,0.9695594120858296,126517.72,2728132.716326382,0.051718043006083486,0.05014371537120796,322.25116283816874,312.44164798534985
2020-06-05 18:15:00,4136001,28.1089406666666,4.1875,7.0,28.38648066666667,28.910485712417085,28.267755066666663,706.8113034914877,683.3017512838186,880.327619047619,851.0466666666666,0.033057111157014624,0.03275806439580613,0.9667385735180841,126730.48166666666,2728345.4779930487,0.027669262223193884,0.02674894309194827,173.5163155561313,167.74491538284803
2020-06-05 18:30:00,4136001,13.9561956793103,4.013888888888888,6.0,28.046846689655176,28.312907040037604,27.30483272413793,351.78666717412716,339.60848437178925,426.3666666666667,411.6066666666666,0.016010460184009517,0.01584335879631721,0.9653819091548744,126833.38333333332,2728448.379659715,0.013771253363637782,0.013294518863644128,74.57999949253951,71.99818229487738
2020-06-05 18:45:00,4136001,2.2514848816666,3.8402777777777777,5.0,27.9624705,28.006386916475673,26.973165933333338,56.82254177345864,54.98145794574716,4.526666666666667,4.38,0.0001699804935492528,0.00016859277836737998,0.9675994108983799,126834.47833333332,2728449.474659716,0.002224409542903059,0.002152337363309734,-52.29587510679197,-50.60145794574716
2020-06-05 19:00:00,4136001,0.0,3.6666666666666665,4.0,27.811192,27.811192,26.976147827586203,0.0,0.0,0.0,0.0,0.0,0.0,0.0,126834.47833333332,2728449.474659716,0.0,0.0,0.0,0.0
2020-06-05 19:15:00,4136001,0.0,3.7222222222222223,4.0,27.6333039,27.6333039,26.9026762,0.0,0.0,0.0,0.0,0.0,0.0,0.0,126834.47833333332,2728449.474659716,0.0,0.0,0.0,0.0
2020-06-05 19:30:00,4136001,0.0,3.7777777777777777,4.0,27.510825448275863,27.510825448275863,26.629292448275866,0.0,0.0,0.0,0.0,0.0,0.0,0.0,126834.47833333332,2728449.474659716,0.0,0.0,0.0,0.0
2020-06-05 19:45:00,4136001,0.0,3.8333333333333335,4.0,27.453949366666667,27.453949366666667,26.54800013333333,0.0,0.0,0.0,0.0,0.0,0.0,0.0,126834.47833333332,2728449.474659716,0.0,0.0,0.0,0.0
2020-06-05 20:00:00,4136001,0.0,3.888888888888889,4.0,27.255858266666667,27.255858266666667,26.33677163333333,0.0,0.0,0.0,0.0,0.0,0.0,0.0,126834.47833333332,2728449.474659716,0.0,0.0,0.0,0.0
2020-06-05 20:15:00,4136001,0.0,3.881944444444444,4.25,26.938065,26.938065,25.62583444827586,0.0,0.0,0.0,0.0,0.0,0.0,0.0,126834.47833333332,2728449.474659716,0.0,0.0,0.0,0.0
2020-06-05 20:30:00,4136001,0.0,3.8749999999999996,4.5,26.712303966666664,26.712303966666664,25.213476499999995,0.0,0.0,0.0,0.0,0.0,0.0,0.0,126834.47833333332,2728449.474659716,0.0,0.0,0.0,0.0
2020-06-05 20:45:00,4136001,0.0,3.868055555555556,4.75,26.51872724137931,26.51872724137931,25.01957120689655,0.0,0.0,0.0,0.0,0.0,0.0,0.0,126834.47833333332,2728449.474659716,0.0,0.0,0.0,0.0
2020-06-05 21:00:00,4136001,0.0,3.861111111111111,5.0,26.30304063333333,26.30304063333333,24.75647483333333,0.0,0.0,0.0,0.0,0.0,0.0,0.0,126834.47833333332,2728449.474659716,0.0,0.0,0.0,0.0
2020-06-05 21:15:00,4136001,0.0,3.868055555555556,7.25,26.129026206896555,26.129026206896555,24.537098724137937,0.0,0.0,0.0,0.0,0.0,0.0,0.0,126834.47833333332,2728449.474659716,0.0,0.0,0.0,0.0
2020-06-05 21:30:00,4136001,0.0,3.8749999999999996,9.5,25.942817266666665,25.942817266666665,24.318805933333337,0.0,0.0,0.0,0.0,0.0,0.0,0.0,126834.47833333332,2728449.474659716,0.0,0.0,0.0,0.0
2020-06-05 21:45:00,4136001,0.0,3.881944444444444,11.75,25.792556172413796,25.792556172413796,24.15276475862069,0.0,0.0,0.0,0.0,0.0,0.0,0.0,126834.47833333332,2728449.474659716,0.0,0.0,0.0,0.0
2020-06-05 22:00:00,4136001,0.0,3.888888888888889,14.0,25.5582213,25.5582213,23.9446586,0.0,0.0,0.0,0.0,0.0,0.0,0.0,126834.47833333332,2728449.474659716,0.0,0.0,0.0,0.0
2020-06-05 22:15:00,4136001,0.0,3.951388888888889,15.75,25.35404553333333,25.35404553333333,23.63304446666667,0.0,0.0,0.0,0.0,0.0,0.0,0.0,126834.47833333332,2728449.474659716,0.0,0.0,0.0,0.0
2020-06-05 22:30:00,4136001,0.0,4.013888888888888,17.5,25.245068689655177,25.245068689655177,23.50212368965517,0.0,0.0,0.0,0.0,0.0,0.0,0.0,126834.47833333332,2728449.474659716,0.0,0.0,0.0,0.0
2020-06-05 22:45:00,4136001,0.0,4.076388888888889,19.25,25.0918865,25.0918865,23.4060833,0.0,0.0,0.0,0.0,0.0,0.0,0.0,126834.47833333332,2728449.474659716,0.0,0.0,0.0,0.0
2020-06-05 23:00:00,4136001,0.0,4.138888888888889,21.0,24.87186710344828,24.87186710344828,23.09075196551724,0.0,0.0,0.0,0.0,0.0,0.0,0.0,126834.47833333332,2728449.474659716,0.0,0.0,0.0,0.0
2020-06-05 23:15:00,4136001,0.0,4.027777777777778,27.5,24.566193666666667,24.566193666666667,22.65855713333333,0.0,0.0,0.0,0.0,0.0,0.0,0.0,126834.47833333332,2728449.474659716,0.0,0.0,0.0,0.0
2020-06-05 23:30:00,4136001,0.0,3.9166666666666665,34.0,24.2827841,24.2827841,22.1539898,0.0,0.0,0.0,0.0,0.0,0.0,0.0,126834.47833333332,2728449.474659716,0.0,0.0,0.0,0.0
2020-06-05 23:45:00,4136001,0.0,3.8055555555555554,40.5,24.27867286206897,24.27867286206897,22.059910206896557,0.0,0.0,0.0,0.0,0.0,0.0,0.0,126834.47833333332,2728449.474659716,0.0,0.0,0.0,0.0
2020-06-06 00:00:00,4136001,0.0,3.6944444444444446,47.0,24.2577074137931,24.2577074137931,22.23534644827586,0.0,0.0,0.0,0.0,0.0,0.0,0.0,0.0,2728449.474659716,0.0,0.0,0.0,0.0
2020-06-06 00:15:00,4136001,0.0,3.7152777777777777,48.5,24.15239563333333,24.15239563333333,22.20056783333333,0.0,0.0,0.0,0.0,0.0,0.0,0.0,0.0,2728449.474659716,0.0,0.0,0.0,0.0
2020-06-06 00:30:00,4136001,0.0,3.7361111111111107,50.0,24.016052366666667,24.016052366666667,22.0070414,0.0,0.0,0.0,0.0,0.0,0.0,0.0,0.0,2728449.474659716,0.0,0.0,0.0,0.0
2020-06-06 00:45:00,4136001,0.0,3.7569444444444446,51.5,23.65134203448276,23.65134203448276,21.56589262068966,0.0,0.0,0.0,0.0,0.0,0.0,0.0,0.0,2728449.474659716,0.0,0.0,0.0,0.0
2020-06-06 01:00:00,4136001,0.0,3.7777777777777777,53.0,23.357765766666667,23.357765766666667,21.0108591,0.0,0.0,0.0,0.0,0.0,0.0,0.0,0.0,2728449.474659716,0.0,0.0,0.0,0.0
2020-06-06 01:15:00,4136001,0.0,3.708333333333333,47.25,23.185933413793105,23.185933413793105,20.85564748275862,0.0,0.0,0.0,0.0,0.0,0.0,0.0,0.0,2728449.474659716,0.0,0.0,0.0,0.0
2020-06-06 01:30:00,4136001,0.0,3.638888888888889,41.5,23.313764400000004,23.313764400000004,21.180877566666663,0.0,0.0,0.0,0.0,0.0,0.0,0.0,0.0,2728449.474659716,0.0,0.0,0.0,0.0
2020-06-06 01:45:00,4136001,0.0,3.569444444444444,35.75,23.393579366666668,23.393579366666668,21.341383833333325,0.0,0.0,0.0,0.0,0.0,0.0,0.0,0.0,2728449.474659716,0.0,0.0,0.0,0.0
2020-06-06 02:00:00,4136001,0.0,3.5,30.0,23.459977,23.459977,21.39655596551724,0.0,0.0,0.0,0.0,0.0,0.0,0.0,0.0,2728449.474659716,0.0,0.0,0.0,0.0
2020-06-06 02:15:00,4136001,0.0,3.4722222222222223,33.25,23.5872457,23.5872457,21.49099636666667,0.0,0.0,0.0,0.0,0.0,0.0,0.0,0.0,2728449.474659716,0.0,0.0,0.0,0.0
2020-06-06 02:30:00,4136001,0.0,3.4444444444444446,36.5,23.59115072413793,23.59115072413793,21.61104520689655,0.0,0.0,0.0,0.0,0.0,0.0,0.0,0.0,2728449.474659716,0.0,0.0,0.0,0.0
2020-06-06 02:45:00,4136001,0.0,3.416666666666667,39.75,23.648073466666663,23.648073466666663,21.75015983333333,0.0,0.0,0.0,0.0,0.0,0.0,0.0,0.0,2728449.474659716,0.0,0.0,0.0,0.0
2020-06-06 03:00:00,4136001,0.0,3.3888888888888884,43.0,23.584800166666675,23.584800166666675,21.643939133333333,0.0,0.0,0.0,0.0,0.0,0.0,0.0,0.0,2728449.474659716,0.0,0.0,0.0,0.0
2020-06-06 03:15:00,4136001,0.0,3.263888888888889,47.75,23.49415548275861,23.49415548275861,21.507689448275865,0.0,0.0,0.0,0.0,0.0,0.0,0.0,0.0,2728449.474659716,0.0,0.0,0.0,0.0
2020-06-06 03:30:00,4136001,0.0,3.138888888888889,52.5,23.26166603333333,23.26166603333333,21.1863811,0.0,0.0,0.0,0.0,0.0,0.0,0.0,0.0,2728449.474659716,0.0,0.0,0.0,0.0
2020-06-06 03:45:00,4136001,0.0,3.013888888888889,57.25,23.115232379310346,23.115232379310346,21.08884089655172,0.0,0.0,0.0,0.0,0.0,0.0,0.0,0.0,2728449.474659716,0.0,0.0,0.0,0.0
2020-06-06 04:00:00,4136001,0.0,2.888888888888889,62.0,22.9585633,22.9585633,20.935689266666667,0.0,0.0,0.0,0.0,0.0,0.0,0.0,0.0,2728449.474659716,0.0,0.0,0.0,0.0
2020-06-06 04:15:00,4136001,0.0,2.9027777777777777,61.5,22.94561556666666,22.94561556666666,20.97243453333333,0.0,0.0,0.0,0.0,0.0,0.0,0.0,0.0,2728449.474659716,0.0,0.0,0.0,0.0
2020-06-06 04:30:00,4136001,0.0,2.9166666666666665,61.0,22.830030551724136,22.830030551724136,20.66645751724138,0.0,0.0,0.0,0.0,0.0,0.0,0.0,0.0,2728449.474659716,0.0,0.0,0.0,0.0
2020-06-06 04:45:00,4136001,0.0,2.930555555555556,60.5,22.671417799999997,22.671417799999997,20.410071833333337,0.0,0.0,0.0,0.0,0.0,0.0,0.0,0.0,2728449.474659716,0.0,0.0,0.0,0.0
2020-06-06 05:00:00,4136001,0.0,2.944444444444444,60.0,22.49378806896552,22.49378806896552,20.26512306896552,0.0,0.0,0.0,0.0,0.0,0.0,0.0,0.0,2728449.474659716,0.0,0.0,0.0,0.0
2020-06-06 05:15:00,4136001,0.0,3.0416666666666665,66.0,22.4207661,22.4207661,20.667648266666667,0.0,0.0,0.0,0.0,0.0,0.0,0.0,0.0,2728449.474659716,0.0,0.0,0.0,0.0
2020-06-06 05:30:00,4136001,0.1701977939999999,3.138888888888889,72.0,22.752984533333333,22.756647063869163,21.61125286666667,4.386716373730833,0.0,0.0,0.0,0.0,0.0,0.0,0.0,2728449.474659716,0.00017172504888357147,0.0,-4.386716373730833,0.0
2020-06-06 05:45:00,4136001,2.2187049999999,3.236111111111111,78.0,22.99405113793104,23.04112242253908,22.174195482758623,57.12091102636406,0.0,0.0,0.0,0.0,0.0,0.0,0.0,2728449.474659716,0.002236089685901901,0.0,-57.12091102636406,0.0
2020-06-06 06:00:00,4136001,11.2176982966666,3.333333333333333,84.0,23.30265906666666,23.53733894735006,22.519347000000003,288.2326407933091,278.14902591204196,281.1738095238095,271.33714285714285,0.01055833495934773,0.010444174152637535,0.9650157079589815,67.83428571428571,2728517.308945429,0.011283329058262246,0.010888589779293089,-7.058831269499592,-6.811883054899113
2020-06-06 06:15:00,4136001,39.975013275862,3.3888888888888884,85.5,23.437398206896543,24.26709960324071,22.598345551724144,1024.1553534336654,991.2081723683953,1226.767619047619,1187.302380952381,0.046066251551389395,0.045701051864604415,0.9678298990921556,364.65988095238095,2728814.134540668,0.040092204088223345,0.038802433837087306,202.6122656139537,196.09420858398585
2020-06-06 06:30:00,4136001,66.9742794333333,3.4444444444444446,87.0,23.51485103333333,24.894057776194394,22.783393366666665,1711.5829765155338,1662.8017602534987,2169.257619047619,2107.4323809523808,0.08145761724326757,0.08111823751738462,0.9714993564838179,891.5179761904762,2729340.9926359057,0.06700266104973708,0.06509304209252295,457.67464253208504,444.630620698882
2020-06-06 06:45:00,4136001,99.03143263333332,3.5,88.5,23.763258866666668,25.786786300939927,23.5155965,2521.7964310301263,2462.1466317832756,3258.889047619048,3181.804285714286,0.12237427880777764,0.12247242574196539,0.9763463067387702,1686.9690476190476,2730136.4437073343,0.09871976633509988,0.09638467926338914,737.0926165889218,719.6576539310104
2020-06-06 07:00:00,4136001,103.55809917241368,3.555555555555556,90.0,23.988086655172413,26.08780480546466,23.94391496551724,2633.8809643913783,2570.1593477250717,3135.06,3059.213333333333,0.11772438426506342,0.117753715864201,0.9758069489366498,2451.772380952381,2730901.247040668,0.10310749518071553,0.10061301028479434,501.1790356086217,489.0539856082614
2020-06-06 07:15:00,4136001,126.46092380000002,3.3611111111111107,91.25,24.45689706666667,27.092048635743563,25.514128633333332,3203.411312121153,3138.610223365572,3949.5128571428577,3869.619047619048,0.1483078375706029,0.14894744896379686,0.9797712243474994,3419.177142857143,2731868.6518025724,0.12540267418755738,0.12286593162519366,746.1015450217046,731.0088242534762
2020-06-06 07:30:00,4136001,92.6935086896552,3.1666666666666665,92.5,24.78675365517241,26.77332692327475,27.661382,2351.059750569858,2291.9361574644345,2988.22,2913.0733333333333,0.11221040731231549,0.1121285677750209,0.9748523647299507,4147.445476190476,2732596.920135906,0.09203600511136653,0.0897215172231135,637.1602494301419,621.1371758688988
2020-06-06 07:45:00,4136001,98.4749646999999,2.972222222222222,93.75,25.030941833333337,27.20334343712773,27.788045166666663,2493.372552857704,2433.378560353884,3196.902857142857,3119.980952380952,0.12004664038722221,0.1200927527888605,0.9759386167802885,4927.440714285714,2733376.915374001,0.09760706803122739,0.09525850696237557,703.5303042851533,686.6023920270682
2020-06-06 08:00:00,4136001,306.8662096999999,2.7777777777777777,95.0,25.494139633333333,32.46837167196969,29.93991699999999,7604.722131847091,7451.616127045366,9071.19238095238,8888.561904761906,0.34063161074989107,0.34213409753750246,0.9798669823634255,7149.58119047619,2735599.0558501915,0.2976990460695671,0.2917054659246571,1466.4702491052885,1436.9457777165399
2020-06-06 08:15:00,4136001,437.950495862069,2.826388888888889,94.75,26.394803862068965,36.27357216663264,34.884872,10682.955523730474,10472.528383555215,12078.373333333331,11840.46,0.453554019250103,0.45575708870954973,0.9803025352199746,10109.69619047619,2738559.1708501917,0.4182014297800146,0.40996392184596653,1395.4178096028572,1367.9316164447846
2020-06-06 08:30:00,4136001,523.857548275862,2.875,94.5,26.750896482758623,38.479488182654784,36.62601551724138,12660.414204612587,12398.446650591797,14679.499523809523,14375.753333333332,0.5512286982576945,0.5533443368928745,0.97930813717569,13703.634523809524,2742153.1091835247,0.49561222175034597,0.4853570816438363,2019.0853191969363,1977.306682741535
2020-06-06 08:45:00,4136001,607.0096273333331,2.923611111111111,94.25,27.549927799999992,41.03978006586661,40.55805866666668,14511.20570219473,14201.098209382566,17790.18666666667,17410.006666666668,0.6680378593372613,0.670137304869393,0.9786297914055989,18056.13619047619,2746505.610850191,0.5680644236521718,0.5559247684236667,3278.980964471939,3208.908457284102
2020-06-06 09:00:00,4136001,686.0303113793102,2.972222222222222,94.0,28.04765996551724,43.18179434405927,43.36259075862067,16250.126389418592,15897.503101760047,14699.395714285714,14380.422857142858,0.5519758184955943,0.5535240738775093,0.9783002741512115,21651.241904761904,2750100.7165644774,0.636137263238152,0.6223332590236855,-1550.7306751328779,-1517.0802446171892
2020-06-06 09:15:00,4136001,634.3520436666668,3.0555555555555554,92.25,28.780702633333338,42.601008595570086,45.03109233333333,15063.659164159993,14733.76540376903,13640.915714285717,13342.18,0.5122289217035444,0.5135605469583767,0.9781000249145401,24986.786904761902,2753436.2615644773,0.589691100573889,0.5767768801632034,-1422.7434498742768,-1391.5854037690297
2020-06-06 09:30:00,4136001,793.5803124137931,3.138888888888889,90.5,29.180171655172416,46.257432520543475,46.954691,18548.285620262668,18129.270321353782,15750.037142857143,15394.235714285714,0.5914283697264919,0.5925472534049719,0.9774094863812566,28835.345833333333,2757284.8204930485,0.7261023926507211,0.7096993666609428,-2798.2484774055247,-2735.034607068068
2020-06-06 09:45:00,4136001,777.368767,3.222222222222222,88.75,29.725547233333337,46.25124381071429,48.61546923333333,18169.866117207457,17745.629985146337,15745.019523809524,15377.399523809525,0.59123995351983,0.5918992031470944,0.9766516643917725,32679.695714285717,2761129.170374001,0.7112885542065945,0.694681150328688,-2424.8465933979332,-2368.2304613368124
2020-06-06 10:00:00,4136001,819.5056796551725,3.3055555555555554,87.0,30.04159644827586,47.25448617008163,48.64038486206896,19070.74666773751,18615.79256178721,15845.546666666669,15467.533333333333,0.5950148401232072,0.5953685888485682,0.9761438755452635,36546.579047619045,2764996.053707334,0.7465549683984148,0.7287450601600004,-3225.20000107084,-3148.259228453877
2020-06-06 10:15:00,4136001,930.4451733333332,3.451388888888889,87.75,30.465758200000003,49.607766600624046,50.2786683,21428.690519494674,20901.57879324825,17255.509047619045,16831.050952380952,0.6479602233485748,0.6478524298869501,0.975401589482713,40754.341785714285,2769203.8164454293,0.8388604626930778,0.8182258286650322,-4173.181471875629,-4070.5278408672966
2020-06-06 10:30:00,4136001,904.7742513793104,3.597222222222222,88.5,30.91483696551724,49.1544146568651,52.22521124137931,20879.386650101125,20361.819428083887,16190.886666666667,15789.54,0.607982674506631,0.6077631090737171,0.9752115696360875,44701.72678571429,2773151.2014454296,0.8173570816246281,0.7970960825243252,-4688.499983434458,-4572.279428083886
2020-06-06 10:45:00,4136001,778.1043136666666,3.7430555555555554,89.25,31.2275971,46.60439298294386,51.43876219999999,18158.98072760144,17716.25543382875,15191.64,14821.26,0.5704600438194191,0.570492557603953,0.9756194854538418,48407.04178571428,2776856.516445429,0.7108624281699526,0.6935312363996378,-2967.3407276014404,-2894.995433828748
2020-06-06 11:00:00,4136001,898.6351363333332,3.888888888888889,90.0,31.370819200000003,48.78622881886305,51.4211039,20771.522652554573,20267.83576635701,14996.684761904762,14633.03142857143,0.563139295456067,0.5632473571872257,0.975751085049337,52065.29964285714,2780514.7743025725,0.8131345724233539,0.7934169413332163,-5774.837890649811,-5634.804337785579
2020-06-06 11:15:00,4136001,966.5070324137932,4.069444444444445,84.75,31.713856620689658,50.006788056552125,50.96932248275862,22219.80955593433,21675.396157139498,15787.213333333331,15400.406666666668,0.5928243698455105,0.5927847826303321,0.9754987369525212,55915.40130952381,2784364.875969239,0.8698300863548377,0.8485181506024466,-6432.596222601,-6274.98949047283
2020-06-06 11:30:00,4136001,919.6529563333332,4.25,79.5,31.84696546666667,48.85552763299427,51.40178016666666,21250.827520080114,20733.178425244183,14228.763333333332,13882.164761904762,0.5343031400579185,0.5343453714527995,0.9756409911874349,59385.9425,2787835.417159715,0.8318977302830345,0.8116335261399171,-7022.064186746782,-6851.013663339421
2020-06-06 11:45:00,4136001,685.0179193103448,4.430555555555555,74.25,31.97383903448275,44.360023272984606,50.84958951724138,16143.675383721416,15769.806328736195,10774.28,10524.76,0.40458411606137923,0.40511381964608817,0.9768411439093841,62017.1325,2790466.607159715,0.6319700678693058,0.6173343640139438,-5369.395383721416,-5245.0463287361945
2020-06-06 12:00:00,4136001,767.8985600000001,4.611111111111112,69.0,31.962850866666663,45.544360594293124,47.906496,18003.978576434234,17584.06462314067,12062.13619047619,11780.80619047619,0.45294429961313254,0.4534609239863038,0.976676602257059,64962.33404761905,2793411.808707334,0.7047946203340864,0.6883564150769493,-5941.842385958043,-5803.258432664481
2020-06-06 12:15:00,4136001,1057.177322758621,4.368055555555555,76.75,32.69831372413792,51.96262647086692,54.08856196551723,24093.027658725703,23493.195053753218,17441.793333333335,17007.553333333333,0.6549553694810163,0.654646271620562,0.9751034775093844,69214.22238095239,2797663.697040668,0.9431602136905737,0.9196788042181725,-6651.234325392368,-6485.641720419884
2020-06-06 12:30:00,4136001,933.3714176666664,4.125,84.5,33.205486266666675,50.74511640228006,54.560926466666665,21387.612417224278,20858.421380945267,16864.46,16447.184761904762,0.633275972218328,0.633076843682913,0.9752571242663425,73326.01857142858,2801775.493231144,0.8372523944891085,0.8165363625345573,-4523.152417224279,-4411.236619040505
2020-06-06 12:45:00,4136001,733.5446696666667,3.881944444444444,92.25,32.931952900000006,47.16103334550055,51.8567483,17077.349482956208,16672.791874061666,12143.041428571429,11855.37619047619,0.45598236565926253,0.45633123528375935,0.9763102810949497,76289.86261904762,2804739.337278763,0.668520238127078,0.6526831816035101,-4934.308054384779,-4817.415683585476
2020-06-06 13:00:00,4136001,734.1478331034483,3.638888888888889,100.0,32.7179712413793,47.4333016303039,48.90678351724138,17070.96721418011,16667.842817429402,12155.746666666668,11868.693333333336,0.45645945902643986,0.4568438321134857,0.9763853804126664,79257.03595238096,2807706.510612096,0.6682703939784737,0.6524894428431944,-4915.2205475134415,-4799.149484096066
2020-06-06 13:15:00,4136001,679.8200769999999,3.506944444444444,100.0,33.108047433333326,46.98546671376201,50.9386718,15838.80506709211,15471.040349887584,10740.444761904762,10491.06,0.40331357177475513,0.403816656031709,0.9767807788752562,81879.80095238095,2810329.2756120963,0.6200354303030773,0.6056386905416944,-5098.360305187347,-4979.980349887584
2020-06-06 13:30:00,4136001,495.1624596551724,3.375,100.0,32.78759551724137,43.08524467301079,44.116876,11733.889415682073,11476.123500373336,8591.726666666666,8402.986666666668,0.32262723252730696,0.32344357733273577,0.9780323551571708,83980.54761904762,2812430.022278763,0.4593419227121579,0.4492512624925949,-3142.162749015408,-3073.1368337066688
2020-06-06 13:45:00,4136001,961.5564936666668,3.243055555555556,100.0,33.40182720000001,53.78134277604339,50.22457696666666,21735.140672686735,21200.20644984516,16228.28857142857,15828.88619047619,0.6093871504045199,0.6092776030395969,0.9753885088255354,87937.76916666667,2816387.243826382,0.8508569454956639,0.8299160872908655,-5506.852101258166,-5371.3202593689675
2020-06-06 14:00:00,4136001,732.4320716666668,3.1111111111111107,100.0,33.672830999999995,49.49893453644483,50.96203513333334,16876.479237389554,16468.81015446923,14447.982380952382,14098.97619047619,0.5425350167684523,0.5426907689698447,0.9758439496066726,91462.51321428572,2819911.987874001,0.6606568501620494,0.644697989996838,-2428.496856437172,-2369.833963993038
2020-06-06 14:15:00,4136001,590.2133286206897,3.0486111111111107,98.0,33.70628806896551,46.57828694843097,48.71173606896551,13775.656195245569,13449.617595701136,10575.86,10325.553333333331,0.39713326270422694,0.3974460558555315,0.9763322636015729,94043.90154761904,2822493.3762073345,0.5392701583576265,0.5265068544020801,-3199.796195245568,-3124.064262367805
2020-06-06 14:30:00,4136001,603.4468239999999,2.986111111111111,96.0,33.37743563333333,46.661900663603,46.948323733333325,14079.37206811171,0.0,0.0,0.0,0.0,0.0,0.0,94043.90154761904,2822493.3762073345,0.551159603370981,0.0,-14079.37206811171,0.0
2020-06-06 14:45:00,4136001,780.935014137931,2.923611111111111,94.0,33.90886600000001,51.26394159615382,50.27579265517242,17853.229035090702,17423.333392385277,8405.513333333332,8203.113333333333,0.31563475072197894,0.31575015254090555,0.9759205664218803,96094.67988095238,2824544.154540668,0.6988932877310903,0.6820643332309758,-9447.71570175737,-9220.220059051944
2020-06-06 15:00:00,4136001,718.7795,2.861111111111111,92.0,34.1249076,50.251887631411265,50.73483563333333,16506.600235542443,16133.306957515957,8794.329523809523,8595.44761904762,0.33023515601441267,0.330851688448977,0.9773852112064421,98243.54178571427,2826693.016445429,0.6461773433369521,0.6315641791942046,-7712.270711732919,-7537.859338468337
2020-06-06 15:15:00,4136001,494.9221663333334,3.4027777777777777,91.75,33.745831433333336,43.997973667063704,45.24380716666666,11682.037420802844,11431.181817618319,13443.60619047619,13154.923333333334,0.5048197677479233,0.5063527566156489,0.9785263825008972,101532.27261904762,2829981.747278763,0.4573120932003462,0.44749194823324795,1761.5687696733457,1723.7415157150153
2020-06-06 15:30:00,4136001,462.5425624137931,3.944444444444444,91.5,33.55847272413793,42.45694449046715,43.637593172413794,10990.589189163094,10757.546467564645,14343.626666666669,14039.486666666666,0.5386163637892983,0.5404009278504839,0.9787961575501126,105042.14428571428,2833491.6189454296,0.430244243067649,0.42112141192267155,3353.0374775035743,3281.9401991020204
2020-06-06 15:45:00,4136001,431.4839159999999,4.486111111111112,91.25,33.728520800000005,41.47717691924217,43.85829163333334,10295.793943774663,10077.907287162017,14951.698095238096,14635.28,0.5614500047779074,0.5633339080786641,0.9788373137805083,108700.96428571428,2837150.4389454294,0.4030453687130422,0.39451584604274875,4655.904151463434,4557.372712837983
2020-06-06 16:00:00,4136001,461.0003879310345,5.027777777777778,91.0,33.60346196551725,41.36571803440148,43.50400713793103,11005.347440284844,10775.695180984578,15176.876666666669,14860.175714285717,0.5699056670845667,0.5719904818947248,0.9791326661383148,112416.00821428571,2840865.482874001,0.43082197848051845,0.42183187242061376,4171.529226381825,4084.480533301139
2020-06-06 16:15:00,4136001,432.7976923333333,5.319444444444444,90.75,33.71494043333333,40.76548522983628,42.38712886666667,10358.615768991505,10146.424970559148,14177.82238095238,13887.397142857144,0.5323902604789237,0.5345467736542239,0.9795155257068662,115887.8575,2844337.3321597152,0.40550462982937974,0.39719808066389306,3819.2066119608753,3740.9721722979957
2020-06-06 16:30:00,4136001,386.7017306896553,5.611111111111112,90.5,33.60099113793103,39.70231222801711,41.21095117241379,9297.360559203358,9110.342471460404,13029.96,12767.86,0.4892869731355718,0.4914541075812183,0.9798848192933824,119079.8225,2847529.297159715,0.3639600923547997,0.3566389693270857,3732.599440796641,3657.5175285395962
2020-06-06 16:45:00,4136001,330.48664,5.902777777777778,90.25,33.657895066666654,38.713140037985966,40.12103706666667,7979.200480426147,7823.182740006451,11189.726666666666,10970.933333333334,0.4201845202094039,0.42228770135844024,0.9804469456805321,121822.55583333332,2850272.0304930485,0.3123586016999862,0.30625103699379336,3210.5261862405187,3147.750593326883
2020-06-06 17:00:00,4136001,265.6780362068965,6.194444444444445,90.0,33.36201868965518,37.30558461227499,38.70877489655173,6452.685954140385,6339.049368442707,9003.86619047619,8845.301428571429,0.33810345042162887,0.3404689368355736,0.9823892582863478,124033.88119047618,2852483.355850192,0.2526007419902284,0.2481522555663616,2551.1802363358056,2506.2520601287215
2020-06-06 17:15:00,4136001,208.21146533333328,5.986111111111112,92.5,33.07268886666666,36.230039163631304,37.05692040000001,5079.842264995137,4990.279486797624,6942.203333333333,6819.805238095239,0.260686115372445,0.26250454635043097,0.9823689844043614,125738.8325,2854188.307159716,0.1988585736932917,0.19535249507917885,1862.3610683381958,1829.525751297615
2020-06-06 17:30:00,4136001,145.503933137931,5.777777777777778,95.0,32.42556941379309,34.68074506689184,34.998486896551725,3572.968605181803,3501.4025229892736,4717.907142857143,4623.408095238096,0.1771617491890432,0.17796192153023443,0.9799701340535882,126894.68452380953,2855344.159183525,0.13986958720617745,0.13706801812445776,1144.9385376753403,1122.0055722488228
2020-06-06 17:45:00,4136001,114.7372735,5.569444444444445,97.5,31.981884566666665,33.800368971136116,33.544722433333334,2827.789405258722,2765.792510737567,3651.68,3571.6200000000003,0.13712394006272505,0.1374770180530826,0.978075844542786,127787.58952380953,2856237.064183525,0.11069835213383136,0.10827138425279183,823.8905947412777,805.8274892624331
2020-06-06 18:00:00,4136001,71.5695982666666,5.361111111111112,100.0,31.524796600000005,32.68532194890006,32.09003803333333,1772.0427700970577,1722.0967626214044,2266.7133333333336,2202.824761904762,0.08511716888100264,0.08479003353104705,0.9718144458370395,128338.29571428572,2856787.770374001,0.06936945664893551,0.0674142400713018,494.67056323627594,480.7279992833576
2020-06-06 18:15:00,4136001,38.98931,5.152777777777778,98.75,30.778523310344827,31.425702495339433,30.55973224137931,970.3823898138462,939.1505479819779,1234.7333333333331,1194.993333333333,0.04636537144367762,0.04599708817286832,0.9678149128016845,128637.04404761906,2857086.518707334,0.03798717517376576,0.03676455462838042,264.3509435194869,255.84278535135525
2020-06-06 18:30:00,4136001,18.0381478,4.944444444444445,97.5,30.2812236,30.587890512614756,29.554166566666677,450.48523253031794,435.09493410697456,576.6333333333333,556.9333333333333,0.021653111619355844,0.021437200463943564,0.965836175501474,128776.27738095238,2857225.7520406675,0.017634967020172948,0.017032489101858467,126.14810080301538,121.83839922635872
2020-06-06 18:45:00,4136001,2.1596940082758,4.736111111111112,96.25,29.74158017241379,29.77920878132181,28.65536179310345,54.11471943419221,52.15913491322495,27.75095238095238,26.748095238095235,0.0010420737663128345,0.0010295743589556535,0.9638622441100262,128782.96440476192,2857232.439064477,0.0021184074939985206,0.002041853001104911,-26.36376705323983,-25.411039675129718
2020-06-06 19:00:00,4136001,0.0,4.527777777777778,95.0,29.318510866666664,29.318510866666664,27.892811,0.0,0.0,0.0,0.0,0.0,0.0,0.0,128782.96440476192,2857232.439064477,0.0,0.0,0.0,0.0
2020-06-06 19:15:00,4136001,0.0,4.243055555555555,95.5,28.99656524137931,28.99656524137931,27.534605931034488,0.0,0.0,0.0,0.0,0.0,0.0,0.0,128782.96440476192,2857232.439064477,0.0,0.0,0.0,0.0
2020-06-06 19:30:00,4136001,0.0,3.958333333333333,96.0,28.657885733333337,28.657885733333337,27.18081766666667,0.0,0.0,0.0,0.0,0.0,0.0,0.0,128782.96440476192,2857232.439064477,0.0,0.0,0.0,0.0
2020-06-06 19:45:00,4136001,0.0,3.6736111111111107,96.5,28.304477034482755,28.304477034482755,26.77728789655172,0.0,0.0,0.0,0.0,0.0,0.0,0.0,128782.96440476192,2857232.439064477,0.0,0.0,0.0,0.0
2020-06-06 20:00:00,4136001,0.0,3.3888888888888884,97.0,27.94598793333333,27.94598793333333,26.595780333333337,0.0,0.0,0.0,0.0,0.0,0.0,0.0,128782.96440476192,2857232.439064477,0.0,0.0,0.0,0.0
2020-06-06 20:15:00,4136001,0.0,3.5277777777777777,97.5,27.288074344827585,27.288074344827585,26.094200310344824,0.0,0.0,0.0,0.0,0.0,0.0,0.0,128782.96440476192,2857232.439064477,0.0,0.0,0.0,0.0
2020-06-06 20:30:00,4136001,0.0,3.6666666666666665,98.0,26.9000774,26.9000774,25.643047066666664,0.0,0.0,0.0,0.0,0.0,0.0,0.0,128782.96440476192,2857232.439064477,0.0,0.0,0.0,0.0
2020-06-06 20:45:00,4136001,0.0,3.8055555555555554,98.5,26.508464931034485,26.508464931034485,25.122009275862062,0.0,0.0,0.0,0.0,0.0,0.0,0.0,128782.96440476192,2857232.439064477,0.0,0.0,0.0,0.0
2020-06-06 21:00:00,4136001,0.0,3.944444444444444,99.0,26.1909464,26.1909464,24.84469293333333,0.0,0.0,0.0,0.0,0.0,0.0,0.0,128782.96440476192,2857232.439064477,0.0,0.0,0.0,0.0
2020-06-06 21:15:00,4136001,0.0,3.951388888888889,99.0,25.930951,25.930951,24.55359193333333,0.0,0.0,0.0,0.0,0.0,0.0,0.0,128782.96440476192,2857232.439064477,0.0,0.0,0.0,0.0
2020-06-06 21:30:00,4136001,0.0,3.958333333333333,99.0,25.632065241379312,25.632065241379312,24.262790000000003,0.0,0.0,0.0,0.0,0.0,0.0,0.0,128782.96440476192,2857232.439064477,0.0,0.0,0.0,0.0
2020-06-06 21:45:00,4136001,0.0,3.9652777777777777,99.0,25.3672495,25.3672495,24.029856533333337,0.0,0.0,0.0,0.0,0.0,0.0,0.0,128782.96440476192,2857232.439064477,0.0,0.0,0.0,0.0
2020-06-06 22:00:00,4136001,0.0,3.9722222222222223,99.0,25.177572344827592,25.177572344827592,23.724282206896557,0.0,0.0,0.0,0.0,0.0,0.0,0.0,128782.96440476192,2857232.439064477,0.0,0.0,0.0,0.0
2020-06-06 22:15:00,4136001,0.0,3.763888888888889,98.75,25.0475006,25.0475006,23.534215333333336,0.0,0.0,0.0,0.0,0.0,0.0,0.0,128782.96440476192,2857232.439064477,0.0,0.0,0.0,0.0
2020-06-06 22:30:00,4136001,0.0,3.555555555555556,98.5,24.92164444827586,24.92164444827586,23.52422248275862,0.0,0.0,0.0,0.0,0.0,0.0,0.0,128782.96440476192,2857232.439064477,0.0,0.0,0.0,0.0
2020-06-06 22:45:00,4136001,0.0,3.3472222222222223,98.25,24.808846000000003,24.808846000000003,23.3340862,0.0,0.0,0.0,0.0,0.0,0.0,0.0,128782.96440476192,2857232.439064477,0.0,0.0,0.0,0.0
2020-06-06 23:00:00,4136001,0.0,3.138888888888889,98.0,24.802834999999995,24.802834999999995,23.34043683333333,0.0,0.0,0.0,0.0,0.0,0.0,0.0,128782.96440476192,2857232.439064477,0.0,0.0,0.0,0.0
2020-06-06 23:15:00,4136001,0.0,2.993055555555556,98.0,24.7329005862069,24.7329005862069,23.273787999999996,0.0,0.0,0.0,0.0,0.0,0.0,0.0,128782.96440476192,2857232.439064477,0.0,0.0,0.0,0.0
2020-06-06 23:30:00,4136001,0.0,2.8472222222222223,98.0,24.579077266666665,24.579077266666665,22.9552134,0.0,0.0,0.0,0.0,0.0,0.0,0.0,128782.96440476192,2857232.439064477,0.0,0.0,0.0,0.0
2020-06-06 23:45:00,4136001,0.0,2.701388888888889,98.0,24.53218868965517,24.53218868965517,22.799637344827584,0.0,0.0,0.0,0.0,0.0,0.0,0.0,128782.96440476192,2857232.439064477,0.0,0.0,0.0,0.0
2020-06-07 00:00:00,4136001,0.0,2.5555555555555554,98.0,24.3857169,24.3857169,22.619037899999995,0.0,0.0,0.0,0.0,0.0,0.0,0.0,0.0,2857232.439064477,0.0,0.0,0.0,0.0
2020-06-07 00:15:00,4136001,0.0,2.5625,98.5,24.392174500000003,24.392174500000003,22.688972866666663,0.0,0.0,0.0,0.0,0.0,0.0,0.0,0.0,2857232.439064477,0.0,0.0,0.0,0.0
2020-06-07 00:30:00,4136001,0.0,2.569444444444444,99.0,24.359045827586204,24.359045827586204,22.73495910344828,0.0,0.0,0.0,0.0,0.0,0.0,0.0,0.0,2857232.439064477,0.0,0.0,0.0,0.0
2020-06-07 00:45:00,4136001,0.0,2.576388888888889,99.5,24.391694266666665,24.391694266666665,22.958560066666656,0.0,0.0,0.0,0.0,0.0,0.0,0.0,0.0,2857232.439064477,0.0,0.0,0.0,0.0
2020-06-07 01:00:00,4136001,0.0,2.5833333333333335,100.0,24.30218727586206,24.30218727586206,22.827804275862068,0.0,0.0,0.0,0.0,0.0,0.0,0.0,0.0,2857232.439064477,0.0,0.0,0.0,0.0
2020-06-07 01:15:00,4136001,0.0,2.5416666666666665,100.0,24.342613866666667,24.342613866666667,22.832511500000003,0.0,0.0,0.0,0.0,0.0,0.0,0.0,0.0,2857232.439064477,0.0,0.0,0.0,0.0
2020-06-07 01:30:00,4136001,0.0,2.5,100.0,24.3064719,24.3064719,22.95313816666667,0.0,0.0,0.0,0.0,0.0,0.0,0.0,0.0,2857232.439064477,0.0,0.0,0.0,0.0
2020-06-07 01:45:00,4136001,0.0,2.458333333333333,100.0,24.19485365517241,24.19485365517241,22.8620615862069,0.0,0.0,0.0,0.0,0.0,0.0,0.0,0.0,2857232.439064477,0.0,0.0,0.0,0.0
2020-06-07 02:00:00,4136001,0.0,2.4166666666666665,100.0,23.985088166666667,23.985088166666667,22.50505680000001,0.0,0.0,0.0,0.0,0.0,0.0,0.0,0.0,2857232.439064477,0.0,0.0,0.0,0.0
2020-06-07 02:15:00,4136001,0.0,2.3958333333333335,99.5,23.82529931034483,23.82529931034483,22.16628610344828,0.0,0.0,0.0,0.0,0.0,0.0,0.0,0.0,2857232.439064477,0.0,0.0,0.0,0.0
2020-06-07 02:30:00,4136001,0.0,2.375,99.0,23.664291366666667,23.664291366666667,21.830670166666664,0.0,0.0,0.0,0.0,0.0,0.0,0.0,0.0,2857232.439064477,0.0,0.0,0.0,0.0
2020-06-07 02:45:00,4136001,0.0,2.3541666666666665,98.5,23.316271133333338,23.316271133333338,21.218171166666664,0.0,0.0,0.0,0.0,0.0,0.0,0.0,0.0,2857232.439064477,0.0,0.0,0.0,0.0
2020-06-07 03:00:00,4136001,0.0,2.3333333333333335,98.0,23.140631310344837,23.140631310344837,21.037621965517243,0.0,0.0,0.0,0.0,0.0,0.0,0.0,0.0,2857232.439064477,0.0,0.0,0.0,0.0
2020-06-07 03:15:00,4136001,0.0,2.3333333333333335,97.75,23.056502233333333,23.056502233333333,21.101725266666666,0.0,0.0,0.0,0.0,0.0,0.0,0.0,0.0,2857232.439064477,0.0,0.0,0.0,0.0
2020-06-07 03:30:00,4136001,0.0,2.3333333333333335,97.5,23.4088904137931,23.4088904137931,21.518097999999995,0.0,0.0,0.0,0.0,0.0,0.0,0.0,0.0,2857232.439064477,0.0,0.0,0.0,0.0
2020-06-07 03:45:00,4136001,0.0076780459999999,2.3333333333333335,97.25,23.646175233333327,23.646362685628247,22.129058866666668,0.19719767139795993,0.0,0.0,0.0,0.0,0.0,0.0,0.0,2857232.439064477,7.719619158268152e-06,0.0,-0.19719767139795993,0.0
2020-06-07 04:00:00,4136001,0.0908570702,2.3333333333333335,97.0,23.873299,23.87551719019043,23.0493317,2.3313833041435816,0.0,0.0,0.0,0.0,0.0,0.0,0.0,2857232.439064477,9.126573905435825e-05,0.0,-2.3313833041435816,0.0
2020-06-07 04:15:00,4136001,0.0,2.2777777777777777,97.25,23.925614689655177,23.925614689655177,23.242368655172413,0.0,0.0,0.0,0.0,0.0,0.0,0.0,0.0,2857232.439064477,0.0,0.0,0.0,0.0
2020-06-07 04:30:00,4136001,0.0,2.2222222222222223,97.5,23.995880266666667,23.995880266666667,23.3759725,0.0,0.0,0.0,0.0,0.0,0.0,0.0,0.0,2857232.439064477,0.0,0.0,0.0,0.0
2020-06-07 04:45:00,4136001,0.0,2.1666666666666665,97.75,23.93255503333333,23.93255503333333,23.03222253333333,0.0,0.0,0.0,0.0,0.0,0.0,0.0,0.0,2857232.439064477,0.0,0.0,0.0,0.0
2020-06-07 05:00:00,4136001,0.0,2.111111111111111,98.0,23.76671406896552,23.76671406896552,22.608825724137933,0.0,0.0,0.0,0.0,0.0,0.0,0.0,0.0,2857232.439064477,0.0,0.0,0.0,0.0
2020-06-07 05:15:00,4136001,0.0,2.069444444444444,98.25,23.3882874,23.3882874,22.1521474,0.0,0.0,0.0,0.0,0.0,0.0,0.0,0.0,2857232.439064477,0.0,0.0,0.0,0.0
2020-06-07 05:30:00,4136001,0.0,2.0277777777777777,98.5,23.313739655172416,23.313739655172416,22.205520310344827,0.0,0.0,0.0,0.0,0.0,0.0,0.0,0.0,2857232.439064477,0.0,0.0,0.0,0.0
2020-06-07 05:45:00,4136001,2.0051966493333,1.9861111111111112,98.75,23.304092500000007,23.356060794656823,22.277756933333333,51.55957674446738,0.0,0.0,0.0,0.0,0.0,0.0,0.0,2857232.439064477,0.0020183823348783473,0.0,-51.55957674446738,0.0
2020-06-07 06:00:00,4136001,11.79843906,1.9444444444444444,99.0,23.327774966666667,23.635828205831157,22.424058966666664,303.0357228789495,292.44340478757556,315.74809523809523,304.71142857142854,0.011856631163285987,0.011728800534965889,0.9650459754686903,76.17785714285714,2857308.61692162,0.01186281945112349,0.011448166169018422,12.712372359145718,12.268023783852982
2020-06-07 06:15:00,4136001,30.3361282413793,1.777777777777778,99.0,23.45449213793103,24.270857268215725,22.843351172413797,777.1965528887724,751.3931327486629,926.0866666666668,895.34,0.034775405449789916,0.03446298132042237,0.9667993636304736,300.0128571428572,2857532.45192162,0.030424605711050007,0.02941448944015122,148.89011377789438,143.94686725133715
2020-06-07 06:30:00,4136001,49.4592853999999,1.611111111111111,99.0,23.678839033333333,25.05194523544327,23.679221666666667,1263.1749273206913,1223.3283645320544,1488.0438095238094,1441.1038095238096,0.05587741262866732,0.05547025003731384,0.9684552298127425,660.2888095238095,2857892.727874001,0.04944900870310007,0.04788915108757308,224.86888220311812,217.7754449917552
2020-06-07 06:45:00,4136001,54.603353517241295,1.4444444444444442,99.0,23.861757310344828,25.427220427238215,24.523913241379308,1392.4590444798216,1349.9293579868827,1651.7614285714287,1601.3119047619048,0.06202515968796545,0.061636900241226235,0.9694571365229441,1060.6167857142857,2858293.0558501915,0.054510042845168194,0.052845150048419755,259.3023840916071,251.3825467750221
2020-06-07 07:00:00,4136001,70.3298707,1.2777777777777777,99.0,24.029326533333336,26.113792173523024,25.32207020000001,1788.5724954426253,1737.6933946146883,2172.0438095238096,2110.2561904761906,0.08156224125628637,0.08122693018706484,0.9715532353552458,1588.180833333333,2858820.6198978107,0.07001653926179782,0.06802479524817727,383.47131408118435,372.5627958615023
2020-06-07 07:15:00,4136001,90.9268875,1.2430555555555554,99.0,24.345213866666665,27.059246774658607,26.29204303333333,2303.5950660444933,2242.6815610835633,2803.1214285714286,2728.999047619048,0.105259785841029,0.10504327205480118,0.9735571994145983,2270.4305952380955,2859502.869659716,0.09017792390074353,0.08779336704183063,499.5263625269354,486.3174865354845
2020-06-07 07:30:00,4136001,146.7895927586206,1.2083333333333333,99.0,24.664387655172412,29.077121542399848,27.79724751724138,3688.5875616917133,3616.1313470805017,4642.453333333333,4551.26,0.1743283892958852,0.17518483298454837,0.9803566505066288,3408.245595238095,2860640.6846597157,0.14439567671527553,0.14155926197222554,953.8657716416196,935.1286529194986
2020-06-07 07:45:00,4136001,226.475932,1.173611111111111,99.0,25.2397206,32.096913303050485,30.73323673333333,5621.095806957747,5522.075842301303,7288.704761904762,7160.308571428572,0.27369756246613264,0.27561103105591517,0.9823842239917211,5198.322738095239,2862430.7618025723,0.22004681178147376,0.2161705164337954,1667.6089549470144,1638.2327291272686
2020-06-07 08:00:00,4136001,219.9984668965517,1.1388888888888888,99.0,25.77827624137931,32.487592096717876,32.73560606896552,5451.5439345251325,5353.83152846464,6712.143333333333,6591.836190476191,0.25204715093667013,0.2537296753184993,0.982076195801767,6846.281785714285,2864078.7208501915,0.21340943176845303,0.20958432289937912,1260.599398808201,1238.0046620115518
2020-06-07 08:15:00,4136001,321.1485096666666,1.1805555555555556,99.25,25.902603233333327,35.61230874101788,33.65886329999999,7855.496248647821,7702.713601201182,10439.021904761905,10235.991904761904,0.39199486646750137,0.39399870195657977,0.9805508598552336,9405.27976190476,2866637.718826382,0.3075160011214649,0.3015350793188954,2583.525656114084,2533.2783035607217
2020-06-07 08:30:00,4136001,344.0621627586208,1.2222222222222223,99.5,26.49719124137931,36.81080523294468,36.86738248275863,8373.844068832828,8210.883598373797,11176.593809523809,10959.09,0.4196913693539868,0.42183183367081517,0.9805393473869947,12145.052261904762,2869377.491326382,0.3278075579891497,0.3214282089792052,2802.7497406909806,2748.206401626203
2020-06-07 08:45:00,4136001,513.8264700000002,1.2638888888888888,99.75,27.044380733333337,42.316381624996296,39.0137531,12216.538850564606,11959.883437085922,15984.693333333333,15648.873333333331,0.6002399253387593,0.6023486378049929,0.9789911515349684,16057.270595238097,2873289.709659715,0.4782360090258213,0.4681888211816764,3768.1544827687267,3688.989896247409
2020-06-07 09:00:00,4136001,537.3073253333332,1.3055555555555556,100.0,27.667932033333337,43.50369169538265,40.99160059999999,12709.624787652,12438.28275498128,17379.062857142857,17008.03142857143,0.6525997824478564,0.6546646742243325,0.9786506653654842,20309.278452380957,2877541.717516858,0.4975386489587786,0.4869165298485527,4669.438069490858,4569.748673590151
2020-06-07 09:15:00,4136001,710.892114137931,1.3680555555555556,99.75,28.49463520689655,49.185666688754395,43.01073889655173,16402.917471834287,16043.247046367835,13467.516666666666,13172.211428571429,0.5057176281037086,0.5070182013665325,0.9780727772309987,23602.331309523808,2880834.770374001,0.6421185152411152,0.628038639513323,-2935.400805167621,-2871.035617796406
2020-06-07 09:30:00,4136001,812.5590883333333,1.4305555555555556,99.5,29.14006153333333,52.49952935950361,49.17093513333333,18473.610577216623,18042.596829606016,3193.01,3118.512857142857,0.11990046002379226,0.12003624359819876,0.9766686785017449,24381.959523809524,2881614.3985882867,0.7231791183095174,0.7063063937994134,-15280.600577216623,-14924.083972463159
2020-06-07 09:45:00,4136001,846.7225089655171,1.4930555555555556,99.25,30.203821413793104,54.249899055696325,53.47384431034483,19098.880625525773,18640.794825630237,14880.955238095235,14524.03619047619,0.558793545476237,0.5590519667718626,0.9760150446051116,28012.968571428573,2885245.407635906,0.7476563173038079,0.7297238138825695,-4217.925387430538,-4116.758635154047
2020-06-07 10:00:00,4136001,872.6596406666666,1.5555555555555554,99.0,30.35451043333333,54.83991000310512,54.12945963333334,19631.31462113944,19152.511005975593,14644.926666666666,14287.739999999998,0.5499304556979263,0.5499565715047373,0.9756102113177759,31584.90357142857,2888817.342635906,0.7684993001033251,0.7497557645713679,-4986.387954472775,-4864.7710059755955
2020-06-07 10:15:00,4136001,937.5678951724136,1.7361111111111112,98.75,30.910610862068964,56.336180900642894,55.755181586206895,20948.144207373458,20436.694793648145,14499.562380952382,14145.555238095238,0.5444718931728567,0.544483666470256,0.9755849774250985,35121.29238095238,2892353.7314454294,0.8200487064933826,0.8000271988118279,-6448.581826421076,-6291.139555552907
2020-06-07 10:30:00,4136001,799.2798963333335,1.9166666666666667,98.5,31.14486896666667,52.117839219443724,53.88275476666667,18202.879638515085,17766.083948644864,13597.523333333333,13271.23761904762,0.5105994979191784,0.5108298681664226,0.9760040335076428,38439.10178571429,2895671.5408501914,0.7125809214529295,0.695481853538652,-4605.356305181753,-4494.846329597243
2020-06-07 10:45:00,4136001,587.2014193333332,2.097222222222222,98.25,30.656612133333336,45.58103504179269,47.68844996666667,13765.193193767425,13450.932249525013,10727.977142857142,10483.05619047619,0.4028454012211988,0.40350857738213314,0.9771698849541245,41059.86583333333,2898292.3048978103,0.5388605673817743,0.5265583186347627,-3037.2160509102832,-2967.876059048822
2020-06-07 11:00:00,4136001,660.7782920689655,2.2777777777777777,98.0,30.802704931034487,47.086053675957245,48.10768699999999,15388.368101325606,15030.927374985058,11363.593333333334,11099.64,0.42671337333424125,0.42724181426431634,0.976772018710044,43834.77583333333,2901067.2148978105,0.6024023527627953,0.5884097621837956,-4024.7747679922722,-3931.2873749850587
2020-06-07 11:15:00,4136001,791.6990476666666,2.7569444444444446,98.5,31.279829933333332,49.33145274965133,49.56139226666667,18255.63962584532,17827.785558516887,12183.68,11898.133333333331,0.4575083813651311,0.45797702192972656,0.9765631839750659,46809.309166666666,2904041.748231144,0.7146462957856848,0.6978972620284551,-6071.95962584532,-5929.652225183556
2020-06-07 11:30:00,4136001,894.5636462068965,3.236111111111111,99.0,31.66923168965517,50.647987310889846,53.56500248275861,20507.235247323584,20015.43675919596,13211.36,12894.529047619048,0.4960987098505574,0.49632978946963047,0.9760182939242475,50032.94142857143,2907265.3804930486,0.802788618020105,0.7835363773417874,-7295.875247323584,-7120.907711576912
2020-06-07 11:45:00,4136001,820.7219526666667,3.7152777777777777,99.5,31.71421196666667,47.994339964021826,49.82322993333331,19037.005449396376,18580.586964320388,13384.83,13063.924285714284,0.5026126677775062,0.5028500666003792,0.9760246701462987,53298.9225,2910531.361564477,0.745234114284454,0.7273668805762532,-5652.175449396376,-5516.662678606104
2020-06-07 12:00:00,4136001,940.1011872413792,4.194444444444445,100.0,32.61345410344827,50.12325457358013,56.43141110344826,21601.55656771668,21074.681739262163,14402.409047619049,14051.125714285716,0.5408236962177856,0.5408489322741473,0.9756094044981033,56811.70392857143,2914044.1429930488,0.8456275814334188,0.825002221149429,-7199.147520097633,-7023.556024976448
2020-06-07 12:15:00,4136001,1031.3671876666667,4.326388888888888,100.0,32.843473100000004,51.735577100854826,56.15691226666667,23528.74336304557,22945.069052316612,16081.84,15682.9,0.6038878719543701,0.6036583753099962,0.9751931371037145,60732.42892857143,2917964.8679930484,0.9210703998060509,0.8982215326802353,-7446.903363045571,-7262.169052316613
2020-06-07 12:30:00,4136001,1060.8216526666663,4.458333333333333,100.0,33.394238200000004,52.509863980100306,60.12068173333333,24116.7641107385,23524.622742535445,15318.98380952381,14942.85523809524,0.5752419209018859,0.5751729409433868,0.9754468980380585,64468.14273809524,2921700.5818025726,0.9440894151786455,0.9209090915065745,-8797.780301214689,-8581.767504440204
2020-06-07 12:45:00,4136001,796.6550186206898,4.590277777777778,100.0,32.92408189655172,47.049797019042785,55.86176493103447,18555.65024761529,18126.03383153048,11766.003809523809,11493.587142857144,0.4418242565490233,0.4424054314661833,0.9768471376453098,67341.53952380952,2924573.978588287,0.726390692801538,0.709572669075376,-6789.64643809148,-6632.446688673335
2020-06-07 13:00:00,4136001,685.9530023333332,4.722222222222222,100.0,32.72522613333333,44.69648271855729,50.915576066666674,16142.129621010381,15778.721911998962,10482.791428571429,10246.79238095238,0.3936384523127647,0.39441442850649827,0.9774870034163019,69903.23761904762,2927135.6766835246,0.6319095565085293,0.6176833788216466,-5659.338192438952,-5531.929531046582
2020-06-07 13:15:00,4136001,797.3102444827585,5.145833333333333,99.75,33.03033251724138,46.27523877552052,49.4143646551724,18634.01434684974,18187.98656260606,13292.390476190478,12974.220952380952,0.49914147870226316,0.49939725057401363,0.9760637844352048,73146.79285714286,2930379.23192162,0.7294583811646013,0.7119979081074989,-5341.623870659263,-5213.765610225108
2020-06-07 13:30:00,4136001,710.6564423333333,5.569444444444445,99.5,33.60120353333335,44.86448021664158,53.343462,16711.26206601882,16313.428887722392,12719.326666666668,12416.526666666668,0.4776224059825123,0.47793075991004497,0.976193708367162,76250.92452380952,2933483.3635882866,0.6541891589750957,0.6386153410734935,-3991.935399352151,-3896.902221055723
2020-06-07 13:45:00,4136001,798.0341431034484,5.993055555555556,99.25,33.778215,45.87101559254383,54.16132220689655,18683.89427413202,18228.94315949907,14140.407142857142,13796.089523809524,0.5309852839021141,0.5310322062612219,0.9756500915731025,79699.9469047619,2936932.3859692398,0.7314110109270707,0.7136012197885719,-4543.487131274878,-4432.853635689547
2020-06-07 14:00:00,4136001,793.7635736666667,6.416666666666667,99.0,33.454995533333324,44.97718414803309,53.97550666666666,18656.405770044134,18208.293859660058,14029.789047619048,13692.804761904765,0.5268314727627806,0.5270566206510537,0.9759808016663322,83123.1480952381,2940355.587159715,0.7303349293421074,0.7127928698242341,-4626.616722425086,-4515.489097755293
2020-06-07 14:15:00,4136001,739.974206,6.451388888888889,97.0,32.816685066666686,43.52116889726956,50.00570463333335,17502.245059172394,17087.434781661606,16051.745714285717,15671.312857142855,0.602757803867759,0.6032123687785749,0.9762995960741963,87040.97630952382,2944273.415374001,0.6851534570042042,0.6689150433220437,-1450.4993448866771,-1416.1219245187513
2020-06-07 14:30:00,4136001,741.0701599999999,6.486111111111112,95.0,33.3852034137931,44.06883579323518,52.575669,17486.69638545012,17077.85893870032,15500.2,15137.806666666667,0.5820467554003228,0.5826769142286714,0.9766200866225382,90825.42797619048,2948057.867040668,0.6845447792307738,0.6685401815893646,-1986.4963854501184,-1940.0522720336521
2020-06-07 14:45:00,4136001,734.2674089999999,6.520833333333334,93.0,33.7029401,44.25238026378722,52.67560216666666,17312.404083653666,16908.451911890887,15282.536190476188,14925.947142857143,0.5738732793096009,0.574522122963229,0.9766668932973792,94556.91476190476,2951789.3538263817,0.6777218275065049,0.6619084717906004,-2029.8678931774775,-1982.5047690337433
2020-06-07 15:00:00,4136001,545.6832444827587,6.555555555555555,91.0,33.60650644827587,41.41984041853301,48.5469233448276,13023.942431654874,12745.071943724319,12328.408571428572,12064.430952380952,0.4629430722345214,0.4643780670509865,0.97858785929115,97573.0225,2954805.461564477,0.5098431173088618,0.4989262847416057,-695.5338602263018,-680.6409913433672
2020-06-07 15:15:00,4136001,588.649865,6.597222222222222,92.5,33.931534,42.32582797504456,49.6021231,13994.942686641898,13681.607757745456,409.12666666666667,399.9666666666667,0.015363082339652568,0.015395317714080613,0.9776108458668058,97673.01416666668,2954905.453231144,0.5478544798059072,0.5355884814149718,-13585.816019975231,-13281.641091078789
2020-06-07 15:30:00,4136001,569.3968248275862,6.638888888888888,94.0,34.03528106896551,42.122155445156196,49.24357441379311,13549.058319693666,13253.102615614647,3958.3952380952383,3871.930952380953,0.14864137913868347,0.1490364376503563,0.9781567325864379,98640.99690476192,2955873.435969239,0.530399621048881,0.5188139602902583,-9590.663081598428,-9381.171663233694
2020-06-07 15:45:00,4136001,438.4509096666665,6.680555555555555,95.5,33.72255250000001,39.924559850826334,46.05866300000001,10531.594565820382,10314.573539986866,14233.26,13939.96,0.5344719940238963,0.5365699969703521,0.9793933364527873,102125.9869047619,2959358.425969239,0.41227616229478886,0.40378052612984405,3701.6654341796184,3625.386460013133
2020-06-07 16:00:00,4136001,173.9167188,6.722222222222221,97.0,32.030420966666675,34.48064242059736,37.55164403333334,4274.223883511606,4191.604875066542,5445.363809523809,5340.107142857142,0.2044784155886811,0.20554874429081665,0.9806704069097136,103461.0136904762,2960693.4527549534,0.16732134991237446,0.16408709630325083,1171.1399260122034,1148.5022677906
2020-06-07 16:15:00,4136001,347.3763027931034,7.243055555555555,94.25,30.78578237931034,35.445893091898505,32.54686437931036,8502.951613213088,8327.78960690252,11327.106666666668,11093.766666666666,0.42534326546797463,0.4270157408430961,0.9793998585104992,106234.45535714286,2963466.89442162,0.3328616799065605,0.32600468220405243,2824.15505345358,2765.9770597641473
2020-06-07 16:30:00,4136001,228.8779286666666,7.763888888888888,91.5,31.264936366666664,34.195324032842535,36.13893116666667,5631.637973339055,5525.532451847362,7708.201904761904,7562.971904761905,0.28945006571768456,0.29111014752014736,0.9811590301091775,108125.19833333332,2965357.637397811,0.22045950179444335,0.2163058309589885,2076.5639314228492,2037.439452914543
2020-06-07 16:45:00,4136001,131.9833670344827,8.284722222222221,88.75,31.39393368965517,33.010040060420565,33.76577124137931,3263.4912264855047,3198.7449880272166,4167.238571428571,4084.562380952381,0.1564836382420276,0.15722094068941614,0.9801604374073913,109146.33892857142,2966378.7779930485,0.12775459880546114,0.1252200034459666,903.7473449430663,885.8173929251643
2020-06-07 17:00:00,4136001,223.0345256666667,8.805555555555555,86.0,31.5385315,34.15538619513865,34.34889863333335,5488.768747888436,5386.778090266422,7218.853333333333,7084.714761904762,0.2710745771265836,0.272701311792218,0.9814182993843107,110917.51761904762,2968149.956683525,0.21486665679735512,0.2108740689084526,1730.0845854448962,1697.9366716383402
2020-06-07 17:15:00,4136001,194.2116008,7.944444444444445,89.5,31.88112573333333,34.32896542075456,35.58254099999999,4776.006302206925,4689.069334764087,6386.385714285714,6270.135238095239,0.23981465295512142,0.24134692249536302,0.9817971413893097,112485.05142857145,2969717.4904930484,0.18696442756730966,0.18356114052707329,1610.3794120787888,1581.0659033311522
2020-06-07 17:30:00,4136001,161.588177413793,7.083333333333333,93.0,31.704619137931036,33.90459432395953,34.333354206896544,3980.7455230685887,3903.0887852786186,5228.82,5126.815714285714,0.19634699652729098,0.19733883686049597,0.9804919110402949,113766.75535714286,2970999.19442162,0.1558326687441217,0.1527926711794331,1248.074476931411,1223.7269290070958
2020-06-07 17:45:00,4136001,114.6412660333333,6.222222222222221,96.5,31.4926077,33.18948848794158,33.12576496666667,2832.579107723234,2770.691510380533,3630.150476190476,3550.8371428571427,0.13631548665704982,0.13667705466766553,0.9781515025744701,114654.46464285714,2971886.9037073343,0.11088585271964117,0.10846316345196841,797.5713684672423,780.1456324766095
2020-06-07 18:00:00,4136001,68.10298441379311,5.361111111111112,100.0,31.15442824137931,32.2587412690069,31.56236962068965,1689.178877062807,1640.7544101356596,2090.739523809524,2030.8033333333333,0.07850919060531797,0.07816867038456693,0.9713325405706296,115162.16547619048,2972394.6045406675,0.06612561663976539,0.06422996320750282,401.5606467467171,390.04892319767373
2020-06-07 18:15:00,4136001,42.2383711666666,5.145833333333333,99.5,30.51208193333333,31.213745144707,30.23402086666667,1052.161184603987,1018.3916729708313,1278.2733333333333,1237.246666666667,0.04800033845895033,0.04762348243358745,0.9679046213381595,115471.47714285714,2972703.9162073345,0.04118853727163778,0.03986657557137723,226.11214872934625,218.85499369583556
2020-06-07 18:30:00,4136001,19.2496679655172,4.930555555555555,99.0,29.77864427586207,30.106437685236564,29.073859931034484,481.6887572251544,465.20847754946504,603.7152380952381,583.06,0.022670062032687753,0.022442855103854922,0.9657864556137314,115617.24214285714,2972849.6812073346,0.018856479045807572,0.01821133206300509,122.02648087008367,117.8515224505349
2020-06-07 18:45:00,4136001,3.7315805733333,4.715277777777778,98.5,29.298944166666665,29.364121767179014,28.245228,93.65921708821931,90.31511775342685,62.05619047619047,59.84047619047619,0.0023302669848886516,0.00230334980360261,0.9642950321521202,115632.20226190476,2972864.641326382,0.0036664402853090355,0.0035355301528059054,-31.603026612028835,-30.47464156295066
2020-06-07 19:00:00,4136001,0.0255850555666666,4.5,98.0,28.9192829,28.919741577941316,27.5814371,0.6433229386053868,0.0,0.0,0.0,0.0,0.0,0.0,115632.20226190476,2972864.641326382,2.5183908342352194e-05,0.0,-0.6433229386053868,0.0
2020-06-07 19:15:00,4136001,0.0,4.513888888888888,97.25,28.54377696551724,28.54377696551724,27.12873793103449,0.0,0.0,0.0,0.0,0.0,0.0,0.0,115632.20226190476,2972864.641326382,0.0,0.0,0.0,0.0
2020-06-07 19:30:00,4136001,0.0,4.527777777777777,96.5,28.2098145,28.2098145,26.85495193333333,0.0,0.0,0.0,0.0,0.0,0.0,0.0,115632.20226190476,2972864.641326382,0.0,0.0,0.0,0.0
2020-06-07 19:45:00,4136001,0.0,4.541666666666666,95.75,28.011380000000003,28.011380000000003,26.64253906896552,0.0,0.0,0.0,0.0,0.0,0.0,0.0,115632.20226190476,2972864.641326382,0.0,0.0,0.0,0.0
2020-06-07 20:00:00,4136001,0.0,4.555555555555555,95.0,27.74761036666667,27.74761036666667,26.298777366666663,0.0,0.0,0.0,0.0,0.0,0.0,0.0,115632.20226190476,2972864.641326382,0.0,0.0,0.0,0.0
2020-06-07 20:15:00,4136001,0.0,4.319444444444445,95.5,27.48150217241379,27.48150217241379,26.08121555172413,0.0,0.0,0.0,0.0,0.0,0.0,0.0,115632.20226190476,2972864.641326382,0.0,0.0,0.0,0.0
2020-06-07 20:30:00,4136001,0.0,4.083333333333333,96.0,27.152643666666663,27.152643666666663,25.8109556,0.0,0.0,0.0,0.0,0.0,0.0,0.0,115632.20226190476,2972864.641326382,0.0,0.0,0.0,0.0
2020-06-07 20:45:00,4136001,0.0,3.847222222222222,96.5,26.817372448275865,26.817372448275865,25.502152,0.0,0.0,0.0,0.0,0.0,0.0,0.0,115632.20226190476,2972864.641326382,0.0,0.0,0.0,0.0
2020-06-07 21:00:00,4136001,0.0,3.611111111111111,97.0,26.631459366666665,26.631459366666665,25.255108466666663,0.0,0.0,0.0,0.0,0.0,0.0,0.0,115632.20226190476,2972864.641326382,0.0,0.0,0.0,0.0
2020-06-07 21:15:00,4136001,0.0,3.625,97.75,26.52411093103448,26.52411093103448,25.14388613793104,0.0,0.0,0.0,0.0,0.0,0.0,0.0,115632.20226190476,2972864.641326382,0.0,0.0,0.0,0.0
2020-06-07 21:30:00,4136001,0.0,3.638888888888889,98.5,26.3899577,26.3899577,25.038738866666662,0.0,0.0,0.0,0.0,0.0,0.0,0.0,115632.20226190476,2972864.641326382,0.0,0.0,0.0,0.0
2020-06-07 21:45:00,4136001,0.0,3.6527777777777777,99.25,26.28570472413793,26.28570472413793,24.954618137931043,0.0,0.0,0.0,0.0,0.0,0.0,0.0,115632.20226190476,2972864.641326382,0.0,0.0,0.0,0.0
2020-06-07 22:00:00,4136001,0.0,3.6666666666666665,100.0,26.128687533333338,26.128687533333338,24.8407493,0.0,0.0,0.0,0.0,0.0,0.0,0.0,115632.20226190476,2972864.641326382,0.0,0.0,0.0,0.0
2020-06-07 22:15:00,4136001,0.0,3.534722222222222,99.75,26.035083033333333,26.035083033333333,24.78020146666666,0.0,0.0,0.0,0.0,0.0,0.0,0.0,115632.20226190476,2972864.641326382,0.0,0.0,0.0,0.0
2020-06-07 22:30:00,4136001,0.0,3.4027777777777777,99.5,25.86431058620689,25.86431058620689,24.63717220689655,0.0,0.0,0.0,0.0,0.0,0.0,0.0,115632.20226190476,2972864.641326382,0.0,0.0,0.0,0.0
2020-06-07 22:45:00,4136001,0.0,3.2708333333333335,99.25,25.652661066666663,25.652661066666663,24.3556925,0.0,0.0,0.0,0.0,0.0,0.0,0.0,115632.20226190476,2972864.641326382,0.0,0.0,0.0,0.0
2020-06-07 23:00:00,4136001,0.0,3.138888888888889,99.0,25.51786096551724,25.51786096551724,24.239691344827584,0.0,0.0,0.0,0.0,0.0,0.0,0.0,115632.20226190476,2972864.641326382,0.0,0.0,0.0,0.0
2020-06-07 23:15:00,4136001,0.0,3.2291666666666665,99.0,25.37638426666667,25.37638426666667,24.021863866666656,0.0,0.0,0.0,0.0,0.0,0.0,0.0,115632.20226190476,2972864.641326382,0.0,0.0,0.0,0.0
2020-06-07 23:30:00,4136001,0.0,3.319444444444444,99.0,25.253462275862077,25.253462275862077,23.747111379310343,0.0,0.0,0.0,0.0,0.0,0.0,0.0,115632.20226190476,2972864.641326382,0.0,0.0,0.0,0.0
2020-06-07 23:45:00,4136001,0.0,3.4097222222222223,99.0,25.127188266666664,25.127188266666664,23.5922253,0.0,0.0,0.0,0.0,0.0,0.0,0.0,115632.20226190476,2972864.641326382,0.0,0.0,0.0,0.0
2020-06-08 00:00:00,4136001,0.0,3.5,99.0,24.993941655172417,24.993941655172417,23.46560568965517,0.0,0.0,0.0,0.0,0.0,0.0,0.0,0.0,2972864.641326382,0.0,0.0,0.0,0.0
2020-06-08 00:15:00,4136001,0.0,3.5277777777777777,99.0,24.85296513333333,24.85296513333333,23.282042633333337,0.0,0.0,0.0,0.0,0.0,0.0,0.0,0.0,2972864.641326382,0.0,0.0,0.0,0.0
2020-06-08 00:30:00,4136001,0.0,3.555555555555556,99.0,24.749431517241383,24.749431517241383,23.03102479310345,0.0,0.0,0.0,0.0,0.0,0.0,0.0,0.0,2972864.641326382,0.0,0.0,0.0,0.0
2020-06-08 00:45:00,4136001,0.0,3.5833333333333335,99.0,24.5821158,24.5821158,22.699346966666667,0.0,0.0,0.0,0.0,0.0,0.0,0.0,0.0,2972864.641326382,0.0,0.0,0.0,0.0
2020-06-08 01:00:00,4136001,0.0,3.611111111111111,99.0,24.47145875862069,24.47145875862069,22.484646517241377,0.0,0.0,0.0,0.0,0.0,0.0,0.0,0.0,2972864.641326382,0.0,0.0,0.0,0.0
2020-06-08 01:15:00,4136001,0.0,3.7916666666666665,99.0,24.421980933333337,24.421980933333337,22.50936593333333,0.0,0.0,0.0,0.0,0.0,0.0,0.0,0.0,2972864.641326382,0.0,0.0,0.0,0.0
2020-06-08 01:30:00,4136001,0.0,3.9722222222222223,99.0,24.31886606666666,24.31886606666666,22.5281493,0.0,0.0,0.0,0.0,0.0,0.0,0.0,0.0,2972864.641326382,0.0,0.0,0.0,0.0
2020-06-08 01:45:00,4136001,0.0,4.152777777777778,99.0,24.233158517241385,24.233158517241385,22.51216286206897,0.0,0.0,0.0,0.0,0.0,0.0,0.0,0.0,2972864.641326382,0.0,0.0,0.0,0.0
2020-06-08 02:00:00,4136001,0.0,4.333333333333333,99.0,24.1686308,24.1686308,22.469710366666664,0.0,0.0,0.0,0.0,0.0,0.0,0.0,0.0,2972864.641326382,0.0,0.0,0.0,0.0
2020-06-08 02:15:00,4136001,0.0,4.326388888888888,99.25,24.18208268965517,24.18208268965517,22.57848182758621,0.0,0.0,0.0,0.0,0.0,0.0,0.0,0.0,2972864.641326382,0.0,0.0,0.0,0.0
2020-06-08 02:30:00,4136001,0.0,4.319444444444445,99.5,24.2773612,24.2773612,23.1083049,0.0,0.0,0.0,0.0,0.0,0.0,0.0,0.0,2972864.641326382,0.0,0.0,0.0,0.0
2020-06-08 02:45:00,4136001,0.0,4.3125,99.75,24.488492933333333,24.488492933333333,23.685627433333337,0.0,0.0,0.0,0.0,0.0,0.0,0.0,0.0,2972864.641326382,0.0,0.0,0.0,0.0
2020-06-08 03:00:00,4136001,0.0,4.305555555555555,100.0,24.461681586206904,24.461681586206904,23.499139379310343,0.0,0.0,0.0,0.0,0.0,0.0,0.0,0.0,2972864.641326382,0.0,0.0,0.0,0.0
2020-06-08 03:15:00,4136001,0.0,3.9652777777777777,100.0,24.351066133333333,24.351066133333333,23.058846066666664,0.0,0.0,0.0,0.0,0.0,0.0,0.0,0.0,2972864.641326382,0.0,0.0,0.0,0.0
2020-06-08 03:30:00,4136001,0.0,3.625,100.0,24.2730491724138,24.2730491724138,22.993584862068968,0.0,0.0,0.0,0.0,0.0,0.0,0.0,0.0,2972864.641326382,0.0,0.0,0.0,0.0
2020-06-08 03:45:00,4136001,0.0,3.284722222222222,100.0,24.28570359999999,24.28570359999999,23.15494693333333,0.0,0.0,0.0,0.0,0.0,0.0,0.0,0.0,2972864.641326382,0.0,0.0,0.0,0.0
2020-06-08 04:00:00,4136001,0.0,2.944444444444444,100.0,24.31489576666667,24.31489576666667,23.3794363,0.0,0.0,0.0,0.0,0.0,0.0,0.0,0.0,2972864.641326382,0.0,0.0,0.0,0.0
2020-06-08 04:15:00,4136001,0.0,2.972222222222222,100.0,24.185381071428573,24.185381071428573,23.00484142857143,0.0,0.0,0.0,0.0,0.0,0.0,0.0,0.0,2972864.641326382,0.0,0.0,0.0,0.0
2020-06-08 04:30:00,4136001,0.0,3.0,100.0,24.259531699999997,24.259531699999997,23.466709466666668,0.0,0.0,0.0,0.0,0.0,0.0,0.0,0.0,2972864.641326382,0.0,0.0,0.0,0.0
2020-06-08 04:45:00,4136001,0.0,3.0277777777777777,100.0,24.276126379310345,24.276126379310345,23.49121834482758,0.0,0.0,0.0,0.0,0.0,0.0,0.0,0.0,2972864.641326382,0.0,0.0,0.0,0.0
2020-06-08 05:00:00,4136001,0.0,3.0555555555555554,100.0,24.22245576666667,24.22245576666667,23.3793477,0.0,0.0,0.0,0.0,0.0,0.0,0.0,0.0,2972864.641326382,0.0,0.0,0.0,0.0
2020-06-08 05:15:00,4136001,0.0,2.6666666666666665,100.0,24.25752373333333,24.25752373333333,23.658629566666672,0.0,0.0,0.0,0.0,0.0,0.0,0.0,0.0,2972864.641326382,0.0,0.0,0.0,0.0
2020-06-08 05:30:00,4136001,0.0,2.2777777777777777,100.0,23.98507489655172,23.98507489655172,22.633693241379305,0.0,0.0,0.0,0.0,0.0,0.0,0.0,0.0,2972864.641326382,0.0,0.0,0.0,0.0
2020-06-08 05:45:00,4136001,1.8528598456666,1.888888888888889,100.0,23.986628266666667,24.035490604368846,23.037936433333336,47.51391071013785,0.0,0.0,0.0,0.0,0.0,0.0,0.0,2972864.641326382,0.001860008248586332,0.0,-47.51391071013785,0.0
2020-06-08 06:00:00,4136001,14.6551610034482,1.5,100.0,24.205060344827587,24.62069168355272,23.79898934482759,374.93408851512794,362.09532845054486,412.0028571428571,397.8947619047619,0.015471085935385525,0.01531556698797967,0.9657572878597698,99.47369047619048,2972964.115016858,0.014677396301238127,0.01417480244472675,37.068768627729185,35.799433454217024
2020-06-08 06:15:00,4136001,39.2247689,1.6944444444444442,100.0,24.331214600000003,25.403222495599895,23.9384053,1000.3806110759139,968.0730994687611,1197.700476190476,1159.020476190476,0.04497475362305571,0.04461243887343291,0.9677047803111599,389.2288095238095,2973253.8701359057,0.03916150366317925,0.03789677429903156,197.31986511456205,190.94737672171493
2020-06-08 06:30:00,4136001,65.9926922413793,1.8888888888888888,100.0,24.517363517241385,26.25767713120181,24.585816517241376,1677.3026387705004,1629.122524041766,2055.6680952380952,1996.619523809524,0.07719222623019671,0.07685288421497782,0.9712752406065183,888.3836904761904,2973753.0250168582,0.0656607022419456,0.06377461436843868,378.36545646759487,367.4969997677581
2020-06-08 06:45:00,4136001,88.9491841,2.0833333333333335,100.0,24.8456013,27.111822550955413,25.580103466666667,2253.012916680894,2196.5720693707,3006.633333333333,2931.313333333333,0.11290184490168667,0.11283065276986586,0.9749487244869677,1621.2120238095238,2974485.8533501914,0.08819780452851414,0.08598833702762576,753.6204166524394,734.7412639626332
2020-06-08 07:00:00,4136001,195.0850521333333,2.2777777777777777,100.0,25.224013166666666,30.03143189839001,27.11620573333333,4883.152146729564,4787.58167013696,5088.407142857143,4988.819523809524,0.19107436469567018,0.19202715623115918,0.9804285277785966,2868.416904761905,2975733.058231144,0.19115882351652239,0.1874175639121926,205.25499612757903,201.2378536725637
2020-06-08 07:15:00,4136001,213.6168020344828,2.333333333333333,99.5,25.63099824137931,30.8462521972993,29.72970686206897,5329.232928361211,5230.020404786729,5605.526666666667,5501.170476190476,0.2104926780714649,0.21174831389350574,0.9813833388579264,4243.709523809524,2977108.350850191,0.20862137124138622,0.20473753786599058,276.2937383054559,271.15007140374655
2020-06-08 07:30:00,4136001,319.60911966666663,2.388888888888889,99.0,25.745165000000004,33.47639672875343,31.448751766666664,7887.595680784568,7743.480940130619,8560.63619047619,8404.224285714286,0.3214597565727698,0.32349121514867146,0.9817289391487148,6344.765595238096,2979209.40692162,0.3087725848809774,0.30313098219340845,673.0405096916229,660.7433455836672
2020-06-08 07:45:00,4136001,378.76367241379313,2.4444444444444446,98.5,26.189314172413788,35.26802156488246,34.096579827586204,9278.124301423637,9098.954834225784,10352.424761904762,10152.509523809524,0.3887430641664382,0.39078533973066976,0.980689042162287,8882.892976190476,2981747.5343025723,0.3632070581884375,0.3561931820014008,1074.300460481125,1053.5546895837397
2020-06-08 08:00:00,4136001,447.80528866666657,2.5,98.0,26.677007033333336,37.31371222731592,36.41185706666666,10875.750716039296,10659.072782283105,12136.706666666669,11894.906666666668,0.4557444895277998,0.4578528226835626,0.9800769676123011,11856.619642857142,2984721.2609692398,0.4257487068326207,0.4172665015573735,1260.9559506273727,1235.8338843835627
2020-06-08 08:15:00,4136001,344.2403296551724,2.5833333333333335,97.5,26.91035206896552,34.97785452162951,36.49297772413794,8442.653407816755,8278.637713615362,9958.264761904762,9764.805238095238,0.3739419939151775,0.37586201947644327,0.9805729684402847,14297.820952380953,2987162.462278763,0.330501209936064,0.32408055250011203,1515.611354088007,1486.1675244798753
2020-06-08 08:30:00,4136001,515.0724836666666,2.6666666666666665,97.0,27.242980966666664,39.15492554730188,37.49083386666667,12412.551357894516,12155.664115839907,15009.029047619048,14698.405714285716,0.5636028347296076,0.5657637116306857,0.979304235314102,17972.422380952383,2990837.0637073345,0.48590923303560446,0.4758529698899944,2596.477689724532,2542.7415984458094
2020-06-08 08:45:00,4136001,360.1402536666665,2.75,96.5,27.509329366666663,35.72983276010804,37.06063839999998,8804.934257283758,8631.515293086064,11738.193333333333,11507.001904761904,0.4407799476089577,0.44292178579966734,0.9803043430955506,20849.172857142858,2993713.814183525,0.34468327489856165,0.33789451137545756,2933.259076049575,2875.4866116758403
2020-06-08 09:00:00,4136001,559.821446551724,2.833333333333333,96.0,28.029827241379305,40.64410048499634,38.45545786206896,13405.756327352217,13121.64202180726,15433.402857142855,15106.315714285714,0.5795384612963749,0.5814647801749409,0.9788065440988758,24625.751785714285,2997490.393112096,0.5247898346976793,0.5136677244786557,2027.646529790638,1984.6736924784545
2020-06-08 09:15:00,4136001,469.1874514814814,2.888888888888889,96.5,28.497391296296296,38.979684671664515,40.13508885185186,11315.185363813665,11077.303417073275,12811.092307692308,12541.761538461538,0.4810682901398912,0.482751238216981,0.9789767521174558,27761.192170329672,3000625.833496712,0.44295108098702934,0.43363881061159815,1495.9069438786428,1464.458121388263
2020-06-08 09:30:00,4136001,731.7601882608697,2.944444444444444,97.0,28.96267034782609,45.17357394243995,41.09230130434782,17184.410546702562,16797.758667391437,15660.337435897434,15307.977435897435,0.5880600632919777,0.5892270427176051,0.9774998462554005,31588.18652930403,3004452.8278556857,0.6727113151968119,0.657575207179152,-1524.0731108051277,-1489.781231494002
2020-06-08 09:45:00,4136001,808.6245521428572,3.0,97.5,29.46306278571428,47.22722254280693,43.67498875000001,18819.784215318155,18366.94875621461,17015.59395604396,16606.17032967033,0.6389511911668707,0.6391964369682812,0.975938328839341,35739.729111721615,3008604.370438104,0.7367306406466297,0.7190036702374089,-1804.1902592741972,-1760.7784265442788
2020-06-08 10:00:00,4136001,659.905465862069,3.0555555555555554,98.0,29.789045448275864,44.16607084832094,43.43828806896552,15564.93344134793,15200.224831262232,15453.868095238096,15091.761904761905,0.5803069497953511,0.5809045821878521,0.9765685724606534,39512.66958791209,3012377.310914294,0.6093142862144424,0.59503718266832,-111.06534610983363,-108.46292650032774
2020-06-08 10:15:00,4136001,848.7661903333335,3.138888888888889,98.25,30.264954666666668,48.529774772828354,47.16902866666667,19641.067218232045,19173.420103364802,15252.073333333334,14888.926666666666,0.5727293710271127,0.5730971492332207,0.976190340897915,43234.90125457876,3016099.542580961,0.7688810811599939,0.7505742847275318,-4388.993884898711,-4284.493436698136
2020-06-08 10:30:00,4136001,914.7767362068968,3.222222222222222,98.5,31.225147103448275,50.67193146158809,55.10767875862069,20968.36785217877,20464.15194904255,15407.943333333336,15037.43619047619,0.5785824327788482,0.5788135038526419,0.9759534978263065,46994.2603021978,3019858.90162858,0.820840393508662,0.8011020532019005,-5560.424518845433,-5426.715758566359
2020-06-08 10:45:00,4136001,726.8661960000001,3.3055555555555554,98.75,31.239283433333338,46.50637429659736,51.54766013333333,16970.493010233124,16569.038584860424,13363.815238095238,13047.680476190477,0.5018235441544449,0.5022248179750621,0.976343973912212,50256.18042124542,3023120.821747628,0.6643371701011205,0.6486215926741211,-3606.6777721378858,-3521.358108669947
2020-06-08 11:00:00,4136001,968.234732413793,3.3888888888888884,99.0,31.644782793103456,51.740978982679906,55.8861715862069,22087.95820923963,21548.147171387594,15843.954285714284,15456.74142857143,0.5949550447549734,0.594953192225809,0.9755608448396,54120.36577838828,3026985.0071047703,0.8646685538946812,0.8435367849437304,-6244.003923525346,-6091.405742816165
2020-06-08 11:15:00,4136001,827.0961906666668,3.4305555555555554,99.0,31.6512615,48.71710676290451,53.74365429999999,19123.77572838394,18660.765150142106,15222.673333333334,14854.113333333336,0.5716253740071537,0.5717571317467148,0.9757887466984556,57833.894111721616,3030698.535438104,0.7486308760377349,0.7305055842686282,-3901.102395050604,-3806.6518168087696
2020-06-08 11:30:00,4136001,945.9829844827584,3.4722222222222223,99.0,31.93157020689656,51.33634937577365,54.67335772413792,21619.4495506499,21085.827548586305,16853.39238095238,16437.408571428572,0.6328603729514364,0.6327005434285227,0.975317502843288,61943.24625457876,3034807.8875809605,0.8463280309512585,0.8254385417336584,-4766.05716969752,-4648.418977157733
2020-06-08 11:45:00,4136001,889.6266996666666,3.513888888888889,99.0,32.13035090000001,50.27303876920908,54.910771700000005,20428.142853150737,19935.225694744135,14115.47,13774.873333333331,0.5300488712694413,0.530215563224977,0.9758706818358391,65386.96458791209,3038251.605914294,0.7996924193834699,0.7803963865626986,-6312.672853150738,-6160.3523614108035
2020-06-08 12:00:00,4136001,707.6265589655171,3.555555555555556,99.0,32.11926062068966,46.46691996711134,53.073873758620685,16524.148751279365,16131.489802290667,13041.34857142857,12731.450476190475,0.4897146244593382,0.4900526503259487,0.9762372661430866,68569.82720695972,3041434.468533342,0.6468643081338565,0.6314930437381353,-3482.800179850794,-3400.039326100192
2020-06-08 12:15:00,4136001,992.9877596666668,3.7430555555555554,99.25,32.299311299999985,51.92260579467252,52.531129866666674,22634.210796173815,22078.17200202653,16179.191428571428,15781.728571428572,0.6075435075676903,0.6074624354559374,0.9754337008188826,72515.25934981686,3045379.900676199,0.886052487616904,0.8642854571159339,-6455.019367602386,-6296.443430597959
2020-06-08 12:30:00,4136001,975.599393448276,3.9305555555555554,99.5,33.3718682413793,52.1749788407486,57.84481582758621,22212.701291770474,21667.331060200475,15941.286666666669,15549.893333333332,0.5986099651126928,0.5985387489459055,0.9754478203976005,76402.73268315019,3049267.3740095324,0.8695518219522598,0.8482024294460941,-6271.4146251038055,-6117.437726867143
2020-06-08 12:45:00,4136001,919.472782,4.118055555555555,99.75,33.46882423333333,50.762712078351434,59.603781,21067.48087618385,20546.504939639144,16410.883333333335,16005.06,0.6162437515270708,0.616058797565438,0.9752710853468175,80403.99768315018,3053268.639009532,0.8247203318138129,0.8043258931156447,-4656.597542850515,-4541.444939639145
2020-06-08 13:00:00,4136001,776.9413851724138,4.305555555555555,100.0,33.097265965517245,47.366161928279666,51.85124986206896,18071.36571218608,17646.947855981627,12540.481904761906,12245.960476190476,0.4709066208063849,0.47136541106348767,0.9765143452374351,83465.48780219781,3056330.12912858,0.7074325978542213,0.6908180800932326,-5530.883807424176,-5400.987379791151
2020-06-08 13:15:00,4136001,618.0603946666666,4.444444444444445,100.0,33.37835496666667,44.53467978014441,50.7018586,14554.671118369462,14215.4505232495,11381.159047619049,11115.90238095238,0.42737298204937324,0.4278677777318119,0.9766933520956146,86244.4633974359,3059109.1047238177,0.5697659470882546,0.55648661277156,-3173.512070750414,-3099.548142297119
2020-06-08 13:30:00,4136001,890.7123813793103,4.583333333333333,100.0,33.48709813793103,49.293883965425444,52.67072368965517,20542.18873649205,20038.690965565012,15844.686666666665,15456.326666666668,0.5949825463328272,0.5949372274171595,0.9754895752645578,90108.54506410257,3062973.1863904847,0.8041569284201233,0.7844467005505975,-4697.502069825387,-4582.364298898345
2020-06-08 13:45:00,4136001,672.5076190000001,4.722222222222222,100.0,33.73505129999998,45.47165896143105,52.3897389,15772.459649199014,15392.42796810458,14432.494761904762,14084.749047619049,0.5419534424393764,0.54214314487338,0.9759053635547748,93629.73232600732,3066494.3736523893,0.617438232499472,0.6025612827600149,-1339.9648872942525,-1307.6789204855304
2020-06-08 14:00:00,4136001,850.4849924137932,4.861111111111111,100.0,34.04048520689655,48.64108593503033,52.49896431034484,19671.16832443274,19187.316744004227,15500.54,15119.273333333334,0.5820595227127986,0.5819635383932661,0.9754030074651163,97409.55065934066,3070274.1919857226,0.7700594372453607,0.7511182910160199,-4170.628324432739,-4068.0434106708926
2020-06-08 14:15:00,4136001,837.2840246666668,4.729166666666666,99.75,34.30160923333333,48.90179275775317,55.354745566666665,19343.534041877414,18864.764960972752,16824.370476190477,16407.952857142856,0.6317705737551549,0.631566748745823,0.9752491411410057,101511.53887362636,3074376.180200008,0.7572336677188262,0.7384914840858389,-2519.1635656869366,-2456.812103829896
2020-06-08 14:30:00,4136001,827.2664623333335,4.597222222222222,99.5,34.651486133333336,49.30763747239496,55.11219686666668,19077.795067052426,18608.44495634391,18562.054285714286,18105.39238095238,0.6970221978145222,0.6969037454192591,0.975398094535616,106037.88696886448,3078902.5282952464,0.746830889295456,0.7284574263591274,-515.7407813381396,-503.0525753915281
2020-06-08 14:45:00,4136001,805.7083706896551,4.465277777777778,99.25,34.95383220689654,49.45999182682102,55.212895,18568.095701127335,18121.33629891152,17941.646666666667,17509.96,0.6737253215360028,0.6739846587903399,0.9759394065279031,110415.37696886448,3083280.018295246,0.7268778900421741,0.7093887766260137,-626.4490344606675,-611.3762989115203
2020-06-08 15:00:00,4136001,583.0057133333331,4.333333333333333,99.0,34.52540486666666,45.19534837569545,52.0578676,13689.813270922226,13381.688351328006,15203.453333333337,14861.26,0.5709036453430854,0.5720322176803675,0.9774923942718275,114130.69196886448,3086995.3332952466,0.5359096993901831,0.5238476551704054,1513.6400624111102,1479.571648671994
2020-06-08 15:15:00,4136001,669.8914724137933,4.361111111111111,99.0,34.56790527586206,46.78551374592942,49.88112982758621,15621.16990761559,15271.613596572039,19624.089523809525,19184.959523809524,0.7369025970644766,0.7384579061609076,0.977622910888823,118926.93184981686,3091791.573176198,0.611515752891587,0.5978318103962434,4002.9196161939362,3913.3459272374857
2020-06-08 15:30:00,4136001,661.8464033333333,4.388888888888889,99.0,34.643021766666656,46.67221848301223,49.4074188,15441.229165542003,15100.741964041952,21131.016666666663,20665.066666666666,0.7934890962144666,0.7954294530777317,0.97794947553399,124093.19851648352,3096957.8398428657,0.60447168391239,0.5911427662572696,5689.78750112466,5564.324702624714
2020-06-08 15:45:00,4136001,546.9249258620687,4.416666666666667,99.0,34.78082813793104,44.68709377571529,48.18100510344827,12870.988150952158,12595.15687229954,17921.01523809524,17536.959523809524,0.6729505924319091,0.675023911012633,0.9785695336350524,128477.43839743592,3101342.0797238178,0.5038554766471779,0.4930576188020959,5050.02708714308,4941.802651509985
2020-06-08 16:00:00,4136001,455.2620366666667,4.444444444444445,99.0,34.512670799999995,42.73039709362214,44.64368766666667,10804.874148286866,10581.812179758765,14923.906666666668,14615.809047619048,0.5604064110934427,0.5625844418778962,0.9793554311261025,132131.39065934066,3104996.0319857225,0.42297412989966204,0.4142420113430716,4119.032518379801,4033.9968678602836
2020-06-08 16:15:00,4136001,388.6018355172414,4.631944444444445,99.25,34.0803748275862,40.93613869680935,42.50126886206896,9294.052281632157,9107.920218284025,12690.22,12436.072857142855,0.47652942389880676,0.4786831221380994,0.9799729915748392,135240.40887362638,3108105.0502000083,0.3638305845226916,0.3565441463411245,3396.167718367842,3328.15263885883
2020-06-08 16:30:00,4136001,330.8074673333333,4.819444444444445,99.5,33.91140243333332,39.618423348253245,40.487863100000006,7956.34616634854,7798.602726352642,11121.574285714283,10901.076666666666,0.41762533566945337,0.4195988133399887,0.9801738842556806,137965.67804029305,3110830.319366675,0.3114639329163648,0.3052888129321841,3165.2281193657436,3102.473940314024
2020-06-08 16:45:00,4136001,265.3666793103448,5.006944444444444,99.75,33.269952206896555,37.74890371219796,38.66062527586207,6433.10316603779,6315.413949478313,9127.79,8960.803333333333,0.3427569033609575,0.3449147786233668,0.9817056848737025,140205.87887362638,3113070.5202000085,0.25183414233853163,0.24722700917902968,2694.6868339622106,2645.3893838550202
2020-06-08 17:00:00,4136001,237.0234883333333,5.194444444444444,100.0,32.76734503333332,36.68314692220385,36.94022733333333,5771.810172734537,5672.644639739491,7922.062857142858,7785.9538095238095,0.2974807410276907,0.2996930559332661,0.9828189891858372,142152.36732600734,3115017.008652389,0.22594676738048688,0.22206477352669762,2150.2526844083204,2113.3091697843183
2020-06-08 17:15:00,4136001,185.70999068965511,5.256944444444445,89.25,32.56407086206897,35.61061953433497,35.58273634482759,4542.616220914204,4456.176154568554,6160.52,6043.293333333334,0.2313331878026604,0.23261543688487027,0.9809713032882506,143663.19065934067,3116527.8319857228,0.1778279984699238,0.17444416342018218,1617.9037790857965,1587.11717876478
2020-06-08 17:30:00,4136001,169.96520433333328,5.319444444444444,78.5,32.27888296666667,35.047722330246266,34.6460289,4167.261903070409,4086.7203376263974,5606.330952380952,5497.976190476191,0.21052287973921208,0.2116253610388321,0.9806727853162603,145037.6847069597,3117902.3260333417,0.16313415161755368,0.15998122284699148,1439.069049310543,1411.2558528497934
2020-06-08 17:45:00,4136001,144.33234689655168,5.381944444444445,67.75,31.91214934482759,34.24715192353823,33.78610644827585,3550.593921905561,3481.003047627718,4693.419047619048,4601.429047619048,0.1762421987071612,0.17711591497681795,0.9804002159051479,146188.04196886448,3119052.683295246,0.13899369433961875,0.13626944794001636,1142.825125713487,1120.4259999913302
2020-06-08 18:00:00,4136001,104.6366424666666,5.444444444444445,57.0,31.7594666,33.44064658821765,32.757250966666675,2582.6975618831752,2523.184744025905,3353.3119047619048,3276.041904761905,0.12591994387246247,0.12609977323556465,0.9769571092118595,147007.05244505496,3119871.693771437,0.10110383878971131,0.09877411407421824,770.6143428787295,752.857160736
2020-06-08 18:15:00,4136001,55.9951432666666,5.534722222222222,60.25,31.1259359,32.01676266318127,31.292101066666664,1390.2489395930024,1348.984811797895,1805.4133333333336,1751.8266666666666,0.06779492992497828,0.06743043948662086,0.970318892811249,147445.00911172162,3120309.650438104,0.054423524744294474,0.052808174272769424,415.1643937403312,402.84185486877163
2020-06-08 18:30:00,4136001,24.2596506206896,5.625,63.5,30.52477713793104,30.906969349363724,29.99747965517241,605.0702776336863,584.7750158756372,782.6295238095238,756.3785714285715,0.029388457891758365,0.029114147227098777,0.9664580090804992,147634.10375457874,3120498.745080961,0.023686446570118858,0.02289195599434869,177.55924617583753,171.60355555293427
2020-06-08 18:45:00,4136001,4.4044479416666,5.715277777777778,66.75,30.0615133,30.130233476957784,29.054799466666665,110.202779097202,106.32162522526458,112.15761904761904,108.20761904761903,0.004211621673274674,0.0041650737752870134,0.9647817060174669,147661.15565934067,3120525.7969857226,0.004314064556555177,0.004162130562742791,1.954839950417039,1.8859938223544503
2020-06-08 19:00:00,4136001,0.1018989665517,5.805555555555555,70.0,29.65547113793104,29.657045839933076,28.320246241379312,2.5545197697508337,0.0,0.0,0.0,0.0,0.0,0.0,147661.15565934067,3120525.7969857226,0.0001000007739186077,0.0,-2.5545197697508337,0.0
2020-06-08 19:15:00,4136001,0.0,5.8125,70.75,29.30558463333333,29.30558463333333,27.751694733333338,0.0,0.0,0.0,0.0,0.0,0.0,0.0,147661.15565934067,3120525.7969857226,0.0,0.0,0.0,0.0
2020-06-08 19:30:00,4136001,0.0,5.819444444444444,71.5,29.090157517241384,29.090157517241384,27.33958275862069,0.0,0.0,0.0,0.0,0.0,0.0,0.0,147661.15565934067,3120525.7969857226,0.0,0.0,0.0,0.0
2020-06-08 19:45:00,4136001,0.0,5.826388888888889,72.25,28.871324533333336,28.871324533333336,27.222312466666672,0.0,0.0,0.0,0.0,0.0,0.0,0.0,147661.15565934067,3120525.7969857226,0.0,0.0,0.0,0.0
2020-06-08 20:00:00,4136001,0.0,5.833333333333333,73.0,28.650005413793107,28.650005413793107,27.089618517241377,0.0,0.0,0.0,0.0,0.0,0.0,0.0,147661.15565934067,3120525.7969857226,0.0,0.0,0.0,0.0
2020-06-08 20:15:00,4136001,0.0,5.763888888888888,72.5,28.3504803,28.3504803,26.73160810000001,0.0,0.0,0.0,0.0,0.0,0.0,0.0,147661.15565934067,3120525.7969857226,0.0,0.0,0.0,0.0
2020-06-08 20:30:00,4136001,0.0,5.694444444444445,72.0,27.97277513793104,27.97277513793104,26.25415562068966,0.0,0.0,0.0,0.0,0.0,0.0,0.0,147661.15565934067,3120525.7969857226,0.0,0.0,0.0,0.0
2020-06-08 20:45:00,4136001,0.0,5.625,71.5,27.66184373333333,27.66184373333333,25.776656066666668,0.0,0.0,0.0,0.0,0.0,0.0,0.0,147661.15565934067,3120525.7969857226,0.0,0.0,0.0,0.0
2020-06-08 21:00:00,4136001,0.0,5.555555555555555,71.0,27.4776408,27.4776408,25.611955666666667,0.0,0.0,0.0,0.0,0.0,0.0,0.0,147661.15565934067,3120525.7969857226,0.0,0.0,0.0,0.0
2020-06-08 21:15:00,4136001,0.0,5.444444444444445,71.0,27.332574206896552,27.332574206896552,25.489046310344825,0.0,0.0,0.0,0.0,0.0,0.0,0.0,147661.15565934067,3120525.7969857226,0.0,0.0,0.0,0.0
2020-06-08 21:30:00,4136001,0.0,5.333333333333333,71.0,27.098923666666668,27.098923666666668,25.3664722,0.0,0.0,0.0,0.0,0.0,0.0,0.0,147661.15565934067,3120525.7969857226,0.0,0.0,0.0,0.0
2020-06-08 21:45:00,4136001,0.0,5.222222222222222,71.0,26.943985137931037,26.943985137931037,25.33045903448276,0.0,0.0,0.0,0.0,0.0,0.0,0.0,147661.15565934067,3120525.7969857226,0.0,0.0,0.0,0.0
2020-06-08 22:00:00,4136001,0.0,5.111111111111111,71.0,26.792292433333337,26.792292433333337,25.27867296666667,0.0,0.0,0.0,0.0,0.0,0.0,0.0,147661.15565934067,3120525.7969857226,0.0,0.0,0.0,0.0
2020-06-08 22:15:00,4136001,0.0,5.006944444444444,71.25,26.628344666666663,26.628344666666663,25.231978266666665,0.0,0.0,0.0,0.0,0.0,0.0,0.0,147661.15565934067,3120525.7969857226,0.0,0.0,0.0,0.0
2020-06-08 22:30:00,4136001,0.0,4.902777777777778,71.5,26.375718655172413,26.375718655172413,24.8988825862069,0.0,0.0,0.0,0.0,0.0,0.0,0.0,147661.15565934067,3120525.7969857226,0.0,0.0,0.0,0.0
2020-06-08 22:45:00,4136001,0.0,4.798611111111111,71.75,26.1349161,26.1349161,24.625021466666663,0.0,0.0,0.0,0.0,0.0,0.0,0.0,147661.15565934067,3120525.7969857226,0.0,0.0,0.0,0.0
2020-06-08 23:00:00,4136001,0.0,4.694444444444444,72.0,25.8920394137931,25.8920394137931,24.41850120689656,0.0,0.0,0.0,0.0,0.0,0.0,0.0,147661.15565934067,3120525.7969857226,0.0,0.0,0.0,0.0
2020-06-08 23:15:00,4136001,0.0,4.784722222222221,55.0,25.68439919999999,25.68439919999999,24.09458933333333,0.0,0.0,0.0,0.0,0.0,0.0,0.0,147661.15565934067,3120525.7969857226,0.0,0.0,0.0,0.0
2020-06-08 23:30:00,4136001,0.0,4.874999999999999,38.0,25.543894333333338,25.543894333333338,24.06281656666667,0.0,0.0,0.0,0.0,0.0,0.0,0.0,147661.15565934067,3120525.7969857226,0.0,0.0,0.0,0.0
2020-06-08 23:45:00,4136001,0.0,4.965277777777778,21.0,25.251448,25.251448,23.65558920689655,0.0,0.0,0.0,0.0,0.0,0.0,0.0,147661.15565934067,3120525.7969857226,0.0,0.0,0.0,0.0
2020-06-09 00:00:00,4136001,0.0,5.055555555555555,4.0,25.08985096666667,25.08985096666667,23.4152731,0.0,0.0,0.0,0.0,0.0,0.0,0.0,0.0,3120525.7969857226,0.0,0.0,0.0,0.0
2020-06-09 00:15:00,4136001,0.0,5.118055555555555,4.0,24.916419517241383,24.916419517241383,23.182842482758623,0.0,0.0,0.0,0.0,0.0,0.0,0.0,0.0,3120525.7969857226,0.0,0.0,0.0,0.0
2020-06-09 00:30:00,4136001,0.0,5.180555555555555,4.0,24.668885166666666,24.668885166666666,22.861545800000005,0.0,0.0,0.0,0.0,0.0,0.0,0.0,0.0,3120525.7969857226,0.0,0.0,0.0,0.0
2020-06-09 00:45:00,4136001,0.0,5.243055555555555,4.0,24.47155879310345,24.47155879310345,22.49364603448276,0.0,0.0,0.0,0.0,0.0,0.0,0.0,0.0,3120525.7969857226,0.0,0.0,0.0,0.0
2020-06-09 01:00:00,4136001,0.0,5.305555555555556,4.0,24.273839433333336,24.273839433333336,22.1972332,0.0,0.0,0.0,0.0,0.0,0.0,0.0,0.0,3120525.7969857226,0.0,0.0,0.0,0.0
2020-06-09 01:15:00,4136001,0.0,5.208333333333333,3.0,24.257015,24.257015,22.223686866666664,0.0,0.0,0.0,0.0,0.0,0.0,0.0,0.0,3120525.7969857226,0.0,0.0,0.0,0.0
2020-06-09 01:30:00,4136001,0.0,5.111111111111111,2.0,24.24133093103448,24.24133093103448,22.27647779310345,0.0,0.0,0.0,0.0,0.0,0.0,0.0,0.0,3120525.7969857226,0.0,0.0,0.0,0.0
2020-06-09 01:45:00,4136001,0.0,5.013888888888889,1.0,24.16173293333333,24.16173293333333,22.23845016666667,0.0,0.0,0.0,0.0,0.0,0.0,0.0,0.0,3120525.7969857226,0.0,0.0,0.0,0.0
2020-06-09 02:00:00,4136001,0.0,4.916666666666666,0.0,24.05367431034482,24.05367431034482,22.112273206896557,0.0,0.0,0.0,0.0,0.0,0.0,0.0,0.0,3120525.7969857226,0.0,0.0,0.0,0.0
2020-06-09 02:15:00,4136001,0.0,4.770833333333333,3.5,24.030280766666667,24.030280766666667,22.138099133333338,0.0,0.0,0.0,0.0,0.0,0.0,0.0,0.0,3120525.7969857226,0.0,0.0,0.0,0.0
2020-06-09 02:30:00,4136001,0.0,4.624999999999999,7.0,23.772527966666665,23.772527966666665,21.891521300000004,0.0,0.0,0.0,0.0,0.0,0.0,0.0,0.0,3120525.7969857226,0.0,0.0,0.0,0.0
2020-06-09 02:45:00,4136001,0.0,4.479166666666667,10.5,23.60977810344827,23.60977810344827,21.57529013793104,0.0,0.0,0.0,0.0,0.0,0.0,0.0,0.0,3120525.7969857226,0.0,0.0,0.0,0.0
2020-06-09 03:00:00,4136001,0.0,4.333333333333333,14.0,23.662695533333338,23.662695533333338,21.656404666666667,0.0,0.0,0.0,0.0,0.0,0.0,0.0,0.0,3120525.7969857226,0.0,0.0,0.0,0.0
2020-06-09 03:15:00,4136001,0.0,4.194444444444445,10.5,23.57151948275862,23.57151948275862,21.710799551724133,0.0,0.0,0.0,0.0,0.0,0.0,0.0,0.0,3120525.7969857226,0.0,0.0,0.0,0.0
2020-06-09 03:30:00,4136001,0.0,4.055555555555555,7.0,23.445426633333337,23.445426633333337,21.577228700000006,0.0,0.0,0.0,0.0,0.0,0.0,0.0,0.0,3120525.7969857226,0.0,0.0,0.0,0.0
2020-06-09 03:45:00,4136001,0.0,3.9166666666666665,3.5,23.38027648275862,23.38027648275862,21.517179275862063,0.0,0.0,0.0,0.0,0.0,0.0,0.0,0.0,3120525.7969857226,0.0,0.0,0.0,0.0
2020-06-09 04:00:00,4136001,0.0,3.7777777777777777,0.0,23.33068246666667,23.33068246666667,21.418877233333333,0.0,0.0,0.0,0.0,0.0,0.0,0.0,0.0,3120525.7969857226,0.0,0.0,0.0,0.0
2020-06-09 04:15:00,4136001,0.0,3.5833333333333335,3.25,23.129676689655177,23.129676689655177,21.083283482758624,0.0,0.0,0.0,0.0,0.0,0.0,0.0,0.0,3120525.7969857226,0.0,0.0,0.0,0.0
2020-06-09 04:30:00,4136001,0.0,3.3888888888888884,6.5,22.96142263333333,22.96142263333333,20.66607250000001,0.0,0.0,0.0,0.0,0.0,0.0,0.0,0.0,3120525.7969857226,0.0,0.0,0.0,0.0
2020-06-09 04:45:00,4136001,0.0,3.194444444444444,9.75,22.85722710344828,22.85722710344828,20.40460524137931,0.0,0.0,0.0,0.0,0.0,0.0,0.0,0.0,3120525.7969857226,0.0,0.0,0.0,0.0
2020-06-09 05:00:00,4136001,0.0,3.0,13.0,22.7539153,22.7539153,20.316495866666667,0.0,0.0,0.0,0.0,0.0,0.0,0.0,0.0,3120525.7969857226,0.0,0.0,0.0,0.0
2020-06-09 05:15:00,4136001,0.0,3.0625,19.75,22.652897900000006,22.652897900000006,20.477499233333333,0.0,0.0,0.0,0.0,0.0,0.0,0.0,0.0,3120525.7969857226,0.0,0.0,0.0,0.0
2020-06-09 05:30:00,4136001,0.0,3.125,26.5,22.737865448275866,22.737865448275866,20.70989455172414,0.0,0.0,0.0,0.0,0.0,0.0,0.0,0.0,3120525.7969857226,0.0,0.0,0.0,0.0
2020-06-09 05:45:00,4136001,0.7921235759998999,3.1875,33.25,22.977233833333337,22.994158646665955,20.898189266666662,20.397147917298597,0.0,0.0,0.0,0.0,0.0,0.0,0.0,3120525.7969857226,0.0007984790729026657,0.0,-20.397147917298597,0.0
2020-06-09 06:00:00,4136001,11.1385345448275,3.2499999999999996,40.0,23.10134286206896,23.337178867676148,21.186319172413796,286.42638064160525,276.4778771023791,293.2147619047619,283.0304761904762,0.011010483787444344,0.01089426811497602,0.965266804276404,70.75761904761904,3120596.55460477,0.011212620107324534,0.010823169978562502,6.788381263156623,6.552599088097054
2020-06-09 06:15:00,4136001,31.1052466,3.256944444444444,42.0,23.319584166666672,23.97751334227875,21.658508266666672,797.8333286055642,771.4566774887262,944.0166666666668,912.8071428571428,0.03544869342828876,0.03513531788307663,0.9669396474537625,298.95940476190475,3120824.7563904845,0.03123246539853452,0.030199909081570803,146.18333806110252,141.35046536841662
2020-06-09 06:30:00,4136001,56.9932276,3.263888888888889,44.0,23.57032373333333,24.774618030216583,22.241770433333333,1457.2045262681436,1413.3414545219734,1724.2838095238094,1672.3814285714286,0.06474844174414791,0.06437247295270895,0.9698991658648616,717.0547619047619,3121242.8517476274,0.0570446085836032,0.05532751828232427,267.0792832556658,259.03997404945517
2020-06-09 06:45:00,4136001,94.4432277586207,3.2708333333333335,46.0,24.037088344827588,26.030718146054475,23.122031448275862,2402.6056075516913,2341.4322339715854,2887.0,2813.4933333333333,0.10840950328645643,0.10829558401478717,0.9745387368664127,1420.4280952380952,3121946.225080961,0.09405385036412962,0.09165912053128147,484.39439244830874,472.0610993617479
2020-06-09 07:00:00,4136001,185.5330313333333,3.2777777777777777,48.0,24.688094066666665,28.600642175762687,26.047689833333337,4671.181156682806,4582.367577695816,5342.610476190476,5241.030952380952,0.20061993348695115,0.2017351529158311,0.9809869118734714,2730.685833333333,3123256.482819056,0.1828608791028697,0.17938412909359233,671.4293195076698,658.6633746851358
2020-06-09 07:15:00,4136001,304.980821724138,3.3402777777777777,50.5,25.66310275862069,32.037120663926885,30.345590448275868,7571.437719360481,7439.581930236878,8456.171428571428,8308.908095238095,0.3175370087553007,0.3198223518208689,0.9825851054963521,4807.912857142857,3125333.709842866,0.2963960743535127,0.29123436798735086,884.7337092109465,869.3261650012173
2020-06-09 07:30:00,4136001,393.4728033333333,3.4027777777777777,53.0,26.30932723333333,34.45998084976696,33.32653273333333,9670.92374820418,9483.584394451618,10752.079523809523,10543.796666666669,0.40375046777716295,0.4058465695374552,0.9806285977813287,7443.862023809524,3127969.659009532,0.3785838225955835,0.37125012309460237,1081.1557756053426,1060.2122722150507
2020-06-09 07:45:00,4136001,460.3070396551724,3.4652777777777777,55.5,26.52304386206897,35.9744486083381,34.403433931034485,11242.369210143546,11018.173336503185,12344.507142857145,12098.33238095238,0.46354758838699567,0.46568298395360763,0.9800579513579684,10468.44511904762,3130994.24210477,0.44010057585216467,0.43132406876113466,1102.1379327135983,1080.1590444491958
2020-06-09 08:00:00,4136001,383.4108376666666,3.5277777777777777,58.0,26.675620500000004,34.47962696583893,34.63887826666667,9422.847266680703,9241.334578053415,10515.82,10313.253333333334,0.39487870552469145,0.3969726103820342,0.9807369594889732,13046.758452380953,3133572.555438104,0.36887247080370733,0.36176686545521297,1092.9727333192968,1071.9187552799194
2020-06-09 08:15:00,4136001,417.06262933333335,3.4305555555555554,57.25,26.87966306666667,35.485102648495484,33.53333140000001,10207.03739941374,10005.901191988507,11851.356666666668,11617.818095238095,0.445029334777959,0.4471872674070806,0.9802943597094308,15951.212976190476,3136477.009961913,0.39957085141568766,0.39169705194709364,1644.3192672529276,1611.9169032495884
2020-06-09 08:30:00,4136001,530.4539527586206,3.333333333333333,56.5,27.64948037931034,38.746843407733365,37.25340955172413,12805.34277387695,12539.131325926106,15759.042857142858,15431.426666666666,0.5917665425745883,0.5939787890195914,0.9792109080833105,19809.069642857143,3140334.86662858,0.5012856830642768,0.490864408922533,2953.7000832659087,2892.2953407405603
2020-06-09 08:45:00,4136001,558.5220813333334,3.236111111111111,55.75,28.002729266666663,39.85214225772073,38.87611719999999,13419.837983350739,13138.67569158551,16568.740476190476,16221.60476190476,0.6221714323193679,0.6243939306819738,0.979048756615836,23864.470833333333,3144390.267819056,0.5253410837091697,0.5143345348046784,3148.9024928397375,3082.929070319251
2020-06-09 09:00:00,4136001,659.95724,3.138888888888889,55.0,28.392504551724137,42.59429581490468,40.26392420689655,15672.146372490666,15332.542115426488,19459.425714285717,19037.75380952381,0.7307193196832048,0.732791737128263,0.9783307117613267,28623.90928571429,3149149.706271437,0.6135113083770078,0.6002169549981009,3787.2793417950506,3705.211694097321
2020-06-09 09:15:00,4136001,681.518345,2.9583333333333335,44.25,28.73394366666667,43.80011687325449,42.66937036666666,16100.19214780706,15748.31854376695,20246.553333333333,19804.06,0.7602766851851109,0.7622880133228985,0.978144757478063,33574.92428571429,3154100.7212714367,0.6302678468509321,0.6164931902042259,4146.361185526273,4055.7414562330505
2020-06-09 09:30:00,4136001,696.3356251724138,2.7777777777777777,33.5,28.85085217241379,44.6766618354232,41.72331493103448,16387.868080829114,16022.309118757435,17763.564761904763,17367.318571428572,0.6670381823466907,0.6684941759699862,0.9776933179917823,37916.75392857143,3158442.550914294,0.6415293826905114,0.6272189907519059,1375.6966810756494,1345.0094526711364
2020-06-09 09:45:00,4136001,764.4892783333333,2.597222222222222,22.75,29.97841589999999,47.85493357411044,48.841255533333324,17743.553720931952,17325.02415434454,5072.236666666667,4952.594285714286,0.19046714845330268,0.19063279240981307,0.9764123031287879,39154.9025,3159680.6994857225,0.6945998716356215,0.6782158604166977,-12671.317054265284,-12372.429868630254
2020-06-09 10:00:00,4136001,772.2951262068965,2.4166666666666665,12.0,29.87426744827586,48.470345613623714,46.25639937931035,17876.16089308528,17445.716429734377,14625.399047619048,14273.230476190474,0.5491971756559036,0.5493980781413046,0.975920754689705,42723.21011904762,3163249.0071047703,0.6997909920957245,0.6829405531311168,-3250.7618454662334,-3172.4859535439027
2020-06-09 10:15:00,4136001,828.0756470000001,2.2916666666666665,16.0,30.301633733333336,50.65997785134195,49.99048963333334,18982.0306084699,18521.716216308487,14139.926666666666,13797.033333333333,0.5309672415795819,0.5310685349073107,0.9757499921027407,46172.46845238096,3166698.265438104,0.7430820359549776,0.7250622907147578,-4842.103941803234,-4724.682882975154
2020-06-09 10:30:00,4136001,876.2817527586208,2.1666666666666665,20.0,31.10254106896551,53.10861220805694,55.13560751724137,19867.81525742835,19381.99605385942,15034.273333333334,14666.646666666666,0.5645507808588446,0.5645412581885858,0.975547426967981,49839.130119047615,3170364.92710477,0.7777574968654668,0.7587393248721637,-4833.541924095014,-4715.349387192755
2020-06-09 10:45:00,4136001,870.1082106666665,2.0416666666666665,24.0,31.264162166666665,53.59466930555199,52.49366256666666,19684.629191808057,19212.99085532259,14148.583333333334,13809.587142857144,0.5312923073687921,0.5315517498905787,0.9760402732563668,53291.52690476191,3173817.3238904844,0.7705863844904309,0.7521233452856759,-5536.045858474723,-5403.403712465446
2020-06-09 11:00:00,4136001,795.815186896552,1.9166666666666667,28.0,31.781721379310344,52.66377823831197,53.44999120689656,18079.580208802927,17653.884008472596,12274.594761904762,11985.580952380951,0.4609223142295238,0.46134301212535456,0.9764543094798707,56287.92214285714,3176813.71912858,0.7077541675006039,0.6910896069083029,-5804.985446898165,-5668.303056091645
2020-06-09 11:15:00,4136001,794.7275603333331,1.8819444444444444,29.5,32.175657133333324,53.159948118436844,54.891657333333335,18014.579560616476,17586.278562987227,12388.497142857144,12093.957619047618,0.4651994533158392,0.46551459279739305,0.9762247574977769,59311.41154761905,3179837.208533341,0.705209612864219,0.6884430833034734,-5626.082417759331,-5492.320943939609
2020-06-09 11:30:00,4136001,941.355501724138,1.8472222222222223,31.0,33.00239186206896,58.01515927867951,58.08577868965519,20871.27388483126,20364.34999340478,14391.126666666669,14041.593333333334,0.5404000324439941,0.5404820166145085,0.9757118854256951,62821.80988095238,3183347.606866675,0.8170394944150032,0.7971951455629195,-6480.1472181645895,-6322.756660071445
2020-06-09 11:45:00,4136001,548.0442070000003,1.8125,32.5,32.501644766666665,47.15621277254942,50.18232919999999,12759.060028660753,12468.127343797678,10800.2,10553.933333333334,0.4055574358830574,0.4062367450618198,0.9771979531243249,65460.29321428572,3185986.0902000084,0.49947387076377975,0.48808484414944914,-1958.8600286607525,-1914.1940104643436
2020-06-09 12:00:00,4136001,713.7815336666666,1.777777777777778,34.0,32.48051859999999,51.68884835421599,48.017826633333335,16287.01955100811,15905.0398022282,13178.586666666666,12869.509047619047,0.4948680410636823,0.49536673209183324,0.9765469828544372,68677.67047619047,3189203.467461913,0.6375815052263891,0.6226282952526209,-3108.432884341444,-3035.5307546091535
2020-06-09 12:15:00,4136001,608.1792393103447,2.006944444444444,37.75,32.74632389655172,48.45039049807117,49.65918703448276,14078.643354090875,13757.123056139526,11682.982857142855,11416.173333333334,0.43870674348702543,0.4394256576690092,0.9771625511162677,71531.7138095238,3192057.5107952463,0.5511310766917548,0.5385446488995704,-2395.6604969480195,-2340.949722806192
2020-06-09 12:30:00,4136001,499.0866916666665,2.236111111111111,41.5,32.671915799999994,45.05773765548247,46.348622600000006,11726.291546900962,11469.10744297425,11863.605714285712,11603.41,0.445489297773495,0.4466326781816988,0.9780677375367934,74432.56630952381,3194958.3632952464,0.4590444919514959,0.44897660767172637,137.31416738474945,134.3025570257505
2020-06-09 12:45:00,4136001,826.6699910344828,2.4652777777777777,45.25,33.75495137931035,53.50221900629113,53.14650437931035,18709.72700243225,18260.81011479376,15349.54,14981.246666666666,0.5763893339368183,0.5766506846895852,0.9760062299369665,78177.87797619047,3198703.674961913,0.7324222745129085,0.7148487028692018,-3360.187002432249,-3279.5634481270936
2020-06-09 13:00:00,4136001,720.9952,2.694444444444444,49.0,33.71502976666666,50.31634682860542,55.152543,16552.734466796013,16169.781453949063,12086.687142857145,11807.05761904762,0.4538662104384975,0.45447138089931066,0.9768646676707623,81129.64238095238,3201655.439366675,0.647983341820161,0.6329920318633416,-4466.047323938868,-4362.723834901442
2020-06-09 13:15:00,4136001,584.1201062068965,3.173611111111111,45.75,33.20289665517242,45.708813396742755,46.4867574137931,13685.334458250773,13370.850733494066,12107.23142857143,11829.011904761905,0.45463766724821714,0.45531643432982266,0.9770203844329791,84086.89535714286,3204612.6923428653,0.5357343690839997,0.5234233992364089,-1578.1030296793433,-1541.8388287321613
2020-06-09 13:30:00,4136001,670.1499496666667,3.6527777777777777,42.5,33.793959433333335,47.20098053299657,50.61013273333334,15598.747856110078,15241.272790375384,13389.926666666666,13083.070952380953,0.5028040522949119,0.5035870505569564,0.9770830922435437,87357.6630952381,3207883.4600809608,0.6106380057197134,0.5966440708700483,-2208.8211894434116,-2158.201837994431
2020-06-09 13:45:00,4136001,519.9972951724137,4.131944444444445,39.25,33.49189089655172,43.25480655339122,48.92801972413793,12313.392360944381,12048.370782506168,11536.786666666669,11288.48,0.4332169421735874,0.43451054948506884,0.9784769647007425,90179.78309523808,3210705.580080961,0.4820274950457773,0.47165280025469436,-776.6056942777122,-759.8907825061688
2020-06-09 14:00:00,4136001,541.861241,4.611111111111112,36.0,33.63099263333333,43.21467216994458,47.320751,12833.346696494784,12560.434997558597,11628.046666666669,11380.766666666666,0.4366438390457461,0.4380628018913697,0.9787341754734384,93024.97476190476,3213550.7717476278,0.5023819415343427,0.49169837532036004,-1205.300029828115,-1179.668330891931
2020-06-09 14:15:00,4136001,586.5618399999996,4.729166666666667,34.5,33.932267333333336,44.16046978330935,46.79574266666667,13835.341576766989,13537.78855663185,14528.16238095238,14215.709047619048,0.5455458494575788,0.5471839919635608,0.9784932653462777,96578.90202380953,3217104.699009532,0.5416066383545504,0.5299584480967645,692.8208041853923,677.9204909871987
2020-06-09 14:30:00,4136001,471.0798586206895,4.847222222222223,33.0,33.66286575862069,41.76328461548062,44.45120344827587,11226.835290069854,10994.540467679017,13345.164285714283,13069.039047619048,0.5011231837514526,0.5030469414680075,0.9793089667400482,99846.16178571428,3220371.958771437,0.43949247563397353,0.4303989222031324,2118.3289956444296,2074.498579940031
2020-06-09 14:45:00,4136001,460.747443,4.965277777777778,31.5,33.21628106666666,41.030526442965154,41.622585166666674,11015.089492111574,10788.335907716806,14739.919523809524,14436.48761904762,0.5534975247864675,0.5556820907674704,0.9794142767013234,103455.2836904762,3223981.080676199,0.43120334672583965,0.42232671394467824,3724.8300316979494,3648.1517113308146
2020-06-09 15:00:00,4136001,469.01952275862055,5.083333333333333,30.0,33.44176203448276,41.28883452500678,41.91888224137932,11200.470845906115,10967.902829596118,15227.405714285716,14911.221904761906,0.5718030792611926,0.5739553264329557,0.9792358714638318,107183.08916666669,3227708.886152389,0.43846039717776925,0.4293561491327507,4026.9348683796015,3943.3190751657876
2020-06-09 15:15:00,4136001,423.2792523333333,5.423611111111111,41.25,33.6994721,40.51583753070709,43.42953376666667,10141.598069924357,9936.296743589777,13453.873333333331,13181.52,0.5052053083981879,0.5073765022614581,0.9797565112599546,110478.46916666666,3231004.2661523893,0.3970091238960406,0.3889722741667558,3312.275263408974,3245.2232564102233
2020-06-09 15:30:00,4136001,403.0901289655171,5.763888888888888,52.5,33.290031586206894,39.546766222846664,40.94111372413793,9697.788782981585,9500.51828733175,13528.370476190476,13253.179047619047,0.5080027445787917,0.5101347666297813,0.979658198372394,113791.76392857142,3234317.560914294,0.3796354974743231,0.3719130274939029,3830.581693208891,3752.6607602872973
2020-06-09 15:45:00,4136001,500.8327286666667,6.104166666666667,63.75,33.58660966666667,41.08944070170905,42.74431776666666,11970.393506547454,11716.12575424879,17096.117619047618,16732.972380952382,0.6419749287176267,0.6440772383674419,0.9787586137281462,117975.00702380952,3238500.804009532,0.46860025470923683,0.45864653569186886,5125.724112500164,5016.846626703593
2020-06-09 16:00:00,4136001,435.199468,6.444444444444444,75.0,33.0764027,39.376337094904464,42.459844,10477.873652633922,10264.140622557798,14122.038571428571,13833.97,0.530295527163405,0.532490282682873,0.9796014881299513,121433.49952380951,3241959.2965095323,0.4101731709780357,0.4018062486810647,3644.1649187946496,3569.829377442202
2020-06-09 16:15:00,4136001,471.7216579310344,6.291666666666666,78.75,33.27681251724139,40.21032700141916,42.838554482758624,11316.984096107704,11082.291442824153,15617.430952380952,15293.555238095238,0.586448885402892,0.5886719106633501,0.9792619083591122,125256.88833333334,3245782.685319056,0.44302149524790385,0.4338340748805697,4300.446856273247,4211.263795271085
2020-06-09 16:30:00,4136001,403.1365280000001,6.138888888888889,82.5,33.22364099999999,39.24150229273025,42.33871990000001,9711.479660843079,9515.513567804619,13270.026666666668,13002.253333333334,0.49830169710126937,0.5004762590189942,0.9798211910149388,128507.45166666666,3249033.2486523893,0.38017144884881887,0.3725000418009246,3558.5470058235896,3486.739765528715
2020-06-09 16:45:00,4136001,225.5481,5.986111111111112,86.25,32.63428348275861,36.054529142020115,38.62696565517241,5506.857954925531,5407.816157227045,7408.85380952381,7275.604285714287,0.27820926962675674,0.28004893626260013,0.98201482614784,130326.35273809524,3250852.149723818,0.21557478782249093,0.2116976377853609,1901.995854598279,1867.788128487242
2020-06-09 17:00:00,4136001,185.41175233333328,5.833333333333333,90.0,32.061292366666656,34.91817606979968,35.74595430000001,4548.439669686776,4461.370437051652,6078.2219047619055,5961.868571428571,0.22824281869071605,0.22948127550646244,0.9808573403280688,131816.8198809524,3252342.616866675,0.17805596671312493,0.17464750193977888,1529.7822350751294,1500.4981343769196
2020-06-09 17:15:00,4136001,158.7967972413793,5.923611111111111,92.5,31.747895413793103,34.17162643590749,34.54536172413794,3907.6466888897207,3831.676739973049,5235.207142857143,5133.427619047619,0.19658683961165624,0.19759333900526996,0.9805586443798332,133100.17678571428,3253625.973771437,0.1529710976273134,0.14999713211873356,1327.5604539674218,1301.7508790745705
2020-06-09 17:30:00,4136001,114.8093877666666,6.013888888888888,95.0,31.548145533333336,33.28413083259495,33.42435616666667,2835.6228223364087,2776.5908149690927,3766.52,3688.1085714285714,0.14143628760599372,0.14196083812276064,0.9791819959614104,134022.20392857143,3254548.0009142943,0.11100500381038984,0.1086941011927615,930.8971776635913,911.5177564594787
2020-06-09 17:45:00,4136001,81.1515678333333,6.104166666666667,97.5,31.337953666666667,32.55366195973934,32.47899783333333,2010.381327717117,1955.4110623409624,2667.5733333333333,2594.633333333333,0.10016983028987306,0.09987133390668562,0.9726567966891256,134670.86226190475,3255196.6592476275,0.07869960178966988,0.07654770257745008,657.1920056162162,639.2222709923708
2020-06-09 18:00:00,4136001,53.9801748275862,6.194444444444445,100.0,30.9759341724138,31.777183613227013,31.487286827586203,1341.542693189933,1301.335196307103,1751.9104761904762,1699.4038095238095,0.06578584846766501,0.06541260498076001,0.9700289099356023,135095.7132142857,3255621.5102000083,0.052516840602463616,0.05094285364286956,410.3677830005431,398.0686132167066
2020-06-09 18:15:00,4136001,32.586148033333295,6.222222222222221,100.0,30.425907533333326,30.908236545075976,30.5566122,812.7407763020508,786.042259550878,1049.837619047619,1015.350476190476,0.03942236744454051,0.03908236479397138,0.9671500218401121,135349.55083333334,3255875.347819056,0.03181604135063812,0.030770885087135567,237.0968427455682,229.30821663959796
2020-06-09 18:30:00,4136001,15.8776952068965,6.25,100.0,29.78792568965517,30.022282814480214,29.545744862068968,397.4476583218749,383.7479977425261,509.4971428571429,491.9352380952381,0.019132085965712364,0.018935326156916617,0.9655309062904227,135472.53464285715,3255998.33162858,0.015558726103811895,0.015022430915737956,112.049484535268,108.18724035271202
2020-06-09 18:45:00,4136001,3.09579056,6.277777777777778,100.0,29.3878782,29.433444737533115,28.81889543333333,77.67954768284685,74.99103774680526,24.33904761904762,23.496666666666663,0.0009139536068051134,0.0009044219898871091,0.9653897323524806,135478.4088095238,3256004.205795246,0.003040890494533053,0.0029356444606304663,-53.340500063799226,-51.4943710801386
2020-06-09 19:00:00,4136001,0.0383775853333333,6.305555555555555,100.0,29.1135703,29.114133599359068,28.39846403333333,0.9642221646928304,0.0,0.0,0.0,0.0,0.0,0.0,135478.4088095238,3256004.205795246,3.774602328020475e-05,0.0,-0.9642221646928304,0.0
2020-06-09 19:15:00,4136001,0.0,6.354166666666666,100.0,28.7548711724138,28.7548711724138,27.99284410344828,0.0,0.0,0.0,0.0,0.0,0.0,0.0,135478.4088095238,3256004.205795246,0.0,0.0,0.0,0.0
2020-06-09 19:30:00,4136001,0.0,6.402777777777778,100.0,28.49226686666667,28.49226686666667,27.5837351,0.0,0.0,0.0,0.0,0.0,0.0,0.0,135478.4088095238,3256004.205795246,0.0,0.0,0.0,0.0
2020-06-09 19:45:00,4136001,0.0,6.451388888888889,100.0,28.32192913793104,28.32192913793104,27.31227586206897,0.0,0.0,0.0,0.0,0.0,0.0,0.0,135478.4088095238,3256004.205795246,0.0,0.0,0.0,0.0
2020-06-09 20:00:00,4136001,0.0,6.499999999999999,100.0,28.137156099999995,28.137156099999995,27.1275268,0.0,0.0,0.0,0.0,0.0,0.0,0.0,135478.4088095238,3256004.205795246,0.0,0.0,0.0,0.0
2020-06-09 20:15:00,4136001,0.0,6.451388888888889,100.0,28.020356379310343,28.020356379310343,27.049498482758622,0.0,0.0,0.0,0.0,0.0,0.0,0.0,135478.4088095238,3256004.205795246,0.0,0.0,0.0,0.0
2020-06-09 20:30:00,4136001,0.0,6.402777777777778,100.0,27.789789733333336,27.789789733333336,26.98568626666666,0.0,0.0,0.0,0.0,0.0,0.0,0.0,135478.4088095238,3256004.205795246,0.0,0.0,0.0,0.0
2020-06-09 20:45:00,4136001,0.0,6.354166666666666,100.0,27.563402266666664,27.563402266666664,26.703043566666665,0.0,0.0,0.0,0.0,0.0,0.0,0.0,135478.4088095238,3256004.205795246,0.0,0.0,0.0,0.0
2020-06-09 21:00:00,4136001,0.0,6.305555555555555,100.0,27.385646620689656,27.385646620689656,26.474708103448272,0.0,0.0,0.0,0.0,0.0,0.0,0.0,135478.4088095238,3256004.205795246,0.0,0.0,0.0,0.0
2020-06-09 21:15:00,4136001,0.0,6.201388888888888,100.0,27.17383313333333,27.17383313333333,26.23133143333333,0.0,0.0,0.0,0.0,0.0,0.0,0.0,135478.4088095238,3256004.205795246,0.0,0.0,0.0,0.0
2020-06-09 21:30:00,4136001,0.0,6.097222222222221,100.0,26.97954372413793,26.97954372413793,25.88630293103448,0.0,0.0,0.0,0.0,0.0,0.0,0.0,135478.4088095238,3256004.205795246,0.0,0.0,0.0,0.0
2020-06-09 21:45:00,4136001,0.0,5.993055555555555,100.0,26.803884000000004,26.803884000000004,25.7223277,0.0,0.0,0.0,0.0,0.0,0.0,0.0,135478.4088095238,3256004.205795246,0.0,0.0,0.0,0.0
2020-06-09 22:00:00,4136001,0.0,5.888888888888888,100.0,26.625941793103447,26.625941793103447,25.58186593103449,0.0,0.0,0.0,0.0,0.0,0.0,0.0,135478.4088095238,3256004.205795246,0.0,0.0,0.0,0.0
2020-06-09 22:15:00,4136001,0.0,5.916666666666667,99.75,26.53613793333333,26.53613793333333,25.50844213333333,0.0,0.0,0.0,0.0,0.0,0.0,0.0,135478.4088095238,3256004.205795246,0.0,0.0,0.0,0.0
2020-06-09 22:30:00,4136001,0.0,5.944444444444444,99.5,26.33365179310344,26.33365179310344,25.235205310344828,0.0,0.0,0.0,0.0,0.0,0.0,0.0,135478.4088095238,3256004.205795246,0.0,0.0,0.0,0.0
2020-06-09 22:45:00,4136001,0.0,5.972222222222222,99.25,26.05942183333334,26.05942183333334,24.828207433333333,0.0,0.0,0.0,0.0,0.0,0.0,0.0,135478.4088095238,3256004.205795246,0.0,0.0,0.0,0.0
2020-06-09 23:00:00,4136001,0.0,6.0,99.0,25.9084695862069,25.9084695862069,24.625861827586206,0.0,0.0,0.0,0.0,0.0,0.0,0.0,135478.4088095238,3256004.205795246,0.0,0.0,0.0,0.0
2020-06-09 23:15:00,4136001,0.0,6.0,99.25,25.75971583333333,25.75971583333333,24.364313733333333,0.0,0.0,0.0,0.0,0.0,0.0,0.0,135478.4088095238,3256004.205795246,0.0,0.0,0.0,0.0
2020-06-09 23:30:00,4136001,0.0,6.0,99.5,25.67693131034483,25.67693131034483,24.28865624137931,0.0,0.0,0.0,0.0,0.0,0.0,0.0,135478.4088095238,3256004.205795246,0.0,0.0,0.0,0.0
2020-06-09 23:45:00,4136001,0.0,6.0,99.75,25.5602008,25.5602008,24.195226966666663,0.0,0.0,0.0,0.0,0.0,0.0,0.0,135478.4088095238,3256004.205795246,0.0,0.0,0.0,0.0
2020-06-10 00:00:00,4136001,0.0,6.0,100.0,25.437387933333333,25.437387933333333,24.202457666666664,0.0,0.0,0.0,0.0,0.0,0.0,0.0,0.0,3256004.205795246,0.0,0.0,0.0,0.0
2020-06-10 00:15:00,4136001,0.0,6.006944444444445,100.0,25.21314627586207,25.21314627586207,23.82803662068965,0.0,0.0,0.0,0.0,0.0,0.0,0.0,0.0,3256004.205795246,0.0,0.0,0.0,0.0
2020-06-10 00:30:00,4136001,0.0,6.013888888888888,100.0,25.12166253333333,25.12166253333333,23.604673266666666,0.0,0.0,0.0,0.0,0.0,0.0,0.0,0.0,3256004.205795246,0.0,0.0,0.0,0.0
2020-06-10 00:45:00,4136001,0.0,6.020833333333333,100.0,25.015255551724145,25.015255551724145,23.578188206896552,0.0,0.0,0.0,0.0,0.0,0.0,0.0,0.0,3256004.205795246,0.0,0.0,0.0,0.0
2020-06-10 01:00:00,4136001,0.0,6.027777777777778,100.0,24.99261046666667,24.99261046666667,23.7386078,0.0,0.0,0.0,0.0,0.0,0.0,0.0,0.0,3256004.205795246,0.0,0.0,0.0,0.0
2020-06-10 01:15:00,4136001,0.0,5.979166666666666,100.0,24.88058675862069,24.88058675862069,23.84842855172414,0.0,0.0,0.0,0.0,0.0,0.0,0.0,0.0,3256004.205795246,0.0,0.0,0.0,0.0
2020-06-10 01:30:00,4136001,0.0,5.930555555555556,100.0,24.761782666666665,24.761782666666665,23.54663393333333,0.0,0.0,0.0,0.0,0.0,0.0,0.0,0.0,3256004.205795246,0.0,0.0,0.0,0.0
2020-06-10 01:45:00,4136001,0.0,5.881944444444445,100.0,24.69729396666667,24.69729396666667,23.41245213333333,0.0,0.0,0.0,0.0,0.0,0.0,0.0,0.0,3256004.205795246,0.0,0.0,0.0,0.0
2020-06-10 02:00:00,4136001,0.0,5.833333333333333,100.0,24.64039017241379,24.64039017241379,23.51370562068965,0.0,0.0,0.0,0.0,0.0,0.0,0.0,0.0,3256004.205795246,0.0,0.0,0.0,0.0
2020-06-10 02:15:00,4136001,0.0,5.826388888888889,99.75,24.6962769,24.6962769,23.87686546666666,0.0,0.0,0.0,0.0,0.0,0.0,0.0,0.0,3256004.205795246,0.0,0.0,0.0,0.0
2020-06-10 02:30:00,4136001,0.0,5.819444444444444,99.5,24.722768,24.722768,23.917120366666676,0.0,0.0,0.0,0.0,0.0,0.0,0.0,0.0,3256004.205795246,0.0,0.0,0.0,0.0
2020-06-10 02:45:00,4136001,0.0,5.8125,99.25,24.6661955862069,24.6661955862069,23.741481448275863,0.0,0.0,0.0,0.0,0.0,0.0,0.0,0.0,3256004.205795246,0.0,0.0,0.0,0.0
2020-06-10 03:00:00,4136001,0.0,5.805555555555555,99.0,24.606493333333336,24.606493333333336,23.76429046666667,0.0,0.0,0.0,0.0,0.0,0.0,0.0,0.0,3256004.205795246,0.0,0.0,0.0,0.0
2020-06-10 03:15:00,4136001,0.0,5.784722222222222,99.0,24.51722996551724,24.51722996551724,23.46906086206897,0.0,0.0,0.0,0.0,0.0,0.0,0.0,0.0,3256004.205795246,0.0,0.0,0.0,0.0
2020-06-10 03:30:00,4136001,0.0,5.763888888888888,99.0,24.5019198,24.5019198,23.426099466666663,0.0,0.0,0.0,0.0,0.0,0.0,0.0,0.0,3256004.205795246,0.0,0.0,0.0,0.0
2020-06-10 03:45:00,4136001,0.0,5.743055555555555,99.0,24.46938972413793,24.46938972413793,23.309620896551728,0.0,0.0,0.0,0.0,0.0,0.0,0.0,0.0,3256004.205795246,0.0,0.0,0.0,0.0
2020-06-10 04:00:00,4136001,0.0,5.722222222222222,99.0,24.47257973333333,24.47257973333333,23.22196259999999,0.0,0.0,0.0,0.0,0.0,0.0,0.0,0.0,3256004.205795246,0.0,0.0,0.0,0.0
2020-06-10 04:15:00,4136001,0.0,5.347222222222222,99.25,24.40010386666667,24.40010386666667,23.01996863333333,0.0,0.0,0.0,0.0,0.0,0.0,0.0,0.0,3256004.205795246,0.0,0.0,0.0,0.0
2020-06-10 04:30:00,4136001,0.0,4.972222222222221,99.5,24.379035827586204,24.379035827586204,22.848119275862068,0.0,0.0,0.0,0.0,0.0,0.0,0.0,0.0,3256004.205795246,0.0,0.0,0.0,0.0
2020-06-10 04:45:00,4136001,0.0,4.597222222222222,99.75,24.298586166666663,24.298586166666663,22.698219800000004,0.0,0.0,0.0,0.0,0.0,0.0,0.0,0.0,3256004.205795246,0.0,0.0,0.0,0.0
2020-06-10 05:00:00,4136001,0.0,4.222222222222222,100.0,24.17085003448276,24.17085003448276,22.58803796551725,0.0,0.0,0.0,0.0,0.0,0.0,0.0,0.0,3256004.205795246,0.0,0.0,0.0,0.0
2020-06-10 05:15:00,4136001,0.0,4.291666666666666,99.75,24.174056900000007,24.174056900000007,22.795588200000005,0.0,0.0,0.0,0.0,0.0,0.0,0.0,0.0,3256004.205795246,0.0,0.0,0.0,0.0
2020-06-10 05:30:00,4136001,0.0,4.361111111111111,99.5,24.193324866666664,24.193324866666664,22.905579666666668,0.0,0.0,0.0,0.0,0.0,0.0,0.0,0.0,3256004.205795246,0.0,0.0,0.0,0.0
2020-06-10 05:45:00,4136001,1.0603241375862,4.430555555555555,99.25,24.36266368965517,24.381835991211744,23.178692965517246,27.15295440678853,0.0,0.0,0.0,0.0,0.0,0.0,0.0,3256004.205795246,0.0010629459544642212,0.0,-27.15295440678853,0.0
2020-06-10 06:00:00,4136001,9.85059336,4.5,99.0,24.44031693333334,24.61691416101351,23.3795156,252.01899616113462,243.23930865610882,262.5257142857143,253.38,0.009858081844695693,0.009752976754047201,0.9651625963170954,63.345,3256067.5507952464,0.009865687851287322,0.009521992901002498,10.506718124579663,10.140691343891177
2020-06-10 06:15:00,4136001,19.141487275862,4.576388888888889,97.75,24.483821517241385,24.823797313624528,23.58173872413793,489.31392327344247,472.58176973593663,608.5104761904762,587.702380952381,0.02285012763020942,0.02262154731915212,0.9658048693452865,210.27059523809524,3256214.4763904847,0.01915497840177892,0.018499971412641873,119.19655291703373,115.12061121644433
2020-06-10 06:30:00,4136001,28.2602015,4.652777777777778,96.5,24.65489093333334,25.15221080134918,24.195461,721.4673192385815,697.4695858895228,891.9409523809525,862.2728571428571,0.033493202496871474,0.03319017732796649,0.9667376016776681,425.8388095238095,3256430.0446047704,0.028242995468333587,0.02730356570325006,170.473633142371,164.8032712533343
2020-06-10 06:45:00,4136001,48.1387713999999,4.729166666666666,95.25,24.78432903333333,25.623751351655834,24.78258563333333,1226.6367950004908,1188.8581219364787,1560.5233333333335,1512.4614285714283,0.058599085359747824,0.05821691196720405,0.9692014186937895,803.9541666666667,3256808.159961913,0.048018664905088694,0.04653975814979364,333.88653833284275,323.6033066349496
2020-06-10 07:00:00,4136001,67.0705048965517,4.805555555555555,94.0,24.97881231034483,26.137798052465993,25.66959865517241,1705.518416933621,1657.0831107112735,2218.14,2155.1466666666665,0.08329319557319724,0.08295483203710755,0.9716008307260438,1342.7408333333333,3257346.94662858,0.06676525413715487,0.0648691763832951,512.6215830663789,498.063555955393
2020-06-10 07:15:00,4136001,71.5662028,4.881944444444444,94.25,25.1080181,26.33362417612279,26.313148933333338,1818.4063442294823,1767.5367861375491,2381.3266666666664,2314.709523809524,0.08942100488262082,0.08909664605764446,0.9720251976389314,1921.4182142857144,3257925.624009532,0.07118443312701046,0.06919306267909764,562.920322437184,547.1727376719748
2020-06-10 07:30:00,4136001,113.0817917241379,4.958333333333334,94.5,25.295457379310346,27.21486316262763,27.09805717241379,2863.0822957929495,2803.140904272778,3757.2619047619046,3678.6,0.14108863762118573,0.14159483892745298,0.9790640347264029,2841.068214285714,3258845.2740095323,0.11207994894472302,0.10973344702574976,894.1796089689551,875.4590957272221
2020-06-10 07:45:00,4136001,158.7628896666666,5.034722222222222,94.75,25.51075433333333,28.181843959691548,28.222063133333336,4003.980896327603,3926.328079445211,5272.815714285714,5170.555238095239,0.19799907603281477,0.19902243682476853,0.9806060970586512,4133.707023809524,3260137.912819056,0.15674225470063038,0.1537024106261582,1268.8348179581112,1244.2271586500274
2020-06-10 08:00:00,4136001,236.89480166666672,5.111111111111111,95.0,25.9544596,29.90534021485435,30.214724666666665,5932.739480722331,5827.79896719572,7794.735238095238,7656.859047619048,0.29269947191248474,0.2947240046587914,0.9823116262111962,6047.921785714286,3262052.1275809607,0.23224660327744495,0.22813853854749347,1861.995757372907,1829.0600804233281
2020-06-10 08:15:00,4136001,342.6622572413792,5.111111111111111,95.25,26.43464817241379,32.14949569144947,32.84884444827586,8502.980428170817,8339.953612982481,10750.365714285714,10544.25,0.4036861126544737,0.4058640190183211,0.9808270974435953,8683.984285714287,3264688.1900809607,0.3328628079143009,0.32648086173350876,2247.385286114897,2204.296387017519
2020-06-10 08:30:00,4136001,523.309134,5.111111111111111,95.5,27.3451212,36.072758524883255,37.552455533333344,12775.85230359449,12510.039840542815,15675.28476190476,15349.147142857144,0.5886213491208363,0.5908117265716937,0.9791941502817084,12521.271071428571,3268525.476866675,0.5001312313014089,0.4897255760635277,2899.43245831027,2839.107302314329
2020-06-10 08:45:00,4136001,423.8464179310345,5.111111111111111,95.75,27.54667075862069,34.61549027047917,38.06824462068965,10410.723064653956,10202.160504132016,13087.453333333331,12825.266666666666,0.4914459006412695,0.49366377640088577,0.979966563395578,15727.58773809524,3271731.793533341,0.40754445349986124,0.3993799375271879,2676.7302686793755,2623.10616253465
2020-06-10 09:00:00,4136001,351.260774,5.111111111111111,96.0,27.7801168,33.63836853448966,36.67724296666668,8662.909652439594,8497.715472368682,10690.100476190475,10486.249523809523,0.4014230975774578,0.4036314935782335,0.9809308665680946,18349.15011904762,3274353.3559142943,0.3391234939299117,0.33265670277426823,2027.1908237508815,1988.5340514408417
2020-06-10 09:15:00,4136001,369.2132548275861,5.138888888888888,95.25,27.67942217241379,33.81763089772694,34.81999272413793,9098.896796284995,8919.961403530386,11691.594285714284,11461.671904761904,0.4390301105441835,0.4411769660180707,0.9803343859414181,21214.568095238097,3277218.7738904846,0.35619091001311387,0.34918619704562087,2592.697489429289,2541.7105012315187
2020-06-10 09:30:00,4136001,702.5942073333333,5.166666666666667,94.5,28.454675299999995,40.09859653522262,39.858438,16863.824533386312,16468.216076153934,19594.02333333333,19134.367142857143,0.7357735839798766,0.7365105294328292,0.9765410001480288,25998.159880952386,3282002.3656761986,0.6601614614752912,0.6446747338482652,2730.1987999470184,2666.151066703209
2020-06-10 09:45:00,4136001,713.9898656666664,5.194444444444444,93.75,29.13182993333333,40.927466240398694,43.16924730000001,17076.875102446294,16682.56178643813,15202.28380952381,14851.255714285717,0.5708597286491911,0.5716471376976844,0.9769095157256449,29710.97380952381,3285715.17960477,0.6685016677410959,0.6530656404947399,-1874.591292922485,-1831.3060721524143
2020-06-10 10:00:00,4136001,587.6122955172411,5.222222222222222,93.0,29.35636106896552,39.03377041542865,42.23618817241379,14167.937297144843,13855.88368596326,13760.904285714289,13457.815714285714,0.516734602835731,0.5180115392757112,0.9779746617565517,33075.42773809524,3289079.633533342,0.5546266313229533,0.5424107921692409,-407.0330114305543,-398.06797167754485
2020-06-10 10:15:00,4136001,625.0153523333331,5.590277777777778,93.75,29.507195900000006,39.39081483391316,41.63273206666667,15046.961188132553,14717.183797133885,14553.823809523808,14234.854285714286,0.546509459684475,0.5479209209322781,0.9780834557306655,36634.14130952381,3292638.34710477,0.5890374315182052,0.5761277665740413,-493.13737860874426,-482.32951141959893
2020-06-10 10:30:00,4136001,773.0966213793104,5.958333333333334,94.5,30.09937896551724,41.856608398705745,44.04637717241379,18417.165197377053,17995.140357810673,16388.566666666666,16013.026666666668,0.615405740183689,0.6163654465306574,0.9770852443878559,40637.39797619048,3296641.603771437,0.7209694733754963,0.7044486340892806,-2028.5985307103874,-1982.1136911440044
2020-06-10 10:45:00,4136001,816.9313475862068,6.326388888888888,95.25,30.5425225862069,42.50826790952459,46.75796189655173,19407.025329050866,18939.882155489813,17614.010000000002,17190.02619047619,0.6614222635894274,0.6616699259498652,0.9759291717488628,44934.90452380952,3300939.110319056,0.7597191359972937,0.7414320671556005,-1793.0153290508642,-1749.855965013623
2020-06-10 11:00:00,4136001,920.7850323333334,6.694444444444445,96.0,30.95782873333334,43.96510422893065,51.6436981,21737.10637052971,21206.073539221048,12580.213333333331,12272.881428571429,0.4723985724642614,0.47240163895348786,0.9755702151769099,48003.12488095238,3304007.330676199,0.8509338958907696,0.8301457639154843,-9156.893037196378,-8933.19211064962
2020-06-10 11:15:00,4136001,768.4907340000002,6.368055555555555,96.75,31.29548653333334,42.50491998700362,50.5755861,18256.532755083095,0.0,0.0,0.0,0.0,0.0,0.0,48003.12488095238,3304007.330676199,0.7146812587623055,0.0,-18256.532755083095,0.0
2020-06-10 11:30:00,4136001,778.8566541379312,6.041666666666666,97.5,31.757299862068965,43.500332717522134,51.85563372413792,18423.57065208771,0.0,0.0,0.0,0.0,0.0,0.0,48003.12488095238,3304007.330676199,0.7212202251747,0.0,-18423.57065208771,0.0
2020-06-10 11:45:00,4136001,724.6776103333333,5.715277777777778,98.25,31.9201211,43.22686698030321,48.976285700000005,17162.234562002446,16766.869961873806,8689.745714285715,8489.560952380953,0.3263079378494381,0.32677595161669526,0.9769631047343924,50125.51511904762,3306129.720914294,0.6718432007047347,0.6563660192551891,-8472.488847716731,-8277.309009492854
2020-06-10 12:00:00,4136001,953.999098275862,5.388888888888888,99.0,32.280093310344824,47.70199919905905,53.31676306896552,22156.92453181311,21627.420496816972,15082.77380952381,14722.327142857142,0.5663720183139765,0.5666844833442413,0.9761020969207224,53806.09690476191,3309810.3027000083,0.8673683512160153,0.8466400664246221,-7074.1507222893015,-6905.09335395983
2020-06-10 12:15:00,4136001,916.7926003333334,5.694444444444445,99.25,32.97215269999999,47.3082371461819,57.7699776,21329.678883007145,20804.61261433463,15521.713333333331,15139.62,0.5828546008387372,0.5827467121521355,0.9753833017574952,57591.00190476191,3313595.2077000085,0.8349844933649303,0.814429932054595,-5807.965549673814,-5664.992614334629
2020-06-10 12:30:00,4136001,818.3672462068968,6.0,99.5,33.43992889655173,45.83192232790995,58.82968889655173,19163.210018345475,18700.227682179135,13279.923333333334,12959.080952380951,0.49867332603009684,0.4988144892350907,0.9758400426795348,60830.772142857146,3316834.9779381035,0.7501745945721462,0.7320504083843858,-5883.286685012141,-5741.1467297981835
2020-06-10 12:45:00,4136001,707.9482373333334,6.305555555555555,99.75,33.301251166666674,43.69238924582906,53.32308253333333,16732.36484890715,16341.13604724729,12309.55761904762,12021.740952380953,0.46223520164772003,0.4627348648344332,0.9766184394619264,63836.20738095238,3319840.413176199,0.6550152612608005,0.6396999822762689,-4422.807229859529,-4319.395094866337
2020-06-10 13:00:00,4136001,393.8052779310344,6.611111111111111,100.0,33.039216931034474,38.64738095739497,45.86995179310345,9510.598544433422,9312.974732013337,8856.56,8672.526666666667,0.33257196758804936,0.33381857675765436,0.9792206755971469,66004.33904761904,3322008.5448428653,0.37230763532720385,0.36457133419508075,-654.0385444334224,-640.4480653466708
2020-06-10 13:15:00,4136001,504.45484166666665,6.791666666666666,100.0,33.3262257,40.385981373734055,45.95247896666668,12093.225509098525,11832.24519536569,11416.39380952381,11170.02,0.428696079741272,0.42995084616876755,0.9784192965279211,68796.84404761904,3324801.049842865,0.4734087104755735,0.4631922174737009,-676.8316995747155,-662.2251953656887
2020-06-10 13:30:00,4136001,522.2638476666666,6.972222222222222,100.0,33.499213600000004,40.68402372060348,44.502122,12504.253318229257,12235.047597266792,13790.306666666667,13493.413333333334,0.5178386892626401,0.519381745097287,0.9784708679429899,72170.19738095238,3328174.4031761987,0.48949905336579597,0.4789605636041023,1286.05334843741,1258.365736066542
2020-06-10 13:45:00,4136001,481.64187551724143,7.152777777777778,100.0,33.925000448275874,40.44027776335523,48.607757586206894,11543.661304180794,11303.758122659101,12588.539523809524,12326.921428571428,0.47271122856879644,0.4744817197167237,0.9792177563772763,75251.92773809524,3331256.133533342,0.45189513815544313,0.4425037433023723,1044.8782196287302,1023.1633059123269
2020-06-10 14:00:00,4136001,384.0502260000001,7.333333333333333,100.0,33.56310123333334,38.67287007314175,43.02009363333334,9274.008808929315,9110.746167914953,3151.6880952380952,3096.204761904762,0.11834878452324209,0.11917757150772514,0.982395677599835,76025.97892857142,3332030.1847238177,0.3630459506333652,0.3566547726723411,-6122.32071369122,-6014.54140601019
2020-06-10 14:15:00,4136001,396.1507344827586,7.277777777777778,100.0,33.70282286206896,39.000372133033906,43.953741448275856,9552.953900215034,9363.376305232263,6437.92,6310.16,0.24174981274608368,0.24288753569468186,0.9801550811442205,77603.51892857143,3333607.724723818,0.3739657036686253,0.3665443846244769,-3115.033900215034,-3053.216305232263
2020-06-10 14:30:00,4136001,334.423286,7.222222222222222,100.0,33.920901400000005,38.41583803978495,43.07306106666666,8084.405257060208,7931.353351608002,10150.90142857143,9958.727142857142,0.38117567779051253,0.3833263648440469,0.9810682541775669,80093.20071428572,3336097.406509532,0.3164770114331653,0.3104855490940694,2066.4961715112213,2027.3737912491397
2020-06-10 14:45:00,4136001,173.8958765517241,7.166666666666667,100.0,33.64006713793104,35.98937646718967,37.95102889655172,4246.903445349237,4165.941266099658,5547.333333333333,5441.58,0.2083074649224348,0.20945458696538072,0.9809361855546209,81453.59571428571,3337457.801509532,0.16625184753764874,0.16308245316498954,1300.4298879840962,1275.6387339003422
2020-06-10 15:00:00,4136001,197.848304,7.111111111111112,100.0,31.627627600000004,34.31432374340033,32.33192129999999,4865.735255647057,4777.240390908547,6630.744285714286,6510.148571428572,0.2489905418890873,0.25058539617387504,0.9818126428815037,83081.13285714286,3339085.338652389,0.19047701137784526,0.18701273794905252,1765.009030067229,1732.9081805200249
2020-06-10 15:15:00,4136001,194.19733172413788,7.215277777777778,100.0,30.474946034482755,33.08679273397689,31.81913165517241,4800.303936593561,4714.837723704291,6720.701904761905,6601.044285714286,0.2523685331595358,0.2540841087339472,0.9821956663540103,84731.39392857143,3340735.599723818,0.18791559743956004,0.18456988544546063,1920.397968168344,1886.2065620099947
2020-06-10 15:30:00,4136001,155.7526934482758,7.319444444444445,100.0,28.844152000000005,30.919056328891976,27.80587658620689,3884.5018960008515,3809.159919022277,5320.8133333333335,5217.613333333333,0.19980143074008355,0.20083377358752358,0.9806044689909561,86035.79726190477,3342040.003057151,0.15206505758468786,0.149115675044912,1436.311437332482,1408.453414311056
2020-06-10 15:45:00,4136001,175.6764994642857,7.423611111111112,100.0,28.8524355,31.17075557474891,27.612677428571427,4376.887261283257,4290.891388779633,5891.51,5775.755238095238,0.22123161507003497,0.22231749378091883,0.9803522760880042,87479.73607142858,3343483.941866675,0.17134027251059925,0.16797382614130488,1514.6227387167428,1484.863849315605
2020-06-10 16:00:00,4136001,275.9300524137931,7.527777777777778,100.0,28.79231948275861,32.39971982808209,31.002017413793105,6840.001545834915,6719.21046850183,8989.787142857143,8831.031904761905,0.33757476924423807,0.3399196814325994,0.9823404897610531,89687.49404761905,3345691.6998428656,0.2677628320937528,0.26303427161878373,2149.785597022228,2111.8214362600747
2020-06-10 16:15:00,4136001,293.0965216666666,7.493055555555555,100.0,30.2339967,34.077759483733864,35.32667526666666,7215.284434844423,7082.209372243175,9532.229047619046,9356.421428571428,0.35794396129723327,0.36014271329199715,0.9815565049717797,92026.5994047619,3348030.805200008,0.28245388274983063,0.2772444459676326,2316.9446127746232,2274.2120563282533
2020-06-10 16:30:00,4136001,275.17957379310343,7.458333333333334,100.0,31.04575,34.66581937832143,36.902448896551725,6757.680164252051,6633.843034710166,9111.22,8944.253333333332,0.34213468463236146,0.3442777442667503,0.9816746092546699,94262.66273809524,3350266.8685333417,0.264540229565553,0.2596924264909049,2353.539835747948,2310.4102986231665
2020-06-10 16:45:00,4136001,143.8109367333333,7.423611111111112,100.0,30.481976366666675,32.379781608768,34.33522446666666,3565.2074288413874,3496.8073211364504,4824.7128571428575,4732.148571428572,0.18117240191986048,0.18214750577725367,0.9808145503255709,95445.69988095238,3351449.9056761987,0.1395657635091559,0.13688813157707772,1259.5054283014701,1235.3412502921215
2020-06-10 17:00:00,4136001,59.8915288965517,7.388888888888889,100.0,28.871531551724143,29.66437678466764,30.45449727586207,1501.3844424518568,1459.530126701749,2073.382857142857,2015.5828571428567,0.07785743182040561,0.0775828113962046,0.9721228523710043,95949.59559523808,3351953.8013904844,0.05877410226861839,0.057135647942914425,571.9984146910003,556.0527304411078
2020-06-10 17:15:00,4136001,13.8440747,7.451388888888889,100.0,28.474115166666675,28.656351974512134,28.69688113333333,348.47465821953125,336.3468561843777,446.122380952381,430.5961904761905,0.01675230541185276,0.016574294088308336,0.9651974634335869,96057.24464285714,3352061.450438104,0.013641599460541446,0.013166837196491591,97.64772273284973,94.24933429181277
2020-06-10 17:30:00,4136001,9.8822284181818,7.513888888888889,100.0,28.16179045454546,28.291147459823055,27.141686227272725,249.1182358081812,240.37820226950555,390.1818181818182,376.4927272727273,0.014651685867854992,0.014491770531055102,0.9649161230195713,96151.36782467533,3352155.5736199217,0.009752132934358239,0.009409990302192427,141.063582373637,136.11452500322173
2020-06-10 17:45:00,4136001,7.683457437931,7.576388888888888,100.0,27.759773862068965,27.859789579312363,25.46460586206897,194.0287118046382,187.20699140789492,312.4642857142857,301.4785714285714,0.011733321097694187,0.011604363008075678,0.9648416961938506,96226.73746753248,3352230.943262779,0.00759556515187466,0.00732851796468565,118.43557390964753,114.27158002067648
2020-06-10 18:00:00,4136001,5.7233773333333,7.638888888888888,100.0,27.594035633333338,27.668124660302052,25.238632133333333,144.64331546810797,139.45250560818016,186.14,179.46,0.006989728071264634,0.0069076849328333365,0.9641130332008166,96271.60246753247,3352275.808262779,0.005662294596520179,0.005459092018327664,41.496684531892015,40.00749439181985
2020-06-10 18:15:00,4136001,1.0758963210344,7.395833333333333,100.0,27.48483182758621,27.49906561387408,25.35644203448275,27.209036527434694,0.0,0.0,0.0,0.0,0.0,0.0,96271.60246753247,3352275.808262779,0.001065141379034437,0.0,-27.209036527434694,0.0
2020-06-10 18:30:00,4136001,0.0039701622413793,7.152777777777778,100.0,27.020735,27.020788705272118,24.48984606896552,0.10059801872183279,0.0,0.0,0.0,0.0,0.0,0.0,96271.60246753247,3352275.808262779,3.938070805317392e-06,0.0,-0.10059801872183279,0.0
2020-06-10 18:45:00,4136001,0.0089549307333333,6.909722222222222,100.0,26.51906023333333,26.519184155571466,24.23186759999999,0.22736362956279937,0.0,0.0,0.0,0.0,0.0,0.0,96271.60246753247,3352275.808262779,8.900513977796021e-06,0.0,-0.22736362956279937,0.0
2020-06-10 19:00:00,4136001,0.0,6.666666666666666,100.0,25.68034753333333,25.68034753333333,23.940504966666666,0.0,0.0,0.0,0.0,0.0,0.0,0.0,96271.60246753247,3352275.808262779,0.0,0.0,0.0,0.0
2020-06-10 19:15:00,4136001,0.0,6.930555555555555,100.0,25.42073310344828,25.42073310344828,23.76359931034483,0.0,0.0,0.0,0.0,0.0,0.0,0.0,96271.60246753247,3352275.808262779,0.0,0.0,0.0,0.0
2020-06-10 19:30:00,4136001,0.0,7.194444444444444,100.0,25.3429769,25.3429769,23.65935363333333,0.0,0.0,0.0,0.0,0.0,0.0,0.0,96271.60246753247,3352275.808262779,0.0,0.0,0.0,0.0
2020-06-10 19:45:00,4136001,0.2567820889655,7.458333333333334,100.0,25.587558965517243,25.590937010494752,23.506497137931035,6.543993460976307,0.0,0.0,0.0,0.0,0.0,0.0,96271.60246753247,3352275.808262779,0.00025617512080549254,0.0,-6.543993460976307,0.0
2020-06-10 20:00:00,4136001,0.7306051336666,7.722222222222222,100.0,25.62356443333333,25.632952831350117,23.42538353333333,18.616056164596237,0.0,0.0,0.0,0.0,0.0,0.0,96271.60246753247,3352275.808262779,0.0007287553793147871,0.0,-18.616056164596237,0.0
2020-06-10 20:15:00,4136001,0.7796478882758,7.770833333333334,100.0,25.66528827586207,25.67526425728654,24.142730724137937,19.86231076977531,0.0,0.0,0.0,0.0,0.0,0.0,96271.60246753247,3352275.808262779,0.0007775420148669137,0.0,-19.86231076977531,0.0
2020-06-10 20:30:00,4136001,0.5540524626666,7.819444444444444,100.0,25.578056700000005,25.58511604207386,24.656863333333337,14.120144937147378,0.0,0.0,0.0,0.0,0.0,0.0,96271.60246753247,3352275.808262779,0.000552755722730373,0.0,-14.120144937147378,0.0
2020-06-10 20:45:00,4136001,0.37619094,7.868055555555555,100.0,25.580596733333337,25.58536967005424,24.732138133333336,9.587296426186674,0.0,0.0,0.0,0.0,0.0,0.0,96271.60246753247,3352275.808262779,0.0003753100969342992,0.0,-9.587296426186674,0.0
2020-06-10 21:00:00,4136001,0.0066183517241379,7.916666666666666,100.0,25.454093103448272,25.454176721284334,24.63598003448276,0.16875865179966082,0.0,0.0,0.0,0.0,0.0,0.0,96271.60246753247,3352275.808262779,6.6063281189923985e-06,0.0,-0.16875865179966082,0.0
2020-06-10 21:15:00,4136001,0.0511814895666666,7.638888888888888,100.0,25.4409433,25.44160584355426,24.756742466666665,1.305121674035227,0.0,0.0,0.0,0.0,0.0,0.0,96271.60246753247,3352275.808262779,5.1091081387168797e-05,0.0,-1.305121674035227,0.0
2020-06-10 21:30:00,4136001,0.0,7.361111111111111,100.0,25.329501310344824,25.329501310344824,24.59076237931034,0.0,0.0,0.0,0.0,0.0,0.0,0.0,96271.60246753247,3352275.808262779,0.0,0.0,0.0,0.0
2020-06-10 21:45:00,4136001,0.0,7.083333333333333,100.0,25.28755903333333,25.28755903333333,24.543854733333333,0.0,0.0,0.0,0.0,0.0,0.0,0.0,96271.60246753247,3352275.808262779,0.0,0.0,0.0,0.0
2020-06-10 22:00:00,4136001,0.0,6.805555555555555,100.0,25.301776066666665,25.301776066666665,24.221237133333336,0.0,0.0,0.0,0.0,0.0,0.0,0.0,96271.60246753247,3352275.808262779,0.0,0.0,0.0,0.0
2020-06-10 22:15:00,4136001,0.0,6.680555555555555,100.0,25.103430413793102,25.103430413793102,23.577908379310344,0.0,0.0,0.0,0.0,0.0,0.0,0.0,96271.60246753247,3352275.808262779,0.0,0.0,0.0,0.0
2020-06-10 22:30:00,4136001,0.0,6.555555555555555,100.0,24.885064466666662,24.885064466666662,23.44702433333333,0.0,0.0,0.0,0.0,0.0,0.0,0.0,96271.60246753247,3352275.808262779,0.0,0.0,0.0,0.0
2020-06-10 22:45:00,4136001,0.0,6.430555555555555,100.0,24.87121975862069,24.87121975862069,23.496775827586205,0.0,0.0,0.0,0.0,0.0,0.0,0.0,96271.60246753247,3352275.808262779,0.0,0.0,0.0,0.0
2020-06-10 23:00:00,4136001,0.0,6.305555555555555,100.0,24.796322600000003,24.796322600000003,23.435265966666663,0.0,0.0,0.0,0.0,0.0,0.0,0.0,96271.60246753247,3352275.808262779,0.0,0.0,0.0,0.0
2020-06-10 23:15:00,4136001,0.0,6.479166666666666,100.0,24.7657957,24.7657957,23.433153999999995,0.0,0.0,0.0,0.0,0.0,0.0,0.0,96271.60246753247,3352275.808262779,0.0,0.0,0.0,0.0
2020-06-10 23:30:00,4136001,0.0,6.652777777777778,100.0,24.622883793103444,24.622883793103444,23.429897724137927,0.0,0.0,0.0,0.0,0.0,0.0,0.0,96271.60246753247,3352275.808262779,0.0,0.0,0.0,0.0
2020-06-10 23:45:00,4136001,0.0,6.826388888888888,100.0,24.52480276666667,24.52480276666667,23.359506299999996,0.0,0.0,0.0,0.0,0.0,0.0,0.0,96271.60246753247,3352275.808262779,0.0,0.0,0.0,0.0
2020-06-11 00:00:00,4136001,0.0,7.0,100.0,24.52855189655173,24.52855189655173,23.398515344827583,0.0,0.0,0.0,0.0,0.0,0.0,0.0,0.0,3352275.808262779,0.0,0.0,0.0,0.0
2020-06-11 00:15:00,4136001,0.0,6.583333333333333,100.0,24.602478866666665,24.602478866666665,23.42233426666667,0.0,0.0,0.0,0.0,0.0,0.0,0.0,0.0,3352275.808262779,0.0,0.0,0.0,0.0
2020-06-11 00:30:00,4136001,0.0,6.166666666666666,100.0,24.652273172413796,24.652273172413796,23.67843110344828,0.0,0.0,0.0,0.0,0.0,0.0,0.0,0.0,3352275.808262779,0.0,0.0,0.0,0.0
2020-06-11 00:45:00,4136001,0.0,5.75,100.0,24.744776200000008,24.744776200000008,24.167458166666663,0.0,0.0,0.0,0.0,0.0,0.0,0.0,0.0,3352275.808262779,0.0,0.0,0.0,0.0
2020-06-11 01:00:00,4136001,0.0,5.333333333333333,100.0,24.655353833333333,24.655353833333333,23.66065673333333,0.0,0.0,0.0,0.0,0.0,0.0,0.0,0.0,3352275.808262779,0.0,0.0,0.0,0.0
2020-06-11 01:15:00,4136001,0.0,5.361111111111112,100.0,24.631611620689657,24.631611620689657,23.33763493103448,0.0,0.0,0.0,0.0,0.0,0.0,0.0,0.0,3352275.808262779,0.0,0.0,0.0,0.0
2020-06-11 01:30:00,4136001,0.0,5.388888888888888,100.0,24.663321966666665,24.663321966666665,23.41626396666667,0.0,0.0,0.0,0.0,0.0,0.0,0.0,0.0,3352275.808262779,0.0,0.0,0.0,0.0
2020-06-11 01:45:00,4136001,0.0,5.416666666666667,100.0,24.628002068965515,24.628002068965515,23.91842972413793,0.0,0.0,0.0,0.0,0.0,0.0,0.0,0.0,3352275.808262779,0.0,0.0,0.0,0.0
2020-06-11 02:00:00,4136001,0.0,5.444444444444445,100.0,24.583562166666667,24.583562166666667,23.807694466666668,0.0,0.0,0.0,0.0,0.0,0.0,0.0,0.0,3352275.808262779,0.0,0.0,0.0,0.0
2020-06-11 02:15:00,4136001,0.0,5.305555555555556,100.0,24.18870453333333,24.18870453333333,23.353352000000005,0.0,0.0,0.0,0.0,0.0,0.0,0.0,0.0,3352275.808262779,0.0,0.0,0.0,0.0
2020-06-11 02:30:00,4136001,0.0,5.166666666666667,100.0,23.99366620689655,23.99366620689655,23.231899,0.0,0.0,0.0,0.0,0.0,0.0,0.0,0.0,3352275.808262779,0.0,0.0,0.0,0.0
2020-06-11 02:45:00,4136001,0.1151645777666,5.027777777777778,100.0,24.11983143333333,24.12177055739069,23.2196046,2.9522137185538364,0.0,0.0,0.0,0.0,0.0,0.0,0.0,3352275.808262779,0.00011556914145836118,0.0,-2.9522137185538364,0.0
2020-06-11 03:00:00,4136001,0.1363457634481999,4.888888888888889,100.0,24.193308896551724,24.19564198627534,23.117006655172418,3.4941586903912407,0.0,0.0,0.0,0.0,0.0,0.0,0.0,3352275.808262779,0.00013678444667806775,0.0,-3.4941586903912407,0.0
2020-06-11 03:15:00,4136001,0.0332703193666666,4.729166666666667,100.0,24.191336966666668,24.191917119582953,23.096000133333337,0.852637435454723,0.0,0.0,0.0,0.0,0.0,0.0,0.0,3352275.808262779,3.3377860068691446e-05,0.0,-0.852637435454723,0.0
2020-06-11 03:30:00,4136001,0.02559282,4.5694444444444455,100.0,24.184912066666666,24.18536700969395,23.526898266666667,0.6558989127356579,0.0,0.0,0.0,0.0,0.0,0.0,0.0,3352275.808262779,2.5676215021947855e-05,0.0,-0.6558989127356579,0.0
2020-06-11 03:45:00,4136001,0.0039713148965517,4.409722222222222,100.0,24.228536862068967,24.228608855087714,23.631382448275865,0.10176026103987477,0.0,0.0,0.0,0.0,0.0,0.0,0.0,3352275.808262779,3.9835686451311325e-06,0.0,-0.10176026103987477,0.0
2020-06-11 04:00:00,4136001,0.0,4.25,100.0,24.204156500000003,24.204156500000003,23.579078366666664,0.0,0.0,0.0,0.0,0.0,0.0,0.0,0.0,3352275.808262779,0.0,0.0,0.0,0.0
2020-06-11 04:15:00,4136001,0.0,4.520833333333333,100.0,24.2147461724138,24.2147461724138,23.664883172413795,0.0,0.0,0.0,0.0,0.0,0.0,0.0,0.0,3352275.808262779,0.0,0.0,0.0,0.0
2020-06-11 04:30:00,4136001,0.0,4.791666666666667,100.0,24.2575073,24.2575073,23.715879533333336,0.0,0.0,0.0,0.0,0.0,0.0,0.0,0.0,3352275.808262779,0.0,0.0,0.0,0.0
2020-06-11 04:45:00,4136001,0.0,5.0625,100.0,24.256150931034483,24.256150931034483,23.536827379310346,0.0,0.0,0.0,0.0,0.0,0.0,0.0,0.0,3352275.808262779,0.0,0.0,0.0,0.0
2020-06-11 05:00:00,4136001,0.0,5.333333333333333,100.0,24.2076104,24.2076104,23.14459433333334,0.0,0.0,0.0,0.0,0.0,0.0,0.0,0.0,3352275.808262779,0.0,0.0,0.0,0.0
2020-06-11 05:15:00,4136001,0.0,5.0625,100.0,24.26688568965517,24.26688568965517,23.23619765517241,0.0,0.0,0.0,0.0,0.0,0.0,0.0,0.0,3352275.808262779,0.0,0.0,0.0,0.0
2020-06-11 05:30:00,4136001,0.0,4.791666666666667,100.0,24.262456366666665,24.262456366666665,23.634011800000007,0.0,0.0,0.0,0.0,0.0,0.0,0.0,0.0,3352275.808262779,0.0,0.0,0.0,0.0
2020-06-11 05:45:00,4136001,0.2546431066666,4.520833333333333,100.0,24.228851566666663,24.233405066718817,23.681645666666665,6.5248045250263536,0.0,0.0,0.0,0.0,0.0,0.0,0.0,3352275.808262779,0.0002554239391280624,0.0,-6.5248045250263536,0.0
2020-06-11 06:00:00,4136001,4.2637027482758,4.25,100.0,24.26536520689655,24.344220445444282,23.726225896551725,109.2019870006216,105.34593437435917,16.074761904761903,15.507142857142856,0.0006036220829730829,0.000596893218909951,0.9646888052848298,3.876785714285714,3352279.685048493,0.004274886944631889,0.004123935579344653,-93.1272250958597,-89.83879151721632
2020-06-11 06:15:00,4136001,9.8950991166666,4.097222222222222,99.5,24.30399276666666,24.490604725491114,23.941916866666663,253.28534693480418,244.28456907044762,289.5109523809524,279.22285714285715,0.010871402335853132,0.010747707139130666,0.9644638824421479,73.6825,3352349.490762779,0.009915261183589907,0.009562911296553048,36.22560544614822,34.938288072409534
2020-06-11 06:30:00,4136001,14.6363091896551,3.944444444444444,99.0,24.28631917241379,24.56789495520823,24.10950765517241,374.5307477957605,361.547218953879,459.84238095238095,443.9014285714286,0.017267504021166988,0.017086432685869,0.9653338773430649,184.65785714285715,3352460.4661199218,0.014661606881807026,0.01415334581929454,85.31163315662047,82.3542096175496
2020-06-11 06:45:00,4136001,22.4950799666666,3.7916666666666665,98.5,24.22797863333333,24.66962151085697,23.9388551,575.3962083231131,555.9851666333902,758.8538095238096,733.2538095238095,0.028495657969349296,0.028224040410064995,0.9662649120572191,367.9713095238095,3352643.7795723025,0.022524807528796757,0.021764931165918586,183.45760120069644,177.2686428904193
2020-06-11 07:00:00,4136001,59.0051749310344,3.638888888888889,98.0,24.14798303448276,25.330688485094793,23.50303603448276,1505.2934235386385,1461.345655156946,1945.2780952380951,1888.484761904762,0.07304698027668374,0.07269061482054427,0.9708045171164168,840.0925,3353115.9007627787,0.058927125603391604,0.05720671971645903,439.9846716994566,427.1391067478162
2020-06-11 07:15:00,4136001,102.0111090333333,4.145833333333333,98.25,24.44488326666666,26.3567252576395,24.803459733333337,2591.731961152921,2531.970867924479,3350.153333333333,3272.904285714286,0.12580133661244647,0.12597900156599925,0.9769416382078888,1658.3185714285714,3353934.126834207,0.10145750484059193,0.0991180609874527,758.4213721804122,740.9334177898068
2020-06-11 07:30:00,4136001,98.9866136551724,4.652777777777778,98.5,24.71686213793104,26.458817503618192,26.608197379310347,2513.8579059368926,2454.128573121887,3308.8385714285714,3230.220476190476,0.12424992933274663,0.12433603763017204,0.9762399725641034,2465.8736904761904,3354741.681953255,0.09840900003667617,0.0960707994958656,794.9806654916788,776.0919030685891
2020-06-11 07:45:00,4136001,66.7724374666666,5.159722222222222,98.75,24.634990400000003,25.742465417069567,25.5272257,1700.6362163508757,1653.0385003117342,2374.114285714286,2307.667142857143,0.08915017334934743,0.0888255742377624,0.9720118179411269,3042.790476190476,3355318.5987389693,0.06657413256413684,0.06471084362152023,673.4780693634102,654.6286425454089
2020-06-11 08:00:00,4136001,65.1904124,5.666666666666666,99.0,24.439050466666664,25.461484789125887,24.529686466666664,1662.215062429547,1615.5097865266796,2295.4347619047617,2230.937142857143,0.08619568492018033,0.08587212129618042,0.971901785178988,3600.524761904762,3355876.3330246834,0.06507007486512222,0.06324172192314267,633.2196994752146,615.4273563304635
2020-06-11 08:15:00,4136001,112.0032948965517,6.027777777777778,99.0,24.048603103448272,25.73972940416625,24.303316379310345,2852.65833742786,2794.5867220561836,3887.392380952381,3808.256666666666,0.14597515659806123,0.14658551876014395,0.9796429826138809,4552.588928571428,3356828.3971913503,0.11167188637415776,0.10939857984169832,1034.734043524521,1013.6699446104826
2020-06-11 08:30:00,4136001,144.23279499999992,6.388888888888888,99.0,24.36020013793103,26.45965858043467,25.258221862068964,3662.914727806587,3591.381445428785,4935.38,4838.996666666667,0.18532805484236625,0.1862602494392292,0.9804709397587758,5762.338095238095,3358038.146358017,0.1433906724527926,0.14059038737243237,1272.465272193413,1247.615221237882
2020-06-11 08:45:00,4136001,238.2026306666666,6.75,99.0,24.85178729999999,28.198740098463762,28.614925066666665,6007.030322445022,5902.903780035086,7846.240476190476,7710.232857142857,0.2946335409386557,0.29677844275004034,0.9826658869989601,7689.89630952381,3359965.7045723028,0.23515483744157453,0.23107863691662112,1839.2101537454546,1807.329077107771
2020-06-11 09:00:00,4136001,365.4319533333333,7.111111111111112,99.0,25.6061401,30.568551199040378,31.9640666,9127.030453848452,8948.1070691004,11777.040476190476,11546.167142857144,0.4422386935255635,0.44442931463663005,0.9803963199583049,10576.438095238096,3362852.246358017,0.3572922471657253,0.35028800427091017,2650.010022342023,2598.060073756744
2020-06-11 09:15:00,4136001,318.4037789655173,7.256944444444445,98.75,26.06486455172413,30.330867284472646,33.41386689655172,7960.187441951149,7809.640667196456,10246.95761904762,10053.16238095238,0.3847826760229729,0.38696131899159514,0.981087533949101,13089.728690476191,3365365.536953255,0.31161430581135835,0.3057209108317266,2286.7701770964713,2243.521713755925
2020-06-11 09:30:00,4136001,182.1246916666667,7.402777777777777,98.5,25.91287766666667,28.32081964679051,30.661452200000003,4590.576452105498,4506.569551655177,6207.568095238095,6093.970476190476,0.2330998870182253,0.23456607622596756,0.9817001412945012,14613.22130952381,3366889.029572303,0.17970547864965739,0.17641689378176462,1616.9916431325973,1587.400924535299
2020-06-11 09:45:00,4136001,225.0663879310345,7.548611111111111,98.25,26.013701448275867,28.95065884795661,30.348066620689657,5658.46645808579,5557.72426227521,7649.705238095238,7513.511428571428,0.2872534621232105,0.28920633950637425,0.9821962016463628,16491.599166666667,3368767.407429445,0.221509745863605,0.21756603101488395,1991.2387800094484,1955.787166296218
2020-06-11 10:00:00,4136001,285.83978533333334,7.694444444444444,98.0,26.5930917,30.2751706042037,32.13797826666667,7147.704832109607,7015.426432074301,9759.472380952382,9578.859523809524,0.3664771573110281,0.36870468965979136,0.9814935838647014,18886.31404761905,3371162.122310398,0.27980837080092413,0.2746301206527423,2611.767548842775,2563.4330917352227
2020-06-11 10:15:00,4136001,311.62243172413787,7.680555555555555,98.25,27.00422489655173,31.023344413210502,33.281718068965525,7768.602214949155,7618.73555946133,10647.74,10442.330952380951,0.3998324227652697,0.40194100180219033,0.9807086717351242,21496.896785714285,3373772.705048493,0.30411439479151126,0.2982476241715142,2879.137785050845,2823.595392919621
2020-06-11 10:30:00,4136001,330.8099630000001,7.666666666666667,98.5,27.255816700000004,31.527639569318186,33.88129156666666,8229.892174509054,8068.592833995127,11287.435714285715,11066.210952380952,0.4238535847466307,0.4259550800140262,0.9804007954061015,24263.44952380952,3376539.2577865883,0.32217233018238617,0.31585800876864856,3057.5435397766614,2997.6181183858253
2020-06-11 10:45:00,4136001,371.3926027586207,7.652777777777778,98.75,27.62432748275862,32.42609363129596,35.501297551724136,9205.41198145566,9021.43065241168,12582.34,12330.866666666669,0.47247843075209983,0.4746335778564035,0.980013786518777,27346.16619047619,3379621.974453255,0.3603606177903958,0.35315837355301155,3376.9280185443404,3309.4360142549885
2020-06-11 11:00:00,4136001,379.4716983333333,7.638888888888888,99.0,27.698689666666667,32.610944661272924,35.23270673333334,9398.494583221129,9209.633273035792,12989.85,12728.820952380953,0.48778080577262767,0.4899514360052111,0.979905153052649,30528.371428571427,3382804.17969135,0.36791914594719627,0.36052586702038725,3591.3554167788716,3519.187679345161
2020-06-11 11:15:00,4136001,441.7517606666668,7.729166666666666,99.25,27.8630768,33.53619794382338,36.30496026666667,10899.240159694726,10675.963630242613,14558.90619047619,14260.659523809523,0.5467003077601799,0.5489142033037182,0.9795144866815774,34093.536309523806,3386369.344572303,0.4266682387823342,0.41792772089421076,3659.6660307814636,3584.69589356691
2020-06-11 11:30:00,4136001,462.1243431034483,7.819444444444444,99.5,28.498860379310344,34.386919793255025,38.471322,11361.717255623087,11127.312961645403,15119.273333333333,14807.346666666666,0.5677426089777738,0.5699570125073735,0.9793689379251472,37795.37297619048,3390071.1812389693,0.44477264653055737,0.4355965144507889,3757.5560777102455,3680.033705021264
2020-06-11 11:45:00,4136001,583.9224203333333,7.909722222222222,99.75,28.7643748,36.1462201314792,39.30720423333333,14251.256853056757,13945.018446316577,15770.015714285715,15431.141428571427,0.5921785834448655,0.5939678097769037,0.9785114807839216,41653.15833333333,3393928.966596112,0.5578883089863674,0.5459001153382884,1518.7588612289583,1486.1229822548503
2020-06-11 12:00:00,4136001,620.5650234482758,8.0,100.0,29.731161000000004,37.51546887065073,45.40481068965519,15058.735976999717,0.0,0.0,0.0,0.0,0.0,0.0,41653.15833333333,3393928.966596112,0.5894983745155497,0.0,-15058.735976999717,0.0
2020-06-11 12:15:00,4136001,388.1666475,7.798611111111111,99.75,29.42076553571429,34.37550463007559,42.382584821428566,9543.85760742187,9378.497065695869,1310.5846153846153,1287.876923076923,0.04921365679553782,0.04957231704492488,0.9826736160022539,41975.12756410256,3394250.9358268813,0.37360961469649134,0.36713631104700994,-8233.272992037255,-8090.6201426189455
2020-06-11 12:30:00,4136001,307.13358866666664,7.597222222222222,99.5,28.7703256,32.76088739648758,35.47568646666666,7602.168291107726,7457.92629077092,10707.046666666669,10503.893333333332,0.4020594426041713,0.4043106303062252,0.9810262026814736,44601.1008974359,3396876.909160215,0.2975990718773821,0.2919524874053991,3104.878375558943,3045.9670425624117
2020-06-11 12:45:00,4136001,387.1848155172413,7.395833333333333,99.25,29.112240413793103,34.234579630161434,36.74222948275862,9525.292645296742,9333.884002210058,12904.513333333332,12645.2,0.4845763355109528,0.4867327399568935,0.9799052217906191,47762.400897435895,3400038.2091602148,0.37288285947530797,0.3653898611160719,3379.22068803659,3311.315997789943
2020-06-11 13:00:00,4136001,322.284215,7.194444444444444,99.0,29.05096543333334,33.393833173530076,35.634093166666666,7956.332942799116,7802.641609095485,10758.65238095238,10550.829047619049,0.40399728460363676,0.40611725644231805,0.9806831445078315,50400.10815934066,3402675.91642212,0.31146341525931165,0.3054469214756502,2802.319438153265,2748.1874385235633
2020-06-11 13:15:00,4136001,306.3866934482759,7.152777777777778,99.0,29.485296827586204,33.629858118736365,36.07847551724137,7556.476634090706,7413.0939425915885,10386.929999999998,10189.84,0.3900387675688233,0.3922222458262702,0.9810251922367823,52947.56815934066,3405223.37642212,0.2958103986725663,0.2901974532233936,2830.453365909292,2776.7460574084116
2020-06-11 13:30:00,4136001,348.4061356666666,7.111111111111112,99.0,29.618877933333337,34.35008564200616,36.03466590000001,8567.170387626053,8398.54753538278,11690.96,11460.853333333333,0.43900629253267426,0.4411454579743641,0.9803175559007415,55812.781492674,3408088.5897554527,0.3353756268399316,0.3287746148124009,3123.7896123739465,3062.305797950552
2020-06-11 13:45:00,4136001,441.0198099999999,7.069444444444444,99.0,29.861181724137936,35.87331191294579,37.1695493448276,10775.862596878647,10554.996648481883,14369.706666666663,14075.18,0.5395956917580237,0.5417748178586711,0.9795036409929039,59331.576492674,3411607.384755453,0.42183842618432754,0.41319227435826517,3593.844069788016,3520.183351518117
2020-06-11 14:00:00,4136001,355.19790033333334,7.027777777777778,99.0,29.92468686666665,34.785750235126116,37.94542226666666,8718.365156442665,8548.041825797121,11319.866666666669,11098.72,0.42507139681407996,0.4272064020825588,0.9804638452749735,62106.256492674,3414382.064755453,0.34129438858652045,0.3346268086043109,2601.501510224003,2550.678174202878
2020-06-11 14:15:00,4136001,332.1471462068965,7.083333333333333,98.75,27.71221082758621,32.23429586784348,34.44660265517241,8239.175562537557,8079.495993774296,11092.110476190475,10877.139523809525,0.4165189425432314,0.4186774367599745,0.98061947247619,64825.54137362637,3417101.349636405,0.3225357432976143,0.3162848304472224,2852.934913652918,2797.6435300352287
2020-06-11 14:30:00,4136001,219.9277286666666,7.138888888888889,98.5,27.96685683333333,30.945696446859902,34.11939593333334,5484.440858037581,5389.28291150323,7492.43,7362.432380952381,0.2813476323895202,0.28339108005633024,0.98264947166038,66666.14946886447,3418941.957731643,0.21469723460706913,0.21097212415358113,2007.9891419624191,1973.1494694491512
2020-06-11 14:45:00,4136001,159.9183410344828,7.194444444444444,98.25,28.226240379310344,30.381183662351482,32.64926362068965,3997.1830263956463,3919.7649264283373,5444.624285714286,5339.171904761904,0.20445064578997693,0.20551274557188717,0.9806318351058548,68000.94244505494,3420276.750707834,0.15647614117814235,0.15344548547380454,1447.4412593186398,1419.4069783335672
2020-06-11 15:00:00,4136001,244.7895886666667,7.25,98.0,28.87674766666667,32.158549364838905,33.52219136666666,6074.096109430365,5965.832345600139,8302.36,8154.38,0.3117612482526306,0.3138743333478073,0.9821761523229539,70039.53744505494,3422315.3457078338,0.23778023524879094,0.23354207655510428,2228.263890569636,2188.547654399861
2020-06-11 15:15:00,4136001,361.5275644827586,7.270833333333333,98.0,29.08339506896552,33.92101677950322,35.22164613793103,8905.671366049279,8728.044075582444,12581.673333333332,12330.726666666667,0.47245339680606896,0.474628189046136,0.9800545873336405,73122.21911172161,3425398.0273745004,0.3486267906067441,0.3416732854015441,3676.0019672840535,3602.6825910842235
2020-06-11 15:30:00,4136001,218.2710936666667,7.291666666666666,98.0,27.1182657,30.033405515247633,31.176984633333337,5463.475344746743,5364.809625684658,7391.9,7258.408571428571,0.277572638497803,0.27938704739332154,0.9819408503129874,74936.82125457875,3427212.629517358,0.21387650595994295,0.2100140781242771,1928.4246552532568,1893.5989457439127
2020-06-11 15:45:00,4136001,269.9164865517241,7.3125,98.0,26.06172972413793,29.659776667207534,30.178076413793104,6766.499698160396,6641.7594953606695,9515.89619047619,9340.470952380952,0.3573306475008683,0.35952875550724034,0.981565032385409,77271.938992674,3429547.747255453,0.26488548436721066,0.26000232904132586,2749.3964923157946,2698.711457020283
2020-06-11 16:00:00,4136001,184.7001159999999,7.333333333333333,98.0,26.01609606666667,28.473521771828988,29.613266966666668,4652.609875275739,4569.2378341664735,6514.908095238096,6398.164761904762,0.2446407864778926,0.24627497115565983,0.9820805863065566,78871.48018315018,3431147.288445929,0.18213387650325852,0.1788701442226061,1862.2982199623575,1828.9269277382882
2020-06-11 16:15:00,4136001,110.9246423448275,6.972222222222222,97.75,25.88879503448276,27.414790939625526,28.060255413793104,2806.200072156602,2749.084560834529,3887.98,3808.846666666667,0.1459972222333484,0.1466082287462711,0.9796466717078449,79823.69184981685,3432099.500112596,0.10985320305956554,0.10761732475374942,1081.7799278433981,1059.7621058321379
2020-06-11 16:30:00,4136001,106.418664,6.611111111111111,97.5,25.36366959999999,26.879173217203068,25.50034883333333,2698.0309071150923,2642.068433474769,3859.485714285714,3779.432380952381,0.14492723561721121,0.14547602871150778,0.9792580309244263,80768.54994505494,3433044.358207834,0.10561874758720267,0.10342800679094809,1161.4548071706217,1137.3639474776123
2020-06-11 16:45:00,4136001,68.21777499999999,6.25,97.25,25.617999166666667,26.624903594710947,25.562178666666664,1731.2966844618825,1682.6897770465973,2357.8314285714287,2291.634285714286,0.08853873709893473,0.08820844548641958,0.9719245650664473,81341.45851648352,3433617.2667792626,0.06777438576871726,0.06587159041090614,626.5347441095462,608.9445086676885
2020-06-11 17:00:00,4136001,76.213266275862,5.888888888888888,97.0,26.01537355172413,27.18285618462643,26.39908786206897,1929.868956585593,1876.5649507800822,2567.413809523809,2496.500476190476,0.096408748119593,0.09609405284850217,0.9723794687594651,81965.58363553113,3434241.39189831,0.07554781587729861,0.0734611450687055,637.5448529382161,619.9355254103939
2020-06-11 17:15:00,4136001,61.1145239,5.673611111111112,97.75,26.459341366666663,27.41713667129386,27.310375,1546.0762630367938,1501.555299390459,2040.4880952380952,1981.73,0.07662220327907499,0.07627976408081917,0.9712039019608988,82461.01613553114,3434736.82439831,0.06052363527253058,0.05878079073753999,494.4118322013014,480.1747006095411
2020-06-11 17:30:00,4136001,58.4995239655172,5.458333333333333,98.5,26.65583220689655,27.59430215099725,27.505229931034485,1478.862946952465,1435.8647603037264,1931.0866666666664,1874.94,0.07251407909124771,0.07216925659181174,0.9709248333408135,82929.75113553113,3435205.55939831,0.05789246220209297,0.056209229215256465,452.22371971420125,439.0752396962737
2020-06-11 17:45:00,4136001,53.5718095333333,5.243055555555555,99.25,26.73281353333333,27.61302400009584,26.82401533333333,1354.1882660806775,1314.138005889166,1770.118095238095,1717.7666666666669,0.06646956129654667,0.06611941893155399,0.9704248949760685,83359.19280219781,3435635.0010649767,0.05301187183717665,0.051444040160076955,415.92982915741754,403.62866077750095
2020-06-11 18:00:00,4136001,46.9554367666666,5.027777777777778,100.0,26.725963433333337,27.51659210426559,26.888934466666665,1187.4022585170708,1150.7236868013024,1552.787619047619,1504.8223809523809,0.05830860217884022,0.05792287355118215,0.9691102392195418,83735.3983974359,3436011.206660215,0.04648276604098926,0.045046924517569094,365.38536053054827,354.09869415107846
2020-06-11 18:15:00,4136001,22.909710241379297,4.75,100.0,26.49930441379311,26.89780346130362,26.40681503448276,580.7859530589609,561.2874315621148,742.8666666666667,717.9266666666666,0.02789532606214026,0.02763407566149891,0.9664273534954679,83914.88006410256,3436190.6883268813,0.022735797731805087,0.021972496831556654,162.08071360770577,156.63923510455186
2020-06-11 18:30:00,4136001,8.150800146666601,4.472222222222222,100.0,26.28690993333333,26.433533429405763,25.899502400000006,207.0182732089522,199.68743544498935,195.2147619047619,188.3019047619048,0.00733049372091413,0.007248023126867423,0.9645884508148538,83961.95554029304,3436237.763803072,0.008104062368719992,0.007817084965550572,-11.803511304190295,-11.38553068308454
2020-06-11 18:45:00,4136001,1.2175895017241,4.194444444444445,100.0,26.10765227586207,26.13033041893758,25.58488510344828,30.962695689359915,0.0,0.0,0.0,0.0,0.0,0.0,83961.95554029304,3436237.763803072,0.0012120843879177888,0.0,-30.962695689359915,0.0
2020-06-11 19:00:00,4136001,0.0,3.9166666666666665,100.0,26.0361074,26.0361074,25.255116666666677,0.0,0.0,0.0,0.0,0.0,0.0,0.0,83961.95554029304,3436237.763803072,0.0,0.0,0.0,0.0
2020-06-11 19:15:00,4136001,0.0,3.4930555555555554,100.0,25.8624267,25.8624267,25.206319099999995,0.0,0.0,0.0,0.0,0.0,0.0,0.0,83961.95554029304,3436237.763803072,0.0,0.0,0.0,0.0
2020-06-11 19:30:00,4136001,0.0,3.0694444444444446,100.0,24.9431804137931,24.9431804137931,24.608417379310342,0.0,0.0,0.0,0.0,0.0,0.0,0.0,83961.95554029304,3436237.763803072,0.0,0.0,0.0,0.0
2020-06-11 19:45:00,4136001,0.0,2.6458333333333335,100.0,24.247928966666663,24.247928966666663,22.8602712,0.0,0.0,0.0,0.0,0.0,0.0,0.0,83961.95554029304,3436237.763803072,0.0,0.0,0.0,0.0
2020-06-11 20:00:00,4136001,0.0,2.2222222222222223,100.0,23.92968324137931,23.92968324137931,22.196393344827584,0.0,0.0,0.0,0.0,0.0,0.0,0.0,83961.95554029304,3436237.763803072,0.0,0.0,0.0,0.0
2020-06-11 20:15:00,4136001,0.0,2.1527777777777777,100.0,23.84047006666667,23.84047006666667,22.104235700000007,0.0,0.0,0.0,0.0,0.0,0.0,0.0,83961.95554029304,3436237.763803072,0.0,0.0,0.0,0.0
2020-06-11 20:30:00,4136001,0.0,2.0833333333333335,100.0,23.795964517241377,23.795964517241377,22.03030396551724,0.0,0.0,0.0,0.0,0.0,0.0,0.0,83961.95554029304,3436237.763803072,0.0,0.0,0.0,0.0
2020-06-11 20:45:00,4136001,0.0,2.013888888888889,100.0,23.400524000000004,23.400524000000004,21.92654333333333,0.0,0.0,0.0,0.0,0.0,0.0,0.0,83961.95554029304,3436237.763803072,0.0,0.0,0.0,0.0
2020-06-11 21:00:00,4136001,0.0,1.9444444444444444,100.0,23.18491033333333,23.18491033333333,21.805719033333336,0.0,0.0,0.0,0.0,0.0,0.0,0.0,83961.95554029304,3436237.763803072,0.0,0.0,0.0,0.0
2020-06-11 21:15:00,4136001,0.0,2.076388888888889,100.0,23.137103344827583,23.137103344827583,21.75369079310345,0.0,0.0,0.0,0.0,0.0,0.0,0.0,83961.95554029304,3436237.763803072,0.0,0.0,0.0,0.0
2020-06-11 21:30:00,4136001,0.0,2.2083333333333335,100.0,23.2143099,23.2143099,21.7712443,0.0,0.0,0.0,0.0,0.0,0.0,0.0,83961.95554029304,3436237.763803072,0.0,0.0,0.0,0.0
2020-06-11 21:45:00,4136001,0.0,2.340277777777778,100.0,23.091332586206903,23.091332586206903,21.701135,0.0,0.0,0.0,0.0,0.0,0.0,0.0,83961.95554029304,3436237.763803072,0.0,0.0,0.0,0.0
2020-06-11 22:00:00,4136001,0.0,2.4722222222222223,100.0,23.106439166666664,23.106439166666664,21.6895355,0.0,0.0,0.0,0.0,0.0,0.0,0.0,83961.95554029304,3436237.763803072,0.0,0.0,0.0,0.0
2020-06-11 22:15:00,4136001,0.0,2.388888888888889,100.0,23.108354766666668,23.108354766666668,21.676100666666663,0.0,0.0,0.0,0.0,0.0,0.0,0.0,83961.95554029304,3436237.763803072,0.0,0.0,0.0,0.0
2020-06-11 22:30:00,4136001,0.0,2.305555555555556,100.0,23.167986137931035,23.167986137931035,21.722446689655172,0.0,0.0,0.0,0.0,0.0,0.0,0.0,83961.95554029304,3436237.763803072,0.0,0.0,0.0,0.0
2020-06-11 22:45:00,4136001,0.0,2.2222222222222223,100.0,23.0900807,23.0900807,21.662187733333333,0.0,0.0,0.0,0.0,0.0,0.0,0.0,83961.95554029304,3436237.763803072,0.0,0.0,0.0,0.0
2020-06-11 23:00:00,4136001,0.0,2.138888888888889,100.0,23.0771108,23.0771108,21.622833199999995,0.0,0.0,0.0,0.0,0.0,0.0,0.0,83961.95554029304,3436237.763803072,0.0,0.0,0.0,0.0
2020-06-11 23:15:00,4136001,0.0,2.0625,99.75,23.06249358620689,23.06249358620689,21.668886448275863,0.0,0.0,0.0,0.0,0.0,0.0,0.0,83961.95554029304,3436237.763803072,0.0,0.0,0.0,0.0
2020-06-11 23:30:00,4136001,0.0,1.9861111111111112,99.5,22.998343899999995,22.998343899999995,21.65067433333333,0.0,0.0,0.0,0.0,0.0,0.0,0.0,83961.95554029304,3436237.763803072,0.0,0.0,0.0,0.0
2020-06-11 23:45:00,4136001,0.0,1.909722222222222,99.25,23.00536055172413,23.00536055172413,21.64281696551724,0.0,0.0,0.0,0.0,0.0,0.0,0.0,83961.95554029304,3436237.763803072,0.0,0.0,0.0,0.0
2020-06-12 00:00:00,4136001,0.0,1.8333333333333333,99.0,23.096333766666664,23.096333766666664,21.81936953333334,0.0,0.0,0.0,0.0,0.0,0.0,0.0,0.0,3436237.763803072,0.0,0.0,0.0,0.0
2020-06-12 00:15:00,4136001,0.0,1.75,99.25,23.07342593103449,23.07342593103449,21.868107310344826,0.0,0.0,0.0,0.0,0.0,0.0,0.0,0.0,3436237.763803072,0.0,0.0,0.0,0.0
2020-06-12 00:30:00,4136001,0.0,1.6666666666666665,99.5,23.198418433333337,23.198418433333337,21.921284133333337,0.0,0.0,0.0,0.0,0.0,0.0,0.0,0.0,3436237.763803072,0.0,0.0,0.0,0.0
2020-06-12 00:45:00,4136001,0.0,1.5833333333333333,99.75,23.25918803333333,23.25918803333333,21.7901601,0.0,0.0,0.0,0.0,0.0,0.0,0.0,0.0,3436237.763803072,0.0,0.0,0.0,0.0
2020-06-12 01:00:00,4136001,0.0,1.5,100.0,23.26828003448276,23.26828003448276,22.156882620689657,0.0,0.0,0.0,0.0,0.0,0.0,0.0,0.0,3436237.763803072,0.0,0.0,0.0,0.0
2020-06-12 01:15:00,4136001,0.0,1.4791666666666667,100.0,23.03963933333333,23.03963933333333,22.2565656,0.0,0.0,0.0,0.0,0.0,0.0,0.0,0.0,3436237.763803072,0.0,0.0,0.0,0.0
2020-06-12 01:30:00,4136001,0.0,1.4583333333333333,100.0,22.93840913793104,22.93840913793104,22.340520448275857,0.0,0.0,0.0,0.0,0.0,0.0,0.0,0.0,3436237.763803072,0.0,0.0,0.0,0.0
2020-06-12 01:45:00,4136001,0.0,1.4375,100.0,22.8403045,22.8403045,22.311083166666663,0.0,0.0,0.0,0.0,0.0,0.0,0.0,0.0,3436237.763803072,0.0,0.0,0.0,0.0
2020-06-12 02:00:00,4136001,0.0,1.4166666666666665,100.0,22.75244333333333,22.75244333333333,22.36223953333333,0.0,0.0,0.0,0.0,0.0,0.0,0.0,0.0,3436237.763803072,0.0,0.0,0.0,0.0
2020-06-12 02:15:00,4136001,0.0,1.3124999999999998,99.75,22.652374,22.652374,22.18530289655172,0.0,0.0,0.0,0.0,0.0,0.0,0.0,0.0,3436237.763803072,0.0,0.0,0.0,0.0
2020-06-12 02:30:00,4136001,0.0,1.2083333333333333,99.5,22.610987366666663,22.610987366666663,22.14618743333333,0.0,0.0,0.0,0.0,0.0,0.0,0.0,0.0,3436237.763803072,0.0,0.0,0.0,0.0
2020-06-12 02:45:00,4136001,0.0,1.1041666666666667,99.25,22.557934620689657,22.557934620689657,21.900003448275864,0.0,0.0,0.0,0.0,0.0,0.0,0.0,0.0,3436237.763803072,0.0,0.0,0.0,0.0
2020-06-12 03:00:00,4136001,0.0,1.0,99.0,22.6381885,22.6381885,21.888890600000003,0.0,0.0,0.0,0.0,0.0,0.0,0.0,0.0,3436237.763803072,0.0,0.0,0.0,0.0
2020-06-12 03:15:00,4136001,0.0076780959999999,1.0694444444444444,99.0,22.836479599999997,22.836717201609158,22.47486883333333,0.19783416118685934,0.0,0.0,0.0,0.0,0.0,0.0,0.0,3436237.763803072,7.744535572004672e-06,0.0,-0.19783416118685934,0.0
2020-06-12 03:30:00,4136001,0.0,1.1388888888888888,99.0,22.87054006896551,22.87054006896551,22.632726241379306,0.0,0.0,0.0,0.0,0.0,0.0,0.0,0.0,3436237.763803072,0.0,0.0,0.0,0.0
2020-06-12 03:45:00,4136001,0.0,1.2083333333333333,99.0,22.97101426666667,22.97101426666667,22.699416133333333,0.0,0.0,0.0,0.0,0.0,0.0,0.0,0.0,3436237.763803072,0.0,0.0,0.0,0.0
2020-06-12 04:00:00,4136001,0.0,1.2777777777777777,99.0,23.079390758620686,23.079390758620686,22.813601965517243,0.0,0.0,0.0,0.0,0.0,0.0,0.0,0.0,3436237.763803072,0.0,0.0,0.0,0.0
2020-06-12 04:15:00,4136001,0.0,1.2291666666666665,98.75,23.20513930000001,23.20513930000001,22.95454596666666,0.0,0.0,0.0,0.0,0.0,0.0,0.0,0.0,3436237.763803072,0.0,0.0,0.0,0.0
2020-06-12 04:30:00,4136001,0.0,1.1805555555555556,98.5,23.228767833333336,23.228767833333336,23.02070903333334,0.0,0.0,0.0,0.0,0.0,0.0,0.0,0.0,3436237.763803072,0.0,0.0,0.0,0.0
2020-06-12 04:45:00,4136001,0.0,1.1319444444444444,98.25,23.179444862068973,23.179444862068973,23.012233275862062,0.0,0.0,0.0,0.0,0.0,0.0,0.0,0.0,3436237.763803072,0.0,0.0,0.0,0.0
2020-06-12 05:00:00,4136001,0.0,1.0833333333333333,98.0,23.2061069,23.2061069,22.8791188,0.0,0.0,0.0,0.0,0.0,0.0,0.0,0.0,3436237.763803072,0.0,0.0,0.0,0.0
2020-06-12 05:15:00,4136001,0.0,1.0763888888888888,96.75,23.23781186206897,23.23781186206897,22.71333889655173,0.0,0.0,0.0,0.0,0.0,0.0,0.0,0.0,3436237.763803072,0.0,0.0,0.0,0.0
2020-06-12 05:30:00,4136001,0.0012796612,1.0694444444444444,95.5,23.21335063333333,23.21339023293723,22.55468443333333,0.03292255491017775,0.0,0.0,0.0,0.0,0.0,0.0,0.0,3436237.763803072,1.2888062207938051e-06,0.0,-0.03292255491017775,0.0
2020-06-12 05:45:00,4136001,0.7294055549666001,1.0625,94.25,23.308441233333337,23.331046193586428,22.930191999999995,18.75705312966656,0.0,0.0,0.0,0.0,0.0,0.0,0.0,3436237.763803072,0.0007342749316761229,0.0,-18.75705312966656,0.0
2020-06-12 06:00:00,4136001,4.2056504241379,1.0555555555555556,93.0,23.32624131034483,23.45677049793446,23.077431448275856,108.09651728429866,104.17232325472209,18.324761904761907,17.65952380952381,0.000688111650827093,0.0006797415944503466,0.9636973130294684,4.414880952380953,3436242.178684024,0.004231611559377516,0.004077992689556551,-89.77175537953676,-86.51279944519828
2020-06-12 06:15:00,4136001,14.49843685,1.1805555555555556,92.5,23.362587600000005,23.800937920483754,23.246462933333326,372.13892018348884,359.18995057550586,413.30619047619047,398.9247619047619,0.015520027299875774,0.01535521323494734,0.9652039362031839,104.14607142857145,3436341.9098745007,0.014567974953356384,0.014061066767488976,41.16727029270163,39.73481132925605
2020-06-12 06:30:00,4136001,33.4927551724137,1.3055555555555554,92.0,23.470018275862063,24.457131602487873,23.604529000000003,857.4302838173359,829.4174523688878,1032.5990476190475,998.8633333333332,0.03877504324435362,0.038447749903189284,0.9673293188062669,353.8619047619048,3436591.625707834,0.03356548380572855,0.03246887658519819,175.16876380171163,169.44588096444545
2020-06-12 06:45:00,4136001,67.1627485333333,1.4305555555555556,91.5,23.64130253333333,25.572098811422546,24.350484133333328,1711.7462746948552,1662.833597026058,2138.4866666666667,2077.38,0.08030213970143514,0.07996147623854517,0.9714252758181019,873.2069047619048,3437110.9707078338,0.06700905361890214,0.06509428839405199,426.7403919718115,414.5464029739421
2020-06-12 07:00:00,4136001,90.3843469999999,1.5555555555555554,91.0,23.84684933333333,26.382886005611667,25.189636166666663,2296.0965383338007,2237.07969976024,2837.195238095238,2764.270476190476,0.10653928870405412,0.10640092231503946,0.974296882736304,1564.2745238095238,3437802.038326882,0.0898843820056293,0.08757407319476376,541.0986997614373,527.1907764302359
2020-06-12 07:15:00,4136001,116.4797561724138,1.7916666666666665,87.0,24.097485965517244,27.224039613951383,26.135771551724137,2949.005071038773,2885.3566809062863,3681.004761904762,3601.557619047619,0.13822511182306063,0.13862936197384565,0.9784169953597038,2464.6639285714286,3438702.4277316434,0.11544353380461042,0.11295191547881332,731.9996908659887,716.2009381413327
2020-06-12 07:30:00,4136001,137.2689796666666,2.0277777777777777,83.0,24.3609651,27.892454157542236,27.167583133333338,3465.966106067709,3397.2433070216675,4387.038095238096,4300.052380952381,0.16473731236699823,0.16551547443607978,0.9801721087445917,3539.677023809524,3439777.4408268817,0.13568080274291286,0.13299053854067988,921.0719891703866,902.8090739307136
2020-06-12 07:45:00,4136001,175.8698168965517,2.263888888888889,79.0,24.55453065517242,28.89860418602463,27.70591572413793,4422.535082154106,4338.680518794723,5706.124761904762,5597.93238095238,0.2142702290019552,0.2154728249354987,0.9810392542282469,4939.1601190476185,3441176.92392212,0.17312722967915858,0.16984460829104414,1283.5896797506557,1259.2518621576573
2020-06-12 08:00:00,4136001,160.0963385,2.5,75.0,24.89767446666667,28.70043785146477,28.73435063333333,4029.1268220149796,3950.815375338245,5111.046666666667,5011.706666666667,0.19192449962148675,0.1929081167341676,0.9805636679766832,6192.086785714286,3442429.8505887864,0.15772663229653472,0.15466100510229966,1081.9198446516875,1060.891291328422
2020-06-12 08:15:00,4136001,157.8865952068965,2.736111111111111,75.0,25.01737920689655,28.629105049442508,28.64656644827586,3974.6652588227157,3898.881098226654,5518.042380952381,5412.830952380952,0.20720756274079077,0.20834799294403109,0.9809331967194369,7545.2945238095235,3443783.0583268814,0.15559464704727796,0.15262795452051886,1543.3771221296652,1513.949854154298
2020-06-12 08:30:00,4136001,199.06067366666664,2.972222222222222,75.0,25.175836200000003,29.56720336670344,29.600538133333337,4992.1079026580255,4902.427541405494,6723.949523809524,6603.157619047619,0.2524904842394859,0.2541654541079844,0.9820355723471479,9196.083928571428,3445433.847731644,0.195424071350872,0.19191338975946345,1731.8416211514987,1700.7300776421253
2020-06-12 08:45:00,4136001,114.2524157931034,3.2083333333333335,75.0,25.023628,27.457378469551674,28.130702586206898,2889.8897588582745,2828.534793405589,4016.629523809524,3931.3528571428574,0.15082813008725546,0.1513236760110164,0.978769098279747,10178.922142857142,3446416.685945929,0.11312937008644644,0.11072753154846697,1126.7397649512495,1102.8180637372684
2020-06-12 09:00:00,4136001,302.462571,3.4444444444444446,75.0,25.58673096666667,31.815367107523343,30.660331433333333,7515.773192692288,7373.7206684774765,10077.79238095238,9887.316190476193,0.3784303658618229,0.3805776500340549,0.9810994131178771,12650.75119047619,3448888.514993548,0.29421699716939864,0.2886561232522011,2562.019188260092,2513.5955219987163
2020-06-12 09:15:00,4136001,239.9335173333333,3.881944444444444,67.75,25.9005231,30.55468181845853,31.52512816666666,5992.920861167884,5887.8866304504,8071.26,7929.8,0.30308323086104755,0.3052299118487785,0.9824736162631361,14633.20119047619,3450870.964993548,0.2346024999478522,0.23049076650813857,2078.339138832116,2041.9133695496002
2020-06-12 09:30:00,4136001,411.9583196551724,4.319444444444445,60.5,26.35951931034482,33.91215144262408,34.320217758620686,10148.328054156256,9943.031879608405,13489.620952380952,13216.731904761906,0.5065476643471404,0.5087318613608685,0.9797704436186637,17937.384166666667,3454175.1479697386,0.397272579923909,0.3892359318695794,3341.292898224696,3273.700025153501
2020-06-12 09:45:00,4136001,295.43177166666663,4.756944444444445,53.25,26.72021383333334,31.854809039358393,34.9373119,7339.876989465489,7203.675965520325,9607.231904761906,9428.957142857142,0.3607603875140405,0.3629347218769951,0.9814436912034568,20294.62345238095,3456532.387255453,0.2873312581509293,0.28199945059778136,2267.354915296417,2225.2811773368167
2020-06-12 10:00:00,4136001,230.0879279310344,5.194444444444444,46.0,26.48955672413793,30.290778067786277,32.30903151724138,5753.207892447466,5652.101581559255,7973.186666666667,7833.066666666667,0.29940048706045397,0.3015065005639829,0.9824260981389289,22252.890119047617,3458490.65392212,0.22521855127999477,0.22126058256250752,2219.978774219201,2180.965085107412
2020-06-12 10:15:00,4136001,160.934984,5.076388888888888,49.5,26.2019552,28.89666797994056,30.3946726,4047.0060461456633,3969.609244115472,5498.294285714286,5393.142380952381,0.2064660036151879,0.207590150259276,0.9808755407954224,23601.175714285717,3459838.939517358,0.15842654320397978,0.15539672124155302,1451.2882395686229,1423.5331368369093
2020-06-12 10:30:00,4136001,154.4609948275861,4.958333333333334,53.0,26.23958182758621,28.861341902738314,29.84086337931035,3884.763231472614,3810.327828968308,5390.651904761905,5287.3623809523815,0.20242393328210195,0.20351851918719804,0.9808391404909151,24923.01630952381,3461160.780112596,0.1520752879809205,0.14916139475311443,1505.888673289291,1477.0345519840735
2020-06-12 10:45:00,4136001,195.4025728666666,4.840277777777778,56.5,26.212235466666662,29.575012610179403,29.820671633333337,4900.212947454209,4808.0111382529385,6972.48,6841.286666666667,0.2618230320314346,0.2633313987993254,0.9811841219575628,26633.33797619048,3462871.1017792625,0.1918266959269606,0.18821730821111524,2072.2670525457906,2033.2755284137284
2020-06-12 11:00:00,4136001,373.0939703448276,4.722222222222222,60.0,26.93907844827586,33.450317023229225,33.2047645862069,9208.53621769478,9023.503878172634,12778.31380952381,12521.551904761904,0.47983742740870905,0.4819733390628238,0.9799064329934878,29763.72595238095,3466001.489755453,0.3604829210293513,0.35323953330094476,3569.77759182903,3498.0480265892693
2020-06-12 11:15:00,4136001,525.9339126666667,4.75,68.75,27.978457700000007,37.1267254451151,38.802913200000006,12783.292456520241,12509.41854780821,16730.39619047619,16371.958095238097,0.6282417529598706,0.630181256299203,0.9785756361560562,33856.715476190475,3470094.4792792625,0.5004224880219316,0.4897012545628581,3947.103733955948,3862.5395474298857
2020-06-12 11:30:00,4136001,469.6381220689654,4.777777777777778,77.5,26.55285862068965,34.69498972452054,35.65671510344827,11531.666313327956,11292.476578937152,15521.813333333334,15199.86,0.582858355930642,0.5850654402272156,0.979258007655463,37656.68047619048,3473894.4442792623,0.4514255749981584,0.4420621091774184,3990.1470200053773,3907.3834210628484
2020-06-12 11:45:00,4136001,367.6135404666666,4.8055555555555545,86.25,24.5112182,30.863620834640862,29.3274028,9170.434158538706,8979.239404139566,13111.25761904762,12837.900476190476,0.49233977344707996,0.4941500707043066,0.9791509593663984,40866.155595238095,3477103.91939831,0.35899135480676087,0.35150672946328304,3940.823460508913,3858.6610720509107
2020-06-12 12:00:00,4136001,394.8018151724138,4.833333333333333,95.0,23.428060655172416,30.227954130412062,27.380415310344823,9874.312257945723,9673.559062964552,13859.13761904762,13577.369523809524,0.520423354783372,0.5226133449633878,0.979669146596045,44260.49797619048,3480498.261779262,0.3865457920511146,0.3786869862190077,3984.825361101897,3903.810460844972
2020-06-12 12:15:00,4136001,382.3716986666667,5.215277777777778,96.0,23.30078733333333,29.60301154803796,26.9148752,9587.841974248206,9393.910990585086,13289.160476190476,13020.36380952381,0.4990201892337438,0.5011733584478774,0.9797732394647309,47515.58892857143,3483753.3527316432,0.37533145328824447,0.3677397138612286,3701.318501942271,3626.452818938724
2020-06-12 12:30:00,4136001,382.43570344827583,5.597222222222221,97.0,24.71514999999999,30.758220292301104,31.10258551724138,9544.304456895325,9352.243841672736,13055.762857142858,12793.040952380952,0.4902558941353046,0.49242336025789446,0.9798769395831842,50713.84916666667,3486951.6129697384,0.37362710733589055,0.3661085864816103,3511.458400247533,3440.7971107082158
2020-06-12 12:45:00,4136001,517.1967406666664,5.979166666666666,98.0,25.759937466666667,33.608440682519564,35.285202166666664,12756.859072738027,12490.939061626674,10424.753333333334,10207.446666666669,0.3914590684968818,0.3928999528699053,0.9791547425902325,53265.71083333333,3489503.474636405,0.49938771081378064,0.48897784543459283,-2332.105739404693,-2283.492394960005
2020-06-12 13:00:00,4136001,491.2427266666668,6.361111111111111,99.0,26.256600899999995,33.42698079587895,39.8784078,12125.801619534739,11884.997884282247,3140.7228571428573,3078.3519047619047,0.1179370297552052,0.11849038822290545,0.9801412110466532,54035.29880952381,3490273.062612596,0.47468395457172596,0.465257306098346,-8985.078762391882,-8806.645979520343
2020-06-12 13:15:00,4136001,436.7032972413793,6.930555555555555,98.5,25.594030931034485,31.62542789590403,34.252540413793106,10859.943612520452,10634.068987403098,13192.516666666666,12918.127142857142,0.4953911253659963,0.4972381155975684,0.9792011235807023,57264.8305952381,3493502.59439831,0.4251299124102741,0.41628768789990594,2332.5730541462144,2284.058155454044
2020-06-12 13:30:00,4136001,537.373153,7.5,98.0,26.233689366666667,33.27658783324596,37.80731616666668,13272.739780283646,12989.669815229978,12302.10380952381,12039.73476190476,0.46195530424970543,0.4634274735880935,0.9786728309497816,60274.764285714286,3496512.528088786,0.5195826885998687,0.5085014607645323,-970.6359707598367,-949.9350533252182
2020-06-12 13:45:00,4136001,365.3654527586207,8.069444444444445,97.5,26.18573413793104,30.7416971376021,35.571158620689644,9118.905470542742,8937.369453514768,11463.334285714283,11235.12619047619,0.43045873776269183,0.4324568812238581,0.980092345773909,63083.54583333333,3499321.309636405,0.35697418166148925,0.3498676630853305,2344.428815171541,2297.7567369614226
2020-06-12 14:00:00,4136001,486.8788256666666,8.63888888888889,97.0,26.5335296,32.32350255358148,35.9721252,12072.980634205282,11820.18991673562,16349.746666666666,16007.406666666666,0.6139480135063146,0.616149124289921,0.9790614492701619,67085.3975,3503323.161303072,0.4726161923744483,0.462720294254673,4276.766032461384,4187.216749931045
2020-06-12 14:15:00,4136001,418.3158365517241,8.506944444444445,97.5,27.018877724137926,32.0474677953833,37.32093027586206,10384.644519171738,10173.317213078766,13838.132380952382,13556.526666666668,0.519634588788111,0.5218110720878563,0.9796500202098564,70474.52916666666,3506712.2929697386,0.40652356700613573,0.39825082063334377,3453.4878617806444,3383.2094535879023
2020-06-12 14:30:00,4136001,325.917801,8.375,98.0,26.867152866666668,30.827993858341944,34.35756966666667,8131.484737955005,7974.495966889818,10771.670476190477,10563.709523809524,0.4044861260440586,0.4066130453162101,0.9806937138635436,73115.45654761905,3509353.220350691,0.31832001322979075,0.31217443597141586,2640.185738235472,2589.213556919706
2020-06-12 14:45:00,4136001,329.804623,8.243055555555555,98.5,26.675744433333332,30.728269521650844,33.7304332,8231.819640233289,8071.003450611041,11126.340952380951,10908.97761904762,0.4178043283835738,0.4199029328636539,0.980464077609736,75842.70095238095,3512080.4647554527,0.32224778391987824,0.31595237622278494,2894.5213121476627,2837.974168436579
2020-06-12 15:00:00,4136001,438.9835762068964,8.11111111111111,99.0,26.96615486206897,32.42072216086241,35.406001482758626,10880.976425152028,10657.252215187857,14869.313333333334,14563.584761904762,0.558356381252979,0.5605742506845576,0.9794389583046041,79483.59714285714,3515721.3609459293,0.42595327559804375,0.4171952325381819,3988.3369081813053,3906.332546716905
2020-06-12 15:15:00,4136001,392.8341253333332,7.958333333333333,98.5,27.36894433333333,32.31429745643188,36.35862943333333,9741.35336096415,9544.795519179457,13241.13238095238,12973.957142857143,0.49721669011751357,0.49938709614922394,0.9798223270934461,82727.08642857143,3518964.8502316438,0.3813409027584322,0.3736463307566826,3499.7790199882293,3429.1616236776863
2020-06-12 15:30:00,4136001,427.33382,7.805555555555555,98.0,27.941324275862076,33.392706084766274,37.08138175862069,10549.775174776036,10333.546846970808,14382.96,14088.166666666666,0.5400933666051165,0.5422746941634803,0.9795039871255059,86249.12809523809,3522486.8918983103,0.41298787139463833,0.4045232666655239,3833.1848252239633,3754.6198196958576
2020-06-12 15:45:00,4136001,342.5049133333333,7.652777777777778,97.5,27.89696146666667,32.32523625279807,35.5313305,8492.925604199674,8325.681429933375,11631.765714285712,11402.710952380952,0.4367834927018178,0.4389074704068626,0.9803078253524792,89099.80583333333,3525337.569636405,0.33246919570169015,0.3259221542350117,3138.8401100860374,3077.0295224475776
2020-06-12 16:00:00,4136001,288.93763482758624,7.5,97.0,27.961402655172417,31.748265496949433,34.75383044827586,7181.678469722281,7048.4336487712335,9675.270476190475,9495.760952380951,0.3633152984017756,0.36550610083890017,0.9814465627342127,91473.74607142856,3527711.5098745003,0.28113832334007754,0.2759222410949788,2493.592006468194,2447.327303609718
2020-06-12 16:15:00,4136001,157.75132883333328,7.423611111111112,96.0,27.8158599,29.897629935080772,32.435735233333325,3950.8126473739517,3875.1052608261243,5205.533333333334,5105.782380952381,0.19547256079243455,0.1965292322703147,0.9808375153911313,92750.19166666668,3528987.9554697387,0.15466089831176166,0.1516972112282687,1254.720685959382,1230.6771201262563
2020-06-12 16:30:00,4136001,156.7048989999999,7.347222222222221,95.0,27.547283766666677,29.62960253618365,30.637098166666664,3928.8969557234195,3852.438102435971,5125.926190476191,5026.172380952381,0.19248323941550458,0.1934649238032309,0.9805393589729893,94006.73476190477,3530244.4985649767,0.15380297340862867,0.15080986895423648,1197.0292347527711,1173.73427851641
2020-06-12 16:45:00,4136001,185.021294137931,7.270833333333333,94.0,27.76650455172414,30.242285425345806,31.496946068965517,4627.261058324328,4539.800854694236,6116.759999999999,6001.1466666666665,0.2296899595851975,0.23099314838435492,0.9810989260109383,95507.02142857145,3531744.785231644,0.18114155640337942,0.17771778644330535,1489.4989416756716,1461.345811972431
2020-06-12 17:00:00,4136001,165.160775,7.194444444444444,93.0,27.714652300000004,29.94023881125186,31.382141166666667,4135.659894897618,4055.6239650565767,5510.630476190477,5403.985238095238,0.20692923890509818,0.208007508115704,0.9806473617572407,96858.01773809524,3533095.7815411678,0.16189704031699426,0.15876390546316604,1374.9705812928587,1348.3612730386612
2020-06-12 17:15:00,4136001,167.4244803448276,7.027777777777778,94.5,27.653207551724137,29.94449645749706,31.374698,4192.270706557372,4111.210622714732,5559.100952380953,5451.612380952381,0.2087493498326588,0.20984074837597474,0.9806643965725187,98220.92083333334,3534458.684636405,0.16411316134497445,0.16093993433997777,1366.8302458235803,1340.4017582376482
2020-06-12 17:30:00,4136001,115.0523565,6.861111111111111,96.0,27.43312286666666,29.032627336289906,30.22540276666667,2891.6046790539735,2829.432077665361,3784.329523809524,3702.962380952381,0.142105051592817,0.14253258356042248,0.9784989276580666,99146.66142857145,3535384.4252316435,0.11319650338829412,0.1107626571800885,892.7248447555503,873.5303032870202
2020-06-12 17:45:00,4136001,68.54380641379309,6.694444444444445,97.5,27.063544931034485,28.031814551232156,28.678094344827585,1729.7172934730197,1680.6509399238898,2257.6614285714286,2193.619047619048,0.0847772615380742,0.08443569176203228,0.9716333104061116,99695.0661904762,3535932.8299935483,0.06771255797506438,0.06579177686137756,527.9441350984089,512.9681076951583
2020-06-12 18:00:00,4136001,45.7077810666666,6.527777777777778,99.0,26.4373973,27.093646848695858,27.4619964,1157.827054993983,1122.3115229010714,1490.9333333333334,1445.2,0.0559859169033209,0.05562791856085333,0.9693257020211054,100056.3661904762,3536294.129993548,0.04532499725950217,0.04393468478767162,333.1062783393504,322.88847709892866
2020-06-12 18:15:00,4136001,60.7748456,6.472222222222222,99.25,25.75769143333333,26.635053142586976,26.8622061,1542.3397938001592,1497.605797439641,2014.895714285714,1956.4557142857143,0.07566118585373192,0.07530691886396473,0.9709960175180993,100545.4801190476,3536783.2439221195,0.06037736519084593,0.05862618114854731,472.5559204855547,458.84991684607326
2020-06-12 18:30:00,4136001,21.2704814827586,6.416666666666667,99.5,25.43092389655172,25.73968397033251,25.734652827586206,541.7468071711204,523.6305780745383,704.807619047619,681.2385714285714,0.026466173846020916,0.026221895773554268,0.9665596015393596,100715.78976190476,3536953.553564977,0.021207547745982398,0.02049835889898369,163.06081187649863,157.60799335403306
2020-06-12 18:45:00,4136001,2.202877719,6.361111111111111,99.75,24.82610973333334,24.858263838120962,24.3313711,56.30441473095688,54.28983723827983,43.41333333333333,41.86,0.001630210565526854,0.0016112542699677,0.9642199017199018,100726.25476190475,3536964.0185649768,0.0022041266287319192,0.0021252627613341096,-12.891081397623552,-12.42983723827983
2020-06-12 19:00:00,4136001,0.0,6.305555555555555,100.0,24.49466051724137,24.49466051724137,23.72833675862069,0.0,0.0,0.0,0.0,0.0,0.0,0.0,100726.25476190475,3536964.0185649768,0.0,0.0,0.0,0.0
2020-06-12 19:15:00,4136001,0.0,6.111111111111111,99.75,24.27633373333333,24.27633373333333,23.257940766666668,0.0,0.0,0.0,0.0,0.0,0.0,0.0,100726.25476190475,3536964.0185649768,0.0,0.0,0.0,0.0
2020-06-12 19:30:00,4136001,0.0,5.916666666666667,99.5,24.1361651724138,24.1361651724138,23.00415868965517,0.0,0.0,0.0,0.0,0.0,0.0,0.0,100726.25476190475,3536964.0185649768,0.0,0.0,0.0,0.0
2020-06-12 19:45:00,4136001,0.0,5.722222222222222,99.25,23.968401166666663,23.968401166666663,22.7500885,0.0,0.0,0.0,0.0,0.0,0.0,0.0,100726.25476190475,3536964.0185649768,0.0,0.0,0.0,0.0
2020-06-12 20:00:00,4136001,0.0,5.527777777777778,99.0,23.79291786206896,23.79291786206896,22.52788889655172,0.0,0.0,0.0,0.0,0.0,0.0,0.0,100726.25476190475,3536964.0185649768,0.0,0.0,0.0,0.0
2020-06-12 20:15:00,4136001,0.0,5.388888888888888,88.0,23.749513433333338,23.749513433333338,22.500599066666663,0.0,0.0,0.0,0.0,0.0,0.0,0.0,100726.25476190475,3536964.0185649768,0.0,0.0,0.0,0.0
2020-06-12 20:30:00,4136001,0.0,5.249999999999999,77.0,23.816572966666666,23.816572966666666,22.51007393333333,0.0,0.0,0.0,0.0,0.0,0.0,0.0,100726.25476190475,3536964.0185649768,0.0,0.0,0.0,0.0
2020-06-12 20:45:00,4136001,0.0,5.111111111111111,66.0,23.961166,23.961166,22.79937524137931,0.0,0.0,0.0,0.0,0.0,0.0,0.0,100726.25476190475,3536964.0185649768,0.0,0.0,0.0,0.0
2020-06-12 21:00:00,4136001,0.0,4.972222222222221,55.0,23.154267333333337,23.154267333333337,22.475289933333336,0.0,0.0,0.0,0.0,0.0,0.0,0.0,100726.25476190475,3536964.0185649768,0.0,0.0,0.0,0.0
2020-06-12 21:15:00,4136001,0.0,4.645833333333333,48.5,22.76536689655172,22.76536689655172,21.947880275862072,0.0,0.0,0.0,0.0,0.0,0.0,0.0,100726.25476190475,3536964.0185649768,0.0,0.0,0.0,0.0
2020-06-12 21:30:00,4136001,0.0,4.319444444444445,42.0,23.17677313333333,23.17677313333333,21.9652741,0.0,0.0,0.0,0.0,0.0,0.0,0.0,100726.25476190475,3536964.0185649768,0.0,0.0,0.0,0.0
2020-06-12 21:45:00,4136001,0.0,3.9930555555555554,35.5,23.242798758620687,23.242798758620687,22.311946655172413,0.0,0.0,0.0,0.0,0.0,0.0,0.0,100726.25476190475,3536964.0185649768,0.0,0.0,0.0,0.0
2020-06-12 22:00:00,4136001,0.0,3.6666666666666665,29.0,23.19935533333333,23.19935533333333,22.182686466666663,0.0,0.0,0.0,0.0,0.0,0.0,0.0,100726.25476190475,3536964.0185649768,0.0,0.0,0.0,0.0
2020-06-12 22:15:00,4136001,0.0,3.3680555555555554,32.75,23.134124068965523,23.134124068965523,22.071300586206892,0.0,0.0,0.0,0.0,0.0,0.0,0.0,100726.25476190475,3536964.0185649768,0.0,0.0,0.0,0.0
2020-06-12 22:30:00,4136001,0.0,3.0694444444444446,36.5,23.131442766666662,23.131442766666662,22.122366466666666,0.0,0.0,0.0,0.0,0.0,0.0,0.0,100726.25476190475,3536964.0185649768,0.0,0.0,0.0,0.0
2020-06-12 22:45:00,4136001,0.0,2.770833333333333,40.25,23.006417,23.006417,22.191467379310343,0.0,0.0,0.0,0.0,0.0,0.0,0.0,100726.25476190475,3536964.0185649768,0.0,0.0,0.0,0.0
2020-06-12 23:00:00,4136001,0.0,2.4722222222222223,44.0,22.8288644,22.8288644,22.17601516666667,0.0,0.0,0.0,0.0,0.0,0.0,0.0,100726.25476190475,3536964.0185649768,0.0,0.0,0.0,0.0
2020-06-12 23:15:00,4136001,0.0,2.2708333333333335,45.75,22.80835263333333,22.80835263333333,22.152892166666668,0.0,0.0,0.0,0.0,0.0,0.0,0.0,100726.25476190475,3536964.0185649768,0.0,0.0,0.0,0.0
2020-06-12 23:30:00,4136001,0.0,2.0694444444444446,47.5,22.98652075862069,22.98652075862069,22.442028275862068,0.0,0.0,0.0,0.0,0.0,0.0,0.0,100726.25476190475,3536964.0185649768,0.0,0.0,0.0,0.0
2020-06-12 23:45:00,4136001,0.0,1.8680555555555554,49.25,23.099230266666662,23.099230266666662,22.757665999999997,0.0,0.0,0.0,0.0,0.0,0.0,0.0,100726.25476190475,3536964.0185649768,0.0,0.0,0.0,0.0
2020-06-13 00:00:00,4136001,0.0,1.6666666666666665,51.0,23.18442979310345,23.18442979310345,22.94378455172414,0.0,0.0,0.0,0.0,0.0,0.0,0.0,0.0,3536964.0185649768,0.0,0.0,0.0,0.0
2020-06-13 00:15:00,4136001,0.0,1.6041666666666667,50.0,23.15021623333333,23.15021623333333,22.906561333333336,0.0,0.0,0.0,0.0,0.0,0.0,0.0,0.0,3536964.0185649768,0.0,0.0,0.0,0.0
2020-06-13 00:30:00,4136001,0.0,1.5416666666666665,49.0,23.11269223333333,23.11269223333333,22.756977566666663,0.0,0.0,0.0,0.0,0.0,0.0,0.0,0.0,3536964.0185649768,0.0,0.0,0.0,0.0
2020-06-13 00:45:00,4136001,0.0,1.4791666666666665,48.0,23.08237410344828,23.08237410344828,22.74549496551724,0.0,0.0,0.0,0.0,0.0,0.0,0.0,0.0,3536964.0185649768,0.0,0.0,0.0,0.0
2020-06-13 01:00:00,4136001,0.0,1.4166666666666665,47.0,23.00601510000001,23.00601510000001,22.40501096666667,0.0,0.0,0.0,0.0,0.0,0.0,0.0,0.0,3536964.0185649768,0.0,0.0,0.0,0.0
2020-06-13 01:15:00,4136001,0.0,1.4375,37.25,22.890840482758623,22.890840482758623,22.013978206896557,0.0,0.0,0.0,0.0,0.0,0.0,0.0,0.0,3536964.0185649768,0.0,0.0,0.0,0.0
2020-06-13 01:30:00,4136001,0.0,1.4583333333333333,27.5,22.8207133,22.8207133,21.930839200000005,0.0,0.0,0.0,0.0,0.0,0.0,0.0,0.0,3536964.0185649768,0.0,0.0,0.0,0.0
2020-06-13 01:45:00,4136001,0.0,1.4791666666666667,17.75,22.72088706896552,22.72088706896552,21.77449182758621,0.0,0.0,0.0,0.0,0.0,0.0,0.0,0.0,3536964.0185649768,0.0,0.0,0.0,0.0
2020-06-13 02:00:00,4136001,0.0,1.5,8.0,22.5558715,22.5558715,21.47388816666667,0.0,0.0,0.0,0.0,0.0,0.0,0.0,0.0,3536964.0185649768,0.0,0.0,0.0,0.0
2020-06-13 02:15:00,4136001,0.0,1.5694444444444444,7.75,22.479495266666667,22.479495266666667,21.197295066666666,0.0,0.0,0.0,0.0,0.0,0.0,0.0,0.0,3536964.0185649768,0.0,0.0,0.0,0.0
2020-06-13 02:30:00,4136001,0.0,1.6388888888888888,7.5,22.3614405862069,22.3614405862069,21.013108,0.0,0.0,0.0,0.0,0.0,0.0,0.0,0.0,3536964.0185649768,0.0,0.0,0.0,0.0
2020-06-13 02:45:00,4136001,0.0,1.7083333333333335,7.25,22.19928706896552,22.19928706896552,20.87596913793103,0.0,0.0,0.0,0.0,0.0,0.0,0.0,0.0,3536964.0185649768,0.0,0.0,0.0,0.0
2020-06-13 03:00:00,4136001,0.0,1.777777777777778,7.0,22.245439433333328,22.245439433333328,21.0944417,0.0,0.0,0.0,0.0,0.0,0.0,0.0,0.0,3536964.0185649768,0.0,0.0,0.0,0.0
2020-06-13 03:15:00,4136001,0.0,1.8333333333333335,11.5,22.36969820689655,22.36969820689655,21.382351482758622,0.0,0.0,0.0,0.0,0.0,0.0,0.0,0.0,3536964.0185649768,0.0,0.0,0.0,0.0
2020-06-13 03:30:00,4136001,0.0,1.888888888888889,16.0,22.4259338,22.4259338,21.50950313333333,0.0,0.0,0.0,0.0,0.0,0.0,0.0,0.0,3536964.0185649768,0.0,0.0,0.0,0.0
2020-06-13 03:45:00,4136001,0.0,1.9444444444444444,20.5,22.485639500000005,22.485639500000005,21.632194,0.0,0.0,0.0,0.0,0.0,0.0,0.0,0.0,3536964.0185649768,0.0,0.0,0.0,0.0
2020-06-13 04:00:00,4136001,0.0,2.0,25.0,22.450481344827583,22.450481344827583,21.66662706896552,0.0,0.0,0.0,0.0,0.0,0.0,0.0,0.0,3536964.0185649768,0.0,0.0,0.0,0.0
2020-06-13 04:15:00,4136001,0.0,1.798611111111111,30.25,22.444431633333338,22.444431633333338,21.607714933333337,0.0,0.0,0.0,0.0,0.0,0.0,0.0,0.0,3536964.0185649768,0.0,0.0,0.0,0.0
2020-06-13 04:30:00,4136001,0.0,1.597222222222222,35.5,22.41131893103449,22.41131893103449,21.86795362068966,0.0,0.0,0.0,0.0,0.0,0.0,0.0,0.0,3536964.0185649768,0.0,0.0,0.0,0.0
2020-06-13 04:45:00,4136001,0.0,1.3958333333333335,40.75,22.3611438,22.3611438,21.83209443333333,0.0,0.0,0.0,0.0,0.0,0.0,0.0,0.0,3536964.0185649768,0.0,0.0,0.0,0.0
2020-06-13 05:00:00,4136001,0.0,1.1944444444444444,46.0,22.523588103448283,22.523588103448283,22.240750310344826,0.0,0.0,0.0,0.0,0.0,0.0,0.0,0.0,3536964.0185649768,0.0,0.0,0.0,0.0
2020-06-13 05:15:00,4136001,0.0,1.2708333333333333,43.5,22.467644166666663,22.467644166666663,22.266552033333333,0.0,0.0,0.0,0.0,0.0,0.0,0.0,0.0,3536964.0185649768,0.0,0.0,0.0,0.0
2020-06-13 05:30:00,4136001,0.0,1.347222222222222,41.0,22.4155183,22.4155183,21.997017466666662,0.0,0.0,0.0,0.0,0.0,0.0,0.0,0.0,3536964.0185649768,0.0,0.0,0.0,0.0
2020-06-13 05:45:00,4136001,0.4951048193102999,1.4236111111111112,38.5,22.57172051724138,22.585973264828578,22.091257103448275,12.76957776420409,0.0,0.0,0.0,0.0,0.0,0.0,0.0,3536964.0185649768,0.0004998856043924091,0.0,-12.76957776420409,0.0
2020-06-13 06:00:00,4136001,4.7783350833333005,1.5,36.0,22.76630743333333,22.901824593949705,22.51000266666666,123.08700443075597,118.73861913389597,58.82333333333333,56.74523809523809,0.0022088702280292074,0.0021842094405467314,0.9646722631932583,14.186309523809523,3536978.2048745006,0.004818438223948169,0.004648213706552984,-64.26367109742264,-61.99338103865787
2020-06-13 06:15:00,4136001,29.4931157931034,1.451388888888889,35.0,22.787000999999997,23.631410585372652,22.631227827586205,757.5260329887602,732.2989468326316,906.0533333333332,875.88,0.03402313537156383,0.03371393669324675,0.9666980604526593,233.1563095238095,3537197.1748745004,0.02965457165741868,0.02866701690478104,148.52730034457295,143.5810531673684
2020-06-13 06:30:00,4136001,52.224773600000006,1.402777777777778,34.0,22.937554866666662,24.44715953786192,23.225595166666665,1337.0319792993876,1295.7939310064735,1568.9609523809524,1520.5695238095238,0.05891592570954786,0.05852900473055059,0.969157021723203,613.2986904761905,3537577.317255453,0.05234026147188833,0.050725931924309006,231.9289730815649,224.77559280305036
2020-06-13 06:45:00,4136001,81.7221908965517,1.3541666666666667,33.0,23.255329103448275,25.64050796945489,24.10833210344828,2082.2448856996375,2026.3022920645128,2445.089523809524,2379.398571428572,0.09181535876934839,0.09158662465765245,0.9731335185312137,1208.1483333333333,3538172.16689831,0.08151281603834948,0.07932285347678657,362.84463810988655,353.096279364059
2020-06-13 07:00:00,4136001,145.3918824999999,1.3055555555555556,32.0,23.702573666666662,27.987627674918944,25.604902100000004,3669.6510158260744,3596.6132953393803,4218.086666666666,4134.133333333333,0.15839303094996812,0.15912900109768596,0.9800968211495577,2241.681666666667,3539205.7002316434,0.14365437525253766,0.14079519652923783,548.4356508405917,537.5200379939529
2020-06-13 07:15:00,4136001,130.0059603793103,1.4375,35.0,23.963179,27.695496817535645,26.806506931034484,3285.195253820802,3216.7275491811765,3990.224761904762,3907.0633333333335,0.14983660701053486,0.15038873575890035,0.9791587107159019,3218.4475,3540182.4660649765,0.1286042377694579,0.1259239596469437,705.0295080839601,690.335784152157
2020-06-13 07:30:00,4136001,253.675025,1.5694444444444444,38.0,24.236652733333333,31.335436138958073,28.469315533333333,6315.91075214375,6206.156565197576,7451.572380952381,7322.083333333333,0.2798133912442414,0.28183798461282045,0.9826225874219452,5048.968333333333,3542012.98689831,0.24724645731625564,0.24294995361900865,1135.6616288086307,1115.926768135757
2020-06-13 07:45:00,4136001,206.7145637931034,1.7013888888888888,41.0,24.56308513793104,30.205243139789882,29.49788910344828,5170.577896535085,5074.365088736813,6195.345714285714,6080.064285714286,0.23264092538053027,0.23403080606868745,0.9813922525250522,6568.984404761904,3543533.0029697386,0.20241056553278858,0.19864416084309308,1024.7678177506295,1005.6991969774726
2020-06-13 08:00:00,4136001,262.1186786666666,1.8333333333333333,44.0,24.8466969,31.82908045531877,30.34787493333333,6512.916427585252,6398.169431020974,8081.417142857144,7939.035714285715,0.30346464091021713,0.30558540836285064,0.9823816261362928,8553.743333333334,3545517.76189831,0.25495856048484056,0.250466605246466,1568.5007152718927,1540.8662832647406
2020-06-13 08:15:00,4136001,310.3957249999999,2.0625,50.0,25.2793741,33.21636125080227,32.2735037,7668.466749366605,7522.959111853012,9546.169047619049,9365.032380952382,0.35846742110873775,0.3604741617820187,0.9810251980911814,10895.001428571428,3547859.0199935483,0.30019443137078117,0.29449830150139017,1877.702298252444,1842.07326909937
2020-06-13 08:30:00,4136001,242.6449144827586,2.2916666666666665,56.0,25.41420231034483,31.3796581058644,32.084453827586216,6040.19055923115,5929.051003778098,7863.04,7718.36,0.29526437849724224,0.2970912686848518,0.9815999918606544,12824.591428571428,3549788.609993548,0.23645294810065176,0.2321022119310275,1822.8494407688504,1789.308996221902
2020-06-13 08:45:00,4136001,397.700346,2.520833333333333,62.0,25.86150303333333,35.27620022218343,34.150635733333324,9741.661170700276,9548.837868044264,12399.100952380952,12153.677142857145,0.46559763610884924,0.46781328696219326,0.9802063221788125,15863.010714285714,3552827.0292792623,0.3813529524642895,0.3738045749870528,2657.439781680676,2604.839274812881
2020-06-13 09:00:00,4136001,446.8312662068966,2.75,68.0,26.33435162068965,36.53365009608103,36.22019165517242,10887.710309474662,10662.866697237316,13762.02238095238,13477.820952380953,0.5167765883395026,0.5187815709360712,0.9793488616204562,19232.465952380957,3556196.484517358,0.4262168843012199,0.4174150204438174,2874.312071477718,2814.954255143637
2020-06-13 09:15:00,4136001,242.5745116666666,2.680555555555556,51.25,26.021283066666665,31.618941118280063,34.39281413333335,6032.50708120053,5926.919934609845,7896.592380952381,7758.378095238095,0.2965243012381933,0.29863162527415793,0.9824969709658969,21172.06047619048,3558136.079041167,0.23615216602859776,0.23201878781013288,1864.0852997518514,1831.45816062825
2020-06-13 09:30:00,4136001,434.1903689655172,2.611111111111111,34.5,26.22057579310345,36.35100904008239,34.61468486206896,10587.798967508636,10369.527282926578,13896.894285714288,13610.404285714283,0.5218411523168274,0.5238849025643532,0.9793846024795259,24574.661547619045,3561538.680112596,0.41447637375254004,0.4059317785447868,3309.095318205653,3240.8770027877054
2020-06-13 09:45:00,4136001,607.1182516666665,2.5416666666666665,17.75,27.204436200000004,41.52833030561913,40.3800657,14483.495099837437,14180.244442856387,5990.16,5864.74,0.22493601323394521,0.22574265091376897,0.9790623288860397,26040.846547619047,3563004.865112596,0.5669796476742,0.5551084142828885,-8493.335099837437,-8315.504442856387
2020-06-13 10:00:00,4136001,613.2955162068963,2.4722222222222223,1.0,28.234621275862068,42.868253254074816,47.18160382758621,14546.89242845291,14234.35493537633,10508.256666666666,10282.488571428572,0.39459469540697184,0.39578842849040524,0.9785151712220491,28611.46869047619,3565575.487255453,0.5694614377942028,0.5572266563075486,-4038.635761786243,-3951.866363947758
2020-06-13 10:15:00,4136001,414.51630733333326,2.4930555555555554,6.25,27.541681866666664,37.39879636243584,38.509893733333335,10063.664625318404,9852.676832582418,12846.57619047619,12577.243809523809,0.48240074254975457,0.48411700412135833,0.9790346955516404,31755.779642857146,3568719.798207834,0.39395829419919376,0.38569883862135124,2782.911565157785,2724.5669769413907
2020-06-13 10:30:00,4136001,794.0656137931034,2.513888888888889,11.5,28.801169482758617,47.62011992222072,47.45520072413794,18449.0633098196,17995.828210982498,3594.3928571428573,3506.09,0.13497275519890686,0.13495466993289665,0.9754331647506533,32632.302142857145,3569596.320707834,0.7222181761526562,0.7044755612050302,-14854.670452676744,-14489.738210982498
2020-06-13 10:45:00,4136001,503.414697,2.5347222222222223,16.75,28.721466066666665,40.611981496250365,45.33758843333334,12056.66506537733,0.0,0.0,0.0,0.0,0.0,0.0,32632.302142857145,3569596.320707834,0.471977493261982,0.0,-12056.66506537733,0.0
2020-06-13 11:00:00,4136001,739.425887586207,2.5555555555555554,22.0,28.386927241379315,45.79337468926555,43.36369134482759,17317.600497049945,16899.85757737824,7658.426666666666,7473.686666666667,0.28758095978146364,0.2876734246074375,0.9758775518731438,34500.723809523806,3571464.7423745003,0.677925249444116,0.6615720327805144,-9659.173830383279,-9426.170910711571
2020-06-13 11:15:00,4136001,675.0354446666666,2.6458333333333335,26.75,29.51178283333333,45.17476664136551,45.455444333333325,15852.223448925615,15492.622012629156,10958.68,10710.086666666666,0.41150850553350343,0.41224732139012893,0.9773153944331494,37178.24547619048,3574142.264041167,0.620560714383465,0.6064835393473931,-4893.543448925615,-4782.535345962489
2020-06-13 11:30:00,4136001,587.2391644827587,2.736111111111111,31.5,29.634007931034475,43.06736408985316,42.70479703448276,13916.908574391235,13614.69778452642,10266.35238095238,10043.414761904762,0.38551096715717936,0.3865861184944023,0.9782846320898507,39689.09916666667,3576653.1177316434,0.544799709312634,0.5329691831875678,-3650.556193438855,-3571.2830226216574
2020-06-13 11:45:00,4136001,630.0300593333333,2.826388888888889,36.25,30.131878566666668,44.34335004545386,43.11532823333332,14848.861243476207,14515.405175666547,11143.806666666667,10893.55380952381,0.41846018200680124,0.4193092472699031,0.9775433238723161,42412.48761904762,3579376.5061840243,0.5812824914259623,0.5682288187773163,-3705.05457680954,-3621.851366142737
2020-06-13 12:00:00,4136001,728.1766237931034,2.9166666666666665,41.0,31.011079034482755,47.21078145479651,46.75919627586207,16948.676719002407,16555.777689177172,13029.14380952381,12727.106190476188,0.4892563244330741,0.48988543224407805,0.9768183064472092,45594.26416666667,3582558.2827316434,0.6634831363868626,0.6481024736416979,-3919.5329094785975,-3828.6714987009836
2020-06-13 12:15:00,4136001,902.0301976666668,3.3402777777777777,50.25,31.3466552,50.19884596580107,48.53815513333333,20719.797737028304,20219.206215514216,15658.626666666669,15280.313333333332,0.5879958223350864,0.5881622098609104,0.975839941689224,49414.3425,3586378.3610649765,0.8111097176366531,0.7915132595621145,-5061.171070361635,-4938.892882180884
2020-06-13 12:30:00,4136001,927.123663103448,3.763888888888889,59.5,31.878953586206897,50.14920017411602,51.00864596551724,21300.902322497535,20786.302418557592,15476.281428571428,15102.39619047619,0.5811485910609071,0.5813139118167389,0.9758414035166747,53189.94154761905,3590153.960112596,0.8338579887452549,0.8137131500707611,-5824.620893926107,-5683.906228081401
2020-06-13 12:45:00,4136001,608.6226563333333,4.1875,68.75,31.8059285,43.151832518890494,48.26185130000001,14418.420299514086,14105.287389265925,10491.970476190476,10264.110476190475,0.393983133986829,0.3950810280024392,0.9782824398412971,55755.96916666666,3592719.9877316435,0.5644321902334737,0.5521741001865698,-3926.44982332361,-3841.176913075449
2020-06-13 13:00:00,4136001,785.6176037931033,4.611111111111112,78.0,31.57231820689655,45.46721746040032,45.87381920689655,18425.607949323756,17985.63857282611,14307.80238095238,13966.158571428572,0.5372711289365522,0.5375784193325437,0.9761218529283973,59247.50880952381,3596211.5273745004,0.7212999784428951,0.7040766714748917,-4117.805568371376,-4019.4800013975364
2020-06-13 13:15:00,4136001,657.1986693333332,4.763888888888889,72.25,31.76270343333333,43.17537460348759,46.6904521,15567.617073946487,15207.650032773889,12320.322857142855,12035.44238095238,0.4626394462319476,0.463262253398465,0.9768771906796815,62256.36940476191,3599220.387969739,0.6094193413171457,0.5953278540917553,-3247.2942168036316,-3172.207651821509
2020-06-13 13:30:00,4136001,751.4176462068965,4.916666666666667,66.5,31.910202517241387,44.726468016250365,47.1551795862069,17680.368416641377,17273.304428499832,12553.26,12264.24,0.4713864500262356,0.47206901738912244,0.9769764985350419,65322.429404761904,3602286.4479697384,0.6921263815479106,0.6761912087884061,-5127.108416641377,-5009.0644284998325
2020-06-13 13:45:00,4136001,291.0304896666667,5.069444444444445,60.75,30.5955841,35.47250893731322,39.9424855,7122.94767182766,6989.819559966197,6036.041904761904,5923.228095238095,0.22665892092534617,0.22799394554335947,0.9813099691314586,66803.23642857143,3603767.254993548,0.2788392120504075,0.27362769856982566,-1086.9057670657558,-1066.5914647281015
2020-06-13 14:00:00,4136001,623.4992839999996,5.222222222222222,55.0,29.455466666666663,39.72390019762845,38.4217205,14989.24194280573,14644.904374367059,13403.049047619048,13095.15,0.5032968097597484,0.5040519912414603,0.9770276862730914,70077.02392857143,3607041.042493548,0.5867779190763645,0.5732982726313196,-1586.1928951866812,-1549.7543743670594
2020-06-13 14:15:00,4136001,436.58024,5.763888888888888,55.5,29.423552413793104,36.200118032729854,37.70632934482759,10652.807553447356,10426.822301431048,11217.80619047619,10979.835238095238,0.421238932134832,0.4226303490425889,0.9787863198614549,72821.98273809523,3609786.001303072,0.4170212391249699,0.4081746839471931,564.9986370288352,553.0129366641904
2020-06-13 14:30:00,4136001,793.3978416666667,6.305555555555556,56.0,30.290029733333338,41.93538187874163,44.31017856666666,18894.406762297305,18440.497207422897,18601.24,18154.373333333333,0.6984936573994337,0.6987890958414018,0.9759765119601345,77360.57607142857,3614324.594636406,0.7396518599450892,0.721882842334034,-293.16676229730365,-286.1238740895642
2020-06-13 14:45:00,4136001,388.6319782758621,6.847222222222221,56.5,30.83672779310345,36.246792222363034,43.494223724137925,9480.989092412263,9291.45457847902,8843.35761904762,8666.57,0.3320762060496891,0.33358929571127494,0.9800089935674614,79527.21857142857,3616491.237136405,0.37114852583332403,0.3637288932659628,-637.6314733646432,-624.884578479021
2020-06-13 15:00:00,4136001,432.7335193333332,7.388888888888889,57.0,30.516839533333336,36.24537434049952,39.930492,10556.94428400769,10340.662776066774,12772.198571428573,12510.532857142856,0.4796077945980464,0.4815491993703449,0.979512868295748,82654.85178571429,3619618.870350691,0.41326851767499273,0.4048018311241642,2215.254287420883,2169.870081076082
2020-06-13 15:15:00,4136001,506.38765896551706,7.291666666666666,48.5,30.912600620689663,37.67570791906051,40.98772144827586,12279.79751029944,12018.436055282416,15687.341904761905,15353.454761904764,0.5890741059161938,0.5909775332984942,0.9787161429333169,86493.21547619048,3623457.234041167,0.48071237073006223,0.4704809573412572,3407.544394462464,3335.018706622348
2020-06-13 15:30:00,4136001,495.9789229999999,7.194444444444444,40.0,31.01340953333333,37.69686086064771,42.527682566666655,12026.315772202692,11766.891235302906,15304.82857142857,14974.681904761905,0.5747103787020914,0.576397997144187,0.9784285942749472,90236.88595238097,3627200.9045173577,0.4707894214994203,0.4606338318771934,3278.5127992258786,3207.7906694589983
2020-06-13 15:45:00,4136001,453.5888472413792,7.097222222222222,31.5,30.763786689655173,36.93128750196572,39.48935248275863,11033.939268670634,10805.429310506075,14784.673333333332,14478.486666666668,0.5551780714649064,0.5572986971891324,0.9792902650086736,93856.50761904762,3630820.526184024,0.43194125146489076,0.422995862615231,3750.734064662698,3673.0573561605925
2020-06-13 16:00:00,4136001,283.7699573333333,7.0,23.0,30.643006366666665,34.5366665935236,38.751304966666666,6972.3820543956435,6831.011053346116,9507.649523809525,9314.87380952381,0.3570209775884671,0.3585434830340548,0.9797241459308152,96185.22607142857,3633149.2446364057,0.2729450794439477,0.2674108848442402,2535.2674694138814,2483.862756177694
2020-06-13 16:15:00,4136001,381.00356689655166,7.111111111111112,19.5,30.497337655172416,35.671204668976756,36.904718896551714,9317.296040024605,9124.910992565141,13396.718095238097,13120.100476190475,0.5030590766794059,0.5050123725434104,0.9793518369886468,99465.2511904762,3636429.269755453,0.36474049872869857,0.35720927745410613,4079.422055213492,3995.189483625334
2020-06-13 16:30:00,4136001,270.7068873333333,7.222222222222222,16.0,30.523774166666666,34.16230759856631,36.9320934,6661.770406349816,6529.466149312047,9233.866666666669,9050.48,0.34674017968365106,0.34836656820968154,0.9801397753198369,101727.8711904762,3638691.889755453,0.2607856882501396,0.2556064258881208,2572.0962603168527,2521.013850687953
2020-06-13 16:45:00,4136001,291.9719574,7.333333333333333,12.5,30.178978566666668,34.06365069811957,34.8094543,7188.021464829581,7040.367773151283,10297.415238095238,10085.889523809525,0.38667740599109535,0.38822103587340157,0.9794583680083935,104249.34357142856,3641213.362136405,0.2813866300579206,0.27560648945591243,3109.393773265657,3045.521750658242
2020-06-13 17:00:00,4136001,304.9379434482758,7.444444444444445,9.0,30.02002482758621,34.03659415646234,35.64223806896552,7508.072512646862,7362.684784095702,10823.686666666666,10614.094761904762,0.4064393818017231,0.40855244880460695,0.9806358118803109,106902.86726190476,3643866.8858268815,0.29391554169688244,0.2882241058561637,3315.614154019804,3251.4099778090604
2020-06-13 17:15:00,4136001,189.8316065,7.444444444444445,7.75,29.355659,31.856075313224444,33.714150966666665,4716.261139398694,4627.233023729727,6129.985238095238,6014.270476190476,0.23018657943027887,0.23149830352371184,0.9811231581463453,108406.43488095238,3645370.453445929,0.18462560733602246,0.1811404589442054,1413.7240986965444,1387.0374524607487
2020-06-13 17:30:00,4136001,135.83350868965522,7.444444444444445,6.5,28.722076448275857,30.511242790341917,31.33327931034482,3393.373861980884,3324.3786542341227,4363.493333333333,4274.7733333333335,0.1638531849187498,0.1645424459263591,0.9796676668846369,109475.12821428572,3646439.1467792634,0.13283906290784436,0.1301381348300694,970.1194713524487,950.3946790992109
2020-06-13 17:45:00,4136001,90.3164092333333,7.444444444444445,5.25,28.22930816666667,29.4189342103091,29.8575644,2266.3524038644346,2211.948878012414,2940.790476190476,2870.197142857143,0.11042938510334298,0.11047819880739762,0.975995116311455,110192.6775,3647156.696064977,0.08872000015127948,0.08659028686680031,674.4380723260415,658.248264844729
2020-06-13 18:00:00,4136001,84.61594241379309,7.444444444444445,4.0,28.09258296551724,29.20712382976636,29.48600731034482,2125.1392165396223,2068.349373409917,2702.677619047619,2630.4542857142856,0.10148802848090581,0.10125013616368798,0.9732771186528774,110850.29107142855,3647814.309636405,0.08319198342296427,0.08096885392092061,577.5384025079966,562.1049123043686
2020-06-13 18:15:00,4136001,48.25981436666659,6.986111111111111,3.75,27.56023966666667,28.223285821323078,28.012757400000005,1216.9023301753768,1179.6192404926596,1522.8514285714286,1476.194761904762,0.05718447071371637,0.05682095349792164,0.9693622990455248,111219.33976190476,3648183.358326881,0.04763759366511555,0.046178087316212944,305.9490983960518,296.57552141210226
2020-06-13 18:30:00,4136001,19.606976362068902,6.527777777777778,3.5,26.95020889655172,27.231716094858527,26.744106931034487,496.3890999908892,479.49805074585356,619.6466666666666,598.5614285714286,0.02326830181726421,0.023039528371325387,0.965972159248973,111368.9801190476,3648332.998684024,0.01943194754319394,0.018770720326711825,123.25756667577747,119.063377825575
2020-06-13 18:45:00,4136001,2.2054319846666,6.069444444444445,3.25,26.38305143333333,26.416208345077546,25.734800066666665,56.018616024614744,54.02242318327787,33.02047619047619,31.84380952380953,0.0012399492282964269,0.0012257160551188775,0.9643655451884114,111376.94107142858,3648340.959636405,0.0021929385799418573,0.00211479440921033,-22.998139834138556,-22.178613659468343
2020-06-13 19:00:00,4136001,0.0,5.611111111111111,3.0,26.10227072413793,26.10227072413793,25.34622289655173,0.0,0.0,0.0,0.0,0.0,0.0,0.0,111376.94107142858,3648340.959636405,0.0,0.0,0.0,0.0
2020-06-13 19:15:00,4136001,0.0,5.465277777777778,4.0,25.9680014,25.9680014,25.22874343333333,0.0,0.0,0.0,0.0,0.0,0.0,0.0,111376.94107142858,3648340.959636405,0.0,0.0,0.0,0.0
2020-06-13 19:30:00,4136001,0.0,5.319444444444444,5.0,25.766978,25.766978,24.8300049,0.0,0.0,0.0,0.0,0.0,0.0,0.0,111376.94107142858,3648340.959636405,0.0,0.0,0.0,0.0
2020-06-13 19:45:00,4136001,0.0,5.173611111111111,6.0,25.689107758620697,25.689107758620697,24.81120572413793,0.0,0.0,0.0,0.0,0.0,0.0,0.0,111376.94107142858,3648340.959636405,0.0,0.0,0.0,0.0
2020-06-13 20:00:00,4136001,0.0,5.027777777777778,7.0,25.728445333333333,25.728445333333333,25.2848774,0.0,0.0,0.0,0.0,0.0,0.0,0.0,111376.94107142858,3648340.959636405,0.0,0.0,0.0,0.0
2020-06-13 20:15:00,4136001,0.0,4.854166666666667,6.75,24.964022862068965,24.964022862068965,24.19147475862069,0.0,0.0,0.0,0.0,0.0,0.0,0.0,111376.94107142858,3648340.959636405,0.0,0.0,0.0,0.0
2020-06-13 20:30:00,4136001,0.0,4.680555555555556,6.5,24.1302543,24.1302543,23.396651266666662,0.0,0.0,0.0,0.0,0.0,0.0,0.0,111376.94107142858,3648340.959636405,0.0,0.0,0.0,0.0
2020-06-13 20:45:00,4136001,0.0,4.506944444444445,6.25,24.408619233333333,24.408619233333333,22.987135666666664,0.0,0.0,0.0,0.0,0.0,0.0,0.0,111376.94107142858,3648340.959636405,0.0,0.0,0.0,0.0
2020-06-13 21:00:00,4136001,0.0,4.333333333333333,6.0,24.628064379310345,24.628064379310345,22.85595717241379,0.0,0.0,0.0,0.0,0.0,0.0,0.0,111376.94107142858,3648340.959636405,0.0,0.0,0.0,0.0
2020-06-13 21:15:00,4136001,0.0,4.069444444444445,7.75,24.769791533333333,24.769791533333333,23.19620366666667,0.0,0.0,0.0,0.0,0.0,0.0,0.0,111376.94107142858,3648340.959636405,0.0,0.0,0.0,0.0
2020-06-13 21:30:00,4136001,0.0,3.8055555555555554,9.5,24.742705965517235,24.742705965517235,23.634016379310346,0.0,0.0,0.0,0.0,0.0,0.0,0.0,111376.94107142858,3648340.959636405,0.0,0.0,0.0,0.0
2020-06-13 21:45:00,4136001,0.0,3.5416666666666665,11.25,24.633418833333337,24.633418833333337,23.54427586666667,0.0,0.0,0.0,0.0,0.0,0.0,0.0,111376.94107142858,3648340.959636405,0.0,0.0,0.0,0.0
2020-06-13 22:00:00,4136001,0.0,3.2777777777777777,13.0,24.702783033333336,24.702783033333336,23.61048796666666,0.0,0.0,0.0,0.0,0.0,0.0,0.0,111376.94107142858,3648340.959636405,0.0,0.0,0.0,0.0
2020-06-13 22:15:00,4136001,0.0,3.0277777777777777,16.25,24.616666586206897,24.616666586206897,23.65589327586207,0.0,0.0,0.0,0.0,0.0,0.0,0.0,111376.94107142858,3648340.959636405,0.0,0.0,0.0,0.0
2020-06-13 22:30:00,4136001,0.0,2.7777777777777777,19.5,24.5029664,24.5029664,23.412854133333333,0.0,0.0,0.0,0.0,0.0,0.0,0.0,111376.94107142858,3648340.959636405,0.0,0.0,0.0,0.0
2020-06-13 22:45:00,4136001,0.0,2.5277777777777777,22.75,24.393407482758622,24.393407482758622,23.19431817241379,0.0,0.0,0.0,0.0,0.0,0.0,0.0,111376.94107142858,3648340.959636405,0.0,0.0,0.0,0.0
2020-06-13 23:00:00,4136001,0.0,2.2777777777777777,26.0,24.2540863,24.2540863,22.89869883333333,0.0,0.0,0.0,0.0,0.0,0.0,0.0,111376.94107142858,3648340.959636405,0.0,0.0,0.0,0.0
2020-06-13 23:15:00,4136001,0.0,2.1736111111111107,22.75,24.0774854,24.0774854,22.555913166666663,0.0,0.0,0.0,0.0,0.0,0.0,0.0,111376.94107142858,3648340.959636405,0.0,0.0,0.0,0.0
2020-06-13 23:30:00,4136001,0.0,2.069444444444444,19.5,23.966242310344825,23.966242310344825,22.41555251724138,0.0,0.0,0.0,0.0,0.0,0.0,0.0,111376.94107142858,3648340.959636405,0.0,0.0,0.0,0.0
2020-06-13 23:45:00,4136001,0.0,1.9652777777777777,16.25,23.834090966666675,23.834090966666675,22.169777566666667,0.0,0.0,0.0,0.0,0.0,0.0,0.0,111376.94107142858,3648340.959636405,0.0,0.0,0.0,0.0
2020-06-14 00:00:00,4136001,0.0,1.8611111111111112,13.0,23.775725931034483,23.775725931034483,22.11771368965517,0.0,0.0,0.0,0.0,0.0,0.0,0.0,0.0,3648340.959636405,0.0,0.0,0.0,0.0
2020-06-14 00:15:00,4136001,0.0,1.9027777777777777,12.5,23.7299946,23.7299946,22.241563133333333,0.0,0.0,0.0,0.0,0.0,0.0,0.0,0.0,3648340.959636405,0.0,0.0,0.0,0.0
2020-06-14 00:30:00,4136001,0.0,1.9444444444444444,12.0,23.6519716,23.6519716,22.2784547,0.0,0.0,0.0,0.0,0.0,0.0,0.0,0.0,3648340.959636405,0.0,0.0,0.0,0.0
2020-06-14 00:45:00,4136001,0.078101134137931,1.9861111111111112,11.5,23.77284196551724,23.774866097541032,22.823528482758626,2.0048704981557464,0.0,0.0,0.0,0.0,0.0,0.0,0.0,3648340.959636405,7.84838715269425e-05,0.0,-2.0048704981557464,0.0
2020-06-14 01:00:00,4136001,0.1062090888666,2.0277777777777777,11.0,24.106607299999997,24.109339718031038,23.5477671,2.722777016554198,0.0,0.0,0.0,0.0,0.0,0.0,0.0,3648340.959636405,0.00010658747373475035,0.0,-2.722777016554198,0.0
2020-06-14 01:15:00,4136001,0.0,2.006944444444444,24.5,24.12137689655172,24.12137689655172,23.53657382758621,0.0,0.0,0.0,0.0,0.0,0.0,0.0,0.0,3648340.959636405,0.0,0.0,0.0,0.0
2020-06-14 01:30:00,4136001,0.0,1.9861111111111112,38.0,24.116438966666667,24.116438966666667,23.0164214,0.0,0.0,0.0,0.0,0.0,0.0,0.0,0.0,3648340.959636405,0.0,0.0,0.0,0.0
2020-06-14 01:45:00,4136001,0.0,1.9652777777777777,51.5,24.412602766666677,24.412602766666677,23.533722033333333,0.0,0.0,0.0,0.0,0.0,0.0,0.0,0.0,3648340.959636405,0.0,0.0,0.0,0.0
2020-06-14 02:00:00,4136001,0.0,1.9444444444444444,65.0,24.50337486206896,24.50337486206896,23.667025862068968,0.0,0.0,0.0,0.0,0.0,0.0,0.0,0.0,3648340.959636405,0.0,0.0,0.0,0.0
2020-06-14 02:15:00,4136001,0.0,1.7291666666666665,52.5,24.208179866666665,24.208179866666665,23.21623126666667,0.0,0.0,0.0,0.0,0.0,0.0,0.0,0.0,3648340.959636405,0.0,0.0,0.0,0.0
2020-06-14 02:30:00,4136001,0.0,1.5138888888888888,40.0,24.03689703448276,24.03689703448276,22.987598344827592,0.0,0.0,0.0,0.0,0.0,0.0,0.0,0.0,3648340.959636405,0.0,0.0,0.0,0.0
2020-06-14 02:45:00,4136001,0.0,1.298611111111111,27.5,23.97870283333333,23.97870283333333,22.8038574,0.0,0.0,0.0,0.0,0.0,0.0,0.0,0.0,3648340.959636405,0.0,0.0,0.0,0.0
2020-06-14 03:00:00,4136001,0.001323711137931,1.0833333333333333,15.0,24.195368310344826,24.195409153021096,23.62546093103448,0.03392302740499679,0.0,0.0,0.0,0.0,0.0,0.0,0.0,3648340.959636405,1.3279713213934933e-06,0.0,-0.03392302740499679,0.0
2020-06-14 03:15:00,4136001,0.0,1.298611111111111,20.5,24.0475444,24.0475444,23.161643566666665,0.0,0.0,0.0,0.0,0.0,0.0,0.0,0.0,3648340.959636405,0.0,0.0,0.0,0.0
2020-06-14 03:30:00,4136001,0.0,1.5138888888888888,26.0,23.953640766666663,23.953640766666663,23.002978366666667,0.0,0.0,0.0,0.0,0.0,0.0,0.0,0.0,3648340.959636405,0.0,0.0,0.0,0.0
2020-06-14 03:45:00,4136001,0.0,1.7291666666666665,31.5,23.967751310344827,23.967751310344827,22.833656137931037,0.0,0.0,0.0,0.0,0.0,0.0,0.0,0.0,3648340.959636405,0.0,0.0,0.0,0.0
2020-06-14 04:00:00,4136001,0.0,1.9444444444444444,37.0,24.02683333333333,24.02683333333333,22.792974966666662,0.0,0.0,0.0,0.0,0.0,0.0,0.0,0.0,3648340.959636405,0.0,0.0,0.0,0.0
2020-06-14 04:15:00,4136001,0.0,2.5,30.5,24.118332551724137,24.118332551724137,23.167076379310352,0.0,0.0,0.0,0.0,0.0,0.0,0.0,0.0,3648340.959636405,0.0,0.0,0.0,0.0
2020-06-14 04:30:00,4136001,0.0,3.0555555555555554,24.0,24.161245966666662,24.161245966666662,23.494035,0.0,0.0,0.0,0.0,0.0,0.0,0.0,0.0,3648340.959636405,0.0,0.0,0.0,0.0
2020-06-14 04:45:00,4136001,0.0,3.611111111111111,17.5,24.015047433333333,24.015047433333333,23.30908413333333,0.0,0.0,0.0,0.0,0.0,0.0,0.0,0.0,3648340.959636405,0.0,0.0,0.0,0.0
2020-06-14 05:00:00,4136001,0.0,4.166666666666667,11.0,23.96164786206897,23.96164786206897,23.443989827586204,0.0,0.0,0.0,0.0,0.0,0.0,0.0,0.0,3648340.959636405,0.0,0.0,0.0,0.0
2020-06-14 05:15:00,4136001,0.0,4.111111111111112,8.75,23.917826,23.917826,23.409377100000004,0.0,0.0,0.0,0.0,0.0,0.0,0.0,0.0,3648340.959636405,0.0,0.0,0.0,0.0
2020-06-14 05:30:00,4136001,0.0,4.055555555555555,6.5,24.095431655172412,24.095431655172412,23.63225903448276,0.0,0.0,0.0,0.0,0.0,0.0,0.0,0.0,3648340.959636405,0.0,0.0,0.0,0.0
2020-06-14 05:45:00,4136001,0.9635307772,4.0,4.25,24.128701766666666,24.1471038059562,23.486613,24.697364382823125,0.0,0.0,0.0,0.0,0.0,0.0,0.0,3648340.959636405,0.0009668179441308719,0.0,-24.697364382823125,0.0
2020-06-14 06:00:00,4136001,12.7208571724137,3.944444444444444,2.0,24.222949862068965,24.46767585615157,23.77290606896552,325.6462205399395,314.49350194142437,306.3095238095238,295.81904761904764,0.011502204131659673,0.011386519436549664,0.9657520404197436,73.95476190476191,3648414.9143983102,0.012747943650026992,0.01231135259116948,-19.336696730415724,-18.674454322376732
2020-06-14 06:15:00,4136001,34.4617859666666,4.027777777777778,13.5,24.349084633333337,25.004875041833177,24.026523833333336,880.309156007902,851.376673254107,1032.4666666666667,998.5333333333332,0.03877007221792751,0.03843504770755886,0.9671337250597274,323.58809523809526,3648664.547731643,0.03446111395607367,0.03332850551004529,152.15751065876475,147.15666007922619
2020-06-14 06:30:00,4136001,67.9793497931034,4.111111111111112,25.0,24.570349310344827,25.850081045907768,24.79671503448276,1730.6277170418375,1681.103527013238,2118.9709523809524,2058.3338095238096,0.079569306694163,0.0792283597614458,0.971383683769233,838.1715476190477,3649179.131184024,0.06774819796601439,0.06580949410895431,388.3432353391149,377.23028251057167
2020-06-14 06:45:00,4136001,112.4631353999999,4.194444444444445,36.5,24.901077066666662,26.99575271203824,26.4780029,2849.936635080806,2786.741825721188,3550.365238095238,3471.639047619048,0.1333194776402516,0.13362860103351148,0.9778258896770783,1706.0813095238095,3650047.040945929,0.1115653409700844,0.10909147879119938,700.4286030144322,684.8972218978602
2020-06-14 07:00:00,4136001,176.0263989655172,4.277777777777778,48.0,25.54066827586208,28.784796528083188,28.2249555862069,4428.5195826625995,4343.274197009322,5098.398095238095,5000.258095238095,0.19144953413972202,0.1924674440251538,0.9807508165963613,2956.145833333333,3651297.1054697386,0.1733615025508945,0.17002443519316196,669.8785125754957,656.9838982287729
2020-06-14 07:15:00,4136001,230.661987,4.881944444444444,51.75,25.920732666666662,29.870931527821778,30.01071866666667,5777.457268976617,5671.96819641285,6494.06,6375.486666666667,0.24385792134133885,0.24540205720947936,0.981741263041405,4550.0175,3652890.977136405,0.22616783202100674,0.22203829306763948,716.6027310233831,703.5184702538163
2020-06-14 07:30:00,4136001,293.3428420689653,5.486111111111111,55.5,26.400092827586203,31.09170165715782,32.388297413793104,7310.851626508847,7178.206359284495,8101.525714285715,7954.534761904762,0.3042197362480667,0.30618198998388796,0.9818563863690811,6538.65119047619,3654879.6108268816,0.28619501376037765,0.28100240200761384,790.674087776868,776.3284026202664
2020-06-14 07:45:00,4136001,374.707374,6.090277777777778,59.25,26.507665,32.12904855023816,32.670761166666665,9298.945713298372,9118.395484018767,10075.604761904762,9879.97476190476,0.3783482187560618,0.38029506742217284,0.9805837957499417,9008.64488095238,3657349.604517357,0.36402214575448705,0.35695421742097344,776.6590486063906,761.5792778859923
2020-06-14 08:00:00,4136001,320.6890286206896,6.694444444444445,63.0,27.246093724137925,31.776239629219006,35.33057175862069,7969.957382440408,7815.204947234575,10140.417142857144,9943.520952380952,0.3807819832263979,0.3827410557342833,0.9805830285182218,11494.52511904762,3659835.4847554527,0.31199676580310853,0.30593873349910256,2170.4597604167366,2128.3160051463765
2020-06-14 08:15:00,4136001,252.571925,7.124999999999999,66.25,26.843411166666662,30.268811926143165,32.82237119999999,6315.973383404091,6198.99560679811,7856.023333333333,7710.522380952381,0.29500089621526787,0.29678958695630775,0.9814790580160847,13422.155714285716,3661763.115350691,0.24724890911740421,0.2426696264160544,1540.0499499292418,1511.5267741542712
2020-06-14 08:30:00,4136001,406.73206444444446,7.555555555555556,69.5,27.329228,32.63350635738712,34.37789599999999,10072.722960141024,10109.362389788726,11446.406666666666,11488.042857142857,0.4298230901101894,0.4421920235820202,1.0036374900603033,16294.166428571429,3664635.1260649767,0.394312897245685,0.3957472064900656,1373.6837065256423,1378.68046735413
2020-06-14 08:45:00,4136001,336.8159026666667,7.986111111111111,72.75,27.568192566666667,31.798219601726846,35.298638999999994,8369.99573478355,8212.619883791693,9610.738095238095,9430.033333333333,0.3608920481887725,0.3629761460647653,0.9811976187349962,18651.67476190476,3666992.63439831,0.3276569087799393,0.3214961786569463,1240.7423604545456,1217.4134495416401
2020-06-14 09:00:00,4136001,612.1185824137931,8.416666666666666,76.0,28.24413975862069,35.65746884198987,39.94139131034482,14969.984192103646,14649.053105649702,15313.48857142857,14985.193333333333,0.5750355696610318,0.5768025978171248,0.978561695033504,22397.973095238096,3670738.9327316433,0.5860240435350811,0.5734606813720768,343.50437932492423,336.14022768363066
2020-06-14 09:15:00,4136001,464.049278,8.5,75.25,28.443925033333336,34.0254655433165,39.15535706666665,11426.18232113461,11192.47536115313,11040.138095238097,10814.327142857142,0.414567331873449,0.41625969387855155,0.9795463652326638,25101.55488095238,3673442.5145173576,0.44729623492404036,0.43814740110209943,-386.04422589651404,-378.14821829598804
2020-06-14 09:30:00,4136001,437.681084137931,8.583333333333332,74.5,28.6242611724138,33.852801181229125,39.78399541379311,10784.64607854898,10561.744124664658,11644.108571428573,11403.442857142858,0.43724697833118853,0.43893564252040373,0.9793315466951037,27952.415595238097,3676293.375231643,0.4221822696632993,0.41345641513660825,859.4624928795929,841.6987324782003
2020-06-14 09:45:00,4136001,394.0888086666666,8.666666666666666,73.75,28.734169533333336,33.410116480018985,38.275773,9728.340093484238,9531.688217059125,10842.473333333332,10623.3,0.4071448384008715,0.4089067722443351,0.9797856700592916,30608.240595238098,3678949.2002316434,0.38083147752923224,0.3731332243906489,1114.133239849094,1091.611782940874
2020-06-14 10:00:00,4136001,468.6161110344827,8.75,73.0,28.86396534482758,34.38684231635949,38.06350293103447,11521.326562577444,11275.230498711231,12493.129047619048,12226.275238095235,0.4691284775012059,0.4706076966837388,0.9786399541294525,33664.8094047619,3682005.769041167,0.4510208088697375,0.44138698370370844,971.8024850416041,951.0447393840041
2020-06-14 10:15:00,4136001,764.3584866666667,8.493055555555555,73.25,30.014205866666664,39.21309248900522,44.896558733333336,18415.464457977727,17987.63062351108,14442.056666666667,14106.534285714286,0.5423125007510183,0.5429816914071406,0.9767676869924772,37191.44297619048,3685532.402612596,0.7209028952036691,0.7041546534942681,-3973.4077913110596,-3881.096337796793
2020-06-14 10:30:00,4136001,847.3476258620689,8.23611111111111,73.5,30.63661986206896,41.05461489326179,48.25690844827587,20255.45475045865,19769.26734458485,14876.287142857142,14519.21476190476,0.5586182542098513,0.5588663827447947,0.9759972110296465,40821.246666666666,3689162.206303072,0.7929322666063281,0.7738996807431924,-5379.16760760151,-5250.0525826800895
2020-06-14 10:45:00,4136001,532.3032116666666,7.979166666666667,73.75,30.43290503333333,37.12202207856178,43.14604706666668,12938.35976459393,12648.239340192347,10248.59761904762,10018.790476190476,0.3848442595302087,0.3856382927537896,0.9775767230406204,43325.944285714286,3691666.90392212,0.506492846529416,0.4951356171537423,-2689.7621455463104,-2629.4488640018717
2020-06-14 11:00:00,4136001,772.0220348275863,7.722222222222222,74.0,31.127603482758623,41.04821559825061,47.85183613793103,18455.335997705268,18014.260399676732,15261.606666666665,14896.86,0.5730873564553534,0.5734025151483764,0.9761003756266816,47050.15928571428,3695391.118922119,0.7224637305815333,0.7051971187972884,-3193.729331038603,-3117.4003996767315
2020-06-14 11:15:00,4136001,782.6601939999999,7.805555555555555,75.75,31.796561733333338,41.780745863962245,50.92126149999999,18651.061178841548,18216.292514866207,13697.49,13378.19238095238,0.5143533381264995,0.5149467175886019,0.9766893336627644,50394.70738095238,3698735.667017357,0.7301257067465864,0.7131059900123784,-4953.571178841548,-4838.100133913827
2020-06-14 11:30:00,4136001,754.396708275862,7.888888888888888,77.5,31.37812434482759,40.932287316912976,47.14193506896552,18042.93540425479,17627.56146725626,13162.960476190476,12859.930476190477,0.49428126325010996,0.4949980384913919,0.9769785831577837,53609.69,3701950.649636405,0.7063196478471243,0.6900591688101883,-4879.974928064314,-4767.630991065782
2020-06-14 11:45:00,4136001,533.2220434482758,7.972222222222221,79.25,31.610847068965523,38.31551252160322,46.602203379310346,12895.666348197168,12608.709464828018,11735.835238095238,11474.687142857145,0.44069139896556875,0.4416779420800775,0.9777478049120534,56478.36178571428,3704819.32142212,0.5048215442629543,0.4935881567754166,-1159.8311101019299,-1134.0223219708732
2020-06-14 12:00:00,4136001,585.5762653333334,8.055555555555555,81.0,30.9920359,38.30260101027882,42.586829733333325,14162.595437485128,13853.790920838372,12174.001904761904,11908.557142857144,0.4571449599943237,0.4583782500139256,0.9781957679995983,59455.50107142857,3707796.460707834,0.5544175156580594,0.5423288675215647,-1988.5935327232237,-1945.2337779812278
2020-06-14 12:15:00,4136001,878.7766163333332,8.159722222222221,81.5,32.03907856666667,42.91334450737303,49.36540720000001,20839.848651258722,20336.396843240873,16734.816666666666,16330.534761904762,0.628407745903445,0.6285868099850694,0.9758418683147468,63538.13476190476,3711879.09439831,0.815809303239723,0.7961008746620032,-4105.031984592057,-4005.8620813361104
2020-06-14 12:30:00,4136001,921.3555827586208,8.26388888888889,82.0,31.55893686206896,42.860446616851185,48.93490413793102,21854.572449070976,21318.544745790598,17283.906666666666,16859.98380952381,0.6490265800425377,0.6489660990129366,0.97547297232515,67753.13071428571,3716094.090350691,0.8555322939546282,0.8345486297040751,-4570.66578240431,-4458.560936266789
2020-06-14 12:45:00,4136001,884.9503783333332,8.368055555555555,82.5,32.10389506666667,42.864805579915895,52.80110570000001,20990.646131969377,20485.955668247083,15620.360476190475,15244.790952380954,0.5865588917143074,0.5867949000666214,0.9759564112248249,71564.32845238096,3719905.2880887855,0.8217125125061412,0.8019555947640276,-5370.285655778902,-5241.164715866129
2020-06-14 13:00:00,4136001,902.9522003448276,8.472222222222221,83.0,32.30668179310345,43.19218149587413,52.9857893448276,21387.436785453938,20861.512188051627,14139.169047619049,13791.481904761906,0.530938792288057,0.5308548520838483,0.9754096480715257,75012.19892857142,3723353.158564977,0.8372455191017396,0.8166573571364897,-7248.267737834889,-7070.030283289721
2020-06-14 13:15:00,4136001,887.3814986666667,8.666666666666666,79.5,32.70611060000002,43.23507949732639,52.174472133333325,21014.73755683931,20496.724923117807,14971.37,14602.32619047619,0.5621887028811068,0.5620654664564247,0.9753500307905147,78662.78047619047,3727003.740112596,0.8226556099760935,0.8023771745201725,-6043.36755683931,-5894.398732641617
2020-06-14 13:30:00,4136001,825.6354096551723,8.86111111111111,76.0,32.6373982413793,42.28154506599293,50.712911689655165,19632.92618856056,19158.383491904027,13391.94,13068.246666666666,0.502879654811925,0.5030164415350652,0.9758292425643085,81929.84214285715,3730270.8017792623,0.7685623874950307,0.7499856524526923,-6240.986188560559,-6090.136825237361
2020-06-14 13:45:00,4136001,757.183638,9.055555555555554,72.5,32.64825039999999,41.35751699765355,50.362212133333344,18076.690905397918,17644.464694184233,13210.029047619048,12894.168095238096,0.4960487313654458,0.4963158958703695,0.9760893067500195,85153.38416666667,3733494.343803072,0.7076410610842794,0.6907208727416024,-4866.66185777887,-4750.296598946137
2020-06-14 14:00:00,4136001,757.0201910344828,9.249999999999998,69.0,32.95608731034483,41.53227617444909,48.68971824137931,18059.270811422397,17624.4904221078,14260.520952380952,13917.196190476192,0.5354956678398766,0.5356937837525794,0.9759248092652998,88632.68321428572,3736973.642850691,0.7069591235632178,0.6899389478217968,-3798.7498590414452,-3707.2942316316075
2020-06-14 14:15:00,4136001,453.138228,9.298611111111109,52.75,32.49408363333333,37.608366277728244,44.67058416666666,10991.627693551845,10757.5256322482,9263.686666666666,9066.386666666667,0.34785994808960946,0.34897883970006904,0.9787017839549842,90899.27988095238,3739240.2395173577,0.4302848969877411,0.4211205962907888,-1727.9410268851789,-1691.1389655815328
2020-06-14 14:30:00,4136001,345.0704103448276,9.347222222222221,36.5,31.499514862068967,35.37954421322237,38.70719641379311,8448.848225767477,8281.908656466845,10987.671428571428,10770.56761904762,0.41259716032082355,0.41457532408424086,0.980241144728876,93591.92178571428,3741932.88142212,0.3307437160214319,0.3242085988047307,2538.823202803951,2488.6589625807756
2020-06-14 14:45:00,4136001,656.0674536666668,9.395833333333334,20.25,32.334951633333326,39.68440640317304,44.24039810000001,15774.84495692515,15409.364409432575,18539.486666666668,18109.95333333333,0.6961747629785989,0.6970793033265436,0.9768314333046976,98119.41011904762,3746460.369755453,0.6175316091965218,0.6032242869223948,2764.641709741518,2700.5889239007556
2020-06-14 15:00:00,4136001,369.3632165517241,9.444444444444445,4.0,31.692615310344824,35.81497263793103,42.727485172413786,9027.209715051871,8839.44243055735,11473.339523809524,11234.69238095238,0.4308344436484444,0.4324401832437436,0.9791998535071762,100928.08321428573,3749269.042850691,0.3533846042298638,0.34603415269357407,2446.1298087576524,2395.2499503950294
2020-06-14 15:15:00,4136001,184.3229213333333,9.458333333333332,3.75,30.196788566666665,32.251785181119345,35.68807996666667,4571.948061413194,4487.307734745733,6314.878571428571,6197.971428571428,0.2371294940224659,0.23856922908321834,0.9814870323261503,102477.57607142856,3750818.5357078337,0.17897624041547053,0.17566285906227178,1742.930510015377,1710.6636938256952
2020-06-14 15:30:00,4136001,430.4188627586207,9.472222222222223,3.5,30.659953103448277,35.453570018011376,35.306102896551714,10535.299755369713,10314.842431014393,14555.386666666664,14250.806666666667,0.5465681464065271,0.5485349520341815,0.9790744136878538,106040.27773809525,3754381.237374501,0.41242120788294045,0.4037910523004264,4020.0869112969503,3935.9642356522745
2020-06-14 15:45:00,4136001,530.5140446666667,9.486111111111112,3.25,31.989416533333337,37.89155865567485,43.63690883333333,12853.156625186668,12576.535237640555,17286.12142857143,16914.095238095237,0.64910974638753,0.6510489291691661,0.9784783306068133,110268.80154761903,3758609.761184024,0.503157432968748,0.4923286450436702,4432.9648033847625,4337.560000454681
2020-06-14 16:00:00,4136001,327.2701637931034,9.5,3.0,31.394239862068964,35.03138326941619,39.10474593103448,8024.662209597979,7873.696574383972,10078.293333333331,9888.693333333333,0.37844917708412595,0.38063065833097137,0.9811872909698998,112740.97488095236,3761081.9345173575,0.3141382740104905,0.30822848206631326,2053.631123735352,2014.9967589493608
2020-06-14 16:15:00,4136001,206.7178053333333,9.70138888888889,4.25,30.74876806666666,33.01150298534694,36.071380600000005,5111.383963499038,5018.437875206051,6716.085238095238,6593.959047619048,0.25219517308327233,0.25381138727826896,0.9818158665135067,114389.46464285714,3762730.4242792623,0.20009332407512384,0.19645480036038562,1604.7012745962002,1575.5211724129967
2020-06-14 16:30:00,4136001,313.8297106896551,9.902777777777779,5.5,30.88903913793104,34.27319518138448,36.300511931034485,7719.415298402126,7570.657131510641,10646.09238095238,10440.93523809524,0.39977055315579346,0.4018872786630956,0.9807293478662463,116999.69845238097,3765340.658088786,0.3021888940458847,0.2963655169900427,2926.6770825502535,2870.2781065845993
2020-06-14 16:45:00,4136001,175.3590813333333,10.104166666666666,6.75,29.79161579999999,31.654907937955453,35.120568933333324,4360.303821601882,4273.1916500152465,5888.17380952381,5770.537142857143,0.22110633805154073,0.22211664145809326,0.9800215363078455,118442.33273809524,3766783.292374501,0.17069108716390222,0.1672809414764238,1527.8699879219275,1497.3454928418969
2020-06-14 17:00:00,4136001,172.5242038,10.305555555555555,8.0,27.71768493333333,29.52441028467902,31.93408716666667,4327.3721146533,4247.069194013704,5871.724761904762,5762.763333333333,0.22048866119601035,0.22181741585395676,0.9814430285836351,119883.02357142858,3768223.983207834,0.1694019226718849,0.16625833603498547,1544.3526472514623,1515.6941393196294
2020-06-14 17:15:00,4136001,143.60078489655172,9.854166666666666,11.5,26.899515137931036,28.453594139002995,30.419656620689658,3617.6070206275335,3546.8258708164362,4833.351904761905,4738.783809523809,0.18149680609763982,0.18240290605707218,0.9804342623708145,121067.71952380952,3769408.679160215,0.14161702958025185,0.13884618793566006,1215.7448841343712,1191.9579387073732
2020-06-14 17:30:00,4136001,108.7214031999999,9.402777777777779,15.0,26.523709166666663,27.740989614519766,29.40315043333333,2746.838171802513,2688.65047173308,3683.7261904761904,3605.691904761905,0.13832730396703644,0.13878849684031508,0.9788164804658844,121969.1425,3770310.102136405,0.10752938625181103,0.10525153539765433,936.8880186736774,917.0414330288249
2020-06-14 17:45:00,4136001,104.81943872413792,8.95138888888889,18.5,26.32929734482758,27.544912302052804,28.677474517241382,2650.3554056093253,2587.869458585714,3347.1266666666666,3268.2133333333336,0.12568768249746656,0.1257984397634664,0.9764235593115689,122786.19583333332,3771127.155469739,0.10375241360772461,0.10130630098202051,696.7712610573412,680.3438747476198
2020-06-14 18:00:00,4136001,68.69071106666661,8.5,22.0,26.29677636666667,27.12298169583033,28.153064,1739.8033944846438,1690.563414496653,2243.5538095238094,2180.056666666667,0.08424750747728205,0.08391365534969465,0.9716979630318652,123331.21,3771672.169636405,0.0681073945775942,0.06617981657845579,503.75041503916555,489.4932521700139
2020-06-14 18:15:00,4136001,40.7503786551724,8.152777777777779,23.5,26.174056413793103,26.67861134049616,27.16848427586207,1033.978897148297,1001.1920103820911,1312.753333333333,1271.1266666666668,0.04929509414766422,0.048927574518310465,0.9682905648687494,123648.99166666668,3771989.951303072,0.04047676246421206,0.03919326719053009,278.77443618503617,269.9346562845757
2020-06-14 18:30:00,4136001,16.795311050000002,7.805555555555555,25.0,26.235976966666662,26.450230201135344,26.387166466666667,426.5474156332705,411.97582693320464,494.4271428571429,477.5366666666666,0.018566193615685726,0.01838110351726729,0.9658382909706951,123768.37583333334,3772109.3354697386,0.016697882780711312,0.01612745456775121,67.87972722387241,65.56083973346193
2020-06-14 18:45:00,4136001,1.6383259080689,7.458333333333334,26.5,26.37077713793104,26.392329803958386,26.324486310344827,41.61795354640083,0.0,0.0,0.0,0.0,0.0,0.0,123768.37583333334,3772109.3354697386,0.001629201548107294,0.0,-41.61795354640083,0.0
2020-06-14 19:00:00,4136001,0.0,7.111111111111112,28.0,26.391504066666663,26.391504066666663,26.25866303333333,0.0,0.0,0.0,0.0,0.0,0.0,0.0,123768.37583333334,3772109.3354697386,0.0,0.0,0.0,0.0
2020-06-14 19:15:00,4136001,0.0,7.034722222222223,27.75,26.318566620689648,26.318566620689648,25.850328,0.0,0.0,0.0,0.0,0.0,0.0,0.0,123768.37583333334,3772109.3354697386,0.0,0.0,0.0,0.0
2020-06-14 19:30:00,4136001,0.0,6.958333333333333,27.5,26.152496199999995,26.152496199999995,25.51716816666667,0.0,0.0,0.0,0.0,0.0,0.0,0.0,123768.37583333334,3772109.3354697386,0.0,0.0,0.0,0.0
2020-06-14 19:45:00,4136001,0.0,6.881944444444444,27.25,26.056760766666667,26.056760766666667,25.324434333333336,0.0,0.0,0.0,0.0,0.0,0.0,0.0,123768.37583333334,3772109.3354697386,0.0,0.0,0.0,0.0
2020-06-14 20:00:00,4136001,0.0,6.805555555555555,27.0,26.086180827586208,26.086180827586208,25.719854862068964,0.0,0.0,0.0,0.0,0.0,0.0,0.0,123768.37583333334,3772109.3354697386,0.0,0.0,0.0,0.0
2020-06-14 20:15:00,4136001,0.0,6.708333333333333,43.5,26.057802466666672,26.057802466666672,25.8777026,0.0,0.0,0.0,0.0,0.0,0.0,0.0,123768.37583333334,3772109.3354697386,0.0,0.0,0.0,0.0
2020-06-14 20:30:00,4136001,0.0,6.611111111111111,60.0,25.53856065517241,25.53856065517241,25.540892517241385,0.0,0.0,0.0,0.0,0.0,0.0,0.0,123768.37583333334,3772109.3354697386,0.0,0.0,0.0,0.0
2020-06-14 20:45:00,4136001,0.0,6.513888888888889,76.5,24.681337433333336,24.681337433333336,24.358361833333337,0.0,0.0,0.0,0.0,0.0,0.0,0.0,123768.37583333334,3772109.3354697386,0.0,0.0,0.0,0.0
2020-06-14 21:00:00,4136001,0.0,6.416666666666667,93.0,24.35666331034483,24.35666331034483,23.760432896551723,0.0,0.0,0.0,0.0,0.0,0.0,0.0,123768.37583333334,3772109.3354697386,0.0,0.0,0.0,0.0
2020-06-14 21:15:00,4136001,0.0,6.444444444444445,92.75,24.30556033333333,24.30556033333333,23.6487916,0.0,0.0,0.0,0.0,0.0,0.0,0.0,123768.37583333334,3772109.3354697386,0.0,0.0,0.0,0.0
2020-06-14 21:30:00,4136001,0.0,6.472222222222222,92.5,24.492610689655173,24.492610689655173,23.475766068965516,0.0,0.0,0.0,0.0,0.0,0.0,0.0,123768.37583333334,3772109.3354697386,0.0,0.0,0.0,0.0
2020-06-14 21:45:00,4136001,0.0,6.499999999999999,92.25,24.1292797,24.1292797,22.79287313333333,0.0,0.0,0.0,0.0,0.0,0.0,0.0,123768.37583333334,3772109.3354697386,0.0,0.0,0.0,0.0
2020-06-14 22:00:00,4136001,0.0,6.527777777777778,92.0,24.05143143333333,24.05143143333333,22.558529766666677,0.0,0.0,0.0,0.0,0.0,0.0,0.0,123768.37583333334,3772109.3354697386,0.0,0.0,0.0,0.0
2020-06-14 22:15:00,4136001,0.0,6.486111111111112,92.75,24.156552827586204,24.156552827586204,22.76215020689655,0.0,0.0,0.0,0.0,0.0,0.0,0.0,123768.37583333334,3772109.3354697386,0.0,0.0,0.0,0.0
2020-06-14 22:30:00,4136001,0.0,6.444444444444444,93.5,24.13806056666667,24.13806056666667,22.858555600000003,0.0,0.0,0.0,0.0,0.0,0.0,0.0,123768.37583333334,3772109.3354697386,0.0,0.0,0.0,0.0
2020-06-14 22:45:00,4136001,0.0,6.402777777777778,94.25,24.185657379310346,24.185657379310346,22.922952586206897,0.0,0.0,0.0,0.0,0.0,0.0,0.0,123768.37583333334,3772109.3354697386,0.0,0.0,0.0,0.0
2020-06-14 23:00:00,4136001,0.0,6.361111111111111,95.0,24.412541766666664,24.412541766666664,23.356136166666666,0.0,0.0,0.0,0.0,0.0,0.0,0.0,123768.37583333334,3772109.3354697386,0.0,0.0,0.0,0.0
2020-06-14 23:15:00,4136001,0.0,6.173611111111112,95.75,24.652915366666672,24.652915366666672,23.91376343333333,0.0,0.0,0.0,0.0,0.0,0.0,0.0,123768.37583333334,3772109.3354697386,0.0,0.0,0.0,0.0
2020-06-14 23:30:00,4136001,0.0,5.986111111111112,96.5,24.70239134482759,24.70239134482759,24.18513027586207,0.0,0.0,0.0,0.0,0.0,0.0,0.0,123768.37583333334,3772109.3354697386,0.0,0.0,0.0,0.0
2020-06-14 23:45:00,4136001,0.0,5.798611111111111,97.25,24.5347565,24.5347565,23.921970633333338,0.0,0.0,0.0,0.0,0.0,0.0,0.0,123768.37583333334,3772109.3354697386,0.0,0.0,0.0,0.0
2020-06-15 00:00:00,4136001,0.0,5.611111111111111,98.0,24.48687631034483,24.48687631034483,23.8462514137931,0.0,0.0,0.0,0.0,0.0,0.0,0.0,0.0,3772109.3354697386,0.0,0.0,0.0,0.0
2020-06-15 00:15:00,4136001,0.0,5.562499999999999,98.5,24.509378333333338,24.509378333333338,23.902851233333333,0.0,0.0,0.0,0.0,0.0,0.0,0.0,0.0,3772109.3354697386,0.0,0.0,0.0,0.0
2020-06-15 00:30:00,4136001,0.0,5.513888888888889,99.0,24.605338241379307,24.605338241379307,24.17273686206896,0.0,0.0,0.0,0.0,0.0,0.0,0.0,0.0,3772109.3354697386,0.0,0.0,0.0,0.0
2020-06-15 00:45:00,4136001,0.0,5.465277777777778,99.5,24.679791366666663,24.679791366666663,24.459141966666667,0.0,0.0,0.0,0.0,0.0,0.0,0.0,0.0,3772109.3354697386,0.0,0.0,0.0,0.0
2020-06-15 01:00:00,4136001,0.0,5.416666666666667,100.0,24.6363729,24.6363729,24.380418766666665,0.0,0.0,0.0,0.0,0.0,0.0,0.0,0.0,3772109.3354697386,0.0,0.0,0.0,0.0
2020-06-15 01:15:00,4136001,0.0,5.493055555555555,99.25,24.557383482758624,24.557383482758624,24.403434034482764,0.0,0.0,0.0,0.0,0.0,0.0,0.0,0.0,3772109.3354697386,0.0,0.0,0.0,0.0
2020-06-15 01:30:00,4136001,0.0,5.569444444444445,98.5,24.537739166666665,24.537739166666665,24.403716133333333,0.0,0.0,0.0,0.0,0.0,0.0,0.0,0.0,3772109.3354697386,0.0,0.0,0.0,0.0
2020-06-15 01:45:00,4136001,0.0,5.645833333333334,97.75,24.49356613793104,24.49356613793104,24.322199103448277,0.0,0.0,0.0,0.0,0.0,0.0,0.0,0.0,3772109.3354697386,0.0,0.0,0.0,0.0
2020-06-15 02:00:00,4136001,0.0,5.722222222222222,97.0,24.57614153333333,24.57614153333333,24.331221500000005,0.0,0.0,0.0,0.0,0.0,0.0,0.0,0.0,3772109.3354697386,0.0,0.0,0.0,0.0
2020-06-15 02:15:00,4136001,0.0,5.701388888888888,97.0,24.5805764,24.5805764,24.441901766666664,0.0,0.0,0.0,0.0,0.0,0.0,0.0,0.0,3772109.3354697386,0.0,0.0,0.0,0.0
2020-06-15 02:30:00,4136001,0.0,5.680555555555556,97.0,24.59707010344828,24.59707010344828,24.429463413793098,0.0,0.0,0.0,0.0,0.0,0.0,0.0,0.0,3772109.3354697386,0.0,0.0,0.0,0.0
2020-06-15 02:45:00,4136001,0.0,5.659722222222222,97.0,24.22866923333333,24.22866923333333,23.93627113333333,0.0,0.0,0.0,0.0,0.0,0.0,0.0,0.0,3772109.3354697386,0.0,0.0,0.0,0.0
2020-06-15 03:00:00,4136001,0.0,5.638888888888889,97.0,24.000265344827582,24.000265344827582,23.42331768965517,0.0,0.0,0.0,0.0,0.0,0.0,0.0,0.0,3772109.3354697386,0.0,0.0,0.0,0.0
2020-06-15 03:15:00,4136001,0.0,5.423611111111111,94.5,24.1572967,24.1572967,23.330549266666665,0.0,0.0,0.0,0.0,0.0,0.0,0.0,0.0,3772109.3354697386,0.0,0.0,0.0,0.0
2020-06-15 03:30:00,4136001,0.0,5.208333333333333,92.0,24.214068633333337,24.214068633333337,23.349376566666663,0.0,0.0,0.0,0.0,0.0,0.0,0.0,0.0,3772109.3354697386,0.0,0.0,0.0,0.0
2020-06-15 03:45:00,4136001,0.0,4.993055555555556,89.5,24.406245896551727,24.406245896551727,23.089144896551723,0.0,0.0,0.0,0.0,0.0,0.0,0.0,0.0,3772109.3354697386,0.0,0.0,0.0,0.0
2020-06-15 04:00:00,4136001,0.0,4.777777777777778,87.0,24.413990366666667,24.413990366666667,23.157796266666665,0.0,0.0,0.0,0.0,0.0,0.0,0.0,0.0,3772109.3354697386,0.0,0.0,0.0,0.0
2020-06-15 04:15:00,4136001,0.0,4.833333333333333,88.25,24.43243089655173,24.43243089655173,23.66372365517241,0.0,0.0,0.0,0.0,0.0,0.0,0.0,0.0,3772109.3354697386,0.0,0.0,0.0,0.0
2020-06-15 04:30:00,4136001,0.0,4.888888888888889,89.5,24.46265573333333,24.46265573333333,23.8611501,0.0,0.0,0.0,0.0,0.0,0.0,0.0,0.0,3772109.3354697386,0.0,0.0,0.0,0.0
2020-06-15 04:45:00,4136001,0.0,4.944444444444445,90.75,24.452216700000005,24.452216700000005,23.850167966666675,0.0,0.0,0.0,0.0,0.0,0.0,0.0,0.0,3772109.3354697386,0.0,0.0,0.0,0.0
2020-06-15 05:00:00,4136001,0.0039712123448275,5.0,92.0,24.49716172413793,24.497228805427536,23.95881503448275,0.1016486330784299,0.0,0.0,0.0,0.0,0.0,0.0,0.0,3772109.3354697386,3.97919878952554e-06,0.0,-0.1016486330784299,0.0
2020-06-15 05:15:00,4136001,0.0,5.027777777777778,85.0,24.4542309,24.4542309,23.661917166666665,0.0,0.0,0.0,0.0,0.0,0.0,0.0,0.0,3772109.3354697386,0.0,0.0,0.0,0.0
2020-06-15 05:30:00,4136001,0.0,5.055555555555555,78.0,24.554839103448277,24.554839103448277,23.82317896551724,0.0,0.0,0.0,0.0,0.0,0.0,0.0,0.0,3772109.3354697386,0.0,0.0,0.0,0.0
2020-06-15 05:45:00,4136001,0.5463807966333,5.083333333333333,71.0,24.396636066666662,24.40577745526685,23.91243906666667,13.990472413230986,0.0,0.0,0.0,0.0,0.0,0.0,0.0,3772109.3354697386,0.0005476794837827749,0.0,-13.990472413230986,0.0
2020-06-15 06:00:00,4136001,10.4016718137931,5.111111111111111,64.0,24.372878655172418,24.546355503301054,23.7509387586207,266.1928592821854,256.93908987523685,242.75666666666663,234.31761904761905,0.009115735937931834,0.009019237081202607,0.9652365978865768,58.57940476190476,3772167.9148745006,0.010420546458492283,0.010058292811714107,-23.436192615518763,-22.6214708276178
2020-06-15 06:15:00,4136001,24.3275859,4.986111111111111,56.0,24.396148733333337,24.807748190232076,24.13533733333334,621.9260799660242,601.1352147964861,718.7199999999999,694.6933333333333,0.02698859653690404,0.026739789767114858,0.9665701988720689,232.2527380952381,3772341.588207834,0.024346293989666243,0.023532402223389554,96.79392003397572,93.55811853684713
2020-06-15 06:30:00,4136001,61.8407700333333,4.861111111111111,48.0,24.604524833333336,25.666168954077257,25.12929993333333,1575.5130222378739,1529.405062699192,1893.787619047619,1838.365238095238,0.07111346557360351,0.07076143907408361,0.9707346376146166,691.8440476190476,3772801.1795173576,0.06167598442896355,0.05987101439417467,318.27459680974516,308.960175396046
2020-06-15 06:45:00,4136001,86.67768896551719,4.736111111111112,40.0,24.861909793103457,26.372105610953742,26.39437968965517,2202.029200830172,2141.968431232491,2708.1647619047617,2634.2990476190475,0.10169407573812946,0.10139812682389002,0.9727248078385891,1350.4188095238096,3773459.7542792624,0.08620196519202084,0.0838507900267172,506.13556107458953,492.33061638655636
2020-06-15 07:00:00,4136001,152.7795496666666,4.611111111111112,32.0,25.043574033333336,27.745723832885275,27.2910268,3859.8900619827537,3782.438892720596,4421.725714285714,4333.000952380952,0.1660398643417617,0.16678371443616627,0.9799343587463804,2433.669047619048,3774543.004517358,0.15110158786387762,0.14806963760894876,561.8356523029606,550.5620596603562
2020-06-15 07:15:00,4136001,178.7859391034483,4.784722222222222,40.25,25.558769344827592,28.6558364117099,29.276119931034483,4500.3007253115275,4412.820357157071,5187.56761904762,5086.727619047619,0.19479793170968407,0.1957957858660561,0.980561217239899,3705.350952380953,3775814.68642212,0.17617149051914377,0.17274693118641893,687.2668937360922,673.9072618905475
2020-06-15 07:30:00,4136001,162.40019,4.958333333333334,48.5,25.937238599999997,28.693755446303996,29.3118408,4087.2184857625502,4008.0413136285397,4842.041428571429,4748.241904761905,0.1818231057027615,0.18276696234799772,0.9806281038290914,4892.411428571429,3777001.7468983103,0.1600007236548268,0.15690120624891524,754.8229428088785,740.2005911333654
2020-06-15 07:45:00,4136001,336.78621448275845,5.131944444444445,56.75,26.61436096551725,32.21789184164983,31.78032931034483,8354.81586946817,8195.640991153532,9476.734285714285,9296.184761904762,0.35586008198545793,0.35782411352192345,0.9809481285043844,7216.457619047619,3779325.7930887854,0.3270626686031775,0.32083151266993665,1121.9184162461152,1100.54377075123
2020-06-15 08:00:00,4136001,384.45868310344827,5.305555555555556,65.0,27.25152482758621,33.52430477706326,34.611373482758616,9486.128371265431,9300.663225904775,10876.183333333334,10663.540952380952,0.4084106798819199,0.4104557069397813,0.9804488050232957,9882.342857142858,3781991.6783268815,0.37134971114759957,0.36408938054041,1390.054962067903,1362.8777264761775
2020-06-15 08:15:00,4136001,448.9276293333333,5.583333333333334,65.0,27.623727433333336,34.7281368230047,36.12337346666666,11021.612791045935,10800.875109821287,12620.513333333332,12367.753333333334,0.4739118745018244,0.4760534010568703,0.9799722885017357,12974.281190476191,3785083.616660215,0.4314587117262061,0.4228175811243408,1598.900542287398,1566.878223512047
2020-06-15 08:30:00,4136001,560.9170755172412,5.861111111111112,65.0,28.461725758620688,37.079287219939495,39.34674931034482,13636.308304867205,13350.902640159828,14236.729523809525,13938.757142857145,0.5346022778315968,0.53652369719234,0.9790701663289978,16458.970476190476,3788568.305945929,0.5338151616702762,0.5226424991254581,600.4212189423197,587.854502697317
2020-06-15 08:45:00,4136001,617.0584573333334,6.138888888888889,65.0,29.14302253333333,38.35422506107379,41.53631576666666,14920.76060529032,14600.902282836227,15184.178095238094,14858.672857142858,0.5701798424377741,0.5719326346661394,0.9785628674760264,20173.63869047619,3792282.974160215,0.5840971072730601,0.5715757401775778,263.4174899477748,257.7705743066308
2020-06-15 09:00:00,4136001,527.0469972413791,6.416666666666667,65.0,29.2166411724138,36.86719999432379,41.27112031034483,12824.32336503648,12549.870200360601,10776.784285714286,10546.150476190476,0.404678154291505,0.4059371712012374,0.978599014009259,22810.17630952381,3794919.511779262,0.502028708750694,0.49128479938777064,-2047.539079322194,-2003.7197241701251
2020-06-15 09:15:00,4136001,604.6747926666667,6.805555555555555,66.75,29.33822023333333,37.789300494223156,41.02275870000001,14656.222074778554,14335.427678531054,10616.2,10383.833333333334,0.39864806677855175,0.39968934058686745,0.9781120677204022,25406.134642857145,3797515.470112596,0.5737413221678823,0.5611833109622648,-4040.0220747785534,-3951.59434519772
2020-06-15 09:30:00,4136001,343.5623724137931,7.194444444444444,68.5,29.227540068965517,33.85713678657491,39.03180975862068,8465.369216530156,8303.393163225508,7090.110476190476,6954.448571428571,0.2662401645202323,0.2676871704726483,0.9808660379527969,27144.746785714287,3799254.082255453,0.3313904567050365,0.32504964428363703,-1375.2587403396801,-1348.944591796937
2020-06-15 09:45:00,4136001,582.4216149999997,7.583333333333333,70.25,28.864061433333333,36.440770357491,37.6525612,14197.098853081963,13889.218838621347,10497.716666666667,10270.061904761904,0.3941989087202246,0.3953101074266658,0.9783138782333844,29712.26226190476,3801821.5977316434,0.5557682072061837,0.5437157501906967,-3699.382186415296,-3619.1569338594436
2020-06-15 10:00:00,4136001,829.6770282758622,7.972222222222221,72.0,29.990695344827586,40.4229476807494,45.511953689655165,19886.597724835214,19405.366695806075,13908.090952380951,13571.532380952382,0.5222615974404149,0.5223886645679511,0.9758012388198429,33105.14535714286,3805214.4808268817,0.7784927666797892,0.7596542061384253,-5978.506772454262,-5833.834314853693
2020-06-15 10:15:00,4136001,766.2448646666667,8.069444444444445,73.5,30.60324923333333,40.15802028722281,47.43976413333333,18386.92938120639,17949.173254605586,12550.12,12251.326666666666,0.4712685401404304,0.4715719637944533,0.9761919939145335,36167.97702380952,3808277.312493548,0.7197858438522761,0.7026491781016084,-5836.809381206391,-5697.8465879389205
2020-06-15 10:30:00,4136001,644.2910979310344,8.166666666666666,75.0,30.502932862068963,38.470915769947204,44.8949775862069,15571.576348869507,15212.700565438316,11044.62476190476,10790.080952380951,0.4147358103302363,0.4153264215915183,0.9769531500606716,38865.49726190476,3810974.832731643,0.6095743334848114,0.5955255652941208,-4526.951586964746,-4422.619613057364
2020-06-15 10:45:00,4136001,412.7263533333333,8.26388888888889,76.5,30.405563433333327,35.4681375312583,40.946115000000006,10101.628434772954,9896.683071352105,7890.9,7730.806666666667,0.2963105471018701,0.2975703595786295,0.9797116509734843,40798.19892857143,3812907.53439831,0.3954444484154611,0.38742153342541025,-2210.7284347729546,-2165.8764046854376
2020-06-15 11:00:00,4136001,383.5087662068965,8.36111111111111,78.0,30.272137827586207,34.93826224913258,39.19910075862068,9407.281488103006,9222.265182852483,7630.146190476191,7480.081428571429,0.28651900190944635,0.28791956859751094,0.9803326491840916,42668.21928571429,3814777.554755453,0.36826312343327483,0.36102036339215043,-1777.1352976268154,-1742.1837542810545
2020-06-15 11:15:00,4136001,663.463731,8.07638888888889,78.5,30.40659286666667,38.67482642120448,40.686537566666665,16021.127274615175,15653.619820392187,12056.03,11779.47761904762,0.4527150065488803,0.4534097852766229,0.9770610739229763,45613.08869047619,3817722.424160215,0.6271727255672411,0.6127860567779286,-3965.0972746151747,-3874.1422013445663
2020-06-15 11:30:00,4136001,574.5287724137929,7.791666666666667,79.0,31.06111406896552,38.39911486612745,45.466793827586216,13889.737763869862,13581.773139109622,8937.767142857143,8739.598095238096,0.3356213704354533,0.33640025677864216,0.9778279021536807,47797.98821428572,3819907.3236840246,0.5437360643519226,0.5316802951305392,-4951.970621012719,-4842.175043871526
2020-06-15 11:45:00,4136001,379.187229,7.506944444444444,79.5,29.3317616,34.29835813557746,37.99803143333334,9326.069614567697,9131.193848669778,7369.58,7215.586666666667,0.27673450198469124,0.2777387679643734,0.9791041913740901,49601.88488095238,3821711.220350691,0.36508395437728314,0.357455229934225,-1956.4896145676976,-1915.6071820031111
2020-06-15 12:00:00,4136001,574.8088220689656,7.222222222222222,80.0,29.90018862068966,37.62611364849834,38.873927758620695,13941.90963709185,13630.916225384532,9890.746666666668,9670.12,0.37140662738673647,0.37221744245341754,0.9776936287924336,52019.41488095238,3824128.750350691,0.5457784160145567,0.5336040800698584,-4051.1629704251827,-3960.7962253845308
2020-06-15 12:15:00,4136001,820.2640759999998,6.986111111111111,82.75,31.54353016666667,42.81321589861693,48.458500333333326,19460.638553899567,18994.311086592395,12718.292380952382,12413.529047619048,0.4775835676033845,0.47781537705074695,0.9760374015469432,55122.79714285714,3827232.132612596,0.7618179116813297,0.7435627749693637,-6742.346172947186,-6580.782038973348
2020-06-15 12:30:00,4136001,553.3222127586204,6.75,85.5,31.61373382758621,39.388389058141506,46.6309174137931,13321.118512458414,13028.067808882468,9683.186666666666,9470.166666666668,0.3636125586295016,0.3645209383414345,0.9780010437335369,57490.33880952381,3829599.6742792623,0.5214765516718893,0.5100046118176734,-3637.931845791747,-3557.9011422158
2020-06-15 12:45:00,4136001,383.334039,6.513888888888889,88.25,30.809874533333332,36.321110806785995,40.93950686666666,9348.83062075508,9160.30762778659,7616.791428571429,7463.195714285715,0.286017518326279,0.2872696120938246,0.9798345910182654,59356.13773809524,3831465.4732078337,0.36597497047387273,0.35859493551718885,-1732.0391921836508,-1697.111913500874
2020-06-15 13:00:00,4136001,425.1167727586207,6.277777777777778,91.0,31.107020827586208,37.36425916668866,41.34869368965517,10322.523931048781,10113.718370204122,9074.153333333334,8890.6,0.340742797233048,0.3422125468842531,0.9797718501560844,61578.78773809524,3833688.1232078336,0.4040917569406452,0.3959177283305587,-1248.3705977154477,-1223.1183702041217
2020-06-15 13:15:00,4136001,120.4129034666666,6.326388888888888,90.0,28.890861033333337,30.6545712163011,33.852956166666665,3006.3749595777426,2943.44323336864,4098.588095238095,4012.793333333333,0.1539057497681141,0.1544584422558828,0.9790672397637514,62581.986071428575,3834691.3215411673,0.11768937011461118,0.1152258067476469,1092.2131356603522,1069.350099964693
2020-06-15 13:30:00,4136001,238.52334310344816,6.375000000000001,89.0,26.23989765517242,29.716660910087487,28.749300275862076,5978.122853193382,5868.983632022763,8877.599523809524,8715.52619047619,0.33336202104339197,0.3354736930105132,0.9817435633474279,64760.86761904762,3836870.203088786,0.2340232081892105,0.22975077831367247,2899.4766706161417,2846.542558453427
2020-06-15 13:45:00,4136001,392.6790326666667,6.423611111111111,88.0,27.20779523333333,32.90395527201571,33.41558113333332,9713.848034251634,9516.175874650298,13761.643333333332,13481.600476190475,0.516762354753045,0.5189270504840058,0.9796504784814078,68131.26773809524,3840240.603207834,0.3802641626248438,0.37252596886476014,4047.7952990816975,3965.424601540177
2020-06-15 14:00:00,4136001,704.2872753333334,6.472222222222222,87.0,28.538208066666662,38.705485031201576,41.65116596666666,17004.71591222808,16610.336156569683,14503.10380952381,14166.74238095238,0.5446048770704504,0.5452991914200168,0.9768076245616784,71672.95333333334,3843782.288803072,0.6656768804943464,0.6502382523613107,-2501.61210270427,-2443.5937756173025
2020-06-15 14:15:00,4136001,345.2762671034482,6.75,80.5,29.08548496551724,33.936914881260506,40.65664348275861,8504.78494614632,8329.902487019395,6757.5,6618.546666666666,0.2537503354548768,0.2547578016638116,0.979437168578123,73327.59,3845436.9254697375,0.3329334486649567,0.3260873942853551,-1747.2849461463193,-1711.355820352729
2020-06-15 14:30:00,4136001,413.640262,7.027777777777778,74.0,28.05032753333333,33.711204254285846,32.30449726666667,10198.254807296198,9990.195546944115,12002.200476190475,11757.338095238094,0.45069365845801185,0.45255760175361404,0.9795985426640614,76266.92452380952,3848376.259993548,0.39922704275968673,0.39108222927947206,1803.9456688942773,1767.1425482939794
2020-06-15 14:45:00,4136001,361.4792344827586,7.305555555555555,67.5,28.738911517241377,33.56056330439302,35.47533944827586,8917.794522264121,8739.621048154111,10658.305714285714,10445.35761904762,0.4002291750470781,0.4020575027479724,0.9800204553193973,78878.26392857142,3850987.59939831,0.34910137100270583,0.3421264845626976,1740.5111920215932,1705.7365708935085
2020-06-15 15:00:00,4136001,298.2641333333332,7.583333333333333,61.0,28.618339066666675,32.49845007659686,35.30898513333334,7390.629803860756,7253.603618212534,9275.715238095238,9103.738571428572,0.3483116320015655,0.3504165706135675,0.9814594710755716,81154.19857142857,3853263.5340411672,0.2893180584795755,0.28395394864797546,1885.085434234482,1850.1349532160384
2020-06-15 15:15:00,4136001,419.9067613793103,7.763888888888888,64.75,27.74422262068965,33.12040546915403,31.967591344827586,10378.10351057818,10166.572496833833,14124.253333333332,13836.366666666669,0.5303786935083973,0.5325825339824516,0.9796175656247081,84613.29023809524,3856722.625707834,0.40626750873275314,0.3979867878971945,3746.149822755153,3669.794169832836
2020-06-15 15:30:00,4136001,340.420977,7.944444444444445,68.5,28.952817799999995,33.243477958810175,36.16430876666666,8409.310944254445,8246.56169416022,11093.575238095238,10878.87619047619,0.4165739456989392,0.41874428366829214,0.9806465415331774,87333.00928571429,3859442.344755453,0.3291959657175355,0.32282488526757563,2684.2642938407935,2632.3144963159702
2020-06-15 15:45:00,4136001,122.3398807241379,8.125,72.25,28.225434413793103,29.743769886633785,32.09903055172414,3065.871860998942,3001.501321079813,4081.580476190476,3995.884285714286,0.1532670980420879,0.15380758761715185,0.9790041649365752,88331.98035714286,3860441.3158268817,0.12001847175568377,0.11749858371813712,1015.7086151915341,994.382964634473
2020-06-15 16:00:00,4136001,195.051521,8.305555555555555,76.0,26.919395,29.303596454589904,29.03463956666667,4896.818858306564,4810.835313826566,6685.22,6567.83380952381,0.25103615502621557,0.25280578762621747,0.9824409382972901,89973.93880952381,3862083.2742792624,0.19169382886304812,0.18832786509401314,1788.4011416934363,1756.998495697244
2020-06-15 16:15:00,4136001,254.1694768965517,8.0,72.25,27.72664462068965,30.914922052909315,32.24504879310346,6339.142626951154,6229.227402786926,8435.64,8289.373333333333,0.3167660347431116,0.31907042949569325,0.9826608690429337,92046.28214285716,3864155.617612596,0.24815590632026438,0.24385309856280785,2096.4973730488455,2060.145930546407
2020-06-15 16:30:00,4136001,246.1391513333333,7.694444444444444,68.5,27.96693423333333,31.13760473872214,32.902970533333324,6133.260802138042,6021.172115346222,8153.153809523809,8004.150476190476,0.30615841867286325,0.30809177334510046,0.9817244545099493,94047.31976190476,3866156.655231643,0.24009633204689926,0.23570844060858182,2019.8930073857673,1982.978360844254
2020-06-15 16:45:00,4136001,266.1915168965516,7.388888888888889,64.75,28.24675455172414,31.770603067696495,33.94315637931035,6615.705624953003,6499.261628834182,8797.019523809524,8642.181904761905,0.330336167986647,0.33265056129682774,0.982398854677025,96207.86523809524,3868317.2007078337,0.2589824084929733,0.25442402148499443,2181.3138988565206,2142.9202759277223
2020-06-15 17:00:00,4136001,163.8262393333333,7.083333333333333,61.0,28.152196400000005,30.382642136328574,32.68684883333334,4094.8371186016734,4016.1234852373964,5338.022380952381,5235.411428571429,0.20044764629408907,0.20151884900438152,0.9807773469165101,97516.7180952381,3869626.053564977,0.1602989672578459,0.15721759582060663,1243.185262350708,1219.2879433340322
2020-06-15 17:15:00,4136001,61.401491034482696,7.124999999999999,64.5,27.328246000000004,28.160977959510177,29.55606289655173,1548.6690989953008,1504.0226992122227,2038.960476190476,1980.1795238095235,0.07656483977988436,0.07622008392357146,0.9711711173083764,98011.76297619048,3870121.098445929,0.06062513599511845,0.05887738106135145,490.2913771951751,476.1568245973008
2020-06-15 17:30:00,4136001,104.6070664,7.166666666666667,68.0,26.5507874,27.964014452148067,28.628019366666663,2640.5059015799566,2583.8234522504495,3480.46,3405.746666666667,0.1306944717036301,0.1310923043262047,0.9785334888683297,98863.19964285714,3870972.535112596,0.10336683897357435,0.10114791357410255,839.9540984200435,821.9232144162174
2020-06-15 17:45:00,4136001,85.3782175172413,7.208333333333334,71.5,26.566401000000003,27.715424854615996,28.614414689655177,2157.297345957138,2099.488744735856,2767.32,2693.1647619047617,0.10391540929500402,0.10366395657777333,0.9732032298052851,99536.49083333332,3871645.826303072,0.08445086498168479,0.08218785456002568,610.0226540428621,593.6760171689057
2020-06-15 18:00:00,4136001,63.7848718965517,7.25,75.0,26.52256586206896,27.377705584505634,27.98930210344828,1613.8877655973408,1567.4545766380509,2054.862380952381,1995.7419047619048,0.07716197091827948,0.07681910333972981,0.9712289850948193,100035.4263095238,3872144.761779262,0.06317822531209007,0.06136052364995306,440.9746153550402,428.28732812385397
2020-06-15 18:15:00,4136001,43.24227579310339,7.256944444444445,73.5,26.360552689655165,26.939916625921832,27.035613931034487,1096.0524217861891,1061.3490835680852,1372.7085714285715,1329.2457142857145,0.05154646843977576,0.05116466395076739,0.9683378846410018,100367.73773809524,3872477.073207834,0.042906730154088434,0.041548212314272276,276.6561496423824,267.89663071762925
2020-06-15 18:30:00,4136001,23.5382528333333,7.263888888888888,72.0,26.2162729,26.53143997281694,26.2780466,597.6013431211866,577.4063740225936,732.2933333333333,707.5466666666666,0.02749828767809149,0.027234533871669363,0.966206620297877,100544.62440476193,3872653.959874501,0.02339406314821635,0.022603498689473228,134.69199021214672,130.14029264407304
2020-06-15 18:45:00,4136001,6.3746502151724,7.270833333333333,70.5,26.02580099999999,26.111100571340067,25.681154413793102,162.1167113240202,156.4378417375768,148.84047619047618,143.6266666666667,0.005589096672230401,0.005528406114378745,0.9649704861388834,100580.53107142856,3872689.8665411673,0.006346318705187716,0.006124010246137279,-13.27623513354402,-12.81117507091011
2020-06-15 19:00:00,4136001,0.0204681083333333,7.277777777777778,69.0,25.977797366666664,25.978071077663365,25.4262787,0.5208122589002575,0.0,0.0,0.0,0.0,0.0,0.0,100580.53107142856,3872689.8665411673,2.0388031274232043e-05,0.0,-0.5208122589002575,0.0
2020-06-15 19:15:00,4136001,0.0,7.111111111111112,72.25,25.694723466666677,25.694723466666677,25.1349934,0.0,0.0,0.0,0.0,0.0,0.0,0.0,100580.53107142856,3872689.8665411673,0.0,0.0,0.0,0.0
2020-06-15 19:30:00,4136001,0.0,6.944444444444445,75.5,25.57116468965517,25.57116468965517,24.753649413793102,0.0,0.0,0.0,0.0,0.0,0.0,0.0,100580.53107142856,3872689.8665411673,0.0,0.0,0.0,0.0
2020-06-15 19:45:00,4136001,0.0,6.777777777777777,78.75,25.54436513333333,25.54436513333333,24.447017433333333,0.0,0.0,0.0,0.0,0.0,0.0,0.0,100580.53107142856,3872689.8665411673,0.0,0.0,0.0,0.0
2020-06-15 20:00:00,4136001,0.0,6.611111111111111,82.0,25.423041931034483,25.423041931034483,24.23315951724138,0.0,0.0,0.0,0.0,0.0,0.0,0.0,100580.53107142856,3872689.8665411673,0.0,0.0,0.0,0.0
2020-06-15 20:15:00,4136001,0.0,6.5625,77.25,25.380932366666663,25.380932366666663,24.375512733333338,0.0,0.0,0.0,0.0,0.0,0.0,0.0,100580.53107142856,3872689.8665411673,0.0,0.0,0.0,0.0
2020-06-15 20:30:00,4136001,0.0,6.513888888888889,72.5,25.353494,25.353494,24.392524266666676,0.0,0.0,0.0,0.0,0.0,0.0,0.0,100580.53107142856,3872689.8665411673,0.0,0.0,0.0,0.0
2020-06-15 20:45:00,4136001,0.0,6.465277777777777,67.75,25.238386413793105,25.238386413793105,24.3006655862069,0.0,0.0,0.0,0.0,0.0,0.0,0.0,100580.53107142856,3872689.8665411673,0.0,0.0,0.0,0.0
2020-06-15 21:00:00,4136001,0.0,6.416666666666667,63.0,25.02231336666667,25.02231336666667,23.9145406,0.0,0.0,0.0,0.0,0.0,0.0,0.0,100580.53107142856,3872689.8665411673,0.0,0.0,0.0,0.0
2020-06-15 21:15:00,4136001,0.0,6.347222222222222,53.0,24.862420310344827,24.862420310344827,23.73207244827585,0.0,0.0,0.0,0.0,0.0,0.0,0.0,100580.53107142856,3872689.8665411673,0.0,0.0,0.0,0.0
2020-06-15 21:30:00,4136001,0.0,6.277777777777778,43.0,24.78279923333333,24.78279923333333,23.7751811,0.0,0.0,0.0,0.0,0.0,0.0,0.0,100580.53107142856,3872689.8665411673,0.0,0.0,0.0,0.0
2020-06-15 21:45:00,4136001,0.0,6.208333333333334,33.0,24.824028206896557,24.824028206896557,23.956389379310348,0.0,0.0,0.0,0.0,0.0,0.0,0.0,100580.53107142856,3872689.8665411673,0.0,0.0,0.0,0.0
2020-06-15 22:00:00,4136001,0.0,6.138888888888889,23.0,24.74029433333333,24.74029433333333,23.904019033333338,0.0,0.0,0.0,0.0,0.0,0.0,0.0,100580.53107142856,3872689.8665411673,0.0,0.0,0.0,0.0
2020-06-15 22:15:00,4136001,0.0,5.916666666666667,24.0,24.60149133333333,24.60149133333333,23.88575026666667,0.0,0.0,0.0,0.0,0.0,0.0,0.0,100580.53107142856,3872689.8665411673,0.0,0.0,0.0,0.0
2020-06-15 22:30:00,4136001,0.0,5.694444444444445,25.0,24.58470113793104,24.58470113793104,24.069342241379317,0.0,0.0,0.0,0.0,0.0,0.0,0.0,100580.53107142856,3872689.8665411673,0.0,0.0,0.0,0.0
2020-06-15 22:45:00,4136001,0.0,5.472222222222222,26.0,24.6104572,24.6104572,24.226723199999995,0.0,0.0,0.0,0.0,0.0,0.0,0.0,100580.53107142856,3872689.8665411673,0.0,0.0,0.0,0.0
2020-06-15 23:00:00,4136001,0.0,5.249999999999999,27.0,24.623876896551728,24.623876896551728,24.29973310344828,0.0,0.0,0.0,0.0,0.0,0.0,0.0,100580.53107142856,3872689.8665411673,0.0,0.0,0.0,0.0
2020-06-15 23:15:00,4136001,0.0,4.979166666666666,31.75,24.478887900000004,24.478887900000004,24.09663800000001,0.0,0.0,0.0,0.0,0.0,0.0,0.0,100580.53107142856,3872689.8665411673,0.0,0.0,0.0,0.0
2020-06-15 23:30:00,4136001,0.0,4.708333333333333,36.5,24.12724413333333,24.12724413333333,23.3043773,0.0,0.0,0.0,0.0,0.0,0.0,0.0,100580.53107142856,3872689.8665411673,0.0,0.0,0.0,0.0
2020-06-15 23:45:00,4136001,0.0,4.4375,41.25,24.21627196551724,24.21627196551724,22.99775006896552,0.0,0.0,0.0,0.0,0.0,0.0,0.0,100580.53107142856,3872689.8665411673,0.0,0.0,0.0,0.0
2020-06-16 00:00:00,4136001,0.0,4.166666666666667,46.0,24.232802466666666,24.232802466666666,23.00721946666667,0.0,0.0,0.0,0.0,0.0,0.0,0.0,0.0,3872689.8665411673,0.0,0.0,0.0,0.0
2020-06-16 00:15:00,4136001,0.0,3.9652777777777777,44.75,24.267906448275863,24.267906448275863,23.38954534482759,0.0,0.0,0.0,0.0,0.0,0.0,0.0,0.0,3872689.8665411673,0.0,0.0,0.0,0.0
2020-06-16 00:30:00,4136001,0.0,3.763888888888889,43.5,24.174091666666666,24.174091666666666,23.475119066666664,0.0,0.0,0.0,0.0,0.0,0.0,0.0,0.0,3872689.8665411673,0.0,0.0,0.0,0.0
2020-06-16 00:45:00,4136001,0.0,3.5624999999999996,42.25,24.00077893103448,24.00077893103448,22.97504717241379,0.0,0.0,0.0,0.0,0.0,0.0,0.0,0.0,3872689.8665411673,0.0,0.0,0.0,0.0
2020-06-16 01:00:00,4136001,0.0,3.3611111111111107,41.0,23.92812166666667,23.92812166666667,22.84316716666667,0.0,0.0,0.0,0.0,0.0,0.0,0.0,0.0,3872689.8665411673,0.0,0.0,0.0,0.0
2020-06-16 01:15:00,4136001,0.0,3.1527777777777777,52.25,23.88256216666667,23.88256216666667,22.922872633333338,0.0,0.0,0.0,0.0,0.0,0.0,0.0,0.0,3872689.8665411673,0.0,0.0,0.0,0.0
2020-06-16 01:30:00,4136001,0.0,2.944444444444444,63.5,23.93120275862069,23.93120275862069,23.15796427586207,0.0,0.0,0.0,0.0,0.0,0.0,0.0,0.0,3872689.8665411673,0.0,0.0,0.0,0.0
2020-06-16 01:45:00,4136001,0.0,2.736111111111111,74.75,24.0918224,24.0918224,23.367249733333328,0.0,0.0,0.0,0.0,0.0,0.0,0.0,0.0,3872689.8665411673,0.0,0.0,0.0,0.0
2020-06-16 02:00:00,4136001,0.0,2.5277777777777777,86.0,24.087300344827582,24.087300344827582,23.05347944827587,0.0,0.0,0.0,0.0,0.0,0.0,0.0,0.0,3872689.8665411673,0.0,0.0,0.0,0.0
2020-06-16 02:15:00,4136001,0.0,2.326388888888889,85.5,23.955603033333333,23.955603033333333,23.07524006666667,0.0,0.0,0.0,0.0,0.0,0.0,0.0,0.0,3872689.8665411673,0.0,0.0,0.0,0.0
2020-06-16 02:30:00,4136001,0.0,2.125,85.0,23.93550603333333,23.93550603333333,23.111076766666667,0.0,0.0,0.0,0.0,0.0,0.0,0.0,0.0,3872689.8665411673,0.0,0.0,0.0,0.0
2020-06-16 02:45:00,4136001,0.0,1.923611111111111,84.5,24.02117934482759,24.02117934482759,23.40091058620689,0.0,0.0,0.0,0.0,0.0,0.0,0.0,0.0,3872689.8665411673,0.0,0.0,0.0,0.0
2020-06-16 03:00:00,4136001,0.0,1.7222222222222223,84.0,23.7031547,23.7031547,23.2302114,0.0,0.0,0.0,0.0,0.0,0.0,0.0,0.0,3872689.8665411673,0.0,0.0,0.0,0.0
2020-06-16 03:15:00,4136001,0.0,1.875,80.75,24.000390517241385,24.000390517241385,23.13305151724138,0.0,0.0,0.0,0.0,0.0,0.0,0.0,0.0,3872689.8665411673,0.0,0.0,0.0,0.0
2020-06-16 03:30:00,4136001,0.0,2.027777777777778,77.5,24.0750521,24.0750521,22.90254403333333,0.0,0.0,0.0,0.0,0.0,0.0,0.0,0.0,3872689.8665411673,0.0,0.0,0.0,0.0
2020-06-16 03:45:00,4136001,0.0,2.1805555555555554,74.25,24.046031310344823,24.046031310344823,22.70867193103448,0.0,0.0,0.0,0.0,0.0,0.0,0.0,0.0,3872689.8665411673,0.0,0.0,0.0,0.0
2020-06-16 04:00:00,4136001,0.0,2.3333333333333335,71.0,24.0400963,24.0400963,22.55592033333334,0.0,0.0,0.0,0.0,0.0,0.0,0.0,0.0,3872689.8665411673,0.0,0.0,0.0,0.0
2020-06-16 04:15:00,4136001,0.0,2.1805555555555554,74.5,24.00280468965517,24.00280468965517,22.56424272413793,0.0,0.0,0.0,0.0,0.0,0.0,0.0,0.0,3872689.8665411673,0.0,0.0,0.0,0.0
2020-06-16 04:30:00,4136001,0.0,2.027777777777778,78.0,24.007177966666664,24.007177966666664,22.7844391,0.0,0.0,0.0,0.0,0.0,0.0,0.0,0.0,3872689.8665411673,0.0,0.0,0.0,0.0
2020-06-16 04:45:00,4136001,0.0,1.875,81.5,24.005709066666668,24.005709066666668,22.99325466666667,0.0,0.0,0.0,0.0,0.0,0.0,0.0,0.0,3872689.8665411673,0.0,0.0,0.0,0.0
2020-06-16 05:00:00,4136001,0.0,1.7222222222222223,85.0,24.05566962068966,24.05566962068966,23.299116586206896,0.0,0.0,0.0,0.0,0.0,0.0,0.0,0.0,3872689.8665411673,0.0,0.0,0.0,0.0
2020-06-16 05:15:00,4136001,0.0,1.8194444444444444,82.75,24.045504033333337,24.045504033333337,23.1849335,0.0,0.0,0.0,0.0,0.0,0.0,0.0,0.0,3872689.8665411673,0.0,0.0,0.0,0.0
2020-06-16 05:30:00,4136001,0.0,1.9166666666666667,80.5,24.07248475862069,24.07248475862069,22.98191475862069,0.0,0.0,0.0,0.0,0.0,0.0,0.0,0.0,3872689.8665411673,0.0,0.0,0.0,0.0
2020-06-16 05:45:00,4136001,0.3096604275,2.013888888888889,78.25,24.026341999999996,24.03432808452611,22.9824371,7.940830544528948,0.0,0.0,0.0,0.0,0.0,0.0,0.0,3872689.8665411673,0.0003108565490126815,0.0,-7.940830544528948,0.0
2020-06-16 06:00:00,4136001,7.8786957413793,2.111111111111111,76.0,24.0312691724138,24.231033263219565,23.13576431034483,201.8803356407681,194.82668745839803,165.53666666666666,159.75285714285715,0.00621605396918221,0.006149127405899871,0.9650602513613731,39.93821428571429,3872729.804755453,0.007902929561196637,0.007626803188819652,-36.34366897410143,-35.073830315540874
2020-06-16 06:15:00,4136001,27.2717213666666,2.1666666666666665,75.25,24.226424166666675,24.911299138205262,23.72798766666666,696.9032983051928,673.616564126159,798.4252380952381,771.7461904761905,0.02998160148017855,0.0297056699650279,0.9665854154576896,232.8747619047619,3872922.741303072,0.027281397467418,0.02636980090531059,101.52193979004528,98.12962635003146
2020-06-16 06:30:00,4136001,50.8422554827586,2.2222222222222223,74.5,24.453495448275856,25.718228171727564,24.644800655172418,1295.0341766652396,1255.282017280952,1579.0414285714287,1530.5714285714284,0.05929445685492385,0.05891399306680069,0.9693041619282583,615.5176190476191,3873305.384160215,0.05069619012195105,0.049140028079113406,284.00725190618914,275.28941129047644
2020-06-16 06:45:00,4136001,80.9884197666666,2.2777777777777777,73.75,24.65240663333333,26.648178436356165,25.55196726666667,2055.2098524939224,1998.5269712341544,2579.88,2508.726666666667,0.0968768650289793,0.09656465728257291,0.9724199058354136,1242.6992857142857,3873932.5658268817,0.08045448629845067,0.07823554399037598,524.6701475060777,510.1996954325125
2020-06-16 07:00:00,4136001,114.2949158,2.3333333333333335,73.0,24.93787219999999,27.72827541777343,26.587941566666665,2887.8010381356826,2825.6574103737653,3561.532857142857,3484.8909523809525,0.13373883199904785,0.13413868675097024,0.9784806408262681,2113.922023809524,3874803.788564977,0.1130476037633855,0.11061489177427149,673.7318190071746,659.2335420071872
2020-06-16 07:15:00,4136001,137.224215137931,2.388888888888889,69.75,25.151438862068964,28.47084416293812,27.4229261724138,3456.7258902577696,3388.2611030824232,4335.499523809523,4249.629523809524,0.16280199164352574,0.16357462293403963,0.9801937471037829,3176.3294047619047,3875866.195945929,0.13531907967343001,0.13263891575973472,878.7736335517538,861.3684207271003
2020-06-16 07:30:00,4136001,174.11597166666658,2.4444444444444446,66.5,25.37138456666667,29.544825881783318,28.49546413333333,4366.934726410418,4282.385763183878,5516.687619047619,5409.878095238096,0.20715669018617816,0.20823433303767583,0.9806388305473852,4528.798928571428,3877218.665469738,0.17095066456881652,0.16764085978406257,1149.7528926372006,1127.4923320542175
2020-06-16 07:45:00,4136001,199.9448096551724,2.5,63.25,25.650555724137927,30.39983861380948,29.344728517241386,4997.269512306402,4905.498148775662,6427.869523809523,6309.82619047619,0.24137240812827906,0.24287468686475844,0.981635698594054,6106.255476190476,3878796.1220173575,0.1956261308399453,0.1920335936103215,1430.600011503121,1404.328041700528
2020-06-16 08:00:00,4136001,245.9549753333333,2.5555555555555554,60.0,25.99828293333333,31.78818348261142,30.62721456666667,6112.3213940353835,6007.48262281179,7945.8,7809.513333333333,0.29837209255750796,0.30059989738898757,0.9828479616065511,8058.63380952381,3880748.500350691,0.23927662532923796,0.235172543464936,1833.4786059646167,1802.0307105215434
2020-06-16 08:15:00,4136001,299.3449948275862,2.8194444444444446,54.0,26.51300062068965,33.27251275408891,32.46179948275864,7393.735953185368,7257.044654644119,9765.133333333331,9584.600952380952,0.3666897312756096,0.3689256858686166,0.9815125534091653,10454.784047619049,3883144.650588786,0.28943965367725066,0.2840886535386228,2371.3973801479633,2327.5562977368327
2020-06-16 08:30:00,4136001,333.4688676666667,3.083333333333333,48.0,26.84512623333333,34.08029368108049,33.790195566666675,8209.061669704766,8048.9493892514865,10888.764285714286,10676.38619047619,0.4088831062063014,0.4109501394464632,0.9804956660218342,13123.880595238095,3885813.747136405,0.32135688665902395,0.3150890346154428,2679.7026160095193,2627.436801224704
2020-06-16 08:45:00,4136001,334.9574768965517,3.3472222222222223,42.0,26.954664344827584,33.94824356805656,33.82962682758622,8250.226565728908,8088.8891761689165,11109.108571428573,10891.864285714286,0.41715723664145726,0.4192442149609612,0.9804444898240516,15846.846666666666,3888536.713207834,0.3229683525437036,0.3166525416390259,2858.8820056996647,2802.9751095453694
2020-06-16 09:00:00,4136001,354.1714110344829,3.611111111111111,36.0,27.07185513793104,34.19804047061681,34.197098586206884,8714.438648773339,8541.772178143614,11840.546666666669,11605.94,0.44462340934306926,0.446730061681532,0.9801861625758269,18748.331666666665,3891438.198207834,0.34114067914556034,0.33438137319019823,3126.10801789333,3064.1678218563866
2020-06-16 09:15:00,4136001,275.874822,3.8125,38.0,26.75686333333333,32.15796601063743,32.45236833333333,6845.44721641737,6714.532990356242,9404.25238095238,9224.402857142855,0.35313831984742733,0.3550611201976512,0.9808757233936218,21054.43238095238,3893744.29892212,0.2679760116037334,0.2628511642339496,2558.8051645350088,2509.869866786613
2020-06-16 09:30:00,4136001,372.1497541379311,4.013888888888888,40.0,27.18115962068965,34.27580749292168,34.36980244827585,9153.841184599423,8971.164432420346,12449.395714285714,12200.951904761903,0.4674862506415843,0.46963296355036216,0.9800437053150522,24104.67035714285,3896794.53689831,0.3583417962262448,0.35119062174282034,3295.554529686291,3229.787472341557
2020-06-16 09:45:00,4136001,424.1206086666666,4.215277777777778,42.0,27.4878663,35.36638965794672,35.95871056666667,10384.916412358316,10173.786750605545,13932.631904761904,13649.375714285714,0.5231831327565893,0.5253849713816598,0.9796695848700792,27517.01428571429,3900206.8808268816,0.4065342107010498,0.3982692014329827,3547.7154924035876,3475.5889636801694
2020-06-16 10:00:00,4136001,450.1332131034482,4.416666666666667,44.0,27.86508813793104,36.0181983191201,36.85586644827586,10991.875175241777,10766.51702322992,14644.061904761906,14343.825714285716,0.5498979830936465,0.55211539488331,0.9794977518922834,31102.970714285715,3903792.8372554528,0.43029458505546203,0.421472578713248,3652.186729520128,3577.308691055796
2020-06-16 10:15:00,4136001,522.2235923333332,4.611111111111112,54.75,28.31539103333333,37.55174745946232,39.082299766666665,12670.430296667491,12403.97909800425,16811.406666666666,16457.873333333333,0.6312837707931955,0.6334882628504749,0.9789706274826894,35217.439047619046,3907907.305588786,0.49600431773996834,0.48557365817202003,4140.9763699991745,4053.894235329082
2020-06-16 10:30:00,4136001,453.9040027586206,4.805555555555555,65.5,28.50779148275862,36.351302848900325,39.28612324137932,11068.505334581627,10840.775462522797,14910.098571428573,14603.329523809523,0.5598879044269744,0.5621040862633415,0.979425417870349,38868.27142857143,3911558.137969739,0.43329439556005583,0.424379544432288,3841.5932368469457,3762.554061286726
2020-06-16 10:45:00,4136001,473.5442633333332,5.0,76.25,28.663845800000004,36.66290430225226,39.3069314,11532.358139127296,11292.350682393264,15745.961904761903,15418.26238095238,0.5912753407906836,0.5934720758908715,0.9791883451902408,42722.83702380952,3915412.703564977,0.4514526576287844,0.44205718075526573,4213.603765634607,4125.911698559115
2020-06-16 11:00:00,4136001,435.0143279310344,5.194444444444444,87.0,28.428806758620688,35.61556254799842,37.97691079310346,10640.581756715343,10422.695614791448,14481.264761904762,14184.733333333334,0.5437848007612608,0.5459916901979575,0.9795230987453871,46269.02035714286,3918958.88689831,0.41654264070132485,0.40801313817934814,3840.6830051894194,3762.0377185418856
2020-06-16 11:15:00,4136001,493.04746166666655,5.430555555555555,70.5,28.543545533333333,36.477369037503685,38.4572754,12016.672266097914,11760.278037858232,16333.369523809522,15984.871904761903,0.6133330367406774,0.6152817274590143,0.9786634583550193,50265.238333333335,3922955.104874501,0.47041191098445545,0.4603749476554407,4316.6972577116085,4224.593866903671
2020-06-16 11:30:00,4136001,768.4594155172412,5.666666666666666,54.0,29.67149510344827,41.72386987630337,44.916273482758605,18317.117721065555,17890.871990482563,22953.673333333336,22419.533333333333,0.8619315291535322,0.862961510129396,0.9767296505337851,55870.121666666666,3928559.988207834,0.7170529544359192,0.7003668816004135,4636.555612267781,4528.66134285077
2020-06-16 11:45:00,4136001,614.9510469999999,5.902777777777778,37.5,29.99492096666667,39.401437937985975,46.36462913333333,14804.00009083057,14476.382227706092,15019.400952380953,14687.01619047619,0.5639923092856771,0.5653253117532132,0.9778696392114047,59541.875714285714,3932231.742255453,0.57952632964692,0.5667012028853432,215.40086155038261,210.63396277009815
2020-06-16 12:00:00,4136001,520.6054248275863,6.138888888888889,21.0,29.50476093103448,37.276151061316405,42.10252848275862,12645.830046140283,12376.651858368166,15054.61619047619,14734.164761904762,0.565314673840585,0.5671401310804268,0.9787140751702357,63225.41690476191,3935915.283445929,0.4950413014734893,0.4845038895426959,2408.786144335907,2357.5129035365953
2020-06-16 12:15:00,4136001,358.5138956666666,6.340277777777779,26.0,28.9934031,34.23732595320754,39.03961593333332,8819.846966327876,8646.795995776396,11476.451904761903,11251.276666666668,0.4309513164136282,0.43307853730899715,0.9803793681214484,66038.23607142858,3938728.102612595,0.34526705681455766,0.33849269899300827,2656.6049384340276,2604.4806708902724
2020-06-16 12:30:00,4136001,502.2143431034482,6.541666666666667,31.0,28.96235703448276,36.163078851149876,38.16141906896551,12256.217920232673,11997.665437932385,16730.173333333332,16377.24,0.6282333844693404,0.6303845647464361,0.9789043827400076,70132.54607142857,3942822.412612595,0.47978930985447926,0.4696678582083533,4473.955413100659,4379.574562067615
2020-06-16 12:45:00,4136001,549.0756356666665,6.743055555555555,36.0,29.784460466666665,37.50460016460566,41.95145250000001,13324.572167291739,13038.960512689424,18254.20333333333,17862.92523809524,0.6854621116233611,0.6875708209267737,0.9785650412623818,74598.27738095238,3947288.14392212,0.5216117505301131,0.5104310241804433,4929.631166041592,4823.9647254058145
2020-06-16 13:00:00,4136001,573.1489579310346,6.944444444444445,41.0,29.940903275862063,37.84640614387634,41.30325327586206,13888.748569534067,13588.157530507116,19207.929047619047,18792.216190476192,0.7212753887128088,0.7233406253956262,0.978357226533259,79296.33142857143,3951986.1979697375,0.5436973407529484,0.5319302223725628,5319.18047808498,5204.058659969076
2020-06-16 13:15:00,4136001,566.5455406666667,7.0625,47.75,30.244002366666663,37.97234586039741,42.88808180000001,13721.441620566373,13426.050399125877,18791.83761904762,18387.29238095238,0.7056507731626943,0.7077544998077898,0.9784722896027377,83893.15452380953,3956583.0210649767,0.5371478418698913,0.5255842786896018,5070.395998481246,4961.241981826504
2020-06-16 13:30:00,4136001,340.73777482758624,7.180555555555555,54.5,29.720905172413797,34.31832505809937,39.2953772413793,8379.71419377599,8217.477829809211,11313.669523809524,11094.63,0.42483868840433336,0.4270489718397454,0.9806393917244483,86666.81202380953,3959356.678564977,0.32803735344591856,0.3216863507461034,2933.9553300335338,2877.1521701907877
2020-06-16 13:45:00,4136001,407.790492413793,7.298611111111111,61.25,29.208245689655172,34.65107651369058,37.28502382758621,10014.86675873466,9809.876095923028,14014.286666666669,13727.433333333334,0.5262493441106141,0.5283895263743495,0.9795313639462205,90098.67035714284,3962788.53689831,0.3920480234384287,0.3840233351310639,3999.419907932008,3917.5572374103067
2020-06-16 14:00:00,4136001,450.33161966666665,7.416666666666666,68.0,29.726076100000007,35.672618020859204,39.76349806666666,11012.621934599752,10784.960767670804,15014.406190476191,14704.017142857145,0.5638047513857362,0.5659797039442627,0.9793272511958595,93774.67464285714,3966464.541184024,0.4311067502289979,0.4221945886737445,4001.7842558764387,3919.056375186341
2020-06-16 14:15:00,4136001,492.802766,7.409722222222222,70.25,30.42987363333333,36.94132299084662,40.68005649999999,11987.346274452035,11741.694819412174,4962.125238095238,4860.438571428572,0.1863323631129526,0.18708558055733385,0.979507436473792,94989.78428571428,3967679.6508268816,0.46926389800164553,0.45964747776129083,-7025.2210363567965,-6881.256247983602
2020-06-16 14:30:00,4136001,562.9444603448277,7.402777777777777,72.5,30.833512862068968,38.276422366198375,44.37650713793103,13616.734320318803,0.0,0.0,0.0,0.0,0.0,0.0,94989.78428571428,3967679.6508268816,0.5330489066478294,0.0,-13616.734320318803,0.0
2020-06-16 14:45:00,4136001,447.0176755172414,7.395833333333333,74.75,30.503409551724143,36.41731959660248,41.55000024137932,10897.565993223434,10674.498769877926,11906.68476190476,11662.961428571429,0.44710695560322644,0.44892490210832064,0.9795305462261737,97905.52464285714,3970595.391184024,0.4266027008503987,0.41787037658555204,1009.1187686813264,988.4626586935028
2020-06-16 15:00:00,4136001,353.9153346666665,7.388888888888889,77.0,30.029818700000003,34.714956834321775,38.34786576666667,8689.44457073642,8518.574869416145,11692.643333333332,11462.718571428572,0.43906950324640204,0.44121725379007026,0.9803359466845882,100771.20428571428,3973461.0708268816,0.34016224586950167,0.3334732773308336,3003.1987625969123,2944.1437020124267
2020-06-16 15:15:00,4136001,362.4977403448275,7.319444444444445,79.5,29.81993893103449,34.64905690005904,37.0976982413793,8902.60352515206,8725.83826451019,12221.565238095238,11978.900476190476,0.4589310068738924,0.46108587056330674,0.980144543094336,103765.9294047619,3976455.795945929,0.34850669505390725,0.341586935388929,3318.961712943177,3253.062211680286
2020-06-16 15:30:00,4136001,409.4117217241379,7.25,82.0,29.93420393103448,35.42303248344282,38.35378168965518,10022.38852452911,9816.278952665365,14169.370476190476,13877.978571428572,0.532072883687423,0.5341842386940882,0.9794350846248572,107235.42404761905,3979925.2905887854,0.39234247502560615,0.3842739852286305,4146.981951661366,4061.6996187632067
2020-06-16 15:45:00,4136001,331.4528773333334,7.180555555555555,84.5,30.168884233333344,34.64102721833413,37.839531366666655,8140.442839541333,7982.654909341166,10698.236666666668,10490.870476190476,0.401728619007374,0.40380936097563264,0.9806167878934386,109858.14166666666,3982548.008207834,0.3186706924854701,0.31249383086087945,2557.7938271253342,2508.2155668493097
2020-06-16 16:00:00,4136001,174.2421517241379,7.111111111111112,87.0,29.61759165517241,31.983726252186777,34.59173679310345,4326.677063183237,4246.322323898782,5881.867142857143,5772.629523809524,0.22086951692208923,0.222197180343519,0.9814280709858814,111301.29904761905,3983991.1655887854,0.16937471376720442,0.16622909860633323,1555.1900796739064,1526.3071999107415
2020-06-16 16:15:00,4136001,244.60728133333328,7.270833333333333,85.0,29.74619146666667,33.01929595712709,34.781945699999994,6048.058942994603,5939.819566179301,8100.710952380952,7955.73619047619,0.304189141189739,0.30622823477404026,0.9821034520603218,113290.2330952381,3985980.099636405,0.2367609686042123,0.23252376457934237,2052.652009386349,2015.9166242968895
2020-06-16 16:30:00,4136001,139.0864883103448,7.430555555555555,83.0,29.3732635862069,31.207572696795026,33.490053206896555,3464.7432060725423,3394.8697619529958,4608.639047619048,4515.696666666667,0.1730586317904221,0.17381594687160956,0.9798330092697544,114419.15726190477,3987109.023803072,0.13563293036103122,0.13289762231172425,1143.8958415465058,1120.826904713671
2020-06-16 16:45:00,4136001,117.2127412666666,7.590277777777778,81.0,29.002871666666667,30.52674778415185,31.513062533333333,2928.0067343874143,2865.9583528125686,3927.795238095238,3844.56,0.14749232101586893,0.14798288858449643,0.9788086615901082,115380.29726190477,3988070.163803072,0.11462152023438694,0.11219253681004379,999.7885037078236,978.6016471874314
2020-06-16 17:00:00,4136001,85.2988124482758,7.749999999999999,79.0,28.91297537931034,30.006409713988916,31.268025448275868,2135.323134716881,2084.03201204709,2775.706666666667,2709.0333333333333,0.10423033633607172,0.10427476172523088,0.9759796904572048,116057.5555952381,3988747.422136405,0.08359064923534473,0.08158277596582854,640.3835319497857,625.0013212862432
2020-06-16 17:15:00,4136001,33.3181408999999,7.5625,79.0,28.43125003333333,28.86548991994504,29.47821053333333,837.9520512660671,811.5052863565696,1151.7761904761903,1115.424761904762,0.043250254487942785,0.0429343743537208,0.9684388087963519,116336.41178571428,3989026.2783268816,0.032802977148798866,0.031767676114956726,313.82413921012323,303.9194755481923
2020-06-16 17:30:00,4136001,67.9997884482758,7.375,79.0,28.31801113793103,29.219327175418947,29.483777172413784,1707.7377892643472,1659.3465487960668,2245.1809523809525,2181.560476190476,0.08430860818698727,0.08397153923685316,0.9716635418080629,116881.8019047619,3989571.668445929,0.0668521350269856,0.06495778229775169,537.4431631166053,522.2139273944092
2020-06-16 17:45:00,4136001,55.3903700666666,7.1875,79.0,28.160633266666668,28.90751167646497,29.38294266666667,1392.8313156042743,1351.6816907076857,1804.5642857142857,1751.250476190476,0.06776304740656902,0.06740826104980585,0.970456131740019,117319.61452380952,3990009.4810649767,0.05452461599546973,0.05291374792357352,411.73297011001137,399.5687854827904
2020-06-16 18:00:00,4136001,27.0350241724137,7.0,79.0,27.803931862068968,28.174884444017565,28.5828594137931,681.8392686060832,659.3623070418527,835.1233333333333,807.5933333333334,0.03135964868361498,0.03108548033279459,0.9670348092297745,117521.51285714284,3990211.37939831,0.02669169186165916,0.02581179514745949,153.2840647272501,148.2310262914807
2020-06-16 18:15:00,4136001,17.0127839333333,6.833333333333334,78.5,27.56502383333333,27.80216885610073,27.729070033333336,429.72036977626345,414.9732456884426,512.2266666666667,494.64809523809527,0.01923458209331854,0.01903974810281344,0.9656820455230014,117645.1748809524,3990335.04142212,0.01682209316015907,0.0162447933328809,82.50629689040323,79.67484954965266
2020-06-16 18:30:00,4136001,9.6089534517241,6.666666666666666,78.0,27.35852893103448,27.49463308757448,27.194241172413797,243.0113782297143,234.3700043810414,258.9352380952381,249.72761904761904,0.009723256163929717,0.009612391125641264,0.9644404557859659,117707.60678571428,3990397.4733268814,0.009513070198853564,0.00917478975850622,15.92385986552381,15.357614666577632
2020-06-16 18:45:00,4136001,1.8699148013793,6.499999999999999,77.5,27.16739082758621,27.194311570479663,26.857379793103448,47.347711109794275,0.0,0.0,0.0,0.0,0.0,0.0,117707.60678571428,3990397.4733268814,0.0018535020986413888,0.0,-47.347711109794275,0.0
2020-06-16 19:00:00,4136001,0.0,6.333333333333333,77.0,26.27286776666667,26.27286776666667,26.15560703333333,0.0,0.0,0.0,0.0,0.0,0.0,0.0,117707.60678571428,3990397.4733268814,0.0,0.0,0.0,0.0
2020-06-16 19:15:00,4136001,0.0,6.083333333333333,81.0,26.031714172413796,26.031714172413796,25.64670427586207,0.0,0.0,0.0,0.0,0.0,0.0,0.0,117707.60678571428,3990397.4733268814,0.0,0.0,0.0,0.0
2020-06-16 19:30:00,4136001,0.0,5.833333333333333,85.0,25.9472687,25.9472687,25.67136833333333,0.0,0.0,0.0,0.0,0.0,0.0,0.0,117707.60678571428,3990397.4733268814,0.0,0.0,0.0,0.0
2020-06-16 19:45:00,4136001,0.0,5.583333333333334,89.0,25.383153166666663,25.383153166666663,25.14863683333333,0.0,0.0,0.0,0.0,0.0,0.0,0.0,117707.60678571428,3990397.4733268814,0.0,0.0,0.0,0.0
2020-06-16 20:00:00,4136001,0.0,5.333333333333333,93.0,25.054365448275863,25.054365448275863,24.751304896551726,0.0,0.0,0.0,0.0,0.0,0.0,0.0,117707.60678571428,3990397.4733268814,0.0,0.0,0.0,0.0
2020-06-16 20:15:00,4136001,0.0,5.006944444444444,93.5,24.9061888,24.9061888,24.5387288,0.0,0.0,0.0,0.0,0.0,0.0,0.0,117707.60678571428,3990397.4733268814,0.0,0.0,0.0,0.0
2020-06-16 20:30:00,4136001,0.0,4.680555555555556,94.0,24.60179075862069,24.60179075862069,24.29950265517241,0.0,0.0,0.0,0.0,0.0,0.0,0.0,117707.60678571428,3990397.4733268814,0.0,0.0,0.0,0.0
2020-06-16 20:45:00,4136001,0.0,4.354166666666667,94.5,24.54720793333333,24.54720793333333,24.2202108,0.0,0.0,0.0,0.0,0.0,0.0,0.0,117707.60678571428,3990397.4733268814,0.0,0.0,0.0,0.0
2020-06-16 21:00:00,4136001,0.0,4.027777777777778,95.0,24.532666448275865,24.532666448275865,24.43909203448276,0.0,0.0,0.0,0.0,0.0,0.0,0.0,117707.60678571428,3990397.4733268814,0.0,0.0,0.0,0.0
2020-06-16 21:15:00,4136001,0.0,3.770833333333333,95.5,24.66087333333333,24.66087333333333,24.546877966666663,0.0,0.0,0.0,0.0,0.0,0.0,0.0,117707.60678571428,3990397.4733268814,0.0,0.0,0.0,0.0
2020-06-16 21:30:00,4136001,0.0,3.513888888888889,96.0,24.715810724137928,24.715810724137928,24.413280689655178,0.0,0.0,0.0,0.0,0.0,0.0,0.0,117707.60678571428,3990397.4733268814,0.0,0.0,0.0,0.0
2020-06-16 21:45:00,4136001,0.0,3.256944444444444,96.5,24.529312,24.529312,24.17937003333333,0.0,0.0,0.0,0.0,0.0,0.0,0.0,117707.60678571428,3990397.4733268814,0.0,0.0,0.0,0.0
2020-06-16 22:00:00,4136001,0.0,3.0,97.0,24.226574833333338,24.226574833333338,24.19399109999999,0.0,0.0,0.0,0.0,0.0,0.0,0.0,117707.60678571428,3990397.4733268814,0.0,0.0,0.0,0.0
2020-06-16 22:15:00,4136001,0.0,2.7777777777777777,97.25,24.013480620689656,24.013480620689656,23.69034565517241,0.0,0.0,0.0,0.0,0.0,0.0,0.0,117707.60678571428,3990397.4733268814,0.0,0.0,0.0,0.0
2020-06-16 22:30:00,4136001,0.0,2.5555555555555554,97.5,23.9964591,23.9964591,23.807730100000004,0.0,0.0,0.0,0.0,0.0,0.0,0.0,117707.60678571428,3990397.4733268814,0.0,0.0,0.0,0.0
2020-06-16 22:45:00,4136001,0.0,2.3333333333333335,97.75,23.6294304137931,23.6294304137931,23.11803037931034,0.0,0.0,0.0,0.0,0.0,0.0,0.0,117707.60678571428,3990397.4733268814,0.0,0.0,0.0,0.0
2020-06-16 23:00:00,4136001,0.0,2.111111111111111,98.0,23.707056833333336,23.707056833333336,22.795114166666668,0.0,0.0,0.0,0.0,0.0,0.0,0.0,117707.60678571428,3990397.4733268814,0.0,0.0,0.0,0.0
2020-06-16 23:15:00,4136001,0.0,2.2222222222222223,98.25,23.738334793103448,23.738334793103448,22.68643403448276,0.0,0.0,0.0,0.0,0.0,0.0,0.0,117707.60678571428,3990397.4733268814,0.0,0.0,0.0,0.0
2020-06-16 23:30:00,4136001,0.0,2.333333333333333,98.5,23.85089086363636,23.85089086363636,22.79828709090909,0.0,0.0,0.0,0.0,0.0,0.0,0.0,117707.60678571428,3990397.4733268814,0.0,0.0,0.0,0.0
2020-06-16 23:45:00,4136001,0.0370651362068965,2.444444444444444,98.75,24.038416586206896,24.039305012290473,23.19606179310345,0.950467359535893,0.0,0.0,0.0,0.0,0.0,0.0,117707.60678571428,3990397.4733268814,3.7207569369187436e-05,0.0,-0.950467359535893,0.0
2020-06-17 00:00:00,4136001,0.0243130243333333,2.5555555555555554,99.0,24.1493894,24.14996174049749,23.853162633333337,0.6231879607456889,0.0,0.0,0.0,0.0,0.0,0.0,0.0,3990397.4733268814,2.4395692336883498e-05,0.0,-0.6231879607456889,0.0
2020-06-17 00:15:00,4136001,0.0,2.513888888888889,99.0,24.140737482758617,24.140737482758617,23.96733344827586,0.0,0.0,0.0,0.0,0.0,0.0,0.0,0.0,3990397.4733268814,0.0,0.0,0.0,0.0
2020-06-17 00:30:00,4136001,0.0,2.472222222222222,99.0,24.0548566,24.0548566,23.8616436,0.0,0.0,0.0,0.0,0.0,0.0,0.0,0.0,3990397.4733268814,0.0,0.0,0.0,0.0
2020-06-17 00:45:00,4136001,0.0,2.4305555555555554,99.0,24.007380241379312,24.007380241379312,23.76092113793104,0.0,0.0,0.0,0.0,0.0,0.0,0.0,0.0,3990397.4733268814,0.0,0.0,0.0,0.0
2020-06-17 01:00:00,4136001,0.0,2.388888888888889,99.0,23.982121,23.982121,23.71447866666666,0.0,0.0,0.0,0.0,0.0,0.0,0.0,0.0,3990397.4733268814,0.0,0.0,0.0,0.0
2020-06-17 01:15:00,4136001,0.0,2.381944444444444,98.75,24.055678,24.055678,23.78518358620689,0.0,0.0,0.0,0.0,0.0,0.0,0.0,0.0,3990397.4733268814,0.0,0.0,0.0,0.0
2020-06-17 01:30:00,4136001,0.0,2.375,98.5,24.11391813333333,24.11391813333333,23.751051766666663,0.0,0.0,0.0,0.0,0.0,0.0,0.0,0.0,3990397.4733268814,0.0,0.0,0.0,0.0
2020-06-17 01:45:00,4136001,0.0,2.368055555555556,98.25,24.11729596551724,24.11729596551724,23.70319555172414,0.0,0.0,0.0,0.0,0.0,0.0,0.0,0.0,3990397.4733268814,0.0,0.0,0.0,0.0
2020-06-17 02:00:00,4136001,0.0,2.361111111111111,98.0,24.049432666666668,24.049432666666668,23.611703566666662,0.0,0.0,0.0,0.0,0.0,0.0,0.0,0.0,3990397.4733268814,0.0,0.0,0.0,0.0
2020-06-17 02:15:00,4136001,0.0,2.381944444444444,97.75,24.0073791724138,24.0073791724138,23.67943513793103,0.0,0.0,0.0,0.0,0.0,0.0,0.0,0.0,3990397.4733268814,0.0,0.0,0.0,0.0
2020-06-17 02:30:00,4136001,0.0,2.4027777777777777,97.5,24.04356513333333,24.04356513333333,23.62761323333334,0.0,0.0,0.0,0.0,0.0,0.0,0.0,0.0,3990397.4733268814,0.0,0.0,0.0,0.0
2020-06-17 02:45:00,4136001,0.0,2.4236111111111116,97.25,24.148901233333337,24.148901233333337,23.613637299999997,0.0,0.0,0.0,0.0,0.0,0.0,0.0,0.0,3990397.4733268814,0.0,0.0,0.0,0.0
2020-06-17 03:00:00,4136001,0.0,2.4444444444444446,97.0,24.04028851724138,24.04028851724138,23.441451448275867,0.0,0.0,0.0,0.0,0.0,0.0,0.0,0.0,3990397.4733268814,0.0,0.0,0.0,0.0
2020-06-17 03:15:00,4136001,0.0,2.4027777777777777,96.25,22.96370943333334,22.96370943333334,22.606509366666664,0.0,0.0,0.0,0.0,0.0,0.0,0.0,0.0,3990397.4733268814,0.0,0.0,0.0,0.0
2020-06-17 03:30:00,4136001,0.0,2.361111111111111,95.5,22.60268613793103,22.60268613793103,22.24742313793104,0.0,0.0,0.0,0.0,0.0,0.0,0.0,0.0,3990397.4733268814,0.0,0.0,0.0,0.0
2020-06-17 03:45:00,4136001,0.0,2.319444444444444,94.75,22.7471992,22.7471992,22.305839133333333,0.0,0.0,0.0,0.0,0.0,0.0,0.0,0.0,3990397.4733268814,0.0,0.0,0.0,0.0
2020-06-17 04:00:00,4136001,0.0,2.2777777777777777,94.0,22.807348499999996,22.807348499999996,22.3772238,0.0,0.0,0.0,0.0,0.0,0.0,0.0,0.0,3990397.4733268814,0.0,0.0,0.0,0.0
2020-06-17 04:15:00,4136001,0.0,1.9791666666666665,92.25,22.948314724137933,22.948314724137933,22.22376027586207,0.0,0.0,0.0,0.0,0.0,0.0,0.0,0.0,3990397.4733268814,0.0,0.0,0.0,0.0
2020-06-17 04:30:00,4136001,0.0818985140333333,1.6805555555555554,90.5,22.97148633333333,22.97373043564963,22.078924633333333,2.109054155273271,0.0,0.0,0.0,0.0,0.0,0.0,0.0,3990397.4733268814,8.256230789873835e-05,0.0,-2.109054155273271,0.0
2020-06-17 04:45:00,4136001,0.0,1.3819444444444444,88.75,22.75740386206896,22.75740386206896,21.963833655172408,0.0,0.0,0.0,0.0,0.0,0.0,0.0,0.0,3990397.4733268814,0.0,0.0,0.0,0.0
2020-06-17 05:00:00,4136001,0.0,1.0833333333333333,87.0,22.7138253,22.7138253,21.9248749,0.0,0.0,0.0,0.0,0.0,0.0,0.0,0.0,3990397.4733268814,0.0,0.0,0.0,0.0
2020-06-17 05:15:00,4136001,0.0,1.2361111111111112,66.25,22.699171,22.699171,21.97272155172413,0.0,0.0,0.0,0.0,0.0,0.0,0.0,0.0,3990397.4733268814,0.0,0.0,0.0,0.0
2020-06-17 05:30:00,4136001,0.0,1.3888888888888888,45.5,22.6257516,22.6257516,22.01064356666667,0.0,0.0,0.0,0.0,0.0,0.0,0.0,0.0,3990397.4733268814,0.0,0.0,0.0,0.0
2020-06-17 05:45:00,4136001,0.1945111540666,1.5416666666666665,24.75,22.5515857,22.557057950782575,21.9083763,5.017341269622945,0.0,0.0,0.0,0.0,0.0,0.0,0.0,3990397.4733268814,0.0001964118719758444,0.0,-5.017341269622945,0.0
2020-06-17 06:00:00,4136001,3.8972908827586,1.6944444444444442,4.0,22.577129517241385,22.68364197645862,21.965800413793104,100.47872769649753,96.9227090321698,33.85333333333333,32.6552380952381,0.0012712237794449271,0.0012569491595261417,0.9646092387329096,8.163809523809524,3990405.637136406,0.00393340096678401,0.0037941949122008143,-66.62539436316419,-64.26747093693172
2020-06-17 06:15:00,4136001,17.3870453666666,1.6874999999999998,4.75,22.6252512,23.10105458966044,22.16598313333333,447.5257560603346,432.177844875067,544.5047619047618,525.8309523809523,0.020446654234570646,0.020240023108098228,0.9657049656306299,139.62154761904762,3990537.0948745008,0.01751911356666019,0.01691829496477068,96.97900584442726,93.65310750588532
2020-06-17 06:30:00,4136001,36.5596514827586,1.6805555555555554,5.5,22.74754265517241,23.749314171346093,22.557784551724144,938.5884406389315,908.1206614052895,1199.172380952381,1160.2457142857145,0.04503002499961376,0.04465960012791643,0.9675387231352418,429.6829761904762,3990827.156303072,0.03674255003479865,0.03554983994540182,260.5839403134495,252.12505288042496
2020-06-17 06:45:00,4136001,38.2369183,1.6736111111111112,6.25,22.9437256,23.992821376116332,22.734243766666665,980.6971735157202,949.1152374300839,1294.06,1252.3866666666663,0.048593142300960096,0.04820624377251029,0.9677964442658504,742.7796428571428,3991140.2529697386,0.03839096392701978,0.037154638380508274,313.3628264842797,303.27142923658243
2020-06-17 07:00:00,4136001,41.1929848275862,1.6666666666666665,7.0,23.04807344827586,24.179748855627132,22.764368586206903,1055.7273158478056,1022.0661442723742,1405.6309523809523,1360.8133333333333,0.05278273410172765,0.052379749019644345,0.9681156572628797,1082.9829761904762,3991480.456303072,0.041328139199366044,0.040010418644446044,349.9036365331467,338.74718906095904
2020-06-17 07:15:00,4136001,48.3592085333333,1.7916666666666667,7.75,23.177676766666664,24.475736316615215,23.225179099999995,1237.9265491525298,1200.3010596364077,1667.2485714285715,1616.5742857142857,0.06260671613565137,0.06222437220681146,0.9696060404053213,1487.1265476190476,3991884.5998745007,0.04846062044049833,0.04698771030089676,429.3220222760417,416.273226077878
2020-06-17 07:30:00,4136001,63.45681537931031,1.9166666666666667,8.5,23.356808379310348,25.021904558247904,23.9482885862069,1620.8623193277624,1574.9059200395993,2203.306666666667,2140.8361904761905,0.08273619027401156,0.08240400031548367,0.97164694450592,2022.3355952380955,3992419.808922119,0.06345125540527549,0.06165221843960068,582.4443473389044,565.9302704365912
2020-06-17 07:45:00,4136001,81.6382889666666,2.0416666666666665,9.25,23.559034033333337,25.654203774554087,24.327505466666665,2079.9928543670826,2024.2648577243876,2854.2566666666667,2777.784285714286,0.10717996102715281,0.10692108914014145,0.973207601879165,2716.7816666666668,3993114.254993548,0.08142465665950607,0.07924309484143228,774.2638122995841,753.5194279898983
2020-06-17 08:00:00,4136001,114.5608286551724,2.1666666666666665,10.0,23.68637617241379,26.563343240599938,24.56949586206897,2908.1561448691077,2850.017367030789,4029.639047619048,3949.08,0.15131664966265687,0.15200602036416733,0.980008371303964,3704.051666666666,3994101.524993548,0.11384443706671003,0.11156850135176313,1121.4829027499404,1099.0626329692109
2020-06-17 08:15:00,4136001,117.114516275862,2.458333333333333,13.5,23.927684896551728,26.72846251883708,25.617205310344826,2971.0062199345266,2911.824099113932,4007.647619047619,3927.8157142857135,0.15049085130866025,0.15118752606997343,0.9800801087444716,4686.005595238095,3995083.47892212,0.11630480406868375,0.11398802501914003,1036.6413991130926,1015.9916151717816
2020-06-17 08:30:00,4136001,132.25039066666662,2.75,17.0,23.909512133333337,26.928238238484365,25.18560986666667,3352.279281178665,3286.398325795851,4645.117619047619,4553.829047619048,0.17442843567305838,0.17528371948588475,0.98034741444345,5824.4628571428575,3996221.936184024,0.13123034962531474,0.12865133395168726,1292.838337868954,1267.4307218231966
2020-06-17 08:45:00,4136001,170.1928875862069,3.0416666666666665,20.5,24.104574413793102,27.820170693374084,25.48009506896552,4298.5336728840575,4216.601511222769,5979.434285714286,5865.463333333333,0.2245332528050894,0.2257704931001508,0.9809395091684099,7290.828690476191,3997688.3020173577,0.1682729956110416,0.16506562972099312,1680.900612830228,1648.8618221105644
2020-06-17 09:00:00,4136001,118.3198545,3.333333333333333,24.0,23.981644766666665,26.45695553026499,24.9001047,3004.8662034164563,2945.374825450585,4146.498571428571,4064.404761904762,0.15570483218100886,0.15644504365733639,0.9802016549361728,8306.92988095238,3998704.403207834,0.11763030743458432,0.11530142201803034,1141.632368012115,1119.029936454177
2020-06-17 09:15:00,4136001,120.616978,3.3611111111111107,25.0,24.04044548275862,26.553822811368747,24.95021010344828,3062.01039186668,3001.613428262316,4288.72,4204.126666666667,0.1610453775319333,0.1618231496213985,0.980275389082679,9357.961547619048,3999755.4348745006,0.11986730835258094,0.11750297233361974,1226.7096081333202,1202.513238404351
2020-06-17 09:30:00,4136001,220.836565,3.3888888888888884,26.0,24.28143616666665,28.865009537359885,25.8621012,5554.05580269549,5451.762565797125,7786.637619047619,7643.225238095238,0.2923953988751604,0.2941992188534602,0.9815822453838654,11268.767857142857,4001666.241184024,0.21742242328030884,0.21341799044028675,2232.58181635213,2191.462672298113
2020-06-17 09:45:00,4136001,374.5028272413792,3.416666666666667,27.0,24.92831110344828,32.670771869240696,28.395366862068965,9273.139604525908,9087.267793956027,12768.910952380951,12512.969523809525,0.47948434148133434,0.48164299032999985,0.979955892125342,14397.010238095238,4004794.4835649766,0.3630119242327621,0.3557356740636534,3495.771347855043,3425.7017298534975
2020-06-17 10:00:00,4136001,356.3217239999999,3.4444444444444446,28.0,25.643934066666663,32.9816960930258,31.385303866666668,8811.633235616058,8635.967969344547,12272.751428571428,12028.086666666668,0.4608530953687485,0.46297912090798443,0.9800643919720259,17404.031904761905,4007801.505231643,0.34494551715075583,0.33806881852983156,3461.1181929553695,3392.118697322121
2020-06-17 10:15:00,4136001,299.062996,3.3680555555555554,42.25,26.053684466666667,32.27929978803019,32.553692600000005,7417.121519617563,7277.57160633223,10257.048571428571,10064.066666666668,0.38516160055892934,0.38738104132599777,0.9811854352235923,19920.04857142857,4010317.52189831,0.29035511918643814,0.2848922139883433,2839.927051811009,2786.4950603344378
2020-06-17 10:30:00,4136001,288.015658275862,3.2916666666666665,56.5,26.16922927586207,32.23080263745024,32.285136206896546,7144.561518556444,7011.381359125228,9960.244285714283,9774.57761904762,0.37401632685349895,0.37623817309654073,0.9813592256032355,22363.69297619048,4012761.166303072,0.2796853207499097,0.27447176978372395,2815.6827671578394,2763.1962599223925
2020-06-17 10:45:00,4136001,309.59909200000004,3.2152777777777777,70.75,26.079586766666672,32.667852809120255,31.061916133333327,7666.137545027973,7517.2965369490985,10945.492857142855,10732.981904761904,0.4110133161996237,0.41312859349100994,0.9805846154983994,25046.938452380957,4015444.411779263,0.3001032509308269,0.29427663092382456,3279.3553121148825,3215.6853678128055
2020-06-17 11:00:00,4136001,314.5844658620689,3.138888888888889,85.0,26.185345793103448,32.95497062336101,31.186229793103447,7780.353689794496,7628.006081533752,11188.36,10969.28,0.4201332006200408,0.42222406207528174,0.9804189353935697,27789.258452380956,4018186.7317792624,0.304574425124075,0.2986105336282541,3408.0063102055046,3341.2739184662487
2020-06-17 11:15:00,4136001,210.7782023333333,3.0694444444444446,85.5,26.31244396666667,30.8950769122767,31.6446106,5257.365040089431,5160.501183381781,7472.539523809523,7334.862380952381,0.28060072672830066,0.2823298693486616,0.9815755885374087,29622.97404761905,4020020.4473745,0.20580798747658763,0.20201609643303114,2215.174483720092,2174.3611975706
2020-06-17 11:30:00,4136001,401.902425862069,3.0,86.0,26.714392275862068,35.54353168407975,33.68988655172414,9833.61268585308,9634.334818101395,13745.159047619049,13466.61380952381,0.5161433546746531,0.5183501911753758,0.9797350298290299,32989.6275,4023387.100826882,0.384952542018128,0.37715149023689154,3911.546361765968,3832.278991422414
2020-06-17 11:45:00,4136001,495.4889353333333,2.930555555555556,86.5,27.664736866666665,38.664602230932026,38.98331386666667,11965.438894893876,11714.302858910212,16593.00238095238,16244.740952380953,0.6230824891409894,0.6252844774018866,0.9790115483276729,37050.81273809524,4027448.286064977,0.46840629848870136,0.4585751755298576,4627.563486058505,4530.438093470741
2020-06-17 12:00:00,4136001,340.3715472413793,2.861111111111111,87.0,27.60099303448276,35.237778927266675,37.102779068965525,8338.72977483688,8176.044327916693,11507.998095238096,11283.48142857143,0.4321359048584166,0.43431814696337695,0.9804903802721718,39871.6830952381,4030269.15642212,0.3264329526262235,0.3200643698538537,3169.2683204012155,3107.4371006547362
2020-06-17 12:15:00,4136001,520.3204733333333,3.0486111111111107,84.75,27.8761057,39.22380698855206,37.319988066666674,12535.358648004412,12264.896431997131,17500.507619047617,17122.91761904762,0.6571601448707304,0.6590868162445208,0.9784240544206257,44152.4125,4034549.8858268815,0.4907167213937918,0.4801290441181104,4965.148971043205,4858.02118705049
2020-06-17 12:30:00,4136001,470.8963844827586,3.236111111111111,82.5,28.204097413793104,38.19447366249913,37.502085620689655,11394.180306054332,11157.11596627793,15889.846666666666,15559.246666666666,0.5966783458369549,0.5988987727937738,0.9791942611571246,48042.22416666667,4038439.697493548,0.44604346471146333,0.4367632008721053,4495.666360612335,4402.130700388736
2020-06-17 12:45:00,4136001,513.659532333333,3.4236111111111107,80.25,28.534304866666663,39.14326923561039,38.70709236666667,12379.112928698712,12118.851773316781,16868.86904761905,16514.214285714286,0.6334415360085419,0.6356569107266778,0.9789757830887411,52170.77773809524,4042568.2510649767,0.4846002320884209,0.47441189169374753,4489.756118920337,4395.362512397505
2020-06-17 13:00:00,4136001,510.9659972413792,3.611111111111111,78.0,28.73062768965517,39.011633670367026,39.987019448275866,12321.07192134547,12062.466408049064,16675.518571428573,16325.518095238094,0.626181047929564,0.6283937109504857,0.9790111189231524,56252.15726190476,4046649.630588786,0.48232812375593936,0.4722045961264069,4354.446650083102,4263.05168718903
2020-06-17 13:15:00,4136001,451.581596,3.9375,62.0,28.46972356666667,37.16527251963446,37.28617046666666,10974.314475068035,10748.084117029042,15151.05476190476,14838.722857142857,0.5689360308292328,0.5711647292030276,0.9793854678984318,59961.83797619048,4050359.311303072,0.4296071432792341,0.42075099303304136,4176.740286836724,4090.6387401138145
2020-06-17 13:30:00,4136001,427.6434196551723,4.263888888888888,46.0,27.945867103448272,35.84106547241665,32.80133382758622,10450.43340347969,10235.88115050455,14676.03,14374.724285714285,0.5510984144499942,0.5533047273044801,0.9794695354066655,63555.51904761905,4053952.9923745,0.4090989784098528,0.40069998631844,4225.59659652031,4138.843135209734
2020-06-17 13:45:00,4136001,578.9413146666667,4.590277777777778,30.0,28.731198133333336,38.99657008539977,40.46031016666667,13961.071654497831,13660.91936443046,1781.9242857142858,1743.614285714286,0.06691289459936245,0.0671143326095037,0.978500770034321,63991.42261904762,4054388.895945929,0.5465285439224048,0.5347786010738094,-12179.147368783546,-11917.305078716174
2020-06-17 14:00:00,4136001,480.73616413793104,4.916666666666666,14.0,29.044235827586206,37.24372694370306,42.32625593103449,11678.973595266687,11437.833418167505,7473.080952380952,7318.781428571428,0.28062105786875574,0.2817108893393697,0.9793526224601696,65821.11797619048,4056218.591303072,0.4571921548352588,0.44775233580612667,-4205.892642885735,-4119.051989596078
2020-06-17 14:15:00,4136001,393.01446400000015,5.548611111111112,17.5,28.609255933333337,34.8522878065711,37.97944833333332,9643.904162019662,9449.45214063732,13247.16142857143,12980.05619047619,0.49744308639658236,0.4996218576523039,0.9798367945060934,69066.13202380952,4059463.605350691,0.377526097554107,0.3699139612698109,3603.2572665517673,3530.60404983887
2020-06-17 14:30:00,4136001,309.6930779310345,6.180555555555555,21.0,27.349096793103453,31.95248702619204,29.94526520689655,7691.102126214588,7541.256251094877,10884.326666666666,10672.267142857145,0.40871646953268626,0.4107915911171658,0.980516982785995,71734.1988095238,4062131.6721364055,0.3010805295053665,0.2952145723662117,3193.224540452078,3131.0108917622674
2020-06-17 14:45:00,4136001,327.36432333333335,6.812499999999999,24.5,26.842360433333333,31.41464750108477,28.24684536666668,8147.951125398372,7987.642907949065,11470.73380952381,11245.050952380952,0.43073659668224396,0.43283890021567517,0.9803253339419767,74545.46154761905,4064942.9348745006,0.3189646163788754,0.31268909406729556,3322.782684125438,3257.408044431887
2020-06-17 15:00:00,4136001,363.4486806896551,7.444444444444445,28.0,27.22757479310345,32.01483349554886,29.34751727586207,9023.785370581068,8843.59127166813,12426.556666666667,12178.413333333334,0.4666286234133485,0.4687654200851626,0.9800312073577905,77590.06488095238,4067987.5382078337,0.35325055277279577,0.3461965657337299,3402.771296085599,3334.8220616652034
2020-06-17 15:15:00,4136001,384.3007586666666,7.534722222222222,29.5,27.930431033333328,32.951509049556314,33.72836829999999,9504.72420341763,9314.448515462718,12868.019523809524,12610.41380952381,0.4832059594238358,0.48539376723972505,0.9799809353872156,80742.66833333333,4071140.141660215,0.37207767482550913,0.3646290278122027,3363.2953203918933,3295.965294061092
2020-06-17 15:30:00,4136001,237.0183289655172,7.625000000000001,31.0,27.7001744137931,30.77215068189649,32.386005275862075,5914.84019249814,5813.07959538256,8087.52,7948.38,0.30369380880473923,0.305945083954273,0.9827957148792212,82729.76333333334,4073127.236660215,0.2315459069288761,0.22756232512752242,2172.6798075018605,2135.30040461744
2020-06-17 15:45:00,4136001,213.63942,7.715277777777777,32.5,27.581203200000004,30.328182144999843,31.601485266666675,5341.106494348804,5250.548741557852,7236.466666666666,7113.7733333333335,0.2717359739807178,0.2738198198498732,0.9830451325232389,84508.20666666667,4074905.679993548,0.20908618102755153,0.2055411525370073,1895.3601723178626,1863.2245917754817
2020-06-17 16:00:00,4136001,196.6100234482758,7.805555555555555,34.0,27.63258606896552,30.14068689111472,32.10411975862068,4919.128642922934,4829.444742200694,6581.850952380953,6461.852857142857,0.24715455228718713,0.2487264215951842,0.9817683359732284,86123.66988095238,4076521.1432078336,0.19256718116746657,0.18905636101783888,1662.7223094580186,1632.4081149421627
2020-06-17 16:15:00,4136001,191.7219463333333,7.965277777777778,47.5,27.648377366666665,30.060505147415046,31.85970353333333,4798.401071881856,4710.320639530655,6512.576666666667,6393.030476190476,0.2445532391923448,0.24607734478728008,0.9816437952910306,87721.9275,4078119.4008268816,0.18784110674816426,0.1843930569399356,1714.1755947848105,1682.7098366598211
2020-06-17 16:30:00,4136001,181.76581310344812,8.125,61.0,27.624499172413795,29.880357851947746,31.734618137931037,4552.5656351833095,4467.308563895534,6162.16619047619,6046.765714285714,0.23139500376796648,0.23274909404293231,0.9812727419833579,89233.61892857144,4079631.092255453,0.17821748425066783,0.1748799594400287,1609.600555292881,1579.4571503901807
2020-06-17 16:45:00,4136001,119.3903119666666,8.284722222222221,74.5,27.45880556666667,28.920712836592486,30.69353546666667,3001.9955589386996,2939.3486016364423,4105.105714285714,4019.4385714285713,0.1541504923533454,0.15471422745072044,0.9791315622983782,90238.47857142855,4080635.95189831,0.11751793145189664,0.11506551582056927,1103.1101553470148,1080.089969792129
2020-06-17 17:00:00,4136001,31.9532306666666,8.444444444444445,88.0,26.498535,26.88463010230385,27.3130768,810.0919956975434,784.5432626842622,1186.08,1148.6733333333334,0.04453839406234854,0.044214161804380425,0.9684619362381404,90525.6469047619,4080923.1202316433,0.031712350585145564,0.030712204450352797,375.9880043024565,364.1300706490712
2020-06-17 17:15:00,4136001,85.88525603448271,7.986111111111111,67.0,25.77944106896551,26.85806280880203,25.30390968965517,2177.632960558514,2121.8404788990983,2962.206666666667,2886.312857142857,0.11123358273819299,0.11109851685461301,0.9743792996019375,91247.22511904762,4081644.698445929,0.08524693523423425,0.0830628490467449,784.5737061081531,764.4723782437586
2020-06-17 17:30:00,4136001,89.49363004545451,7.527777777777778,46.0,26.14305522727273,27.313059542156434,27.15584081818181,2264.963101090283,2208.623098722183,3003.87,2929.15,0.11279807919538894,0.11274738282073313,0.9751254215395474,91979.5126190476,4082376.985945929,0.08866561366569908,0.08646009390182748,738.9068989097168,720.5269012778172
2020-06-17 17:45:00,4136001,65.4795855517241,7.069444444444444,25.0,26.0916641724138,26.984303877297233,27.23565668965518,1659.3996229272047,1612.0490932704802,2133.54,2072.66,0.08011638782188647,0.07977979634952825,0.9714652643025207,92497.67761904762,4082895.150945929,0.0649598599697477,0.06310624753456567,474.1403770727952,460.6109067295197
2020-06-17 18:00:00,4136001,41.5141276666666,6.611111111111111,4.0,25.686603700000003,26.277804606674263,26.540474400000004,1055.058054550553,1021.56128676839,1326.6666666666667,1284.5466666666669,0.0498175526013274,0.04944413047394751,0.9682512562814071,92818.81428571428,4083216.287612595,0.04130193989236848,0.03999065518764494,271.6086121161138,262.98537989827685
2020-06-17 18:15:00,4136001,22.1499413103448,6.4375,3.0,25.23544313793104,25.556305649216952,25.65623,564.561174764973,545.3944212896279,701.8199999999999,677.9933333333333,0.026353986005022808,0.026096981685211837,0.9660501743087022,92988.31261904762,4083385.785945929,0.022100652760421724,0.02135033945154151,137.25882523502696,132.59891204370547
2020-06-17 18:30:00,4136001,13.3931878633333,6.263888888888889,2.0,24.582471766666668,24.779880387247893,24.78652539999999,342.4302211666991,330.55704220364464,424.7266666666667,410.00000000000006,0.015948876676773704,0.0157815157832479,0.9653267199296803,93090.81261904762,4083488.285945929,0.01340498027663727,0.012940185641168316,82.2964454999676,79.44295779635542
2020-06-17 18:45:00,4136001,2.6350049782758,6.090277777777778,1.0,23.965923344827583,24.00545385494686,23.28397562068965,67.5789785566038,65.16010500279816,75.77904761904762,73.06666666666666,0.0028455728825430137,0.0028124457395836905,0.9642067162678464,93109.07928571428,4083506.552612596,0.00264548751444916,0.0025507968292346117,8.200069062443816,7.9065616638685015
2020-06-17 19:00:00,4136001,0.0,5.916666666666667,0.0,23.54795168965517,23.54795168965517,22.59979141379311,0.0,0.0,0.0,0.0,0.0,0.0,0.0,93109.07928571428,4083506.552612596,0.0,0.0,0.0,0.0
2020-06-17 19:15:00,4136001,0.0,5.680555555555555,0.25,23.4725741,23.4725741,22.464955766666662,0.0,0.0,0.0,0.0,0.0,0.0,0.0,93109.07928571428,4083506.552612596,0.0,0.0,0.0,0.0
2020-06-17 19:30:00,4136001,0.0,5.444444444444445,0.5,23.49732753333333,23.49732753333333,22.438098333333336,0.0,0.0,0.0,0.0,0.0,0.0,0.0,93109.07928571428,4083506.552612596,0.0,0.0,0.0,0.0
2020-06-17 19:45:00,4136001,0.0,5.208333333333333,0.75,23.602745413793105,23.602745413793105,22.418766241379316,0.0,0.0,0.0,0.0,0.0,0.0,0.0,93109.07928571428,4083506.552612596,0.0,0.0,0.0,0.0
2020-06-17 20:00:00,4136001,0.0,4.972222222222221,1.0,23.6651278,23.6651278,22.367719466666667,0.0,0.0,0.0,0.0,0.0,0.0,0.0,93109.07928571428,4083506.552612596,0.0,0.0,0.0,0.0
2020-06-17 20:15:00,4136001,0.0,5.111111111111111,2.25,23.601208965517245,23.601208965517245,22.2459434137931,0.0,0.0,0.0,0.0,0.0,0.0,0.0,93109.07928571428,4083506.552612596,0.0,0.0,0.0,0.0
2020-06-17 20:30:00,4136001,0.0,5.249999999999999,3.5,23.687547066666664,23.687547066666664,22.3776551,0.0,0.0,0.0,0.0,0.0,0.0,0.0,93109.07928571428,4083506.552612596,0.0,0.0,0.0,0.0
2020-06-17 20:45:00,4136001,0.0,5.388888888888888,4.75,23.75045548275863,23.75045548275863,22.825295310344828,0.0,0.0,0.0,0.0,0.0,0.0,0.0,93109.07928571428,4083506.552612596,0.0,0.0,0.0,0.0
2020-06-17 21:00:00,4136001,0.0,5.527777777777778,6.0,23.75244113333333,23.75244113333333,23.187267066666667,0.0,0.0,0.0,0.0,0.0,0.0,0.0,93109.07928571428,4083506.552612596,0.0,0.0,0.0,0.0
2020-06-17 21:15:00,4136001,0.0,5.423611111111111,4.75,23.811610800000004,23.811610800000004,23.4716604,0.0,0.0,0.0,0.0,0.0,0.0,0.0,93109.07928571428,4083506.552612596,0.0,0.0,0.0,0.0
2020-06-17 21:30:00,4136001,0.0,5.319444444444444,3.5,23.899251862068965,23.899251862068965,23.72964596551724,0.0,0.0,0.0,0.0,0.0,0.0,0.0,93109.07928571428,4083506.552612596,0.0,0.0,0.0,0.0
2020-06-17 21:45:00,4136001,0.0,5.215277777777778,2.25,23.883053566666668,23.883053566666668,23.689581433333338,0.0,0.0,0.0,0.0,0.0,0.0,0.0,93109.07928571428,4083506.552612596,0.0,0.0,0.0,0.0
2020-06-17 22:00:00,4136001,0.0,5.111111111111111,1.0,23.767680034482755,23.767680034482755,23.39140703448276,0.0,0.0,0.0,0.0,0.0,0.0,0.0,93109.07928571428,4083506.552612596,0.0,0.0,0.0,0.0
2020-06-17 22:15:00,4136001,0.0,4.951388888888888,9.25,23.656357,23.656357,23.12314753333333,0.0,0.0,0.0,0.0,0.0,0.0,0.0,93109.07928571428,4083506.552612596,0.0,0.0,0.0,0.0
2020-06-17 22:30:00,4136001,0.0,4.791666666666667,17.5,23.6281078,23.6281078,23.02921033333333,0.0,0.0,0.0,0.0,0.0,0.0,0.0,93109.07928571428,4083506.552612596,0.0,0.0,0.0,0.0
2020-06-17 22:45:00,4136001,0.0,4.631944444444445,25.75,23.511703,23.511703,22.85620117241379,0.0,0.0,0.0,0.0,0.0,0.0,0.0,93109.07928571428,4083506.552612596,0.0,0.0,0.0,0.0
2020-06-17 23:00:00,4136001,0.0,4.472222222222222,34.0,23.48228243333333,23.48228243333333,22.744190466666662,0.0,0.0,0.0,0.0,0.0,0.0,0.0,93109.07928571428,4083506.552612596,0.0,0.0,0.0,0.0
2020-06-17 23:15:00,4136001,0.0,4.472222222222222,34.0,23.3547425862069,23.3547425862069,22.492245310344828,0.0,0.0,0.0,0.0,0.0,0.0,0.0,93109.07928571428,4083506.552612596,0.0,0.0,0.0,0.0
2020-06-17 23:30:00,4136001,0.0,4.472222222222222,34.0,23.29104823333333,23.29104823333333,22.373908566666667,0.0,0.0,0.0,0.0,0.0,0.0,0.0,93109.07928571428,4083506.552612596,0.0,0.0,0.0,0.0
2020-06-17 23:45:00,4136001,0.0,4.472222222222222,34.0,23.20287068965517,23.20287068965517,22.53590765517241,0.0,0.0,0.0,0.0,0.0,0.0,0.0,93109.07928571428,4083506.552612596,0.0,0.0,0.0,0.0
